사고번호,사고일시,요일,시군구,사고내용,사망자수,중상자수,경상자수,부상신고자수,사고유형,법규위반,노면상태,기상상태,도로형태,가해운전자 차종,가해운전자 성별,가해운전자 연령,가해운전자 상해정도,피해운전자 차종,피해운전자 성별,피해운전자 연령,피해운전자 상해정도
2018020600100165,2018년 2월 6일 09시,화요일,경기도 수원시 팔달구 우만동,경상사고,0,0,1,0,차대차 - 추돌,안전운전불이행,건조,맑음,교차로 - 교차로부근,승용,남,19세,상해없음,승용,남,61세,경상
2018020600100260,2018년 2월 6일 12시,화요일,경기도 수원시 장안구 영화동,경상사고,0,0,1,0,차대차 - 측면충돌,안전운전불이행,건조,맑음,교차로 - 교차로부근,승용,남,59세,상해없음,승용,여,37세,경상
2018020600100261,2018년 2월 6일 12시,화요일,경기도 수원시 장안구 조원동,경상사고,0,0,1,0,차대차 - 기타,차로위반,건조,맑음,단일로 - 기타,승용,남,65세,상해없음,이륜,남,32세,경상
2018020600100331,2018년 2월 6일 14시,화요일,경기도 수원시 영통구 영통동,경상사고,0,0,2,0,차대차 - 추돌,안전거리미확보,건조,맑음,교차로 - 교차로부근,승용,여,43세,상해없음,승용,여,55세,경상
2018020600100332,2018년 2월 6일 14시,화요일,경기도 수원시 영통구 원천동,경상사고,0,0,1,0,차대차 - 측면충돌,신호위반,건조,맑음,교차로 - 교차로안,승용,여,46세,상해없음,승용,여,41세,경상
2018020600100333,2018년 2월 6일 14시,화요일,경기도 수원시 영통구 매탄동,경상사고,0,0,1,0,차대차 - 기타,안전운전불이행,건조,맑음,교차로 - 교차로부근,승용,남,34세,상해없음,승용,여,53세,경상
2018020600100368,2018년 2월 6일 15시,화요일,경기도 수원시 권선구 세류동,경상사고,0,0,1,0,차대사람 - 횡단중,안전운전불이행,건조,맑음,단일로 - 기타,화물,남,59세,상해없음,보행자,여,10세,경상
2018020600100388,2018년 2월 6일 16시,화요일,경기도 수원시 장안구 정자동,경상사고,0,0,1,0,차대차 - 기타,교차로운행방법위반,건조,맑음,교차로 - 교차로안,승용,여,40세,상해없음,승용,남,54세,경상
2018020600100431,2018년 2월 6일 17시,화요일,경기도 수원시 권선구 고색동,경상사고,0,0,1,0,차대차 - 측면충돌,안전운전불이행,건조,맑음,단일로 - 기타,승용,남,45세,상해없음,승용,남,44세,상해없음
2018020600100472,2018년 2월 6일 18시,화요일,경기도 수원시 영통구 영통동,경상사고,0,0,3,1,차대차 - 측면충돌,안전거리미확보,건조,맑음,단일로 - 기타,승용,여,55세,상해없음,승합,남,51세,상해없음
2018020600100608,2018년 2월 6일 22시,화요일,경기도 수원시 장안구 정자동,중상사고,0,1,0,0,차대차 - 측면충돌,신호위반,건조,맑음,교차로 - 교차로안,이륜,남,27세,중상,승용,남,28세,상해없음
2018020600100636,2018년 2월 6일 23시,화요일,경기도 수원시 영통구 영통동,경상사고,0,0,1,0,차대사람 - 기타,안전운전불이행,건조,맑음,교차로 - 교차로안,승용,여,27세,상해없음,보행자,남,35세,경상
2018020600100637,2018년 2월 6일 23시,화요일,경기도 수원시 팔달구 고등동,경상사고,0,0,2,0,차대차 - 추돌,안전운전불이행,건조,맑음,단일로 - 기타,승용,남,34세,상해없음,승합,남,56세,경상
2018020700100008,2018년 2월 7일 00시,수요일,경기도 수원시 권선구 호매실동,중상사고,0,1,1,0,차대차 - 추돌,안전운전불이행,건조,맑음,단일로 - 터널,승용,남,34세,상해없음,승용,남,34세,경상
2018020700100048,2018년 2월 7일 04시,수요일,경기도 수원시 팔달구 인계동,중상사고,0,1,0,0,차대차 - 추돌,신호위반,건조,맑음,교차로 - 교차로부근,승용,남,24세,상해없음,승용,남,59세,기타불명
2018020700100067,2018년 2월 7일 05시,수요일,경기도 수원시 권선구 권선동,경상사고,0,0,1,0,차대차 - 기타,중앙선침범,건조,맑음,단일로 - 기타,승용,남,62세,상해없음,이륜,남,27세,경상
2018020700100068,2018년 2월 7일 05시,수요일,경기도 수원시 권선구 세류동,경상사고,0,0,1,0,차대사람 - 차도통행중,안전운전불이행,건조,맑음,단일로 - 기타,승용,남,33세,상해없음,보행자,남,56세,경상
2018020700100069,2018년 2월 7일 05시,수요일,경기도 수원시 권선구 탑동,경상사고,0,0,2,0,차대차 - 기타,안전운전불이행,건조,맑음,단일로 - 기타,승용,남,49세,경상,승용,남,32세,경상
2018020700100077,2018년 2월 7일 06시,수요일,경기도 수원시 장안구 정자동,중상사고,0,1,3,0,차대차 - 추돌,안전운전불이행,건조,맑음,교차로 - 교차로부근,특수,남,25세,경상,승용,여,38세,중상
2018020700100105,2018년 2월 7일 07시,수요일,경기도 수원시 영통구 하동,중상사고,0,1,0,0,차대차 - 측면충돌,차로위반,건조,맑음,단일로 - 기타,특수,남,44세,상해없음,승용,남,39세,중상
2018020700100106,2018년 2월 7일 07시,수요일,경기도 수원시 영통구 원천동,경상사고,0,0,1,0,차대차 - 후진중충돌,안전운전불이행,건조,맑음,기타 - 기타,승용,남,26세,상해없음,승용,남,32세,경상
2018020700100109,2018년 2월 7일 07시,수요일,경기도 수원시 팔달구 고등동,경상사고,0,0,1,0,차대사람 - 기타,안전운전불이행,건조,맑음,교차로 - 교차로안,승용,남,48세,상해없음,보행자,여,20세,경상
2018020700100137,2018년 2월 7일 08시,수요일,경기도 수원시 장안구 조원동,부상신고사고,0,0,0,1,차대차 - 추돌,안전거리미확보,건조,맑음,단일로 - 기타,화물,남,55세,상해없음,승용,여,54세,부상신고
2018020700100138,2018년 2월 7일 08시,수요일,경기도 수원시 장안구 천천동,경상사고,0,0,1,0,차대차 - 측면충돌,신호위반,건조,맑음,교차로 - 교차로안,승용,남,33세,상해없음,승용,남,28세,경상
2018020700100141,2018년 2월 7일 08시,수요일,경기도 수원시 권선구 호매실동,경상사고,0,0,2,0,차대차 - 기타,안전운전불이행,건조,맑음,교차로 - 교차로안,화물,남,51세,상해없음,승합,남,45세,상해없음
2018020700100142,2018년 2월 7일 08시,수요일,경기도 수원시 권선구 고색동,경상사고,0,0,1,0,차대차 - 추돌,안전운전불이행,건조,맑음,교차로 - 교차로부근,승용,여,46세,상해없음,승용,여,46세,경상
2018020700100176,2018년 2월 7일 09시,수요일,경기도 수원시 장안구 정자동,경상사고,0,0,1,0,차대차 - 측면충돌,안전운전불이행,건조,맑음,단일로 - 기타,승용,남,58세,상해없음,화물,남,62세,경상
2018020700100177,2018년 2월 7일 09시,수요일,경기도 수원시 장안구 송죽동,중상사고,0,1,3,0,차대차 - 기타,안전운전불이행,서리/결빙,맑음,단일로 - 기타,화물,남,38세,경상,화물,남,61세,중상
2018020700100178,2018년 2월 7일 09시,수요일,경기도 수원시 팔달구 우만동,경상사고,0,0,2,0,차대차 - 기타,안전운전불이행,건조,맑음,단일로 - 기타,승용,여,36세,상해없음,승용,남,24세,경상
2018020700100183,2018년 2월 7일 09시,수요일,경기도 수원시 권선구 세류동,경상사고,0,0,6,0,차대차 - 추돌,안전운전불이행,건조,맑음,단일로 - 기타,승용,남,42세,상해없음,승합,남,51세,경상
2018020700100208,2018년 2월 7일 10시,수요일,경기도 수원시 장안구 조원동,중상사고,0,1,0,0,차대차 - 추돌,안전운전불이행,젖음/습기,맑음,단일로 - 지하차도(도로)내,화물,남,26세,상해없음,이륜,남,44세,중상
2018020700100240,2018년 2월 7일 11시,수요일,경기도 수원시 팔달구 장안동,경상사고,0,0,1,0,차대차 - 측면충돌,안전운전불이행,건조,맑음,단일로 - 기타,승합,남,58세,상해없음,이륜,남,48세,경상
2018020700100241,2018년 2월 7일 11시,수요일,경기도 수원시 장안구 파장동,경상사고,0,0,1,0,차대차 - 추돌,안전운전불이행,건조,맑음,단일로 - 기타,승용,남,70세,상해없음,승용,여,47세,경상
2018020700100247,2018년 2월 7일 11시,수요일,경기도 수원시 권선구 평동,중상사고,0,1,2,2,차대차 - 기타,중앙선침범,건조,맑음,교차로 - 교차로부근,승용,여,60세,부상신고,승용,남,34세,경상
2018020700100265,2018년 2월 7일 12시,수요일,경기도 수원시 장안구 정자동,부상신고사고,0,0,0,1,차대차 - 추돌,안전거리미확보,서리/결빙,맑음,단일로 - 기타,화물,남,23세,상해없음,승용,여,48세,부상신고
2018020700100301,2018년 2월 7일 13시,수요일,경기도 수원시 장안구 율전동,경상사고,0,0,1,1,차대차 - 측면충돌,직진우회전진행방해,기타,맑음,교차로 - 교차로안,화물,남,45세,부상신고,승용,여,33세,경상
2018020700100303,2018년 2월 7일 13시,수요일,경기도 수원시 영통구 영통동,경상사고,0,0,1,0,차대차 - 측면충돌,신호위반,건조,맑음,교차로 - 교차로안,승용,남,48세,상해없음,자전거,남,60세,경상
2018020700100331,2018년 2월 7일 14시,수요일,경기도 수원시 팔달구 우만동,경상사고,0,0,1,0,차대차 - 기타,안전거리미확보,건조,맑음,교차로 - 교차로안,기타불명,기타불명,미분류,기타불명,이륜,남,79세,경상
2018020700100399,2018년 2월 7일 16시,수요일,경기도 수원시 장안구 정자동,부상신고사고,0,0,0,3,차대차 - 추돌,안전거리미확보,서리/결빙,맑음,단일로 - 기타,승용,남,37세,상해없음,승용,여,45세,부상신고
2018020700100400,2018년 2월 7일 16시,수요일,경기도 수원시 팔달구 우만동,경상사고,0,0,1,0,차량단독 - 기타,안전운전불이행,건조,맑음,단일로 - 기타,승합,남,58세,상해없음,,,,
2018020700100402,2018년 2월 7일 16시,수요일,경기도 수원시 권선구 권선동,경상사고,0,0,1,0,차대사람 - 횡단중,중앙선침범,건조,맑음,단일로 - 기타,이륜,남,29세,상해없음,보행자,여,65세,경상
2018020700100438,2018년 2월 7일 17시,수요일,경기도 수원시 영통구 망포동,부상신고사고,0,0,0,1,차대차 - 기타,안전운전불이행,건조,맑음,단일로 - 기타,승합,여,27세,상해없음,이륜,남,33세,부상신고
2018020700100476,2018년 2월 7일 18시,수요일,경기도 수원시 팔달구 지동,경상사고,0,0,1,0,차대차 - 측면충돌,중앙선침범,건조,맑음,단일로 - 기타,승용,남,36세,상해없음,이륜,남,38세,경상
2018020700100486,2018년 2월 7일 18시,수요일,경기도 수원시 팔달구 인계동,중상사고,0,1,0,0,차대사람 - 차도통행중,안전운전불이행,건조,맑음,단일로 - 기타,이륜,남,28세,상해없음,보행자,남,51세,중상
2018020700100487,2018년 2월 7일 18시,수요일,경기도 수원시 영통구 매탄동,경상사고,0,0,1,0,차대차 - 측면충돌,안전운전불이행,건조,맑음,교차로 - 교차로안,승용,남,56세,상해없음,승용,남,23세,경상
2018020700100491,2018년 2월 7일 18시,수요일,경기도 수원시 권선구 금곡동,중상사고,0,1,0,0,차대차 - 추돌,안전거리미확보,건조,맑음,단일로 - 기타,승용,남,59세,상해없음,원동기,남,42세,중상
2018020700100538,2018년 2월 7일 19시,수요일,경기도 수원시 장안구 영화동,경상사고,0,0,1,0,차대차 - 추돌,안전거리미확보,건조,맑음,단일로 - 기타,승용,남,21세,상해없음,승용,남,41세,경상
2018020700100596,2018년 2월 7일 20시,수요일,경기도 수원시 권선구 세류동,경상사고,0,0,1,0,차대차 - 기타,신호위반,건조,맑음,교차로 - 교차로안,승용,남,63세,상해없음,이륜,남,24세,경상
2018020700100623,2018년 2월 7일 21시,수요일,경기도 수원시 장안구 영화동,경상사고,0,0,2,0,차대차 - 기타,신호위반,건조,맑음,단일로 - 기타,화물,남,54세,상해없음,승용,남,23세,경상
2018020700100624,2018년 2월 7일 21시,수요일,경기도 수원시 팔달구 팔달로1가,경상사고,0,0,1,0,차대사람 - 기타,안전운전불이행,건조,맑음,단일로 - 기타,승용,남,37세,상해없음,보행자,남,42세,경상
2018020700100635,2018년 2월 7일 21시,수요일,경기도 수원시 권선구 세류동,중상사고,0,1,0,0,차대차 - 기타,안전거리미확보,건조,맑음,단일로 - 기타,승용,여,46세,상해없음,이륜,남,35세,중상
2018020700100660,2018년 2월 7일 22시,수요일,경기도 수원시 영통구 매탄동,중상사고,0,1,1,0,차대차 - 기타,신호위반,건조,맑음,교차로 - 교차로안,승용,남,21세,상해없음,승용,남,57세,경상
2018020700100661,2018년 2월 7일 22시,수요일,경기도 수원시 영통구 영통동,경상사고,0,0,1,0,차대차 - 추돌,안전운전불이행,건조,맑음,단일로 - 기타,승용,남,52세,상해없음,승용,여,44세,경상
2018020800100006,2018년 2월 8일 00시,목요일,경기도 수원시 장안구 송죽동,경상사고,0,0,1,0,차대사람 - 기타,안전운전불이행,건조,맑음,교차로 - 교차로부근,승용,남,63세,상해없음,보행자,남,32세,경상
2018020800100007,2018년 2월 8일 00시,목요일,경기도 수원시 장안구 영화동,경상사고,0,0,1,0,차대사람 - 횡단중,안전운전불이행,건조,맑음,단일로 - 기타,승용,남,23세,상해없음,보행자,남,48세,경상
2018020800100135,2018년 2월 8일 08시,목요일,경기도 수원시 장안구 송죽동,중상사고,0,1,0,0,차대차 - 기타,직진우회전진행방해,건조,맑음,교차로 - 교차로안,승용,남,26세,상해없음,자전거,남,56세,중상
2018020800100188,2018년 2월 8일 09시,목요일,경기도 수원시 팔달구 인계동,경상사고,0,0,1,0,차대차 - 추돌,안전운전불이행,건조,맑음,단일로 - 기타,승용,남,45세,상해없음,승용,여,64세,경상
2018020800100189,2018년 2월 8일 09시,목요일,경기도 수원시 권선구 권선동,경상사고,0,0,2,0,차대사람 - 횡단중,안전운전불이행,건조,맑음,단일로 - 기타,특수,남,39세,상해없음,보행자,여,36세,경상
2018020800100190,2018년 2월 8일 09시,목요일,경기도 수원시 영통구 이의동,경상사고,0,0,2,0,차대차 - 측면충돌,안전운전불이행,건조,맑음,교차로 - 교차로안,승용,남,60세,상해없음,승용,남,35세,경상
2018020800100191,2018년 2월 8일 09시,목요일,경기도 수원시 권선구 당수동,중상사고,0,1,1,0,차대차 - 측면충돌,직진우회전진행방해,건조,맑음,교차로 - 교차로안,승용,여,55세,경상,승합,남,76세,중상
2018020800100192,2018년 2월 8일 09시,목요일,경기도 수원시 권선구 구운동,경상사고,0,0,1,0,차량단독 - 기타,안전운전불이행,건조,맑음,단일로 - 기타,승합,남,47세,상해없음,,,,
2018020800100324,2018년 2월 8일 13시,목요일,경기도 수원시 장안구 정자동,경상사고,0,0,1,0,차대차 - 추돌,안전운전불이행,건조,맑음,교차로 - 교차로부근,승합,남,57세,상해없음,승용,여,35세,경상
2018020800100356,2018년 2월 8일 14시,목요일,경기도 수원시 장안구 이목동,경상사고,0,0,1,0,차대사람 - 기타,보행자보호의무위반,건조,맑음,교차로 - 교차로부근,승합,남,62세,상해없음,보행자,여,45세,경상
2018020800100485,2018년 2월 8일 17시,목요일,경기도 수원시 장안구 정자동,경상사고,0,0,1,0,차대차 - 기타,불법유턴,건조,맑음,기타 - 기타,승용,남,46세,상해없음,이륜,남,24세,경상
2018020800100520,2018년 2월 8일 18시,목요일,경기도 수원시 장안구 율전동,중상사고,0,1,0,0,차대사람 - 보도통행중,안전운전불이행,건조,맑음,교차로 - 교차로안,승용,남,34세,상해없음,보행자,여,69세,중상
2018020800100521,2018년 2월 8일 18시,목요일,경기도 수원시 장안구 연무동,경상사고,0,0,1,0,차대차 - 추돌,안전운전불이행,건조,맑음,단일로 - 기타,승용,여,34세,상해없음,승용,여,27세,경상
2018020800100529,2018년 2월 8일 18시,목요일,경기도 수원시 팔달구 교동,중상사고,0,1,0,0,차대사람 - 기타,안전운전불이행,건조,맑음,기타 - 기타,승용,남,38세,상해없음,보행자,여,70세,중상
2018020800100573,2018년 2월 8일 19시,목요일,경기도 수원시 팔달구 신풍동,중상사고,0,1,0,0,차량단독 - 기타,안전거리미확보,건조,맑음,단일로 - 기타,승합,남,33세,상해없음,,,,
2018020800100574,2018년 2월 8일 19시,목요일,경기도 수원시 장안구 율전동,부상신고사고,0,0,0,1,차대차 - 기타,차로위반,서리/결빙,눈,단일로 - 기타,승용,남,61세,상해없음,이륜,남,26세,부상신고
2018020800100582,2018년 2월 8일 19시,목요일,경기도 수원시 권선구 세류동,경상사고,0,0,1,0,차대차 - 추돌,안전운전불이행,건조,맑음,교차로 - 교차로부근,승용,여,29세,상해없음,승용,남,48세,경상
2018020800100654,2018년 2월 8일 21시,목요일,경기도 수원시 장안구 파장동,부상신고사고,0,0,0,2,차대차 - 추돌,안전운전불이행,건조,맑음,단일로 - 기타,승용,남,23세,상해없음,승용,남,46세,부상신고
2018020800100655,2018년 2월 8일 21시,목요일,경기도 수원시 팔달구 우만동,경상사고,0,0,1,0,차대차 - 기타,안전운전불이행,기타,맑음,단일로 - 기타,화물,남,66세,상해없음,이륜,남,21세,경상
2018020800100699,2018년 2월 8일 22시,목요일,경기도 수원시 영통구 매탄동,중상사고,0,1,4,0,차대차 - 측면충돌,안전거리미확보,건조,맑음,기타 - 기타,승용,남,38세,상해없음,승용,남,51세,중상
2018020800100735,2018년 2월 8일 23시,목요일,경기도 수원시 영통구 영통동,경상사고,0,0,1,0,차대사람 - 횡단중,신호위반,건조,맑음,기타 - 기타,승용,남,29세,상해없음,보행자,여,24세,경상
2018020800100736,2018년 2월 8일 23시,목요일,경기도 수원시 권선구 권선동,경상사고,0,0,1,0,차대차 - 기타,안전운전불이행,건조,맑음,단일로 - 기타,승용,남,47세,상해없음,이륜,남,39세,경상
2018020900100009,2018년 2월 9일 00시,금요일,경기도 수원시 장안구 정자동,부상신고사고,0,0,0,1,차대차 - 기타,신호위반,건조,맑음,교차로 - 교차로안,이륜,남,19세,부상신고,화물,남,53세,상해없음
2018020900100010,2018년 2월 9일 00시,금요일,경기도 수원시 장안구 영화동,부상신고사고,0,0,0,1,차량단독 - 공작물충돌,안전운전불이행,건조,맑음,단일로 - 기타,이륜,남,18세,부상신고,,,,
2018020900100011,2018년 2월 9일 00시,금요일,경기도 수원시 장안구 송죽동,경상사고,0,0,1,0,차대차 - 추돌,안전운전불이행,건조,맑음,기타 - 기타,승용,여,28세,상해없음,승용,남,37세,경상
2018020900100015,2018년 2월 9일 00시,금요일,경기도 수원시 영통구 망포동,경상사고,0,0,2,0,차대차 - 측면충돌,신호위반,건조,맑음,교차로 - 교차로안,승용,남,60세,상해없음,승용,남,55세,경상
2018020900100048,2018년 2월 9일 02시,금요일,경기도 수원시 영통구 이의동,경상사고,0,0,1,0,차대차 - 측면충돌,교차로운행방법위반,건조,맑음,교차로 - 교차로안,승용,남,36세,상해없음,승용,남,52세,경상
2018020900100074,2018년 2월 9일 06시,금요일,경기도 수원시 장안구 정자동,경상사고,0,0,1,0,차대차 - 기타,중앙선침범,건조,맑음,단일로 - 기타,승용,남,72세,상해없음,승용,남,29세,경상
2018020900100129,2018년 2월 9일 08시,금요일,경기도 수원시 영통구 이의동,경상사고,0,0,1,0,차대차 - 측면충돌,안전운전불이행,건조,맑음,단일로 - 기타,승용,남,49세,상해없음,승용,남,45세,경상
2018020900100130,2018년 2월 9일 08시,금요일,경기도 수원시 영통구 매탄동,경상사고,0,0,1,0,차대차 - 추돌,안전거리미확보,젖음/습기,맑음,단일로 - 기타,화물,남,50세,상해없음,승용,남,34세,경상
2018020900100240,2018년 2월 9일 11시,금요일,경기도 수원시 장안구 영화동,경상사고,0,0,4,0,차대차 - 정면충돌,중앙선침범,건조,맑음,단일로 - 기타,승용,남,21세,경상,승용,남,64세,상해없음
2018020900100282,2018년 2월 9일 12시,금요일,경기도 수원시 팔달구 고등동,경상사고,0,0,1,0,차대사람 - 횡단중,보행자보호의무위반,건조,맑음,교차로 - 교차로안,승용,여,41세,상해없음,보행자,여,61세,경상
2018020900100283,2018년 2월 9일 12시,금요일,경기도 수원시 팔달구 교동,경상사고,0,0,3,0,차대차 - 추돌,안전운전불이행,건조,맑음,교차로 - 교차로부근,승용,남,69세,경상,승용,남,80세,경상
2018020900100322,2018년 2월 9일 13시,금요일,경기도 수원시 영통구 영통동,중상사고,0,1,0,0,차대사람 - 기타,안전운전불이행,건조,맑음,교차로 - 교차로안,승합,남,52세,상해없음,보행자,여,55세,중상
2018020900100351,2018년 2월 9일 14시,금요일,경기도 수원시 팔달구 장안동,경상사고,0,0,2,0,차대차 - 측면충돌,신호위반,건조,맑음,교차로 - 교차로안,승용,남,68세,상해없음,승용,여,58세,경상
2018020900100352,2018년 2월 9일 14시,금요일,경기도 수원시 영통구 이의동,경상사고,0,0,1,0,차대차 - 기타,안전운전불이행,건조,맑음,교차로 - 교차로안,승용,여,30세,상해없음,승용,남,63세,경상
2018020900100416,2018년 2월 9일 16시,금요일,경기도 수원시 영통구 망포동,부상신고사고,0,0,0,1,차량단독 - 기타,안전운전불이행,젖음/습기,맑음,단일로 - 기타,이륜,남,56세,부상신고,,,,
2018020900100417,2018년 2월 9일 16시,금요일,경기도 수원시 영통구 이의동,경상사고,0,0,1,0,차대차 - 추돌,안전운전불이행,건조,맑음,교차로 - 교차로부근,승용,남,24세,상해없음,승용,여,40세,경상
2018020900100418,2018년 2월 9일 16시,금요일,경기도 수원시 권선구 금곡동,중상사고,0,2,0,4,차대차 - 추돌,안전거리미확보,건조,맑음,단일로 - 기타,승용,남,57세,상해없음,승용,여,43세,중상
2018020900100495,2018년 2월 9일 18시,금요일,경기도 수원시 장안구 이목동,경상사고,0,0,1,0,차대차 - 추돌,안전운전불이행,해빙,맑음,교차로 - 교차로부근,승용,남,26세,상해없음,승용,여,34세,경상
2018020900100505,2018년 2월 9일 18시,금요일,경기도 수원시 권선구 평동,경상사고,0,0,1,0,차대차 - 기타,안전거리미확보,건조,맑음,교차로 - 교차로부근,승용,여,50세,상해없음,승용,여,53세,경상
2018020900100506,2018년 2월 9일 18시,금요일,경기도 수원시 권선구 고색동,경상사고,0,0,1,0,차대차 - 기타,안전거리미확보,건조,맑음,교차로 - 교차로부근,승용,여,45세,상해없음,승용,여,49세,경상
2018020900100568,2018년 2월 9일 19시,금요일,경기도 수원시 장안구 정자동,경상사고,0,0,3,0,차대차 - 기타,교차로운행방법위반,건조,맑음,교차로 - 교차로안,승용,여,59세,상해없음,승용,여,56세,경상
2018020900100574,2018년 2월 9일 19시,금요일,경기도 수원시 권선구 세류동,경상사고,0,0,1,0,차대차 - 추돌,안전운전불이행,건조,맑음,단일로 - 기타,특수,남,53세,상해없음,승용,여,39세,경상
2018020900100622,2018년 2월 9일 20시,금요일,경기도 수원시 팔달구 우만동,부상신고사고,0,0,0,1,차대차 - 기타,안전운전불이행,건조,맑음,단일로 - 기타,승용,남,54세,상해없음,이륜,남,17세,부상신고
2018020900100662,2018년 2월 9일 21시,금요일,경기도 수원시 장안구 영화동,중상사고,0,1,0,0,차대사람 - 기타,안전운전불이행,건조,맑음,단일로 - 기타,승합,남,51세,상해없음,보행자,남,56세,중상
2018020900100663,2018년 2월 9일 21시,금요일,경기도 수원시 장안구 조원동,경상사고,0,0,1,0,차대차 - 기타,직진우회전진행방해,건조,맑음,교차로 - 교차로안,승용,여,65세,상해없음,승합,남,54세,상해없음
2018020900100669,2018년 2월 9일 21시,금요일,경기도 수원시 권선구 금곡동,경상사고,0,0,1,0,차대차 - 기타,중앙선침범,건조,맑음,단일로 - 기타,승용,여,53세,상해없음,이륜,남,22세,경상
2018020900100701,2018년 2월 9일 22시,금요일,경기도 수원시 장안구 천천동,경상사고,0,0,1,0,차대차 - 기타,안전운전불이행,건조,맑음,단일로 - 기타,승용,남,32세,경상,화물,남,35세,상해없음
2018020900100702,2018년 2월 9일 22시,금요일,경기도 수원시 팔달구 우만동,경상사고,0,0,1,0,차대차 - 추돌,안전운전불이행,건조,맑음,단일로 - 기타,승용,여,49세,상해없음,승용,남,63세,상해없음
2018020900100710,2018년 2월 9일 22시,금요일,경기도 수원시 권선구 고색동,중상사고,0,2,2,0,차대차 - 기타,안전거리미확보,건조,맑음,단일로 - 기타,승용,남,33세,중상,승용,남,38세,경상
2018020900100711,2018년 2월 9일 22시,금요일,경기도 수원시 권선구 곡반정동,경상사고,0,0,1,0,차대차 - 측면충돌,안전운전불이행,건조,맑음,단일로 - 기타,승용,남,27세,상해없음,승용,남,60세,경상
2018021000100012,2018년 2월 10일 00시,토요일,경기도 수원시 팔달구 고등동,중상사고,0,1,0,0,차대사람 - 기타,안전운전불이행,건조,맑음,단일로 - 기타,기타불명,기타불명,미분류,기타불명,보행자,남,44세,중상
2018021000100066,2018년 2월 10일 02시,토요일,경기도 수원시 영통구 영통동,경상사고,0,0,1,0,차대차 - 측면충돌,신호위반,건조,맑음,교차로 - 교차로안,승용,남,24세,상해없음,승용,남,36세,경상
2018021000100094,2018년 2월 10일 04시,토요일,경기도 수원시 장안구 천천동,경상사고,0,0,1,1,차대차 - 추돌,안전운전불이행,건조,맑음,교차로 - 교차로부근,승용,여,39세,상해없음,승용,남,66세,부상신고
2018021000100140,2018년 2월 10일 08시,토요일,경기도 수원시 장안구 파장동,경상사고,0,0,1,0,차대차 - 후진중충돌,안전운전불이행,건조,맑음,단일로 - 기타,화물,남,59세,상해없음,승용,남,45세,경상
2018021000100144,2018년 2월 10일 08시,토요일,경기도 수원시 팔달구 인계동,경상사고,0,0,1,0,차대차 - 추돌,안전운전불이행,건조,맑음,교차로 - 교차로부근,승용,여,30세,상해없음,승용,남,44세,상해없음
2018021000100251,2018년 2월 10일 12시,토요일,경기도 수원시 권선구 오목천동,중상사고,0,2,0,0,차대차 - 후진중충돌,안전운전불이행,건조,맑음,단일로 - 기타,승용,여,60세,상해없음,승용,여,46세,중상
2018021000100272,2018년 2월 10일 13시,토요일,경기도 수원시 장안구 연무동,경상사고,0,0,1,0,차대사람 - 기타,안전운전불이행,건조,맑음,단일로 - 기타,승용,여,54세,기타불명,보행자,여,62세,경상
2018021000100332,2018년 2월 10일 15시,토요일,경기도 수원시 팔달구 화서동,경상사고,0,0,1,0,차대차 - 기타,안전거리미확보,건조,맑음,단일로 - 기타,승용,여,47세,상해없음,승용,남,60세,상해없음
2018021000100388,2018년 2월 10일 17시,토요일,경기도 수원시 권선구 금곡동,경상사고,0,0,1,0,차대사람 - 횡단중,신호위반,건조,맑음,단일로 - 기타,승용,남,55세,상해없음,보행자,남,19세,경상
2018021000100456,2018년 2월 10일 19시,토요일,경기도 수원시 권선구 권선동,부상신고사고,0,0,0,1,차대차 - 측면충돌,안전운전불이행,건조,맑음,교차로 - 교차로안,자전거,남,74세,부상신고,승합,여,51세,상해없음
2018021000100510,2018년 2월 10일 21시,토요일,경기도 수원시 영통구 망포동,중상사고,0,1,0,0,차대차 - 측면충돌,교차로운행방법위반,건조,맑음,교차로 - 교차로부근,승용,여,61세,상해없음,이륜,남,39세,중상
2018021000100558,2018년 2월 10일 23시,토요일,경기도 수원시 팔달구 매교동,경상사고,0,0,1,0,차대사람 - 횡단중,안전운전불이행,건조,맑음,단일로 - 기타,승용,남,56세,상해없음,보행자,남,49세,경상
2018021100100007,2018년 2월 11일 00시,일요일,경기도 수원시 팔달구 인계동,경상사고,0,0,1,0,차대사람 - 기타,안전운전불이행,건조,맑음,교차로 - 교차로부근,승용,여,30세,상해없음,보행자,남,26세,경상
2018021100100122,2018년 2월 11일 09시,일요일,경기도 수원시 영통구 매탄동,경상사고,0,0,1,0,차대차 - 추돌,안전운전불이행,건조,맑음,단일로 - 기타,승용,남,26세,상해없음,승용,남,20세,경상
2018021100100161,2018년 2월 11일 11시,일요일,경기도 수원시 팔달구 인계동,경상사고,0,0,1,0,차대차 - 측면충돌,차로위반,건조,맑음,교차로 - 교차로부근,승용,남,60세,경상,승용,남,53세,상해없음
2018021100100178,2018년 2월 11일 12시,일요일,경기도 수원시 영통구 영통동,중상사고,0,1,0,0,차대차 - 측면충돌,불법유턴,건조,맑음,단일로 - 기타,승용,남,57세,상해없음,이륜,남,23세,중상
2018021100100229,2018년 2월 11일 14시,일요일,경기도 수원시 권선구 금곡동,경상사고,0,0,5,0,차대차 - 기타,교차로운행방법위반,건조,맑음,교차로 - 교차로안,이륜,남,21세,경상,승용,남,36세,경상