사고번호,사고일시,요일,시군구,사고내용,사망자수,중상자수,경상자수,부상신고자수,사고유형,법규위반,노면상태,기상상태,도로형태,가해운전자 차종,가해운전자 성별,가해운전자 연령,가해운전자 상해정도,피해운전자 차종,피해운전자 성별,피해운전자 연령,피해운전자 상해정도
2018021100100246,2018년 2월 11일 15시,일요일,경기도 수원시 장안구 연무동,중상사고,0,1,1,0,차대차 - 추돌,안전운전불이행,건조,맑음,교차로 - 교차로안,승합,남,20세,상해없음,승용,여,52세,경상
2018021100100304,2018년 2월 11일 17시,일요일,경기도 수원시 영통구 망포동,경상사고,0,0,1,0,차대사람 - 횡단중,안전운전불이행,건조,맑음,단일로 - 기타,승용,여,40세,상해없음,보행자,남,17세,경상
2018021100100305,2018년 2월 11일 17시,일요일,경기도 수원시 팔달구 매교동,중상사고,0,1,0,0,차대사람 - 차도통행중,안전운전불이행,적설,눈,단일로 - 기타,승용,남,65세,상해없음,보행자,여,18세,중상
2018021100100326,2018년 2월 11일 18시,일요일,경기도 수원시 권선구 당수동,중상사고,0,1,0,0,차대차 - 추돌,안전운전불이행,젖음/습기,눈,단일로 - 기타,승용,남,34세,상해없음,승용,남,53세,중상
2018021100100388,2018년 2월 11일 20시,일요일,경기도 수원시 영통구 이의동,경상사고,0,0,1,0,차대사람 - 횡단중,보행자보호의무위반,건조,맑음,교차로 - 교차로부근,승용,남,30세,상해없음,보행자,남,30세,경상
2018021100100389,2018년 2월 11일 20시,일요일,경기도 수원시 권선구 고색동,경상사고,0,0,1,0,차대사람 - 기타,안전운전불이행,적설,흐림,교차로 - 교차로부근,승용,남,35세,상해없음,보행자,남,44세,경상
2018021100100390,2018년 2월 11일 20시,일요일,경기도 수원시 권선구 세류동,경상사고,0,0,2,0,차대차 - 추돌,차로위반,적설,눈,기타 - 기타,승용,남,55세,기타불명,승용,남,39세,경상
2018021100100416,2018년 2월 11일 21시,일요일,경기도 수원시 권선구 권선동,경상사고,0,0,1,0,차대차 - 정면충돌,안전운전불이행,적설,눈,단일로 - 기타,승용,남,31세,상해없음,승용,여,43세,경상
2018021100100448,2018년 2월 11일 22시,일요일,경기도 수원시 권선구 세류동,경상사고,0,0,3,0,차대차 - 추돌,안전운전불이행,적설,눈,교차로 - 교차로부근,승용,남,27세,상해없음,승용,남,40세,경상
2018021100100449,2018년 2월 11일 22시,일요일,경기도 수원시 권선구 서둔동,경상사고,0,0,2,0,차대차 - 기타,안전운전불이행,건조,맑음,교차로 - 교차로부근,승용,남,28세,상해없음,승용,남,22세,경상
2018021200100005,2018년 2월 12일 00시,월요일,경기도 수원시 권선구 오목천동,경상사고,0,0,2,0,차대차 - 추돌,안전운전불이행,서리/결빙,눈,교차로 - 교차로부근,화물,남,52세,상해없음,승용,남,68세,경상
2018021200100019,2018년 2월 12일 01시,월요일,경기도 수원시 권선구 호매실동,중상사고,0,1,1,0,차대차 - 측면충돌,신호위반,서리/결빙,눈,교차로 - 교차로안,승용,남,23세,상해없음,승합,남,33세,중상
2018021200100024,2018년 2월 12일 02시,월요일,경기도 수원시 권선구 구운동,중상사고,0,1,0,0,차대차 - 측면충돌,안전운전불이행,적설,흐림,단일로 - 기타,승용,남,23세,상해없음,화물,남,37세,중상
2018021200100051,2018년 2월 12일 05시,월요일,경기도 수원시 장안구 율전동,중상사고,0,1,0,0,차대사람 - 횡단중,보행자보호의무위반,서리/결빙,흐림,교차로 - 교차로안,승용,여,60세,상해없음,보행자,여,77세,중상
2018021200100052,2018년 2월 12일 05시,월요일,경기도 수원시 영통구 영통동,중상사고,0,1,0,0,차대차 - 측면충돌,중앙선침범,서리/결빙,맑음,교차로 - 교차로안,승용,남,37세,상해없음,승용,남,67세,중상
2018021200100075,2018년 2월 12일 07시,월요일,경기도 수원시 권선구 세류동,경상사고,0,0,1,0,차대차 - 기타,안전운전불이행,해빙,흐림,기타 - 기타,승용,남,32세,상해없음,승용,남,58세,경상
2018021200100105,2018년 2월 12일 08시,월요일,경기도 수원시 권선구 평리동,경상사고,0,0,3,0,차대차 - 정면충돌,안전운전불이행,적설,맑음,단일로 - 기타,승용,남,35세,상해없음,화물,남,49세,경상
2018021200100106,2018년 2월 12일 08시,월요일,경기도 수원시 장안구 하광교동,중상사고,0,2,14,0,차대차 - 추돌,안전운전불이행,건조,맑음,단일로 - 터널,승합,남,52세,상해없음,승용,남,44세,경상
2018021200100162,2018년 2월 12일 09시,월요일,경기도 수원시 팔달구 북수동,경상사고,0,0,1,0,차대차 - 기타,신호위반,서리/결빙,맑음,교차로 - 교차로안,승용,여,54세,상해없음,승용,남,31세,경상
2018021200100235,2018년 2월 12일 11시,월요일,경기도 수원시 권선구 권선동,중상사고,0,2,0,1,차대차 - 추돌,안전운전불이행,건조,맑음,단일로 - 기타,화물,남,38세,상해없음,화물,남,61세,중상
2018021200100260,2018년 2월 12일 12시,월요일,경기도 수원시 장안구 정자동,중상사고,0,1,0,0,차대사람 - 횡단중,안전운전불이행,젖음/습기,맑음,미분류 - 미분류,이륜,남,26세,상해없음,보행자,여,80세,중상
2018021200100348,2018년 2월 12일 14시,월요일,경기도 수원시 팔달구 우만동,경상사고,0,0,1,0,차대차 - 측면충돌,안전운전불이행,건조,맑음,교차로 - 교차로부근,승합,남,50세,상해없음,화물,남,46세,경상
2018021200100389,2018년 2월 12일 15시,월요일,경기도 수원시 팔달구 인계동,경상사고,0,0,2,0,차대차 - 측면충돌,교차로운행방법위반,건조,맑음,교차로 - 교차로안,승용,여,50세,상해없음,승용,남,47세,경상
2018021200100430,2018년 2월 12일 16시,월요일,경기도 수원시 장안구 조원동,경상사고,0,0,1,0,차대차 - 기타,신호위반,건조,맑음,교차로 - 교차로안,승용,여,22세,상해없음,승용,남,56세,경상
2018021200100439,2018년 2월 12일 16시,월요일,경기도 수원시 팔달구 우만동,경상사고,0,0,1,0,차대차 - 측면충돌,안전거리미확보,건조,맑음,기타 - 기타,승용,남,19세,상해없음,이륜,남,26세,경상
2018021200100482,2018년 2월 12일 17시,월요일,경기도 수원시 팔달구 매산로2가,경상사고,0,0,1,0,차대사람 - 횡단중,교차로운행방법위반,건조,맑음,단일로 - 기타,화물,남,61세,상해없음,보행자,여,48세,경상
2018021200100483,2018년 2월 12일 17시,월요일,경기도 수원시 팔달구 매산로1가,경상사고,0,0,1,0,차대차 - 기타,신호위반,젖음/습기,맑음,교차로 - 교차로안,화물,남,58세,상해없음,승합,남,70세,상해없음
2018021200100539,2018년 2월 12일 18시,월요일,경기도 수원시 권선구 권선동,경상사고,0,0,1,0,차대차 - 측면충돌,신호위반,서리/결빙,눈,교차로 - 교차로안,승용,여,48세,상해없음,승용,남,52세,경상
2018021200100540,2018년 2월 12일 18시,월요일,경기도 수원시 영통구 원천동,경상사고,0,0,1,0,차대사람 - 횡단중,신호위반,건조,맑음,기타 - 기타,승용,남,47세,상해없음,보행자,남,33세,경상
2018021200100544,2018년 2월 12일 18시,월요일,경기도 수원시 권선구 고색동,경상사고,0,0,1,0,차대차 - 추돌,안전운전불이행,젖음/습기,비,단일로 - 기타,승용,남,54세,상해없음,승용,남,37세,경상
2018021200100601,2018년 2월 12일 19시,월요일,경기도 수원시 영통구 매탄동,경상사고,0,0,4,0,차대차 - 측면충돌,신호위반,건조,맑음,교차로 - 교차로안,승용,남,53세,상해없음,승용,남,32세,경상
2018021200100604,2018년 2월 12일 19시,월요일,경기도 수원시 권선구 당수동,중상사고,0,1,0,0,차대차 - 측면충돌,중앙선침범,젖음/습기,맑음,단일로 - 기타,승용,남,38세,상해없음,승용,남,44세,기타불명
2018021200100646,2018년 2월 12일 20시,월요일,경기도 수원시 영통구 신동,중상사고,0,1,0,0,차대차 - 측면충돌,안전운전불이행,건조,맑음,교차로 - 교차로횡단보도내,승용,남,32세,상해없음,자전거,남,8세,중상
2018021200100696,2018년 2월 12일 21시,월요일,경기도 수원시 영통구 이의동,중상사고,0,1,0,0,차대차 - 측면충돌,안전운전불이행,적설,눈,단일로 - 기타,승용,남,29세,상해없음,승용,남,25세,중상
2018021200100718,2018년 2월 12일 22시,월요일,경기도 수원시 장안구 파장동,경상사고,0,0,1,0,차대차 - 기타,안전운전불이행,적설,눈,단일로 - 기타,승용,남,25세,상해없음,승용,남,26세,경상
2018021200100722,2018년 2월 12일 22시,월요일,경기도 수원시 영통구 이의동,중상사고,0,2,0,0,차대차 - 추돌,안전운전불이행,적설,눈,교차로 - 교차로부근,승용,남,30세,상해없음,승용,남,45세,중상
2018021300100051,2018년 2월 13일 02시,화요일,경기도 수원시 영통구 영통동,경상사고,0,0,1,0,차대사람 - 기타,안전운전불이행,적설,눈,교차로 - 교차로부근,승용,남,28세,상해없음,보행자,남,43세,경상
2018021300100103,2018년 2월 13일 06시,화요일,경기도 수원시 영통구 영통동,중상사고,0,1,0,0,차대사람 - 횡단중,신호위반,서리/결빙,흐림,단일로 - 기타,화물,남,33세,상해없음,보행자,여,21세,중상
2018021300100147,2018년 2월 13일 08시,화요일,경기도 수원시 권선구 권선동,경상사고,0,0,1,0,차대차 - 추돌,신호위반,건조,맑음,교차로 - 교차로안,승용,남,24세,상해없음,승용,여,41세,경상
2018021300100191,2018년 2월 13일 09시,화요일,경기도 수원시 장안구 조원동,중상사고,0,1,0,1,차대차 - 정면충돌,신호위반,서리/결빙,맑음,교차로 - 교차로안,승용,여,52세,중상,승용,남,47세,부상신고
2018021300100192,2018년 2월 13일 09시,화요일,경기도 수원시 장안구 파장동,중상사고,0,1,0,0,차대사람 - 횡단중,안전운전불이행,건조,맑음,교차로 - 교차로부근,승용,여,36세,상해없음,보행자,여,61세,중상
2018021300100200,2018년 2월 13일 09시,화요일,경기도 수원시 팔달구 매산로1가,경상사고,0,0,3,0,차대차 - 기타,직진우회전진행방해,건조,맑음,교차로 - 교차로안,승용,여,58세,경상,승용,남,61세,경상
2018021300100201,2018년 2월 13일 09시,화요일,경기도 수원시 권선구 호매실동,경상사고,0,0,1,0,차대차 - 후진중충돌,안전운전불이행,건조,맑음,기타 - 기타,승용,여,41세,기타불명,승합,남,44세,경상
2018021300100327,2018년 2월 13일 12시,화요일,경기도 수원시 권선구 오목천동,경상사고,0,0,2,0,차대차 - 측면충돌,신호위반,건조,맑음,교차로 - 교차로안,승용,여,52세,경상,승용,남,54세,경상
2018021300100390,2018년 2월 13일 14시,화요일,경기도 수원시 장안구 파장동,경상사고,0,0,2,0,차대차 - 추돌,안전운전불이행,건조,맑음,교차로 - 교차로부근,승용,남,25세,상해없음,승용,남,72세,경상
2018021300100436,2018년 2월 13일 15시,화요일,경기도 수원시 장안구 정자동,경상사고,0,0,1,0,차대차 - 측면충돌,신호위반,건조,맑음,교차로 - 교차로안,승합,남,58세,상해없음,승용,여,51세,경상
2018021300100437,2018년 2월 13일 15시,화요일,경기도 수원시 팔달구 지동,중상사고,0,1,1,0,차대차 - 기타,안전거리미확보,건조,맑음,단일로 - 기타,승용,여,49세,상해없음,이륜,여,51세,중상
2018021300100438,2018년 2월 13일 15시,화요일,경기도 수원시 장안구 파장동,중상사고,0,1,0,0,차대차 - 기타,기타,적설,눈,기타 - 기타,화물,남,42세,상해없음,승용,남,36세,기타불명
2018021300100443,2018년 2월 13일 15시,화요일,경기도 수원시 권선구 탑동,경상사고,0,0,1,0,차대차 - 측면충돌,교차로운행방법위반,건조,맑음,교차로 - 교차로안,건설기계,남,60세,상해없음,승용,남,45세,경상
2018021300100485,2018년 2월 13일 16시,화요일,경기도 수원시 팔달구 화서동,부상신고사고,0,0,0,1,차대차 - 추돌,안전운전불이행,건조,맑음,교차로 - 교차로부근,승용,남,28세,상해없음,승용,남,46세,부상신고
2018021300100595,2018년 2월 13일 18시,화요일,경기도 수원시 권선구 권선동,경상사고,0,0,1,0,차대차 - 측면충돌,신호위반,건조,맑음,교차로 - 교차로안,승용,남,68세,상해없음,이륜,남,20세,경상
2018021300100708,2018년 2월 13일 20시,화요일,경기도 수원시 권선구 구운동,경상사고,0,0,1,0,차대사람 - 기타,안전운전불이행,건조,맑음,단일로 - 기타,기타불명,기타불명,미분류,기타불명,보행자,여,20세,경상
2018021300100803,2018년 2월 13일 23시,화요일,경기도 수원시 권선구 평동,중상사고,0,1,0,0,차대차 - 측면충돌,신호위반,건조,맑음,교차로 - 교차로안,승용,남,30세,상해없음,이륜,남,55세,중상
2018021400100053,2018년 2월 14일 01시,수요일,경기도 수원시 권선구 권선동,경상사고,0,0,2,0,차대차 - 추돌,안전운전불이행,건조,맑음,단일로 - 기타,승용,남,44세,상해없음,승용,남,41세,경상
2018021400100153,2018년 2월 14일 08시,수요일,경기도 수원시 권선구 권선동,경상사고,0,0,1,0,차대차 - 추돌,안전운전불이행,건조,맑음,단일로 - 기타,승용,남,53세,상해없음,승합,여,46세,경상
2018021400100154,2018년 2월 14일 08시,수요일,경기도 수원시 권선구 세류동,부상신고사고,0,0,0,1,차대차 - 측면충돌,교차로운행방법위반,건조,맑음,교차로 - 교차로안,화물,여,62세,상해없음,승용,남,50세,상해없음
2018021400100179,2018년 2월 14일 09시,수요일,경기도 수원시 영통구 망포동,경상사고,0,0,1,0,차대차 - 측면충돌,안전운전불이행,건조,맑음,단일로 - 기타,승합,남,63세,상해없음,화물,남,27세,경상
2018021400100181,2018년 2월 14일 09시,수요일,경기도 수원시 권선구 금곡동,경상사고,0,0,1,0,차대차 - 추돌,안전거리미확보,건조,맑음,교차로 - 교차로부근,승용,남,57세,상해없음,승용,여,49세,경상
2018021400100182,2018년 2월 14일 09시,수요일,경기도 수원시 권선구 고색동,경상사고,0,0,1,0,차대차 - 측면충돌,안전운전불이행,건조,맑음,단일로 - 기타,승용,여,34세,상해없음,자전거,여,67세,경상
2018021400100252,2018년 2월 14일 11시,수요일,경기도 수원시 권선구 권선동,경상사고,0,0,1,0,차대차 - 기타,중앙선침범,건조,맑음,교차로 - 교차로부근,자전거,남,59세,경상,승용,남,44세,상해없음
2018021400100284,2018년 2월 14일 12시,수요일,경기도 수원시 팔달구 지동,경상사고,0,0,2,1,차대차 - 추돌,안전거리미확보,건조,맑음,단일로 - 기타,화물,남,54세,상해없음,승합,남,62세,경상
2018021400100290,2018년 2월 14일 12시,수요일,경기도 수원시 팔달구 매산로2가,경상사고,0,0,1,0,차대사람 - 기타,기타,건조,맑음,단일로 - 기타,승합,남,36세,상해없음,보행자,여,75세,경상
2018021400100311,2018년 2월 14일 13시,수요일,경기도 수원시 팔달구 우만동,경상사고,0,0,1,0,차대사람 - 횡단중,안전운전불이행,건조,맑음,교차로 - 교차로부근,승용,남,27세,상해없음,보행자,여,66세,경상
2018021400100334,2018년 2월 14일 14시,수요일,경기도 수원시 장안구 송죽동,경상사고,0,0,1,0,차대차 - 측면충돌,안전거리미확보,건조,맑음,교차로 - 교차로부근,승용,여,56세,상해없음,승용,남,41세,경상
2018021400100336,2018년 2월 14일 14시,수요일,경기도 수원시 권선구 권선동,경상사고,0,0,1,0,차대차 - 기타,안전운전불이행,건조,맑음,단일로 - 기타,승용,남,50세,상해없음,승용,남,32세,경상
2018021400100378,2018년 2월 14일 15시,수요일,경기도 수원시 팔달구 인계동,중상사고,0,1,0,0,차대차 - 기타,안전운전불이행,건조,맑음,교차로 - 교차로안,승용,남,54세,상해없음,이륜,남,33세,중상
2018021400100381,2018년 2월 14일 15시,수요일,경기도 수원시 권선구 세류동,경상사고,0,0,1,0,차대차 - 추돌,안전운전불이행,건조,맑음,단일로 - 기타,승용,남,31세,상해없음,승용,여,32세,경상
2018021400100382,2018년 2월 14일 15시,수요일,경기도 수원시 팔달구 매산로2가,경상사고,0,0,2,0,차대차 - 기타,안전운전불이행,건조,맑음,단일로 - 기타,승용,남,28세,상해없음,승용,여,27세,경상
2018021400100463,2018년 2월 14일 17시,수요일,경기도 수원시 팔달구 팔달로1가,경상사고,0,0,1,0,차대차 - 측면충돌,안전운전불이행,건조,맑음,단일로 - 기타,승용,남,73세,상해없음,승용,여,36세,경상
2018021400100504,2018년 2월 14일 18시,수요일,경기도 수원시 장안구 송죽동,경상사고,0,0,2,0,차대차 - 추돌,안전운전불이행,건조,맑음,교차로 - 교차로부근,승합,남,51세,상해없음,승합,남,50세,경상
2018021400100505,2018년 2월 14일 18시,수요일,경기도 수원시 팔달구 지동,경상사고,0,0,1,0,차대사람 - 기타,안전운전불이행,건조,맑음,단일로 - 기타,승용,여,56세,상해없음,보행자,남,67세,경상
2018021500100031,2018년 2월 15일 01시,목요일,경기도 수원시 권선구 평동,중상사고,0,1,0,0,차대사람 - 횡단중,안전운전불이행,건조,맑음,단일로 - 기타,승합,남,33세,상해없음,보행자,여,78세,중상
2018021500100071,2018년 2월 15일 03시,목요일,경기도 수원시 팔달구 매산로1가,경상사고,0,0,1,0,차대차 - 측면충돌,안전거리미확보,건조,맑음,교차로 - 교차로안,승용,남,25세,상해없음,승용,남,54세,경상
2018021500100099,2018년 2월 15일 05시,목요일,경기도 수원시 장안구 송죽동,중상사고,0,1,0,0,차량단독 - 기타,안전운전불이행,건조,맑음,교차로 - 교차로안,이륜,남,22세,기타불명,,,,
2018021500100155,2018년 2월 15일 10시,목요일,경기도 수원시 권선구 구운동,경상사고,0,0,1,0,차대차 - 추돌,안전거리미확보,건조,맑음,교차로 - 교차로부근,승용,여,59세,상해없음,승용,남,39세,경상
2018021500100255,2018년 2월 15일 14시,목요일,경기도 수원시 팔달구 화서동,경상사고,0,0,1,0,차대사람 - 기타,안전운전불이행,건조,맑음,단일로 - 기타,승용,남,54세,기타불명,보행자,여,34세,경상
2018021500100289,2018년 2월 15일 16시,목요일,경기도 수원시 팔달구 매산로1가,경상사고,0,0,1,0,차대차 - 기타,교차로운행방법위반,건조,맑음,교차로 - 교차로부근,승용,남,76세,상해없음,이륜,남,38세,경상
2018021500100321,2018년 2월 15일 18시,목요일,경기도 수원시 팔달구 화서동,경상사고,0,0,1,0,차대차 - 기타,안전운전불이행,건조,맑음,교차로 - 교차로부근,승용,남,36세,상해없음,이륜,남,43세,경상
2018021500100324,2018년 2월 15일 18시,목요일,경기도 수원시 권선구 권선동,경상사고,0,0,1,0,차대차 - 측면충돌,안전거리미확보,건조,맑음,교차로 - 교차로부근,이륜,남,16세,상해없음,승용,남,32세,경상
2018021500100325,2018년 2월 15일 18시,목요일,경기도 수원시 영통구 영통동,경상사고,0,0,1,0,차대차 - 측면충돌,안전운전불이행,건조,맑음,단일로 - 기타,승용,남,56세,상해없음,승용,남,59세,경상
2018021500100326,2018년 2월 15일 18시,목요일,경기도 수원시 영통구 매탄동,경상사고,0,0,1,0,차대차 - 추돌,안전운전불이행,건조,맑음,교차로 - 교차로안,화물,남,64세,상해없음,승용,여,43세,경상
2018021500100342,2018년 2월 15일 19시,목요일,경기도 수원시 장안구 정자동,경상사고,0,0,2,0,차대차 - 기타,안전거리미확보,건조,맑음,단일로 - 기타,승용,남,61세,상해없음,승용,남,32세,경상
2018021500100343,2018년 2월 15일 19시,목요일,경기도 수원시 장안구 정자동,경상사고,0,0,2,0,차대차 - 기타,안전거리미확보,건조,맑음,단일로 - 기타,승용,남,19세,상해없음,승용,남,38세,경상
2018021500100363,2018년 2월 15일 20시,목요일,경기도 수원시 팔달구 중동,경상사고,0,0,1,0,차대사람 - 기타,안전운전불이행,건조,맑음,교차로 - 교차로안,승용,남,48세,상해없음,보행자,남,49세,경상
2018021500100365,2018년 2월 15일 20시,목요일,경기도 수원시 팔달구 인계동,경상사고,0,0,1,0,차대차 - 추돌,안전운전불이행,건조,맑음,교차로 - 교차로부근,승용,남,20세,상해없음,승용,남,61세,경상
2018021600100003,2018년 2월 16일 00시,금요일,경기도 수원시 팔달구 인계동,경상사고,0,0,1,0,차대차 - 추돌,안전운전불이행,건조,맑음,단일로 - 기타,승용,남,65세,상해없음,이륜,남,49세,경상
2018021600100012,2018년 2월 16일 01시,금요일,경기도 수원시 팔달구 매교동,경상사고,0,0,5,0,차대차 - 정면충돌,중앙선침범,건조,맑음,교차로 - 교차로부근,승용,남,34세,기타불명,승용,남,62세,경상
2018021600100024,2018년 2월 16일 03시,금요일,경기도 수원시 팔달구 인계동,경상사고,0,0,1,0,차대사람 - 길가장자리구역통행중,안전운전불이행,건조,맑음,단일로 - 기타,화물,남,29세,상해없음,보행자,남,32세,경상
2018021600100049,2018년 2월 16일 08시,금요일,경기도 수원시 장안구 영화동,경상사고,0,0,3,0,차대차 - 기타,교차로운행방법위반,건조,맑음,교차로 - 교차로부근,승용,남,39세,상해없음,승합,여,45세,경상
2018021600100070,2018년 2월 16일 10시,금요일,경기도 수원시 장안구 천천동,경상사고,0,0,1,0,차대차 - 기타,안전거리미확보,건조,맑음,교차로 - 교차로안,화물,남,57세,상해없음,승용,남,53세,경상
2018021600100109,2018년 2월 16일 12시,금요일,경기도 수원시 팔달구 화서동,부상신고사고,0,0,0,1,차대차 - 기타,안전운전불이행,건조,맑음,미분류 - 미분류,승용,남,61세,부상신고,화물,기타불명,미분류,기타불명
2018021600100205,2018년 2월 16일 16시,금요일,경기도 수원시 장안구 하광교동,경상사고,0,0,1,5,차대차 - 추돌,안전운전불이행,건조,맑음,기타 - 기타,승용,남,48세,경상,승용,남,43세,상해없음
2018021600100279,2018년 2월 16일 20시,금요일,경기도 수원시 장안구 영화동,경상사고,0,0,1,0,차대사람 - 기타,안전운전불이행,건조,맑음,단일로 - 기타,승용,남,35세,기타불명,보행자,남,11세,경상
2018021600100285,2018년 2월 16일 20시,금요일,경기도 수원시 팔달구 인계동,경상사고,0,0,1,0,차대차 - 측면충돌,안전운전불이행,건조,맑음,교차로 - 교차로부근,이륜,남,42세,경상,승용,남,61세,상해없음
2018021600100334,2018년 2월 16일 23시,금요일,경기도 수원시 장안구 조원동,경상사고,0,0,2,0,차대사람 - 기타,보행자보호의무위반,건조,맑음,단일로 - 기타,승용,여,40세,경상,보행자,여,52세,경상
2018021700100038,2018년 2월 17일 03시,토요일,경기도 수원시 팔달구 지동,경상사고,0,0,1,0,차대사람 - 횡단중,안전운전불이행,건조,맑음,단일로 - 기타,기타불명,기타불명,미분류,기타불명,보행자,여,21세,경상
2018021700100221,2018년 2월 17일 17시,토요일,경기도 수원시 팔달구 화서동,중상사고,0,1,0,0,차대차 - 측면충돌,안전운전불이행,건조,맑음,단일로 - 기타,승용,남,50세,중상,승합,남,53세,기타불명
2018021700100263,2018년 2월 17일 19시,토요일,경기도 수원시 팔달구 지동,경상사고,0,0,1,0,차대차 - 추돌,안전운전불이행,건조,맑음,교차로 - 교차로부근,승용,남,27세,상해없음,승용,남,28세,경상
2018021700100351,2018년 2월 17일 22시,토요일,경기도 수원시 장안구 파장동,경상사고,0,0,1,0,차대차 - 기타,안전운전불이행,건조,맑음,교차로 - 교차로부근,자전거,남,56세,경상,승용,남,59세,상해없음
2018021700100356,2018년 2월 17일 22시,토요일,경기도 수원시 팔달구 고등동,경상사고,0,0,1,0,차대사람 - 횡단중,안전운전불이행,건조,맑음,단일로 - 기타,승용,남,30세,상해없음,보행자,남,43세,경상
2018021700100375,2018년 2월 17일 23시,토요일,경기도 수원시 권선구 권선동,경상사고,0,0,1,0,차대차 - 추돌,안전운전불이행,건조,맑음,단일로 - 기타,승용,남,55세,상해없음,승용,남,27세,경상
2018021700100377,2018년 2월 17일 23시,토요일,경기도 수원시 팔달구 매산로1가,경상사고,0,0,2,0,차대사람 - 기타,안전운전불이행,건조,맑음,단일로 - 기타,승용,남,25세,상해없음,보행자,남,26세,경상
2018021800100084,2018년 2월 18일 07시,일요일,경기도 수원시 팔달구 인계동,중상사고,0,1,0,0,차대차 - 측면충돌,안전운전불이행,건조,맑음,교차로 - 교차로부근,승용,여,51세,상해없음,자전거,남,61세,중상
2018021800100151,2018년 2월 18일 13시,일요일,경기도 수원시 팔달구 우만동,경상사고,0,0,1,0,차대차 - 측면충돌,신호위반,건조,맑음,단일로 - 기타,승용,여,48세,상해없음,화물,남,53세,경상
2018021800100163,2018년 2월 18일 14시,일요일,경기도 수원시 장안구 파장동,중상사고,0,1,0,0,차대사람 - 기타,안전운전불이행,건조,맑음,단일로 - 기타,승용,남,66세,상해없음,보행자,남,73세,중상
2018021800100186,2018년 2월 18일 15시,일요일,경기도 수원시 영통구 영통동,중상사고,0,1,1,0,차대차 - 추돌,안전거리미확보,건조,맑음,교차로 - 교차로부근,승용,남,40세,상해없음,승용,여,24세,중상
2018021800100238,2018년 2월 18일 18시,일요일,경기도 수원시 권선구 곡반정동,경상사고,0,0,1,0,차대차 - 측면충돌,안전운전불이행,건조,맑음,교차로 - 교차로안,승용,여,53세,상해없음,자전거,남,49세,경상
2018021800100239,2018년 2월 18일 18시,일요일,경기도 수원시 권선구 세류동,중상사고,0,1,0,0,차량단독 - 기타,기타,건조,맑음,단일로 - 기타,승합,남,54세,상해없음,,,,
2018021800100285,2018년 2월 18일 20시,일요일,경기도 수원시 권선구 서둔동,경상사고,0,0,1,0,차대차 - 기타,안전운전불이행,건조,맑음,단일로 - 기타,이륜,남,45세,경상,승용,남,61세,상해없음
2018021900100004,2018년 2월 19일 00시,월요일,경기도 수원시 권선구 서둔동,경상사고,0,0,1,0,차대차 - 추돌,안전운전불이행,건조,맑음,교차로 - 교차로부근,승용,남,34세,상해없음,승용,남,65세,경상
2018021900100020,2018년 2월 19일 02시,월요일,경기도 수원시 팔달구 우만동,중상사고,0,1,0,0,차량단독 - 공작물충돌,안전운전불이행,건조,맑음,단일로 - 기타,이륜,남,23세,중상,,,,
2018021900100050,2018년 2월 19일 06시,월요일,경기도 수원시 영통구 영통동,경상사고,0,0,1,0,차대차 - 측면충돌,신호위반,건조,맑음,교차로 - 교차로안,승용,남,58세,상해없음,승용,여,48세,경상
2018021900100081,2018년 2월 19일 08시,월요일,경기도 수원시 장안구 파장동,경상사고,0,0,1,0,차대차 - 추돌,안전운전불이행,건조,맑음,단일로 - 기타,승용,남,24세,상해없음,승용,여,25세,경상
2018021900100083,2018년 2월 19일 08시,월요일,경기도 수원시 영통구 원천동,경상사고,0,0,1,0,차대차 - 추돌,안전운전불이행,젖음/습기,안개,단일로 - 기타,승용,남,39세,상해없음,승용,여,55세,경상
2018021900100103,2018년 2월 19일 09시,월요일,경기도 수원시 영통구 영통동,경상사고,0,0,1,0,차대차 - 측면충돌,안전거리미확보,건조,맑음,단일로 - 기타,승용,남,26세,상해없음,승용,남,41세,경상
2018021900100120,2018년 2월 19일 10시,월요일,경기도 수원시 영통구 매탄동,경상사고,0,0,1,0,차대차 - 측면충돌,안전운전불이행,건조,맑음,단일로 - 기타,승용,여,52세,상해없음,승용,남,27세,경상
2018021900100121,2018년 2월 19일 10시,월요일,경기도 수원시 팔달구 우만동,경상사고,0,0,2,1,차대차 - 기타,차로위반,건조,맑음,교차로 - 교차로부근,승용,여,43세,상해없음,승용,남,60세,경상
2018021900100171,2018년 2월 19일 12시,월요일,경기도 수원시 권선구 고색동,중상사고,0,1,0,0,차대사람 - 기타,안전운전불이행,건조,맑음,단일로 - 기타,승용,남,54세,상해없음,보행자,남,86세,중상
2018021900100194,2018년 2월 19일 13시,월요일,경기도 수원시 권선구 권선동,경상사고,0,0,4,0,차대차 - 추돌,안전운전불이행,건조,맑음,교차로 - 교차로부근,승용,남,53세,상해없음,승용,남,46세,경상
2018021900100214,2018년 2월 19일 14시,월요일,경기도 수원시 팔달구 매산로1가,경상사고,0,0,1,2,차대차 - 기타,안전운전불이행,건조,맑음,교차로 - 교차로부근,승용,남,39세,상해없음,승용,남,19세,부상신고
2018021900100240,2018년 2월 19일 15시,월요일,경기도 수원시 팔달구 화서동,중상사고,0,1,2,0,차대차 - 기타,안전운전불이행,건조,맑음,단일로 - 기타,화물,남,58세,상해없음,승용,여,66세,중상
2018021900100338,2018년 2월 19일 18시,월요일,경기도 수원시 팔달구 매향동,경상사고,0,0,1,0,차대차 - 추돌,안전운전불이행,건조,맑음,단일로 - 기타,이륜,남,51세,경상,승용,남,43세,기타불명