사고번호,사고일시,요일,시군구,사고내용,사망자수,중상자수,경상자수,부상신고자수,사고유형,법규위반,노면상태,기상상태,도로형태,가해운전자 차종,가해운전자 성별,가해운전자 연령,가해운전자 상해정도,피해운전자 차종,피해운전자 성별,피해운전자 연령,피해운전자 상해정도
2018021900100346,2018년 2월 19일 18시,월요일,경기도 수원시 권선구 세류동,경상사고,0,0,1,0,차대차 - 기타,안전운전불이행,건조,맑음,단일로 - 기타,승용,여,45세,상해없음,자전거,남,35세,경상
2018021900100422,2018년 2월 19일 20시,월요일,경기도 수원시 영통구 매탄동,경상사고,0,0,1,0,차대차 - 측면충돌,차로위반,건조,맑음,단일로 - 기타,승합,남,56세,상해없음,승용,남,43세,경상
2018021900100479,2018년 2월 19일 22시,월요일,경기도 수원시 권선구 오목천동,경상사고,0,0,1,0,차대차 - 정면충돌,안전운전불이행,건조,맑음,단일로 - 기타,승합,남,60세,상해없음,승용,남,52세,상해없음
2018021900100503,2018년 2월 19일 23시,월요일,경기도 수원시 팔달구 우만동,경상사고,0,0,3,0,차대차 - 추돌,안전운전불이행,건조,맑음,단일로 - 기타,승용,남,33세,상해없음,승용,남,57세,경상
2018022000100147,2018년 2월 20일 09시,화요일,경기도 수원시 장안구 송죽동,중상사고,0,1,0,0,차대사람 - 기타,안전운전불이행,건조,흐림,교차로 - 교차로안,승용,남,49세,상해없음,보행자,여,68세,중상
2018022000100226,2018년 2월 20일 12시,화요일,경기도 수원시 영통구 원천동,경상사고,0,0,1,0,차량단독 - 기타,안전운전불이행,건조,맑음,단일로 - 기타,승합,남,53세,상해없음,,,,
2018022000100358,2018년 2월 20일 17시,화요일,경기도 수원시 팔달구 매산로1가,경상사고,0,0,3,0,차대차 - 측면충돌,안전운전불이행,건조,맑음,교차로 - 교차로안,승용,남,66세,상해없음,승용,남,20세,경상
2018022000100387,2018년 2월 20일 18시,화요일,경기도 수원시 영통구 매탄동,중상사고,0,1,1,0,차대사람 - 횡단중,안전운전불이행,건조,맑음,교차로 - 교차로안,이륜,남,17세,경상,보행자,여,54세,중상
2018022000100412,2018년 2월 20일 19시,화요일,경기도 수원시 권선구 구운동,경상사고,0,0,1,0,차대차 - 추돌,안전운전불이행,건조,맑음,단일로 - 기타,승용,남,46세,상해없음,승용,여,41세,경상
2018022100100016,2018년 2월 21일 01시,수요일,경기도 수원시 팔달구 매산로2가,중상사고,0,1,0,0,차대사람 - 기타,안전운전불이행,건조,맑음,기타 - 기타,승용,남,23세,상해없음,보행자,남,21세,중상
2018022100100038,2018년 2월 21일 05시,수요일,경기도 수원시 권선구 오목천동,중상사고,0,1,4,0,차대차 - 측면충돌,신호위반,건조,맑음,교차로 - 교차로안,승합,남,60세,상해없음,승용,남,66세,중상
2018022100100049,2018년 2월 21일 06시,수요일,경기도 수원시 권선구 고색동,경상사고,0,0,10,1,차대차 - 기타,신호위반,건조,맑음,교차로 - 교차로안,승합,남,40세,상해없음,승합,남,58세,경상
2018022100100106,2018년 2월 21일 09시,수요일,경기도 수원시 권선구 고색동,경상사고,0,0,1,0,차대차 - 추돌,안전거리미확보,건조,맑음,단일로 - 기타,승용,남,38세,상해없음,승용,남,40세,경상
2018022100100175,2018년 2월 21일 12시,수요일,경기도 수원시 영통구 망포동,경상사고,0,0,1,0,차대차 - 측면충돌,교차로운행방법위반,건조,맑음,교차로 - 교차로횡단보도내,승용,여,33세,상해없음,승합,남,60세,경상
2018022100100220,2018년 2월 21일 14시,수요일,경기도 수원시 팔달구 팔달로2가,경상사고,0,0,4,0,차대차 - 기타,안전운전불이행,건조,맑음,교차로 - 교차로안,승합,남,59세,상해없음,승용,남,66세,경상
2018022100100251,2018년 2월 21일 15시,수요일,경기도 수원시 권선구 권선동,경상사고,0,0,2,0,차대차 - 추돌,안전운전불이행,건조,맑음,기타 - 기타,승용,여,49세,상해없음,특수,남,55세,경상
2018022100100281,2018년 2월 21일 16시,수요일,경기도 수원시 팔달구 인계동,경상사고,0,0,1,0,차대차 - 측면충돌,직진우회전진행방해,건조,맑음,교차로 - 교차로안,승용,여,55세,상해없음,승용,여,54세,경상
2018022100100283,2018년 2월 21일 16시,수요일,경기도 수원시 영통구 이의동,경상사고,0,0,1,0,차대차 - 기타,안전거리미확보,건조,맑음,단일로 - 기타,승용,여,42세,상해없음,승용,여,38세,경상
2018022100100303,2018년 2월 21일 17시,수요일,경기도 수원시 영통구 이의동,경상사고,0,0,1,0,차대차 - 추돌,안전운전불이행,건조,맑음,교차로 - 교차로부근,승용,남,54세,상해없음,승용,남,56세,경상
2018022100100305,2018년 2월 21일 17시,수요일,경기도 수원시 권선구 평동,경상사고,0,0,1,0,차대차 - 추돌,안전운전불이행,건조,맑음,단일로 - 기타,승용,남,40세,기타불명,승용,남,35세,경상
2018022100100325,2018년 2월 21일 18시,수요일,경기도 수원시 장안구 율전동,중상사고,0,1,0,0,차대차 - 기타,교차로운행방법위반,건조,맑음,교차로 - 교차로안,승용,여,49세,상해없음,자전거,남,79세,중상
2018022100100328,2018년 2월 21일 18시,수요일,경기도 수원시 장안구 파장동,부상신고사고,0,0,0,1,차대차 - 측면충돌,안전운전불이행,건조,맑음,단일로 - 기타,특수,남,50세,상해없음,승합,남,51세,부상신고
2018022100100374,2018년 2월 21일 19시,수요일,경기도 수원시 팔달구 화서동,경상사고,0,0,1,0,차대차 - 추돌,안전운전불이행,건조,맑음,교차로 - 교차로부근,승용,남,25세,상해없음,승용,남,26세,경상
2018022100100410,2018년 2월 21일 20시,수요일,경기도 수원시 팔달구 인계동,경상사고,0,0,1,0,차대차 - 측면충돌,신호위반,건조,맑음,교차로 - 교차로부근,승용,남,39세,상해없음,승용,남,48세,경상
2018022100100411,2018년 2월 21일 20시,수요일,경기도 수원시 권선구 고색동,경상사고,0,0,1,0,차대차 - 추돌,안전운전불이행,건조,맑음,단일로 - 기타,승용,남,45세,상해없음,승용,남,36세,경상
2018022200100027,2018년 2월 22일 01시,목요일,경기도 수원시 권선구 구운동,중상사고,0,1,2,0,차대차 - 추돌,안전운전불이행,건조,맑음,교차로 - 교차로부근,승용,남,36세,상해없음,승용,남,64세,상해없음
2018022200100028,2018년 2월 22일 01시,목요일,경기도 수원시 팔달구 매산로1가,경상사고,0,0,3,0,차대차 - 기타,안전운전불이행,건조,맑음,교차로 - 교차로부근,승용,남,34세,경상,승용,남,58세,경상
2018022200100052,2018년 2월 22일 03시,목요일,경기도 수원시 영통구 영통동,경상사고,0,0,1,0,차대차 - 측면충돌,안전운전불이행,건조,맑음,교차로 - 교차로안,승용,남,39세,경상,화물,남,29세,상해없음
2018022200100058,2018년 2월 22일 04시,목요일,경기도 수원시 권선구 권선동,중상사고,0,1,0,0,차대사람 - 기타,안전운전불이행,건조,맑음,기타 - 기타,승용,여,65세,상해없음,보행자,남,50세,중상
2018022200100074,2018년 2월 22일 06시,목요일,경기도 수원시 장안구 파장동,경상사고,0,0,3,0,차대차 - 기타,안전운전불이행,건조,맑음,교차로 - 교차로부근,화물,남,67세,상해없음,화물,남,50세,경상
2018022200100075,2018년 2월 22일 06시,목요일,경기도 수원시 장안구 율전동,경상사고,0,0,1,0,차대사람 - 횡단중,신호위반,건조,맑음,교차로 - 교차로안,승용,남,68세,상해없음,보행자,남,53세,경상
2018022200100088,2018년 2월 22일 07시,목요일,경기도 수원시 팔달구 우만동,경상사고,0,0,1,0,차대차 - 정면충돌,교차로운행방법위반,건조,맑음,교차로 - 교차로안,승용,남,58세,상해없음,승용,남,62세,경상
2018022200100089,2018년 2월 22일 07시,목요일,경기도 수원시 팔달구 북수동,중상사고,0,1,0,0,차대차 - 측면충돌,신호위반,건조,맑음,교차로 - 교차로안,승용,남,26세,상해없음,승용,남,39세,중상
2018022200100107,2018년 2월 22일 08시,목요일,경기도 수원시 장안구 파장동,중상사고,0,1,0,0,차대사람 - 횡단중,안전운전불이행,건조,흐림,교차로 - 교차로안,화물,남,48세,상해없음,보행자,여,41세,중상
2018022200100170,2018년 2월 22일 10시,목요일,경기도 수원시 장안구 영화동,경상사고,0,0,1,0,차대차 - 추돌,안전운전불이행,건조,맑음,단일로 - 기타,승용,남,27세,상해없음,승용,여,36세,경상
2018022200100173,2018년 2월 22일 10시,목요일,경기도 수원시 권선구 권선동,경상사고,0,0,1,0,차대차 - 측면충돌,차로위반,건조,맑음,단일로 - 기타,승용,남,55세,상해없음,승용,여,56세,경상
2018022200100202,2018년 2월 22일 11시,목요일,경기도 수원시 권선구 권선동,중상사고,0,1,0,0,차대차 - 측면충돌,중앙선침범,건조,맑음,단일로 - 기타,승용,남,35세,상해없음,승용,여,31세,중상
2018022200100291,2018년 2월 22일 14시,목요일,경기도 수원시 팔달구 매산로1가,경상사고,0,0,1,0,차대차 - 추돌,안전운전불이행,젖음/습기,흐림,교차로 - 교차로부근,승용,여,30세,상해없음,승용,남,47세,경상
2018022200100324,2018년 2월 22일 15시,목요일,경기도 수원시 권선구 금곡동,경상사고,0,0,1,0,차대차 - 측면충돌,중앙선침범,건조,맑음,교차로 - 교차로부근,승용,여,41세,상해없음,승용,여,42세,경상
2018022200100367,2018년 2월 22일 17시,목요일,경기도 수원시 팔달구 인계동,경상사고,0,0,1,0,차대차 - 측면충돌,교차로운행방법위반,건조,맑음,교차로 - 교차로안,기타불명,기타불명,미분류,기타불명,승용,남,50세,경상
2018022200100399,2018년 2월 22일 18시,목요일,경기도 수원시 팔달구 지동,중상사고,0,2,0,0,차대차 - 추돌,안전거리미확보,건조,맑음,교차로 - 교차로부근,승용,여,49세,상해없음,승용,남,62세,중상
2018022200100403,2018년 2월 22일 18시,목요일,경기도 수원시 권선구 고색동,경상사고,0,0,2,0,차대차 - 추돌,교차로운행방법위반,건조,맑음,단일로 - 기타,승용,여,44세,경상,승용,남,29세,경상
2018022200100440,2018년 2월 22일 19시,목요일,경기도 수원시 권선구 권선동,경상사고,0,0,1,0,차대차 - 측면충돌,안전운전불이행,건조,맑음,교차로 - 교차로부근,승용,남,58세,상해없음,승용,남,29세,경상
2018022200100570,2018년 2월 22일 23시,목요일,경기도 수원시 장안구 파장동,부상신고사고,0,0,0,1,차대차 - 추돌,안전거리미확보,건조,맑음,단일로 - 기타,승용,남,57세,상해없음,승용,남,25세,부상신고
2018022200100573,2018년 2월 22일 23시,목요일,경기도 수원시 팔달구 화서동,경상사고,0,0,1,0,차대차 - 추돌,안전운전불이행,젖음/습기,비,단일로 - 기타,승용,남,53세,상해없음,승용,여,50세,경상
2018022300100016,2018년 2월 23일 00시,금요일,경기도 수원시 영통구 영통동,경상사고,0,0,1,0,차대차 - 추돌,안전운전불이행,건조,맑음,교차로 - 교차로부근,승용,여,42세,상해없음,승용,여,50세,경상
2018022300100033,2018년 2월 23일 01시,금요일,경기도 수원시 권선구 권선동,경상사고,0,0,2,0,차대차 - 측면충돌,신호위반,젖음/습기,눈,교차로 - 교차로안,승용,남,60세,상해없음,승용,남,49세,경상
2018022300100035,2018년 2월 23일 01시,금요일,경기도 수원시 권선구 오목천동,경상사고,0,0,8,0,차대차 - 측면충돌,신호위반,젖음/습기,비,교차로 - 교차로안,화물,남,32세,상해없음,승합,남,43세,경상
2018022300100086,2018년 2월 23일 06시,금요일,경기도 수원시 권선구 권선동,경상사고,0,0,2,0,차대차 - 측면충돌,신호위반,젖음/습기,비,교차로 - 교차로안,승용,남,61세,상해없음,승용,남,68세,경상
2018022300100134,2018년 2월 23일 08시,금요일,경기도 수원시 장안구 영화동,중상사고,0,1,0,0,차대차 - 기타,안전운전불이행,건조,맑음,단일로 - 기타,승용,여,33세,상해없음,승용,남,24세,중상
2018022300100135,2018년 2월 23일 08시,금요일,경기도 수원시 장안구 천천동,부상신고사고,0,0,0,3,차대차 - 측면충돌,교차로운행방법위반,건조,맑음,교차로 - 교차로안,승용,여,66세,부상신고,승합,남,59세,부상신고
2018022300100142,2018년 2월 23일 08시,금요일,경기도 수원시 권선구 탑동,경상사고,0,0,2,0,차대차 - 정면충돌,안전운전불이행,건조,맑음,교차로 - 교차로부근,승용,남,27세,상해없음,승용,남,41세,경상
2018022300100238,2018년 2월 23일 11시,금요일,경기도 수원시 장안구 파장동,부상신고사고,0,0,0,1,차대차 - 측면충돌,차로위반,건조,맑음,단일로 - 기타,승용,여,37세,상해없음,이륜,남,55세,부상신고
2018022300100245,2018년 2월 23일 11시,금요일,경기도 수원시 팔달구 교동,경상사고,0,0,4,0,차대차 - 정면충돌,안전운전불이행,건조,맑음,교차로 - 교차로안,승용,여,49세,상해없음,승용,여,56세,경상
2018022300100305,2018년 2월 23일 13시,금요일,경기도 수원시 영통구 매탄동,경상사고,0,0,1,0,차대차 - 측면충돌,안전운전불이행,건조,맑음,단일로 - 기타,승용,남,72세,상해없음,승용,남,42세,경상
2018022300100323,2018년 2월 23일 14시,금요일,경기도 수원시 권선구 호매실동,중상사고,0,1,0,0,차대차 - 측면충돌,불법유턴,건조,맑음,교차로 - 교차로안,승용,남,52세,상해없음,승용,남,66세,중상
2018022300100403,2018년 2월 23일 17시,금요일,경기도 수원시 영통구 영통동,경상사고,0,0,1,0,차대차 - 추돌,안전운전불이행,건조,맑음,단일로 - 기타,화물,남,58세,상해없음,승용,여,53세,경상
2018022300100462,2018년 2월 23일 19시,금요일,경기도 수원시 팔달구 팔달로2가,경상사고,0,0,2,0,차대차 - 측면충돌,차로위반,건조,맑음,교차로 - 교차로안,승용,여,56세,상해없음,승용,여,53세,경상
2018022300100549,2018년 2월 23일 21시,금요일,경기도 수원시 권선구 금곡동,경상사고,0,0,1,0,차대차 - 측면충돌,안전운전불이행,건조,맑음,교차로 - 교차로안,승용,남,27세,기타불명,이륜,남,22세,경상
2018022300100584,2018년 2월 23일 22시,금요일,경기도 수원시 장안구 송죽동,경상사고,0,0,1,0,차대사람 - 기타,안전운전불이행,건조,맑음,단일로 - 기타,승용,남,37세,상해없음,보행자,남,33세,경상
2018022300100590,2018년 2월 23일 22시,금요일,경기도 수원시 권선구 세류동,부상신고사고,0,0,0,1,차대사람 - 횡단중,안전운전불이행,건조,맑음,교차로 - 교차로부근,승용,남,57세,상해없음,보행자,여,32세,부상신고
2018022400100028,2018년 2월 24일 01시,토요일,경기도 수원시 권선구 권선동,경상사고,0,0,3,0,차대차 - 추돌,안전운전불이행,건조,맑음,교차로 - 교차로부근,승용,남,21세,상해없음,승용,남,43세,경상
2018022400100051,2018년 2월 24일 03시,토요일,경기도 수원시 장안구 송죽동,중상사고,0,1,0,1,차대차 - 정면충돌,중앙선침범,건조,맑음,교차로 - 교차로부근,승용,남,47세,상해없음,승용,남,53세,중상
2018022400100053,2018년 2월 24일 03시,토요일,경기도 수원시 팔달구 교동,경상사고,0,0,1,0,차대사람 - 차도통행중,기타,건조,맑음,교차로 - 교차로부근,승용,남,58세,기타불명,보행자,남,25세,경상
2018022400100075,2018년 2월 24일 05시,토요일,경기도 수원시 영통구 영통동,경상사고,0,0,1,0,차대차 - 기타,중앙선침범,건조,맑음,교차로 - 교차로부근,화물,남,37세,상해없음,승합,남,56세,경상
2018022400100089,2018년 2월 24일 06시,토요일,경기도 수원시 팔달구 중동,경상사고,0,0,1,0,차대차 - 추돌,안전운전불이행,건조,맑음,교차로 - 교차로안,승용,남,49세,상해없음,승용,남,26세,경상
2018022400100167,2018년 2월 24일 10시,토요일,경기도 수원시 권선구 금곡동,경상사고,0,0,1,0,차대차 - 기타,안전운전불이행,건조,맑음,교차로 - 교차로횡단보도내,승합,남,39세,상해없음,자전거,남,82세,경상
2018022400100168,2018년 2월 24일 10시,토요일,경기도 수원시 권선구 호매실동,경상사고,0,0,3,0,차대차 - 측면충돌,안전운전불이행,건조,맑음,단일로 - 기타,승용,여,31세,상해없음,승용,여,40세,경상
2018022400100195,2018년 2월 24일 11시,토요일,경기도 수원시 권선구 입북동,경상사고,0,0,1,0,차대차 - 추돌,안전운전불이행,건조,맑음,단일로 - 기타,화물,남,40세,상해없음,승용,남,58세,경상
2018022400100326,2018년 2월 24일 16시,토요일,경기도 수원시 팔달구 지동,중상사고,0,1,0,0,차대사람 - 횡단중,신호위반,건조,맑음,교차로 - 교차로안,승용,남,59세,상해없음,보행자,여,90세 이상,중상
2018022400100405,2018년 2월 24일 19시,토요일,경기도 수원시 장안구 천천동,부상신고사고,0,0,0,1,차량단독 - 기타,안전운전불이행,건조,흐림,교차로 - 교차로부근,이륜,남,35세,부상신고,,,,
2018022400100411,2018년 2월 24일 19시,토요일,경기도 수원시 팔달구 교동,경상사고,0,0,1,0,차대차 - 기타,안전거리미확보,건조,맑음,단일로 - 기타,승합,남,44세,상해없음,원동기,남,34세,경상
2018022400100437,2018년 2월 24일 20시,토요일,경기도 수원시 팔달구 남수동,경상사고,0,0,1,0,차대차 - 기타,교차로운행방법위반,건조,맑음,교차로 - 교차로안,승용,여,44세,상해없음,승용,남,39세,경상
2018022400100460,2018년 2월 24일 21시,토요일,경기도 수원시 영통구 이의동,경상사고,0,0,1,0,차대차 - 측면충돌,안전운전불이행,건조,맑음,기타 - 기타,승용,남,47세,상해없음,승용,여,38세,경상
2018022400100486,2018년 2월 24일 22시,토요일,경기도 수원시 권선구 권선동,경상사고,0,0,1,0,차대사람 - 차도통행중,안전운전불이행,건조,맑음,단일로 - 기타,승용,남,58세,상해없음,보행자,남,45세,경상
2018022500100023,2018년 2월 25일 01시,일요일,경기도 수원시 팔달구 인계동,경상사고,0,0,1,0,차대사람 - 기타,안전운전불이행,건조,맑음,단일로 - 기타,이륜,남,36세,상해없음,보행자,남,35세,경상
2018022500100046,2018년 2월 25일 03시,일요일,경기도 수원시 영통구 영통동,경상사고,0,0,1,0,차대차 - 추돌,안전운전불이행,건조,맑음,교차로 - 교차로부근,승용,남,36세,상해없음,승용,남,49세,경상
2018022500100061,2018년 2월 25일 04시,일요일,경기도 수원시 팔달구 고등동,경상사고,0,0,1,0,차대사람 - 횡단중,안전운전불이행,건조,맑음,단일로 - 기타,승용,남,57세,상해없음,보행자,남,44세,경상
2018022500100076,2018년 2월 25일 06시,일요일,경기도 수원시 영통구 영통동,중상사고,0,1,2,0,차대차 - 측면충돌,신호위반,건조,맑음,교차로 - 교차로안,승용,남,52세,상해없음,승용,남,26세,중상
2018022500100087,2018년 2월 25일 07시,일요일,경기도 수원시 장안구 파장동,경상사고,0,0,2,0,차대차 - 추돌,안전거리미확보,건조,맑음,교차로 - 교차로횡단보도내,승합,남,54세,상해없음,승용,남,64세,상해없음
2018022500100089,2018년 2월 25일 07시,일요일,경기도 수원시 권선구 입북동,경상사고,0,0,4,0,차대차 - 추돌,안전운전불이행,건조,맑음,단일로 - 기타,승용,남,26세,상해없음,승용,남,29세,경상
2018022500100117,2018년 2월 25일 10시,일요일,경기도 수원시 권선구 구운동,경상사고,0,0,1,0,차대차 - 기타,교차로운행방법위반,건조,맑음,교차로 - 교차로부근,승용,여,44세,상해없음,승합,여,53세,상해없음
2018022500100138,2018년 2월 25일 11시,일요일,경기도 수원시 팔달구 인계동,경상사고,0,0,1,0,차대차 - 측면충돌,신호위반,건조,맑음,교차로 - 교차로안,승용,남,52세,상해없음,화물,남,64세,경상
2018022500100156,2018년 2월 25일 12시,일요일,경기도 수원시 권선구 세류동,경상사고,0,0,2,0,차대차 - 추돌,안전운전불이행,건조,맑음,교차로 - 교차로부근,승용,남,22세,상해없음,승용,남,36세,경상
2018022500100218,2018년 2월 25일 15시,일요일,경기도 수원시 권선구 세류동,경상사고,0,0,1,0,차대차 - 추돌,안전거리미확보,건조,맑음,단일로 - 기타,승용,여,54세,상해없음,승용,남,37세,경상
2018022500100219,2018년 2월 25일 15시,일요일,경기도 수원시 영통구 하동,경상사고,0,0,2,0,차대차 - 기타,안전운전불이행,건조,맑음,단일로 - 기타,자전거,남,13세,상해없음,자전거,남,33세,경상
2018022500100244,2018년 2월 25일 16시,일요일,경기도 수원시 팔달구 지동,경상사고,0,0,1,0,차대사람 - 기타,안전운전불이행,건조,맑음,교차로 - 교차로안,화물,여,55세,상해없음,보행자,남,52세,경상
2018022500100265,2018년 2월 25일 17시,일요일,경기도 수원시 장안구 연무동,경상사고,0,0,1,0,차대사람 - 길가장자리구역통행중,안전운전불이행,건조,맑음,단일로 - 기타,승합,남,53세,상해없음,보행자,여,48세,경상
2018022500100306,2018년 2월 25일 19시,일요일,경기도 수원시 장안구 정자동,부상신고사고,0,0,0,1,차대차 - 기타,안전운전불이행,건조,맑음,교차로 - 교차로안,승용,남,59세,상해없음,이륜,남,42세,부상신고
2018022500100389,2018년 2월 25일 23시,일요일,경기도 수원시 팔달구 우만동,경상사고,0,0,1,0,차대차 - 측면충돌,신호위반,건조,맑음,교차로 - 교차로안,이륜,남,17세,경상,승용,남,47세,상해없음
2018022600100004,2018년 2월 26일 00시,월요일,경기도 수원시 권선구 곡반정동,경상사고,0,0,1,0,차대차 - 기타,안전운전불이행,건조,맑음,단일로 - 기타,승용,남,24세,상해없음,승용,여,26세,경상
2018022600100053,2018년 2월 26일 06시,월요일,경기도 수원시 영통구 신동,경상사고,0,0,1,0,차대차 - 측면충돌,안전거리미확보,건조,맑음,단일로 - 기타,승합,남,43세,상해없음,승용,남,27세,경상
2018022600100070,2018년 2월 26일 07시,월요일,경기도 수원시 권선구 권선동,경상사고,0,0,1,0,차대사람 - 횡단중,보행자보호의무위반,건조,맑음,교차로 - 교차로안,승용,여,28세,상해없음,보행자,여,47세,경상
2018022600100094,2018년 2월 26일 08시,월요일,경기도 수원시 영통구 신동,경상사고,0,0,1,0,차대차 - 측면충돌,안전거리미확보,건조,맑음,단일로 - 기타,승용,남,30세,상해없음,승용,여,27세,경상
2018022600100122,2018년 2월 26일 09시,월요일,경기도 수원시 장안구 조원동,경상사고,0,0,1,0,차대차 - 기타,안전운전불이행,건조,맑음,단일로 - 기타,승용,남,58세,상해없음,승용,여,57세,경상
2018022600100123,2018년 2월 26일 09시,월요일,경기도 수원시 장안구 송죽동,경상사고,0,0,1,0,차대차 - 기타,교차로운행방법위반,건조,맑음,교차로 - 교차로부근,승용,여,65세,상해없음,승용,여,63세,경상
2018022600100124,2018년 2월 26일 09시,월요일,경기도 수원시 장안구 정자동,경상사고,0,0,1,0,차대사람 - 기타,신호위반,건조,맑음,단일로 - 기타,승용,남,29세,상해없음,보행자,남,66세,경상
2018022600100127,2018년 2월 26일 09시,월요일,경기도 수원시 팔달구 인계동,경상사고,0,0,1,0,차대차 - 측면충돌,교차로운행방법위반,건조,맑음,교차로 - 교차로안,이륜,남,54세,경상,승합,남,69세,상해없음
2018022600100155,2018년 2월 26일 10시,월요일,경기도 수원시 영통구 매탄동,경상사고,0,0,1,0,차대사람 - 기타,신호위반,건조,맑음,교차로 - 교차로횡단보도내,승합,남,61세,상해없음,보행자,남,29세,경상
2018022600100298,2018년 2월 26일 14시,월요일,경기도 수원시 장안구 정자동,경상사고,0,0,1,0,차대차 - 측면충돌,안전거리미확보,건조,맑음,교차로 - 교차로부근,승용,여,62세,상해없음,승용,남,36세,경상
2018022600100300,2018년 2월 26일 14시,월요일,경기도 수원시 권선구 권선동,경상사고,0,0,4,0,차대차 - 기타,교차로운행방법위반,건조,맑음,교차로 - 교차로안,승용,남,26세,상해없음,승용,여,47세,경상
2018022600100302,2018년 2월 26일 14시,월요일,경기도 수원시 권선구 당수동,경상사고,0,0,1,0,차대차 - 기타,안전거리미확보,건조,맑음,단일로 - 기타,승용,남,49세,상해없음,승용,여,34세,경상
2018022600100334,2018년 2월 26일 15시,월요일,경기도 수원시 장안구 정자동,경상사고,0,0,1,0,차대차 - 측면충돌,안전운전불이행,건조,맑음,교차로 - 교차로안,이륜,남,47세,경상,승용,여,36세,상해없음
2018022600100337,2018년 2월 26일 15시,월요일,경기도 수원시 팔달구 고등동,경상사고,0,0,1,0,차대사람 - 횡단중,안전운전불이행,건조,맑음,단일로 - 기타,화물,남,41세,상해없음,보행자,여,8세,경상
2018022600100369,2018년 2월 26일 16시,월요일,경기도 수원시 팔달구 우만동,경상사고,0,0,1,0,차대사람 - 횡단중,보행자보호의무위반,건조,맑음,교차로 - 교차로횡단보도내,이륜,남,53세,상해없음,보행자,여,46세,경상
2018022600100477,2018년 2월 26일 19시,월요일,경기도 수원시 장안구 영화동,경상사고,0,0,1,0,차대차 - 기타,차로위반,건조,맑음,단일로 - 기타,승용,여,59세,기타불명,승용,남,37세,경상
2018022600100552,2018년 2월 26일 22시,월요일,경기도 수원시 장안구 연무동,중상사고,0,1,0,0,차대사람 - 횡단중,안전운전불이행,건조,맑음,단일로 - 기타,화물,남,48세,상해없음,보행자,남,47세,중상
2018022600100570,2018년 2월 26일 23시,월요일,경기도 수원시 팔달구 매교동,경상사고,0,0,1,0,차대사람 - 횡단중,안전운전불이행,건조,맑음,단일로 - 기타,화물,남,61세,상해없음,보행자,남,56세,경상
2018022700100004,2018년 2월 27일 00시,화요일,경기도 수원시 영통구 매탄동,경상사고,0,0,1,0,차대사람 - 기타,안전운전불이행,건조,맑음,교차로 - 교차로안,승용,남,48세,상해없음,보행자,여,45세,경상
2018022700100032,2018년 2월 27일 02시,화요일,경기도 수원시 영통구 매탄동,중상사고,0,1,0,0,차대사람 - 횡단중,신호위반,건조,맑음,교차로 - 교차로횡단보도내,승용,남,31세,상해없음,보행자,남,81세,중상
2018022700100038,2018년 2월 27일 03시,화요일,경기도 수원시 영통구 영통동,부상신고사고,0,0,0,1,차대차 - 측면충돌,기타,건조,맑음,교차로 - 교차로부근,화물,남,51세,상해없음,승용,여,49세,기타불명
2018022700100041,2018년 2월 27일 04시,화요일,경기도 수원시 영통구 매탄동,중상사고,0,1,0,0,차대차 - 기타,안전운전불이행,건조,맑음,교차로 - 교차로안,승용,남,58세,상해없음,승용,남,67세,상해없음
2018022700100052,2018년 2월 27일 06시,화요일,경기도 수원시 팔달구 화서동,경상사고,0,0,1,0,차대차 - 후진중충돌,안전운전불이행,건조,맑음,단일로 - 기타,승용,남,65세,상해없음,자전거,남,61세,경상
2018022700100213,2018년 2월 27일 13시,화요일,경기도 수원시 영통구 이의동,중상사고,0,1,0,0,차대차 - 측면충돌,신호위반,건조,맑음,교차로 - 교차로안,승용,여,32세,상해없음,승용,남,36세,중상
2018022700100275,2018년 2월 27일 15시,화요일,경기도 수원시 영통구 영통동,부상신고사고,0,0,0,1,차대사람 - 차도통행중,안전운전불이행,건조,맑음,교차로 - 교차로부근,승용,남,43세,상해없음,보행자,여,80세,부상신고
2018022700100309,2018년 2월 27일 16시,화요일,경기도 수원시 권선구 평동,경상사고,0,0,1,0,차대차 - 측면충돌,안전운전불이행,건조,맑음,기타 - 기타,승용,남,71세,상해없음,승용,남,36세,경상
2018022700100330,2018년 2월 27일 17시,화요일,경기도 수원시 장안구 파장동,중상사고,0,2,2,0,차대차 - 추돌,안전운전불이행,건조,맑음,교차로 - 교차로부근,화물,남,57세,상해없음,승용,남,46세,중상
2018022700100491,2018년 2월 27일 21시,화요일,경기도 수원시 권선구 고색동,경상사고,0,0,1,0,차대사람 - 횡단중,신호위반,건조,맑음,교차로 - 교차로안,기타불명,기타불명,미분류,기타불명,보행자,여,34세,경상
2018022700100521,2018년 2월 27일 22시,화요일,경기도 수원시 장안구 정자동,중상사고,0,1,3,0,차대차 - 정면충돌,교차로운행방법위반,건조,맑음,교차로 - 교차로안,승용,여,34세,경상,승용,남,22세,중상
2018022700100543,2018년 2월 27일 23시,화요일,경기도 수원시 장안구 영화동,경상사고,0,0,3,0,차대차 - 추돌,안전운전불이행,건조,맑음,단일로 - 기타,승용,남,27세,상해없음,이륜,남,44세,경상