사고번호,사고일시,요일,시군구,사고내용,사망자수,중상자수,경상자수,부상신고자수,사고유형,법규위반,노면상태,기상상태,도로형태,가해운전자 차종,가해운전자 성별,가해운전자 연령,가해운전자 상해정도,피해운전자 차종,피해운전자 성별,피해운전자 연령,피해운전자 상해정도
2018022700100548,2018년 2월 27일 23시,화요일,경기도 수원시 영통구 원천동,중상사고,0,2,0,0,차대차 - 기타,신호위반,건조,맑음,교차로 - 교차로안,승용,여,45세,상해없음,승용,남,63세,중상
2018022800100004,2018년 2월 28일 00시,수요일,경기도 수원시 권선구 세류동,경상사고,0,0,1,0,차대차 - 기타,교차로운행방법위반,건조,맑음,교차로 - 교차로부근,승용,남,22세,상해없음,승용,남,64세,상해없음
2018022800100042,2018년 2월 28일 05시,수요일,경기도 수원시 장안구 송죽동,경상사고,0,0,2,1,차대차 - 측면충돌,신호위반,건조,맑음,교차로 - 교차로부근,승용,남,57세,상해없음,승용,남,51세,경상
2018022800100054,2018년 2월 28일 06시,수요일,경기도 수원시 권선구 세류동,중상사고,0,1,0,0,차대사람 - 횡단중,안전운전불이행,건조,맑음,단일로 - 기타,승용,남,52세,상해없음,보행자,남,64세,중상
2018022800100082,2018년 2월 28일 08시,수요일,경기도 수원시 권선구 서둔동,중상사고,0,1,0,0,차대차 - 측면충돌,안전거리미확보,건조,맑음,단일로 - 기타,승용,남,33세,상해없음,승용,여,47세,중상
2018022800100185,2018년 2월 28일 12시,수요일,경기도 수원시 장안구 파장동,중상사고,0,1,0,0,차대사람 - 횡단중,보행자보호의무위반,젖음/습기,비,교차로 - 교차로안,승용,남,36세,상해없음,보행자,여,57세,중상
2018022800100255,2018년 2월 28일 14시,수요일,경기도 수원시 장안구 율전동,중상사고,0,1,2,0,차대차 - 기타,신호위반,젖음/습기,비,교차로 - 교차로안,승용,남,64세,상해없음,승용,여,29세,중상
2018022800100260,2018년 2월 28일 14시,수요일,경기도 수원시 권선구 오목천동,경상사고,0,0,1,0,차량단독 - 기타,안전운전불이행,건조,맑음,단일로 - 기타,승합,남,52세,상해없음,,,,
2018022800100294,2018년 2월 28일 15시,수요일,경기도 수원시 팔달구 북수동,경상사고,0,0,1,0,차대사람 - 기타,안전운전불이행,젖음/습기,비,단일로 - 기타,승용,남,57세,상해없음,보행자,남,16세,경상
2018022800100298,2018년 2월 28일 15시,수요일,경기도 수원시 권선구 서둔동,중상사고,0,1,2,0,차대차 - 측면충돌,안전운전불이행,젖음/습기,비,교차로 - 교차로부근,승용,여,54세,경상,승용,여,44세,중상
2018022800100334,2018년 2월 28일 16시,수요일,경기도 수원시 장안구 이목동,부상신고사고,0,0,0,1,차대차 - 추돌,안전운전불이행,젖음/습기,비,교차로 - 교차로부근,승용,여,41세,부상신고,승용,남,47세,상해없음
2018022800100335,2018년 2월 28일 16시,수요일,경기도 수원시 팔달구 우만동,경상사고,0,0,1,0,차대차 - 추돌,안전운전불이행,젖음/습기,비,단일로 - 기타,승합,남,57세,상해없음,승용,여,50세,경상
2018022800100339,2018년 2월 28일 16시,수요일,경기도 수원시 권선구 입북동,경상사고,0,0,3,0,차대차 - 추돌,안전운전불이행,젖음/습기,비,단일로 - 기타,승용,여,40세,상해없음,승용,남,47세,경상
2018022800100383,2018년 2월 28일 17시,수요일,경기도 수원시 권선구 권선동,경상사고,0,0,1,0,차대차 - 측면충돌,안전거리미확보,젖음/습기,비,기타 - 기타,승용,남,19세,상해없음,승용,남,59세,경상
2018022800100384,2018년 2월 28일 17시,수요일,경기도 수원시 권선구 권선동,경상사고,0,0,1,0,차대차 - 추돌,안전운전불이행,건조,맑음,단일로 - 기타,화물,남,46세,상해없음,승용,남,39세,경상
2018022800100426,2018년 2월 28일 18시,수요일,경기도 수원시 장안구 조원동,경상사고,0,0,1,0,차대사람 - 기타,교차로운행방법위반,젖음/습기,비,단일로 - 기타,화물,남,51세,상해없음,보행자,여,30세,경상
2018022800100490,2018년 2월 28일 19시,수요일,경기도 수원시 팔달구 인계동,경상사고,0,0,1,0,차대차 - 추돌,안전운전불이행,젖음/습기,비,단일로 - 고가도로위,승용,남,36세,상해없음,승용,여,30세,경상
2018022800100498,2018년 2월 28일 19시,수요일,경기도 수원시 영통구 영통동,경상사고,0,0,1,0,차대사람 - 기타,안전운전불이행,젖음/습기,비,기타 - 기타,화물,남,65세,상해없음,보행자,남,19세,경상
2018022800100505,2018년 2월 28일 19시,수요일,경기도 수원시 팔달구 매교동,사망사고,1,0,0,0,차대사람 - 보도통행중,보행자보호의무위반,젖음/습기,비,교차로 - 교차로부근,승합,남,57세,상해없음,보행자,남,68세,사망
2018022800100506,2018년 2월 28일 19시,수요일,경기도 수원시 팔달구 고등동,경상사고,0,0,1,0,차대차 - 추돌,안전운전불이행,젖음/습기,비,교차로 - 교차로부근,승합,남,56세,상해없음,승용,남,58세,경상
2018022800100569,2018년 2월 28일 20시,수요일,경기도 수원시 영통구 매탄동,중상사고,0,1,0,0,차대사람 - 횡단중,보행자보호의무위반,젖음/습기,비,기타 - 기타,승용,남,30세,상해없음,보행자,남,39세,중상
2018022800100632,2018년 2월 28일 21시,수요일,경기도 수원시 권선구 권선동,경상사고,0,0,1,0,차대차 - 기타,신호위반,젖음/습기,비,교차로 - 교차로안,승용,남,33세,상해없음,승합,남,58세,상해없음
2018022800100678,2018년 2월 28일 22시,수요일,경기도 수원시 장안구 영화동,경상사고,0,0,1,0,차대차 - 기타,안전운전불이행,건조,맑음,단일로 - 기타,승용,남,32세,상해없음,승용,남,56세,경상
2018022800100687,2018년 2월 28일 22시,수요일,경기도 수원시 팔달구 인계동,경상사고,0,0,2,0,차대차 - 추돌,안전거리미확보,젖음/습기,비,교차로 - 교차로안,승용,남,20세,상해없음,승용,남,40세,경상
2018022800100688,2018년 2월 28일 22시,수요일,경기도 수원시 영통구 영통동,부상신고사고,0,0,0,1,차대사람 - 횡단중,안전운전불이행,젖음/습기,비,교차로 - 교차로부근,승용,남,58세,상해없음,보행자,남,43세,부상신고
2018022800100731,2018년 2월 28일 23시,수요일,경기도 수원시 장안구 정자동,경상사고,0,0,2,0,차대차 - 기타,신호위반,서리/결빙,비,교차로 - 교차로안,승용,남,41세,상해없음,승용,여,62세,경상
2018022800100737,2018년 2월 28일 23시,수요일,경기도 수원시 권선구 권선동,경상사고,0,0,1,0,차대차 - 측면충돌,신호위반,젖음/습기,비,교차로 - 교차로안,승용,남,35세,상해없음,승용,남,32세,경상
2018030100100019,2018년 3월 1일 00시,목요일,경기도 수원시 권선구 권선동,중상사고,0,1,0,0,차대사람 - 횡단중,안전운전불이행,젖음/습기,비,교차로 - 교차로횡단보도내,승용,남,30세,상해없음,보행자,여,19세,중상
2018030100100021,2018년 3월 1일 00시,목요일,경기도 수원시 권선구 평동,경상사고,0,0,1,0,차대차 - 추돌,안전운전불이행,젖음/습기,비,교차로 - 교차로부근,승용,남,45세,상해없음,승용,남,63세,경상
2018030100100069,2018년 3월 1일 02시,목요일,경기도 수원시 권선구 권선동,경상사고,0,0,1,0,차대차 - 측면충돌,안전운전불이행,젖음/습기,기타,교차로 - 교차로안,승용,남,37세,상해없음,승용,남,34세,경상
2018030100100090,2018년 3월 1일 04시,목요일,경기도 수원시 영통구 영통동,경상사고,0,0,1,0,차대사람 - 횡단중,안전운전불이행,건조,맑음,교차로 - 교차로안,승용,남,23세,상해없음,보행자,남,25세,경상
2018030100100103,2018년 3월 1일 05시,목요일,경기도 수원시 권선구 구운동,중상사고,0,1,0,0,차대차 - 측면충돌,신호위반,젖음/습기,비,교차로 - 교차로안,승용,여,57세,상해없음,승용,남,34세,중상
2018030100100261,2018년 3월 1일 14시,목요일,경기도 수원시 팔달구 화서동,경상사고,0,0,1,0,차대차 - 추돌,안전운전불이행,건조,맑음,교차로 - 교차로부근,승용,남,51세,상해없음,승용,남,57세,상해없음
2018030100100320,2018년 3월 1일 16시,목요일,경기도 수원시 권선구 곡반정동,경상사고,0,0,1,0,차대차 - 추돌,안전운전불이행,건조,맑음,교차로 - 교차로부근,승용,남,20세,상해없음,승용,남,45세,경상
2018030100100354,2018년 3월 1일 17시,목요일,경기도 수원시 권선구 구운동,경상사고,0,0,2,0,차대차 - 추돌,안전운전불이행,건조,맑음,단일로 - 기타,승용,남,18세,상해없음,승용,남,39세,경상
2018030100100410,2018년 3월 1일 19시,목요일,경기도 수원시 팔달구 인계동,경상사고,0,0,1,0,차대사람 - 기타,안전운전불이행,건조,맑음,교차로 - 교차로안,승용,남,67세,상해없음,보행자,남,54세,경상
2018030200100057,2018년 3월 2일 07시,금요일,경기도 수원시 팔달구 우만동,경상사고,0,0,1,0,차대차 - 추돌,안전거리미확보,건조,맑음,단일로 - 기타,승용,남,34세,상해없음,화물,남,57세,경상
2018030200100085,2018년 3월 2일 08시,금요일,경기도 수원시 영통구 매탄동,경상사고,0,0,1,0,차대사람 - 횡단중,안전운전불이행,건조,맑음,교차로 - 교차로안,승용,남,57세,상해없음,보행자,남,11세,경상
2018030200100176,2018년 3월 2일 11시,금요일,경기도 수원시 장안구 송죽동,경상사고,0,0,1,0,차대차 - 기타,안전운전불이행,건조,맑음,단일로 - 기타,화물,남,69세,상해없음,이륜,남,21세,경상
2018030200100238,2018년 3월 2일 13시,금요일,경기도 수원시 장안구 이목동,경상사고,0,0,2,0,차대차 - 추돌,안전거리미확보,건조,맑음,단일로 - 기타,화물,남,30세,상해없음,승용,남,55세,경상
2018030200100312,2018년 3월 2일 15시,금요일,경기도 수원시 장안구 영화동,경상사고,0,0,1,0,차대차 - 추돌,안전거리미확보,건조,맑음,교차로 - 교차로부근,승용,여,36세,상해없음,승용,남,65세,경상
2018030200100361,2018년 3월 2일 16시,금요일,경기도 수원시 영통구 영통동,경상사고,0,0,1,0,차대차 - 측면충돌,안전운전불이행,건조,맑음,교차로 - 교차로안,승용,여,48세,상해없음,자전거,남,34세,경상
2018030200100404,2018년 3월 2일 17시,금요일,경기도 수원시 팔달구 인계동,경상사고,0,0,1,0,차대사람 - 횡단중,신호위반,건조,맑음,교차로 - 교차로부근,승용,남,63세,상해없음,보행자,여,16세,경상
2018030200100450,2018년 3월 2일 18시,금요일,경기도 수원시 영통구 매탄동,경상사고,0,0,1,0,차대차 - 추돌,안전운전불이행,건조,맑음,단일로 - 기타,승용,남,31세,상해없음,기타불명,여,81세,경상
2018030200100452,2018년 3월 2일 18시,금요일,경기도 수원시 권선구 입북동,경상사고,0,0,2,0,차대차 - 측면충돌,안전거리미확보,건조,맑음,단일로 - 기타,승용,여,60세,기타불명,승용,남,52세,경상
2018030200100484,2018년 3월 2일 19시,금요일,경기도 수원시 장안구 율전동,경상사고,0,0,1,0,차대차 - 기타,불법유턴,건조,맑음,교차로 - 교차로안,승용,여,46세,상해없음,이륜,남,35세,경상
2018030200100488,2018년 3월 2일 19시,금요일,경기도 수원시 권선구 대황교동,경상사고,0,0,2,1,차대차 - 추돌,안전운전불이행,건조,맑음,단일로 - 기타,승용,남,28세,상해없음,승용,남,34세,경상
2018030200100528,2018년 3월 2일 20시,금요일,경기도 수원시 권선구 권선동,부상신고사고,0,0,0,1,차대차 - 기타,안전거리미확보,건조,맑음,단일로 - 기타,승용,남,26세,상해없음,승합,남,52세,상해없음
2018030300100063,2018년 3월 3일 05시,토요일,경기도 수원시 권선구 평동,경상사고,0,0,1,0,차대차 - 측면충돌,신호위반,건조,맑음,교차로 - 교차로안,승용,남,67세,상해없음,승용,남,51세,경상
2018030300100125,2018년 3월 3일 10시,토요일,경기도 수원시 영통구 영통동,중상사고,0,1,0,0,차대사람 - 횡단중,신호위반,건조,맑음,교차로 - 교차로부근,승용,여,39세,상해없음,보행자,남,9세,중상
2018030300100156,2018년 3월 3일 11시,토요일,경기도 수원시 영통구 영통동,경상사고,0,0,1,0,차대차 - 측면충돌,차로위반,건조,맑음,단일로 - 기타,승용,여,51세,상해없음,승용,여,37세,경상
2018030300100182,2018년 3월 3일 12시,토요일,경기도 수원시 영통구 영통동,경상사고,0,0,2,0,차대차 - 기타,안전거리미확보,건조,맑음,단일로 - 기타,승용,여,57세,상해없음,승용,여,56세,경상
2018030300100211,2018년 3월 3일 13시,토요일,경기도 수원시 권선구 고색동,경상사고,0,0,3,0,차대차 - 추돌,안전운전불이행,건조,맑음,교차로 - 교차로부근,승용,남,70세,상해없음,승용,남,32세,경상
2018030300100237,2018년 3월 3일 14시,토요일,경기도 수원시 권선구 세류동,부상신고사고,0,0,0,1,차대사람 - 기타,안전운전불이행,건조,맑음,단일로 - 기타,승합,남,58세,상해없음,보행자,남,47세,부상신고
2018030300100296,2018년 3월 3일 16시,토요일,경기도 수원시 영통구 매탄동,경상사고,0,0,1,0,차대차 - 추돌,안전운전불이행,건조,맑음,교차로 - 교차로부근,승용,여,48세,상해없음,승용,여,60세,경상
2018030300100297,2018년 3월 3일 16시,토요일,경기도 수원시 팔달구 인계동,경상사고,0,0,1,0,차대차 - 측면충돌,안전거리미확보,건조,맑음,기타 - 기타,승용,남,61세,상해없음,승용,남,56세,경상
2018030300100323,2018년 3월 3일 17시,토요일,경기도 수원시 권선구 세류동,경상사고,0,0,2,0,차대차 - 추돌,안전운전불이행,건조,맑음,단일로 - 기타,승용,남,58세,상해없음,승용,남,72세,경상
2018030300100389,2018년 3월 3일 19시,토요일,경기도 수원시 권선구 금곡동,경상사고,0,0,2,0,차대차 - 측면충돌,안전거리미확보,건조,맑음,단일로 - 기타,승용,남,48세,경상,이륜,남,16세,경상
2018030300100467,2018년 3월 3일 22시,토요일,경기도 수원시 권선구 곡반정동,경상사고,0,0,1,0,차대사람 - 길가장자리구역통행중,안전운전불이행,건조,맑음,단일로 - 기타,승용,남,62세,상해없음,보행자,남,25세,경상
2018030300100488,2018년 3월 3일 23시,토요일,경기도 수원시 장안구 영화동,중상사고,0,1,0,0,차대사람 - 횡단중,안전운전불이행,건조,맑음,단일로 - 기타,승용,남,53세,상해없음,보행자,여,61세,중상
2018030400100024,2018년 3월 4일 01시,일요일,경기도 수원시 영통구 매탄동,중상사고,0,1,0,0,차대사람 - 기타,안전운전불이행,건조,맑음,단일로 - 기타,승용,여,54세,상해없음,보행자,남,49세,중상
2018030400100060,2018년 3월 4일 04시,일요일,경기도 수원시 팔달구 인계동,중상사고,0,1,2,0,차대차 - 추돌,안전운전불이행,건조,맑음,교차로 - 교차로부근,승용,남,27세,상해없음,승용,남,44세,중상
2018030400100243,2018년 3월 4일 16시,일요일,경기도 수원시 장안구 조원동,중상사고,0,1,0,0,차대차 - 기타,교차로운행방법위반,건조,맑음,단일로 - 기타,승용,남,60세,상해없음,승용,남,41세,중상
2018030400100281,2018년 3월 4일 18시,일요일,경기도 수원시 팔달구 매산로3가,경상사고,0,0,1,0,차대차 - 측면충돌,차로위반,건조,맑음,단일로 - 기타,승용,남,45세,상해없음,승용,여,61세,경상
2018030400100334,2018년 3월 4일 20시,일요일,경기도 수원시 권선구 당수동,경상사고,0,0,1,0,차대차 - 정면충돌,중앙선침범,젖음/습기,비,단일로 - 기타,승용,여,45세,상해없음,승용,남,24세,경상
2018030400100370,2018년 3월 4일 21시,일요일,경기도 수원시 팔달구 화서동,중상사고,0,1,0,0,차대차 - 측면충돌,신호위반,젖음/습기,비,교차로 - 교차로안,이륜,남,48세,상해없음,자전거,남,41세,중상
2018030400100374,2018년 3월 4일 21시,일요일,경기도 수원시 팔달구 인계동,중상사고,0,1,0,0,차대차 - 기타,신호위반,젖음/습기,비,교차로 - 교차로안,자전거,남,62세,중상,승합,남,61세,상해없음
2018030500100006,2018년 3월 5일 00시,월요일,경기도 수원시 권선구 입북동,경상사고,0,0,1,0,차대차 - 기타,기타,건조,맑음,단일로 - 기타,기타불명,기타불명,미분류,기타불명,승용,남,53세,상해없음
2018030500100017,2018년 3월 5일 01시,월요일,경기도 수원시 장안구 조원동,중상사고,0,1,1,0,차대차 - 추돌,안전운전불이행,젖음/습기,비,교차로 - 교차로부근,승용,여,52세,상해없음,승용,남,25세,경상
2018030500100057,2018년 3월 5일 05시,월요일,경기도 수원시 권선구 호매실동,경상사고,0,0,1,0,차대사람 - 횡단중,신호위반,젖음/습기,비,교차로 - 교차로안,승합,남,53세,상해없음,보행자,남,36세,경상
2018030500100074,2018년 3월 5일 06시,월요일,경기도 수원시 권선구 구운동,경상사고,0,0,1,0,차대차 - 추돌,안전운전불이행,젖음/습기,비,단일로 - 기타,화물,남,52세,상해없음,승용,남,39세,상해없음
2018030500100094,2018년 3월 5일 07시,월요일,경기도 수원시 권선구 세류동,경상사고,0,0,1,0,차대사람 - 횡단중,신호위반,젖음/습기,비,단일로 - 기타,승용,여,21세,상해없음,보행자,여,26세,경상
2018030500100095,2018년 3월 5일 07시,월요일,경기도 수원시 권선구 입북동,경상사고,0,0,1,0,차대차 - 추돌,안전운전불이행,젖음/습기,비,단일로 - 기타,화물,남,63세,상해없음,승용,여,23세,경상
2018030500100152,2018년 3월 5일 09시,월요일,경기도 수원시 권선구 고색동,경상사고,0,0,1,0,차대차 - 기타,안전운전불이행,건조,맑음,단일로 - 기타,승용,남,47세,상해없음,승용,남,69세,경상
2018030500100193,2018년 3월 5일 11시,월요일,경기도 수원시 장안구 천천동,경상사고,0,0,1,0,차대차 - 추돌,안전운전불이행,건조,맑음,교차로 - 교차로안,승용,여,44세,상해없음,승용,남,56세,경상
2018030500100196,2018년 3월 5일 11시,월요일,경기도 수원시 권선구 권선동,중상사고,0,1,0,0,차대차 - 추돌,안전운전불이행,건조,맑음,단일로 - 기타,이륜,남,17세,상해없음,승용,여,33세,중상
2018030500100256,2018년 3월 5일 13시,월요일,경기도 수원시 장안구 영화동,경상사고,0,0,1,0,차대차 - 측면충돌,안전운전불이행,건조,맑음,단일로 - 기타,승용,남,64세,상해없음,이륜,남,37세,경상
2018030500100319,2018년 3월 5일 15시,월요일,경기도 수원시 권선구 고색동,경상사고,0,0,1,0,차대차 - 추돌,안전운전불이행,건조,맑음,교차로 - 교차로부근,승용,남,56세,상해없음,승용,여,46세,경상
2018030500100368,2018년 3월 5일 17시,월요일,경기도 수원시 장안구 연무동,경상사고,0,0,3,0,차대차 - 추돌,안전운전불이행,건조,맑음,교차로 - 교차로부근,승용,남,56세,상해없음,승용,남,60세,경상
2018030500100488,2018년 3월 5일 21시,월요일,경기도 수원시 권선구 고색동,경상사고,0,0,1,0,차대사람 - 기타,안전운전불이행,건조,맑음,교차로 - 교차로부근,승용,남,47세,상해없음,보행자,남,66세,경상
2018030500100517,2018년 3월 5일 22시,월요일,경기도 수원시 권선구 세류동,경상사고,0,0,1,1,차량단독 - 공작물충돌,안전운전불이행,건조,맑음,단일로 - 기타,승용,남,63세,경상,,,,
2018030500100532,2018년 3월 5일 23시,월요일,경기도 수원시 장안구 연무동,경상사고,0,0,1,0,차대사람 - 횡단중,신호위반,건조,맑음,교차로 - 교차로안,승용,여,41세,상해없음,보행자,남,43세,경상
2018030600100021,2018년 3월 6일 01시,화요일,경기도 수원시 권선구 세류동,중상사고,0,1,0,0,차대사람 - 횡단중,안전운전불이행,건조,맑음,교차로 - 교차로횡단보도내,승용,남,35세,상해없음,보행자,남,27세,중상
2018030600100039,2018년 3월 6일 03시,화요일,경기도 수원시 권선구 고색동,경상사고,0,0,1,0,차대차 - 정면충돌,중앙선침범,건조,맑음,단일로 - 기타,승용,남,31세,상해없음,승용,남,60세,경상
2018030600100052,2018년 3월 6일 05시,화요일,경기도 수원시 권선구 대황교동,부상신고사고,0,0,0,1,차대차 - 추돌,안전운전불이행,건조,맑음,단일로 - 기타,기타불명,기타불명,미분류,기타불명,자전거,남,71세,부상신고
2018030600100167,2018년 3월 6일 10시,화요일,경기도 수원시 권선구 구운동,경상사고,0,0,5,1,차량단독 - 기타,안전운전불이행,건조,맑음,교차로 - 교차로부근,승합,여,46세,상해없음,,,,
2018030600100187,2018년 3월 6일 11시,화요일,경기도 수원시 영통구 망포동,경상사고,0,0,1,0,차대차 - 추돌,안전운전불이행,건조,맑음,교차로 - 교차로부근,승용,여,55세,상해없음,승용,남,55세,경상
2018030600100257,2018년 3월 6일 14시,화요일,경기도 수원시 장안구 율전동,경상사고,0,0,2,0,차대차 - 측면충돌,직진우회전진행방해,건조,맑음,교차로 - 교차로안,승용,남,27세,기타불명,승용,여,32세,경상
2018030600100282,2018년 3월 6일 15시,화요일,경기도 수원시 팔달구 인계동,경상사고,0,0,1,0,차대차 - 기타,안전거리미확보,건조,맑음,교차로 - 교차로안,승용,여,47세,상해없음,승합,남,43세,상해없음
2018030600100283,2018년 3월 6일 15시,화요일,경기도 수원시 팔달구 지동,경상사고,0,0,2,0,차대차 - 측면충돌,안전거리미확보,건조,맑음,단일로 - 기타,승용,남,53세,상해없음,승용,남,68세,경상
2018030600100381,2018년 3월 6일 18시,화요일,경기도 수원시 장안구 송죽동,경상사고,0,0,1,0,차대차 - 측면충돌,안전거리미확보,건조,맑음,단일로 - 기타,승합,남,38세,상해없음,이륜,남,22세,경상
2018030600100384,2018년 3월 6일 18시,화요일,경기도 수원시 권선구 권선동,부상신고사고,0,0,0,1,차대사람 - 차도통행중,안전운전불이행,건조,맑음,단일로 - 기타,기타불명,기타불명,미분류,기타불명,보행자,남,24세,부상신고
2018030600100495,2018년 3월 6일 22시,화요일,경기도 수원시 팔달구 구천동,중상사고,0,1,0,0,차대사람 - 횡단중,안전운전불이행,건조,맑음,교차로 - 교차로부근,승용,남,33세,상해없음,보행자,남,54세,중상
2018030600100497,2018년 3월 6일 22시,화요일,경기도 수원시 영통구 영통동,경상사고,0,0,1,0,차대차 - 추돌,안전운전불이행,건조,맑음,교차로 - 교차로부근,승용,남,28세,상해없음,승용,남,31세,경상
2018030600100498,2018년 3월 6일 22시,화요일,경기도 수원시 영통구 매탄동,경상사고,0,0,2,0,차대차 - 추돌,안전운전불이행,건조,맑음,교차로 - 교차로부근,승용,남,52세,상해없음,승용,남,35세,경상
2018030600100513,2018년 3월 6일 23시,화요일,경기도 수원시 영통구 영통동,경상사고,0,0,1,0,차대차 - 추돌,안전운전불이행,건조,맑음,교차로 - 교차로부근,승용,남,38세,상해없음,승용,여,32세,경상
2018030700100074,2018년 3월 7일 07시,수요일,경기도 수원시 영통구 원천동,경상사고,0,0,1,0,차대차 - 측면충돌,신호위반,건조,맑음,교차로 - 교차로안,승용,남,27세,상해없음,자전거,남,33세,경상
2018030700100177,2018년 3월 7일 11시,수요일,경기도 수원시 팔달구 인계동,경상사고,0,0,1,0,차대사람 - 길가장자리구역통행중,안전운전불이행,건조,맑음,교차로 - 교차로부근,승용,여,28세,상해없음,보행자,남,37세,경상
2018030700100263,2018년 3월 7일 15시,수요일,경기도 수원시 권선구 권선동,중상사고,0,1,0,0,차대차 - 기타,차로위반,건조,맑음,교차로 - 교차로부근,승용,남,21세,상해없음,화물,남,53세,중상
2018030700100381,2018년 3월 7일 19시,수요일,경기도 수원시 팔달구 화서동,중상사고,0,1,0,0,차대차 - 측면충돌,안전운전불이행,건조,맑음,교차로 - 교차로안,승용,여,64세,상해없음,이륜,남,35세,중상
2018030700100382,2018년 3월 7일 19시,수요일,경기도 수원시 장안구 이목동,경상사고,0,0,1,0,차대차 - 기타,안전운전불이행,건조,맑음,교차로 - 교차로부근,승용,남,42세,상해없음,승용,여,43세,경상
2018030700100385,2018년 3월 7일 19시,수요일,경기도 수원시 영통구 이의동,경상사고,0,0,1,0,차대차 - 정면충돌,신호위반,건조,맑음,교차로 - 교차로안,승용,남,35세,상해없음,이륜,남,19세,경상
2018030700100510,2018년 3월 7일 22시,수요일,경기도 수원시 권선구 당수동,중상사고,0,1,0,0,차대사람 - 기타,안전운전불이행,건조,맑음,단일로 - 기타,승용,남,60세,상해없음,보행자,여,23세,중상
2018030700100545,2018년 3월 7일 23시,수요일,경기도 수원시 권선구 구운동,중상사고,0,1,0,0,차대사람 - 횡단중,안전운전불이행,젖음/습기,흐림,단일로 - 기타,승용,남,41세,상해없음,보행자,남,60세,중상
2018030700100546,2018년 3월 7일 23시,수요일,경기도 수원시 팔달구 매산로1가,경상사고,0,0,3,0,차대차 - 측면충돌,신호위반,젖음/습기,비,교차로 - 교차로안,승용,남,21세,상해없음,승용,남,59세,경상
2018030800100028,2018년 3월 8일 01시,목요일,경기도 수원시 장안구 천천동,경상사고,0,0,1,0,차대차 - 추돌,안전운전불이행,젖음/습기,비,교차로 - 교차로부근,승용,남,38세,상해없음,승용,여,59세,경상
2018030800100080,2018년 3월 8일 05시,목요일,경기도 수원시 영통구 영통동,경상사고,0,0,1,0,차대차 - 측면충돌,신호위반,젖음/습기,비,교차로 - 교차로안,승용,남,30세,상해없음,화물,남,51세,경상
2018030800100094,2018년 3월 8일 06시,목요일,경기도 수원시 권선구 고색동,중상사고,0,1,0,0,차대사람 - 차도통행중,안전운전불이행,젖음/습기,비,단일로 - 기타,승용,남,28세,상해없음,보행자,여,82세,중상
2018030800100114,2018년 3월 8일 07시,목요일,경기도 수원시 영통구 영통동,경상사고,0,0,1,0,차대사람 - 횡단중,신호위반,젖음/습기,비,교차로 - 교차로부근,승용,여,51세,상해없음,보행자,여,41세,경상
2018030800100147,2018년 3월 8일 08시,목요일,경기도 수원시 장안구 조원동,경상사고,0,0,1,0,차대차 - 기타,교차로운행방법위반,젖음/습기,비,교차로 - 교차로횡단보도내,승용,여,56세,상해없음,화물,남,46세,경상
2018030800100187,2018년 3월 8일 09시,목요일,경기도 수원시 권선구 고색동,경상사고,0,0,1,0,차대차 - 기타,차로위반,젖음/습기,비,단일로 - 기타,승용,여,36세,상해없음,승용,남,39세,경상
2018030800100279,2018년 3월 8일 13시,목요일,경기도 수원시 영통구 매탄동,경상사고,0,0,1,0,차대차 - 측면충돌,신호위반,젖음/습기,흐림,교차로 - 교차로안,승용,여,47세,상해없음,승용,여,48세,경상
2018030800100306,2018년 3월 8일 14시,목요일,경기도 수원시 영통구 매탄동,경상사고,0,0,1,0,차대차 - 추돌,안전운전불이행,건조,맑음,단일로 - 기타,승용,남,54세,상해없음,승용,남,31세,경상
2018030800100324,2018년 3월 8일 15시,목요일,경기도 수원시 권선구 세류동,경상사고,0,0,1,0,차대차 - 추돌,안전운전불이행,건조,맑음,단일로 - 기타,승용,남,44세,상해없음,승용,남,36세,경상
2018030800100327,2018년 3월 8일 15시,목요일,경기도 수원시 권선구 세류동,경상사고,0,0,1,0,차대차 - 측면충돌,안전운전불이행,건조,맑음,단일로 - 기타,승용,여,55세,상해없음,승용,남,52세,경상
2018030800100454,2018년 3월 8일 20시,목요일,경기도 수원시 영통구 하동,경상사고,0,0,1,0,차량단독 - 기타,안전운전불이행,젖음/습기,흐림,단일로 - 기타,이륜,남,43세,경상,,,,
2018030800100477,2018년 3월 8일 21시,목요일,경기도 수원시 장안구 연무동,경상사고,0,0,1,0,차대사람 - 기타,안전운전불이행,건조,맑음,교차로 - 교차로부근,화물,남,31세,기타불명,보행자,남,34세,경상
2018030800100500,2018년 3월 8일 22시,목요일,경기도 수원시 장안구 영화동,중상사고,0,1,0,0,차대사람 - 기타,안전운전불이행,건조,맑음,단일로 - 기타,승용,남,29세,상해없음,보행자,남,41세,중상
2018030800100528,2018년 3월 8일 23시,목요일,경기도 수원시 팔달구 우만동,경상사고,0,0,1,0,차대사람 - 횡단중,안전운전불이행,건조,맑음,교차로 - 교차로횡단보도내,승용,남,58세,상해없음,보행자,여,18세,경상
2018030900100040,2018년 3월 9일 04시,금요일,경기도 수원시 권선구 권선동,중상사고,0,1,1,0,차대차 - 기타,신호위반,건조,맑음,교차로 - 교차로안,승용,남,35세,상해없음,승용,남,25세,경상
2018030900100054,2018년 3월 9일 06시,금요일,경기도 수원시 영통구 영통동,경상사고,0,0,1,0,차대차 - 정면충돌,신호위반,건조,맑음,교차로 - 교차로안,승용,남,67세,상해없음,승합,남,57세,경상
2018030900100281,2018년 3월 9일 16시,금요일,경기도 수원시 영통구 매탄동,경상사고,0,0,1,0,차대차 - 기타,안전운전불이행,건조,맑음,단일로 - 기타,승합,남,52세,상해없음,화물,남,60세,상해없음