사고번호,사고일시,요일,시군구,사고내용,사망자수,중상자수,경상자수,부상신고자수,사고유형,법규위반,노면상태,기상상태,도로형태,가해운전자 차종,가해운전자 성별,가해운전자 연령,가해운전자 상해정도,피해운전자 차종,피해운전자 성별,피해운전자 연령,피해운전자 상해정도
2018031900100294,2018년 3월 19일 15시,월요일,경기도 수원시 권선구 호매실동,부상신고사고,0,0,0,1,차대차 - 측면충돌,안전거리미확보,건조,맑음,단일로 - 기타,이륜,남,20세,부상신고,승용,남,27세,상해없음
2018031900100388,2018년 3월 19일 18시,월요일,경기도 수원시 장안구 정자동,중상사고,0,1,0,0,차대차 - 기타,안전거리미확보,젖음/습기,비,교차로 - 교차로부근,승용,여,34세,기타불명,이륜,남,47세,중상
2018031900100392,2018년 3월 19일 18시,월요일,경기도 수원시 영통구 매탄동,경상사고,0,0,1,0,차대사람 - 보도통행중,신호위반,건조,맑음,교차로 - 교차로부근,승용,남,38세,상해없음,보행자,여,15세,경상
2018031900100514,2018년 3월 19일 21시,월요일,경기도 수원시 영통구 영통동,경상사고,0,0,1,0,차대차 - 측면충돌,교차로운행방법위반,건조,맑음,교차로 - 교차로안,승용,남,61세,상해없음,승합,남,56세,경상
2018031900100515,2018년 3월 19일 21시,월요일,경기도 수원시 팔달구 인계동,부상신고사고,0,0,0,2,차대차 - 후진중충돌,안전운전불이행,건조,맑음,교차로 - 교차로안,승용,남,39세,상해없음,승용,남,23세,부상신고
2018031900100545,2018년 3월 19일 22시,월요일,경기도 수원시 장안구 영화동,경상사고,0,0,4,0,차대차 - 기타,안전운전불이행,건조,맑음,단일로 - 기타,화물,남,54세,상해없음,승합,남,56세,경상
2018032000100073,2018년 3월 20일 07시,화요일,경기도 수원시 팔달구 매교동,중상사고,0,1,0,0,차대차 - 측면충돌,신호위반,건조,맑음,교차로 - 교차로안,승용,남,21세,상해없음,승용,남,73세,중상
2018032000100175,2018년 3월 20일 10시,화요일,경기도 수원시 영통구 망포동,경상사고,0,0,1,0,차대차 - 측면충돌,안전운전불이행,건조,맑음,단일로 - 기타,승용,여,34세,상해없음,승용,여,50세,경상
2018032000100256,2018년 3월 20일 13시,화요일,경기도 수원시 팔달구 우만동,경상사고,0,0,1,0,차대차 - 측면충돌,교차로운행방법위반,건조,맑음,교차로 - 교차로안,승용,남,67세,상해없음,승용,여,27세,경상
2018032000100401,2018년 3월 20일 18시,화요일,경기도 수원시 팔달구 우만동,경상사고,0,0,1,0,차대차 - 기타,안전운전불이행,건조,맑음,단일로 - 기타,승용,남,22세,상해없음,승합,남,64세,상해없음
2018032000100406,2018년 3월 20일 18시,화요일,경기도 수원시 팔달구 인계동,경상사고,0,0,1,0,차대사람 - 길가장자리구역통행중,안전운전불이행,건조,맑음,단일로 - 기타,승용,여,50세,상해없음,보행자,남,42세,경상
2018032000100439,2018년 3월 20일 19시,화요일,경기도 수원시 팔달구 화서동,경상사고,0,0,1,0,차대사람 - 횡단중,안전운전불이행,건조,맑음,단일로 - 기타,자전거,남,55세,상해없음,보행자,남,49세,경상
2018032000100479,2018년 3월 20일 20시,화요일,경기도 수원시 팔달구 인계동,경상사고,0,0,1,0,차대사람 - 횡단중,안전운전불이행,건조,맑음,단일로 - 기타,승용,남,29세,상해없음,보행자,남,45세,경상
2018032000100480,2018년 3월 20일 20시,화요일,경기도 수원시 권선구 권선동,경상사고,0,0,1,0,차대차 - 측면충돌,중앙선침범,건조,흐림,단일로 - 기타,승용,남,43세,상해없음,이륜,남,17세,경상
2018032000100514,2018년 3월 20일 21시,화요일,경기도 수원시 권선구 세류동,중상사고,0,1,0,0,차대사람 - 횡단중,신호위반,건조,맑음,단일로 - 기타,원동기,남,22세,상해없음,보행자,여,31세,중상
2018032000100515,2018년 3월 20일 21시,화요일,경기도 수원시 영통구 이의동,중상사고,0,2,0,0,차대차 - 측면충돌,안전운전불이행,건조,맑음,단일로 - 기타,승용,남,45세,상해없음,승용,남,59세,중상
2018032000100571,2018년 3월 20일 23시,화요일,경기도 수원시 장안구 파장동,경상사고,0,0,2,0,차대차 - 기타,안전운전불이행,건조,맑음,단일로 - 기타,승용,남,30세,상해없음,승용,남,50세,경상
2018032000100575,2018년 3월 20일 23시,화요일,경기도 수원시 권선구 금곡동,중상사고,0,1,0,0,차대사람 - 횡단중,보행자보호의무위반,건조,맑음,교차로 - 교차로안,승용,여,30세,상해없음,보행자,남,26세,중상
2018032100100005,2018년 3월 21일 00시,수요일,경기도 수원시 권선구 탑동,경상사고,0,0,2,0,차대차 - 측면충돌,신호위반,건조,맑음,교차로 - 교차로안,승용,남,33세,상해없음,승용,남,52세,경상
2018032100100080,2018년 3월 21일 07시,수요일,경기도 수원시 장안구 조원동,중상사고,0,1,0,0,차대사람 - 보도통행중,신호위반,건조,맑음,교차로 - 교차로안,이륜,남,48세,기타불명,보행자,여,63세,중상
2018032100100099,2018년 3월 21일 08시,수요일,경기도 수원시 장안구 연무동,경상사고,0,0,1,0,차대사람 - 차도통행중,안전운전불이행,건조,맑음,단일로 - 기타,승용,여,47세,상해없음,보행자,여,36세,경상
2018032100100100,2018년 3월 21일 08시,수요일,경기도 수원시 장안구 천천동,경상사고,0,0,1,0,차대차 - 측면충돌,차로위반,건조,맑음,교차로 - 교차로부근,승용,여,21세,기타불명,승용,여,52세,경상
2018032100100170,2018년 3월 21일 10시,수요일,경기도 수원시 권선구 탑동,경상사고,0,0,1,0,차대차 - 추돌,안전운전불이행,젖음/습기,눈,교차로 - 교차로부근,승용,남,58세,상해없음,화물,남,28세,경상
2018032100100171,2018년 3월 21일 10시,수요일,경기도 수원시 권선구 호매실동,경상사고,0,0,1,0,차대차 - 추돌,안전운전불이행,젖음/습기,눈,단일로 - 기타,승용,남,24세,상해없음,승용,남,43세,경상
2018032100100172,2018년 3월 21일 10시,수요일,경기도 수원시 팔달구 매산로3가,경상사고,0,0,1,0,차대사람 - 기타,안전운전불이행,젖음/습기,눈,단일로 - 기타,자전거,여,61세,상해없음,보행자,남,53세,경상
2018032100100190,2018년 3월 21일 11시,수요일,경기도 수원시 장안구 영화동,중상사고,0,1,0,0,차대사람 - 횡단중,안전운전불이행,젖음/습기,눈,교차로 - 교차로안,승용,남,53세,상해없음,보행자,여,64세,중상
2018032100100191,2018년 3월 21일 11시,수요일,경기도 수원시 장안구 정자동,중상사고,0,1,0,0,차대차 - 기타,안전운전불이행,젖음/습기,눈,교차로 - 교차로부근,승용,여,64세,상해없음,승합,남,55세,상해없음
2018032100100209,2018년 3월 21일 12시,수요일,경기도 수원시 영통구 신동,경상사고,0,0,1,0,차대차 - 측면충돌,신호위반,젖음/습기,눈,교차로 - 교차로안,승용,여,38세,상해없음,화물,남,33세,경상
2018032100100257,2018년 3월 21일 14시,수요일,경기도 수원시 영통구 이의동,경상사고,0,0,1,0,차대사람 - 횡단중,보행자보호의무위반,젖음/습기,비,교차로 - 교차로횡단보도내,승용,남,59세,상해없음,보행자,여,22세,경상
2018032100100258,2018년 3월 21일 14시,수요일,경기도 수원시 영통구 매탄동,경상사고,0,0,1,0,차대차 - 추돌,안전운전불이행,건조,맑음,교차로 - 교차로부근,승용,남,31세,상해없음,승용,남,47세,경상
2018032100100318,2018년 3월 21일 16시,수요일,경기도 수원시 장안구 영화동,경상사고,0,0,1,0,차대차 - 기타,안전운전불이행,건조,맑음,단일로 - 기타,화물,남,52세,상해없음,이륜,남,21세,경상
2018032100100386,2018년 3월 21일 18시,수요일,경기도 수원시 장안구 파장동,중상사고,0,1,0,0,차대사람 - 횡단중,신호위반,젖음/습기,비,교차로 - 교차로안,화물,남,78세,상해없음,보행자,여,16세,중상
2018032100100415,2018년 3월 21일 19시,수요일,경기도 수원시 팔달구 남수동,중상사고,0,1,0,0,차대차 - 기타,안전운전불이행,젖음/습기,눈,교차로 - 교차로부근,자전거,여,60세,중상,승용,남,39세,상해없음
2018032100100466,2018년 3월 21일 20시,수요일,경기도 수원시 팔달구 우만동,경상사고,0,0,1,0,차대차 - 추돌,안전거리미확보,젖음/습기,비,교차로 - 교차로안,승용,여,29세,상해없음,승용,여,23세,경상
2018032100100506,2018년 3월 21일 21시,수요일,경기도 수원시 팔달구 인계동,중상사고,0,1,1,0,차대차 - 추돌,안전운전불이행,젖음/습기,비,단일로 - 기타,승용,남,50세,상해없음,승용,남,25세,중상
2018032100100528,2018년 3월 21일 22시,수요일,경기도 수원시 권선구 권선동,중상사고,0,1,0,0,차대사람 - 횡단중,안전운전불이행,건조,맑음,교차로 - 교차로안,승용,남,57세,상해없음,보행자,남,64세,중상
2018032100100563,2018년 3월 21일 23시,수요일,경기도 수원시 영통구 매탄동,중상사고,0,2,0,0,차대차 - 추돌,안전운전불이행,젖음/습기,비,단일로 - 기타,승용,남,43세,상해없음,승용,남,58세,중상
2018032100100564,2018년 3월 21일 23시,수요일,경기도 수원시 권선구 고색동,중상사고,0,1,1,0,차대차 - 기타,중앙선침범,건조,맑음,교차로 - 교차로안,승용,남,36세,상해없음,승용,남,54세,경상
2018032200100007,2018년 3월 22일 00시,목요일,경기도 수원시 팔달구 고등동,경상사고,0,0,1,0,차대차 - 측면충돌,신호위반,건조,맑음,교차로 - 교차로안,승용,남,23세,상해없음,승용,남,36세,경상
2018032200100025,2018년 3월 22일 02시,목요일,경기도 수원시 영통구 영통동,사망사고,1,0,0,0,차대사람 - 차도통행중,안전운전불이행,건조,맑음,단일로 - 기타,승용,남,29세,상해없음,보행자,남,40세,사망
2018032200100063,2018년 3월 22일 06시,목요일,경기도 수원시 장안구 파장동,중상사고,0,4,1,0,차대차 - 측면충돌,차로위반,건조,맑음,기타 - 기타,화물,남,39세,상해없음,승용,여,50세,중상
2018032200100091,2018년 3월 22일 07시,목요일,경기도 수원시 권선구 고색동,부상신고사고,0,0,0,1,차대차 - 추돌,교차로운행방법위반,서리/결빙,맑음,단일로 - 기타,화물,남,52세,상해없음,승용,남,42세,부상신고
2018032200100092,2018년 3월 22일 07시,목요일,경기도 수원시 권선구 구운동,경상사고,0,0,1,0,차대차 - 기타,안전운전불이행,건조,맑음,교차로 - 교차로안,승용,여,45세,상해없음,승용,남,40세,경상
2018032200100139,2018년 3월 22일 08시,목요일,경기도 수원시 권선구 오목천동,경상사고,0,0,1,0,차대차 - 추돌,안전거리미확보,건조,맑음,단일로 - 기타,승용,여,41세,상해없음,승합,남,58세,상해없음
2018032200100237,2018년 3월 22일 11시,목요일,경기도 수원시 영통구 원천동,경상사고,0,0,2,0,차대차 - 추돌,안전운전불이행,건조,맑음,단일로 - 기타,승용,남,26세,상해없음,승용,여,25세,경상
2018032200100286,2018년 3월 22일 13시,목요일,경기도 수원시 장안구 정자동,경상사고,0,0,1,0,차대차 - 추돌,안전운전불이행,건조,맑음,단일로 - 기타,승용,여,55세,상해없음,이륜,남,37세,경상
2018032200100316,2018년 3월 22일 14시,목요일,경기도 수원시 팔달구 인계동,경상사고,0,0,1,0,차대사람 - 차도통행중,안전운전불이행,건조,맑음,단일로 - 기타,승용,여,42세,상해없음,보행자,남,48세,경상
2018032200100337,2018년 3월 22일 15시,목요일,경기도 수원시 영통구 신동,중상사고,0,1,0,0,차대사람 - 횡단중,보행자보호의무위반,건조,맑음,교차로 - 교차로횡단보도내,승용,남,47세,상해없음,보행자,여,6세,중상
2018032200100361,2018년 3월 22일 16시,목요일,경기도 수원시 장안구 파장동,경상사고,0,0,1,0,차대차 - 추돌,안전운전불이행,건조,맑음,단일로 - 기타,화물,남,62세,상해없음,화물,남,43세,경상
2018032200100397,2018년 3월 22일 17시,목요일,경기도 수원시 권선구 금곡동,경상사고,0,0,1,0,차대차 - 추돌,안전운전불이행,건조,맑음,교차로 - 교차로부근,승용,남,49세,상해없음,승용,여,44세,경상
2018032200100438,2018년 3월 22일 18시,목요일,경기도 수원시 장안구 정자동,경상사고,0,0,2,0,차대차 - 정면충돌,중앙선침범,건조,맑음,교차로 - 교차로부근,이륜,남,51세,경상,이륜,남,25세,경상
2018032200100439,2018년 3월 22일 18시,목요일,경기도 수원시 팔달구 우만동,경상사고,0,0,1,0,차대차 - 추돌,안전운전불이행,건조,맑음,단일로 - 기타,승용,남,19세,상해없음,승용,남,42세,상해없음
2018032200100445,2018년 3월 22일 18시,목요일,경기도 수원시 팔달구 매산로2가,경상사고,0,0,1,0,차대차 - 측면충돌,차로위반,건조,맑음,단일로 - 기타,이륜,남,37세,경상,승용,남,56세,상해없음
2018032200100520,2018년 3월 22일 20시,목요일,경기도 수원시 영통구 이의동,경상사고,0,0,2,0,차대차 - 측면충돌,안전운전불이행,건조,맑음,단일로 - 기타,기타불명,기타불명,미분류,기타불명,승용,남,36세,상해없음
2018032200100521,2018년 3월 22일 20시,목요일,경기도 수원시 권선구 구운동,경상사고,0,0,1,0,차대차 - 추돌,안전운전불이행,건조,맑음,단일로 - 기타,승용,여,61세,상해없음,승용,남,29세,경상
2018032200100536,2018년 3월 22일 21시,목요일,경기도 수원시 장안구 조원동,경상사고,0,0,1,0,차대사람 - 횡단중,안전운전불이행,건조,맑음,단일로 - 기타,승용,남,71세,상해없음,보행자,여,4세,경상
2018032300100029,2018년 3월 23일 03시,금요일,경기도 수원시 팔달구 매교동,경상사고,0,0,2,0,차대차 - 측면충돌,차로위반,건조,맑음,단일로 - 기타,승용,남,64세,상해없음,승용,남,31세,경상
2018032300100043,2018년 3월 23일 05시,금요일,경기도 수원시 영통구 영통동,경상사고,0,0,1,0,차대차 - 추돌,안전운전불이행,건조,맑음,교차로 - 교차로부근,승용,남,34세,상해없음,승용,남,28세,경상
2018032300100199,2018년 3월 23일 11시,금요일,경기도 수원시 영통구 원천동,경상사고,0,0,1,0,차량단독 - 기타,안전운전불이행,건조,맑음,단일로 - 기타,승합,남,48세,상해없음,,,,
2018032300100222,2018년 3월 23일 12시,금요일,경기도 수원시 장안구 연무동,부상신고사고,0,0,0,1,차대차 - 기타,안전운전불이행,건조,맑음,단일로 - 기타,이륜,남,44세,부상신고,승용,남,27세,상해없음
2018032300100223,2018년 3월 23일 12시,금요일,경기도 수원시 장안구 영화동,사망사고,1,0,0,0,차대사람 - 기타,안전운전불이행,건조,맑음,교차로 - 교차로안,승합,남,26세,상해없음,보행자,여,81세,사망
2018032300100274,2018년 3월 23일 14시,금요일,경기도 수원시 영통구 망포동,경상사고,0,0,1,0,차대차 - 기타,안전거리미확보,건조,맑음,단일로 - 기타,승용,남,33세,상해없음,승합,남,45세,상해없음
2018032300100275,2018년 3월 23일 14시,금요일,경기도 수원시 권선구 세류동,부상신고사고,0,0,0,1,차대사람 - 기타,안전운전불이행,건조,맑음,단일로 - 기타,기타불명,기타불명,미분류,기타불명,보행자,남,45세,부상신고
2018032300100276,2018년 3월 23일 14시,금요일,경기도 수원시 영통구 이의동,경상사고,0,0,1,0,차대차 - 측면충돌,안전거리미확보,건조,맑음,교차로 - 교차로부근,승용,남,70세,상해없음,승합,남,35세,경상
2018032300100305,2018년 3월 23일 15시,금요일,경기도 수원시 영통구 영통동,경상사고,0,0,2,0,차대차 - 측면충돌,신호위반,건조,맑음,교차로 - 교차로안,승용,여,55세,상해없음,승용,남,24세,경상
2018032300100344,2018년 3월 23일 16시,금요일,경기도 수원시 영통구 영통동,경상사고,0,0,1,0,차대차 - 측면충돌,신호위반,건조,맑음,교차로 - 교차로안,승용,여,43세,상해없음,승용,여,62세,경상
2018032300100436,2018년 3월 23일 18시,금요일,경기도 수원시 팔달구 지동,중상사고,0,1,0,0,차대차 - 기타,교차로운행방법위반,건조,맑음,교차로 - 교차로안,승용,남,23세,상해없음,원동기,남,47세,중상
2018032300100517,2018년 3월 23일 20시,금요일,경기도 수원시 영통구 영통동,경상사고,0,0,1,0,차대차 - 측면충돌,교차로운행방법위반,건조,맑음,교차로 - 교차로부근,승용,여,25세,상해없음,승용,여,53세,경상
2018032300100549,2018년 3월 23일 21시,금요일,경기도 수원시 팔달구 인계동,경상사고,0,0,1,0,차대사람 - 기타,안전운전불이행,건조,맑음,단일로 - 기타,승용,남,50세,상해없음,보행자,여,29세,경상
2018032300100604,2018년 3월 23일 23시,금요일,경기도 수원시 팔달구 인계동,경상사고,0,0,1,0,차대차 - 측면충돌,신호위반,건조,맑음,교차로 - 교차로안,승용,남,33세,상해없음,승용,남,24세,경상
2018032400100056,2018년 3월 24일 03시,토요일,경기도 수원시 권선구 권선동,경상사고,0,0,1,0,차대차 - 측면충돌,신호위반,건조,맑음,교차로 - 교차로안,승용,남,37세,상해없음,승용,남,29세,경상
2018032400100059,2018년 3월 24일 03시,토요일,경기도 수원시 권선구 오목천동,경상사고,0,0,1,0,차대차 - 추돌,안전운전불이행,건조,맑음,교차로 - 교차로부근,승용,남,55세,상해없음,승용,남,35세,경상
2018032400100123,2018년 3월 24일 09시,토요일,경기도 수원시 팔달구 팔달로3가,경상사고,0,0,1,0,차대차 - 측면충돌,안전운전불이행,건조,맑음,단일로 - 기타,이륜,남,74세,상해없음,승합,남,43세,경상
2018032400100126,2018년 3월 24일 09시,토요일,경기도 수원시 영통구 매탄동,중상사고,0,1,0,0,차대차 - 측면충돌,신호위반,건조,맑음,교차로 - 교차로안,승합,남,55세,상해없음,승용,여,44세,중상
2018032400100127,2018년 3월 24일 09시,토요일,경기도 수원시 권선구 탑동,중상사고,0,1,0,0,차대차 - 추돌,안전운전불이행,건조,맑음,교차로 - 교차로부근,승용,남,32세,상해없음,승용,남,34세,중상
2018032400100146,2018년 3월 24일 10시,토요일,경기도 수원시 장안구 율전동,경상사고,0,0,1,0,차대사람 - 기타,안전운전불이행,건조,맑음,기타 - 기타,기타불명,기타불명,미분류,기타불명,보행자,남,22세,경상
2018032400100172,2018년 3월 24일 11시,토요일,경기도 수원시 장안구 정자동,경상사고,0,0,1,0,차대차 - 추돌,안전운전불이행,건조,맑음,기타 - 기타,화물,남,51세,상해없음,승용,남,31세,경상
2018032400100210,2018년 3월 24일 12시,토요일,경기도 수원시 영통구 원천동,경상사고,0,0,1,0,차대차 - 측면충돌,안전거리미확보,건조,맑음,단일로 - 기타,승용,남,35세,상해없음,이륜,남,45세,경상
2018032400100211,2018년 3월 24일 12시,토요일,경기도 수원시 권선구 권선동,경상사고,0,0,1,0,차대차 - 측면충돌,안전운전불이행,건조,맑음,단일로 - 기타,이륜,남,17세,상해없음,승용,여,51세,상해없음
2018032400100369,2018년 3월 24일 17시,토요일,경기도 수원시 권선구 탑동,경상사고,0,0,1,0,차대사람 - 기타,안전운전불이행,건조,맑음,단일로 - 기타,승용,남,74세,상해없음,보행자,남,39세,경상
2018032400100400,2018년 3월 24일 18시,토요일,경기도 수원시 장안구 파장동,경상사고,0,0,3,0,차대차 - 기타,불법유턴,건조,맑음,단일로 - 기타,승합,남,65세,상해없음,승용,여,36세,경상
2018032400100433,2018년 3월 24일 19시,토요일,경기도 수원시 장안구 정자동,경상사고,0,0,1,0,차대차 - 측면충돌,안전거리미확보,건조,맑음,교차로 - 교차로부근,승용,남,60세,상해없음,승합,남,56세,상해없음
2018032500100043,2018년 3월 25일 04시,일요일,경기도 수원시 팔달구 인계동,경상사고,0,0,2,0,차대차 - 기타,안전운전불이행,건조,맑음,기타 - 기타,승용,남,19세,상해없음,화물,남,57세,기타불명
2018032500100048,2018년 3월 25일 05시,일요일,경기도 수원시 팔달구 화서동,중상사고,0,2,0,0,차대차 - 추돌,안전운전불이행,건조,맑음,교차로 - 교차로안,승용,여,55세,상해없음,승용,남,72세,중상
2018032500100306,2018년 3월 25일 18시,일요일,경기도 수원시 팔달구 화서동,경상사고,0,0,2,0,차대차 - 기타,안전운전불이행,건조,맑음,기타 - 기타,승용,남,62세,상해없음,승합,남,54세,상해없음
2018032500100329,2018년 3월 25일 19시,일요일,경기도 수원시 팔달구 화서동,경상사고,0,0,1,0,차대차 - 측면충돌,안전운전불이행,건조,맑음,단일로 - 기타,승용,남,37세,상해없음,승용,여,37세,경상
2018032500100388,2018년 3월 25일 21시,일요일,경기도 수원시 장안구 천천동,경상사고,0,0,1,2,차대차 - 측면충돌,안전거리미확보,건조,맑음,단일로 - 기타,화물,남,62세,경상,승용,남,35세,부상신고
2018032500100411,2018년 3월 25일 22시,일요일,경기도 수원시 팔달구 우만동,경상사고,0,0,1,0,차대차 - 측면충돌,신호위반,건조,맑음,교차로 - 교차로안,승용,여,50세,상해없음,승용,남,61세,경상
2018032600100015,2018년 3월 26일 02시,월요일,경기도 수원시 팔달구 고등동,중상사고,0,1,1,0,차대차 - 정면충돌,신호위반,젖음/습기,안개,교차로 - 교차로안,승용,남,46세,경상,승용,남,54세,중상
2018032600100021,2018년 3월 26일 03시,월요일,경기도 수원시 장안구 파장동,경상사고,0,0,2,0,차대차 - 기타,안전운전불이행,건조,맑음,교차로 - 교차로안,승합,남,49세,상해없음,승용,남,53세,경상
2018032600100041,2018년 3월 26일 06시,월요일,경기도 수원시 권선구 곡반정동,경상사고,0,0,1,0,차대차 - 추돌,안전거리미확보,건조,맑음,단일로 - 기타,승용,남,52세,상해없음,승용,남,23세,경상
2018032600100081,2018년 3월 26일 08시,월요일,경기도 수원시 장안구 율전동,경상사고,0,0,1,0,차대차 - 기타,안전운전불이행,건조,맑음,단일로 - 기타,승용,여,39세,상해없음,이륜,남,55세,경상
2018032600100120,2018년 3월 26일 09시,월요일,경기도 수원시 팔달구 매향동,경상사고,0,0,3,0,차대차 - 측면충돌,교차로운행방법위반,건조,맑음,교차로 - 교차로안,화물,남,43세,상해없음,승용,남,66세,경상
2018032600100143,2018년 3월 26일 10시,월요일,경기도 수원시 팔달구 우만동,중상사고,0,1,0,0,차대사람 - 기타,안전운전불이행,건조,맑음,주차장 - 주차장,승합,남,57세,상해없음,보행자,여,70세,중상
2018032600100146,2018년 3월 26일 10시,월요일,경기도 수원시 영통구 영통동,중상사고,0,1,0,0,차량단독 - 기타,안전운전불이행,건조,맑음,단일로 - 기타,승합,남,38세,상해없음,,,,
2018032600100147,2018년 3월 26일 10시,월요일,경기도 수원시 권선구 입북동,중상사고,0,1,0,0,차대차 - 추돌,안전거리미확보,건조,맑음,단일로 - 기타,승용,남,38세,상해없음,승용,남,35세,중상
2018032600100211,2018년 3월 26일 12시,월요일,경기도 수원시 팔달구 화서동,경상사고,0,0,1,0,차대차 - 정면충돌,안전운전불이행,건조,맑음,단일로 - 기타,원동기,여,38세,경상,승용,남,51세,상해없음
2018032600100212,2018년 3월 26일 12시,월요일,경기도 수원시 장안구 파장동,중상사고,0,1,0,0,차대사람 - 기타,안전운전불이행,건조,맑음,교차로 - 교차로안,승용,남,65세,상해없음,보행자,여,77세,중상
2018032600100300,2018년 3월 26일 15시,월요일,경기도 수원시 팔달구 매산로3가,경상사고,0,0,1,0,차대차 - 정면충돌,중앙선침범,건조,맑음,단일로 - 기타,승용,남,27세,상해없음,승용,여,34세,경상
2018032600100338,2018년 3월 26일 16시,월요일,경기도 수원시 권선구 세류동,경상사고,0,0,1,0,차대차 - 측면충돌,교차로운행방법위반,건조,맑음,교차로 - 교차로안,승용,여,44세,상해없음,승용,남,53세,경상
2018032600100389,2018년 3월 26일 17시,월요일,경기도 수원시 팔달구 고등동,경상사고,0,0,2,0,차대차 - 후진중충돌,불법유턴,건조,맑음,교차로 - 교차로부근,승용,남,60세,상해없음,승용,여,36세,경상
2018032600100501,2018년 3월 26일 20시,월요일,경기도 수원시 팔달구 인계동,경상사고,0,0,1,0,차대차 - 기타,교차로운행방법위반,건조,맑음,교차로 - 교차로안,승합,남,58세,상해없음,승용,남,26세,경상
2018032700100026,2018년 3월 27일 03시,화요일,경기도 수원시 권선구 권선동,중상사고,0,1,1,0,차대차 - 측면충돌,신호위반,건조,맑음,교차로 - 교차로안,승용,남,48세,중상,승용,남,29세,경상
2018032700100043,2018년 3월 27일 06시,화요일,경기도 수원시 장안구 파장동,경상사고,0,0,1,0,차대차 - 추돌,안전거리미확보,건조,맑음,교차로 - 교차로부근,승용,남,49세,상해없음,승용,남,53세,경상
2018032700100056,2018년 3월 27일 07시,화요일,경기도 수원시 팔달구 우만동,중상사고,0,1,0,0,차대사람 - 횡단중,안전운전불이행,건조,맑음,교차로 - 교차로횡단보도내,기타불명,기타불명,미분류,기타불명,보행자,여,64세,중상
2018032700100124,2018년 3월 27일 09시,화요일,경기도 수원시 장안구 연무동,중상사고,0,1,1,0,차대차 - 기타,교차로운행방법위반,건조,맑음,교차로 - 교차로안,승용,여,53세,경상,승용,남,53세,중상
2018032700100256,2018년 3월 27일 14시,화요일,경기도 수원시 장안구 정자동,중상사고,0,1,0,0,차대사람 - 횡단중,신호위반,건조,맑음,교차로 - 교차로횡단보도내,특수,남,58세,상해없음,보행자,여,10세,중상
2018032700100323,2018년 3월 27일 16시,화요일,경기도 수원시 권선구 호매실동,경상사고,0,0,1,0,차대사람 - 기타,안전운전불이행,건조,맑음,교차로 - 교차로부근,승합,남,48세,상해없음,보행자,여,30세,경상
2018032700100475,2018년 3월 27일 21시,화요일,경기도 수원시 권선구 권선동,경상사고,0,0,2,0,차량단독 - 공작물충돌,안전운전불이행,건조,맑음,단일로 - 기타,승용,여,53세,경상,,,,
2018032700100476,2018년 3월 27일 21시,화요일,경기도 수원시 권선구 권선동,경상사고,0,0,3,0,차대차 - 기타,안전운전불이행,건조,맑음,교차로 - 교차로부근,승용,여,33세,상해없음,승용,남,50세,경상
2018032700100477,2018년 3월 27일 21시,화요일,경기도 수원시 권선구 금곡동,중상사고,0,1,0,0,차대사람 - 차도통행중,안전운전불이행,건조,맑음,교차로 - 교차로안,승용,남,54세,상해없음,보행자,여,80세,중상
2018032800100016,2018년 3월 28일 01시,수요일,경기도 수원시 영통구 원천동,중상사고,0,1,2,1,차대차 - 추돌,안전운전불이행,건조,맑음,교차로 - 교차로부근,승용,여,36세,상해없음,승용,남,46세,경상
2018032800100034,2018년 3월 28일 03시,수요일,경기도 수원시 영통구 신동,경상사고,0,0,1,0,차대차 - 추돌,안전운전불이행,건조,맑음,교차로 - 교차로부근,승용,여,28세,상해없음,승용,여,30세,경상
2018032800100042,2018년 3월 28일 05시,수요일,경기도 수원시 권선구 구운동,경상사고,0,0,1,0,차대차 - 측면충돌,신호위반,건조,맑음,교차로 - 교차로안,승용,여,45세,상해없음,승용,남,32세,경상
2018032800100094,2018년 3월 28일 08시,수요일,경기도 수원시 팔달구 남창동,경상사고,0,0,1,0,차대차 - 기타,차로위반,건조,맑음,단일로 - 기타,승용,여,49세,상해없음,승합,남,48세,상해없음
2018032800100162,2018년 3월 28일 10시,수요일,경기도 수원시 팔달구 지동,중상사고,0,1,0,0,차대사람 - 횡단중,중앙선침범,건조,맑음,단일로 - 기타,승용,여,27세,상해없음,보행자,여,79세,중상
2018032800100165,2018년 3월 28일 10시,수요일,경기도 수원시 팔달구 인계동,부상신고사고,0,0,0,1,차대차 - 측면충돌,교차로운행방법위반,건조,맑음,교차로 - 교차로안,승용,여,57세,상해없음,승용,남,36세,부상신고
2018032800100166,2018년 3월 28일 10시,수요일,경기도 수원시 영통구 망포동,경상사고,0,0,2,0,차대차 - 기타,안전거리미확보,건조,맑음,단일로 - 기타,승용,남,70세,상해없음,승용,여,48세,경상
2018032800100247,2018년 3월 28일 13시,수요일,경기도 수원시 권선구 권선동,경상사고,0,0,1,0,차대차 - 측면충돌,안전운전불이행,건조,맑음,교차로 - 교차로안,승용,남,44세,상해없음,이륜,남,29세,경상
2018032800100248,2018년 3월 28일 13시,수요일,경기도 수원시 팔달구 인계동,중상사고,0,1,0,0,차대사람 - 횡단중,신호위반,건조,맑음,단일로 - 기타,승용,남,62세,상해없음,보행자,여,26세,중상
2018032800100287,2018년 3월 28일 14시,수요일,경기도 수원시 권선구 서둔동,중상사고,0,1,0,0,차대사람 - 횡단중,안전운전불이행,건조,맑음,단일로 - 기타,승용,남,40세,상해없음,보행자,남,6세,중상