사고번호,사고일시,요일,시군구,사고내용,사망자수,중상자수,경상자수,부상신고자수,사고유형,법규위반,노면상태,기상상태,도로형태,가해운전자 차종,가해운전자 성별,가해운전자 연령,가해운전자 상해정도,피해운전자 차종,피해운전자 성별,피해운전자 연령,피해운전자 상해정도
2018032800100288,2018년 3월 28일 14시,수요일,경기도 수원시 권선구 입북동,경상사고,0,0,2,0,차대차 - 기타,차로위반,건조,맑음,단일로 - 기타,승용,남,39세,기타불명,승용,남,26세,경상
2018032800100401,2018년 3월 28일 17시,수요일,경기도 수원시 팔달구 우만동,경상사고,0,0,1,0,차대차 - 추돌,안전운전불이행,건조,맑음,단일로 - 기타,승용,남,22세,상해없음,승용,남,37세,경상
2018032800100407,2018년 3월 28일 17시,수요일,경기도 수원시 영통구 이의동,경상사고,0,0,1,0,차량단독 - 기타,안전운전불이행,건조,맑음,단일로 - 기타,이륜,남,21세,경상,,,,
2018032800100447,2018년 3월 28일 18시,수요일,경기도 수원시 팔달구 인계동,중상사고,0,1,0,0,차대차 - 기타,교차로운행방법위반,건조,맑음,교차로 - 교차로안,승용,남,49세,상해없음,승용,남,43세,중상
2018032800100479,2018년 3월 28일 19시,수요일,경기도 수원시 영통구 이의동,부상신고사고,0,0,0,1,차대차 - 측면충돌,안전운전불이행,건조,맑음,교차로 - 교차로부근,승용,남,60세,상해없음,승합,남,39세,상해없음
2018032800100538,2018년 3월 28일 21시,수요일,경기도 수원시 영통구 이의동,경상사고,0,0,1,0,차대차 - 기타,안전운전불이행,건조,맑음,단일로 - 기타,기타불명,기타불명,미분류,기타불명,승용,남,25세,경상
2018032900100009,2018년 3월 29일 00시,목요일,경기도 수원시 팔달구 인계동,중상사고,0,1,0,0,차대차 - 측면충돌,교차로운행방법위반,건조,맑음,교차로 - 교차로안,승용,남,36세,상해없음,승용,남,24세,중상
2018032900100138,2018년 3월 29일 09시,목요일,경기도 수원시 장안구 정자동,중상사고,0,1,0,0,차대차 - 기타,차로위반,건조,맑음,단일로 - 기타,이륜,여,57세,중상,승용,여,38세,상해없음
2018032900100144,2018년 3월 29일 09시,목요일,경기도 수원시 팔달구 매교동,경상사고,0,0,1,0,차대차 - 기타,안전운전불이행,건조,맑음,교차로 - 교차로부근,승합,남,66세,상해없음,승용,남,32세,경상
2018032900100237,2018년 3월 29일 12시,목요일,경기도 수원시 팔달구 우만동,경상사고,0,0,1,0,차대사람 - 횡단중,안전운전불이행,건조,맑음,단일로 - 기타,승용,남,59세,상해없음,보행자,남,24세,경상
2018032900100239,2018년 3월 29일 12시,목요일,경기도 수원시 권선구 장지동,경상사고,0,0,1,0,차대차 - 측면충돌,안전거리미확보,건조,맑음,교차로 - 교차로안,승용,남,83세,상해없음,승용,남,50세,경상
2018032900100240,2018년 3월 29일 12시,목요일,경기도 수원시 권선구 금곡동,경상사고,0,0,1,0,차대사람 - 기타,안전운전불이행,건조,맑음,단일로 - 기타,승용,여,32세,상해없음,보행자,여,70세,경상
2018032900100258,2018년 3월 29일 13시,목요일,경기도 수원시 팔달구 화서동,경상사고,0,0,1,0,차대차 - 추돌,안전운전불이행,건조,맑음,단일로 - 기타,승용,여,30세,상해없음,화물,남,67세,경상
2018032900100263,2018년 3월 29일 13시,목요일,경기도 수원시 권선구 호매실동,중상사고,0,2,1,0,차대차 - 측면충돌,신호위반,건조,맑음,교차로 - 교차로안,화물,남,41세,상해없음,승합,남,66세,경상
2018032900100293,2018년 3월 29일 14시,목요일,경기도 수원시 팔달구 북수동,경상사고,0,0,1,0,차대차 - 정면충돌,신호위반,건조,맑음,교차로 - 교차로안,승용,남,67세,상해없음,이륜,남,21세,경상
2018032900100391,2018년 3월 29일 17시,목요일,경기도 수원시 팔달구 중동,경상사고,0,0,1,0,차대차 - 추돌,안전운전불이행,건조,맑음,단일로 - 기타,승용,남,45세,상해없음,승용,남,50세,경상
2018032900100399,2018년 3월 29일 17시,목요일,경기도 수원시 권선구 구운동,경상사고,0,0,1,1,차대차 - 기타,안전거리미확보,건조,맑음,단일로 - 기타,승용,여,39세,부상신고,이륜,남,19세,경상
2018032900100613,2018년 3월 29일 23시,목요일,경기도 수원시 권선구 곡반정동,경상사고,0,0,2,0,차대차 - 기타,신호위반,건조,맑음,교차로 - 교차로안,기타불명,기타불명,미분류,기타불명,승용,남,33세,경상
2018033000100072,2018년 3월 30일 06시,금요일,경기도 수원시 장안구 연무동,경상사고,0,0,1,0,차대차 - 측면충돌,안전거리미확보,건조,맑음,단일로 - 기타,승용,남,62세,상해없음,승합,남,29세,경상
2018033000100108,2018년 3월 30일 08시,금요일,경기도 수원시 장안구 영화동,경상사고,0,0,3,0,차대차 - 측면충돌,안전운전불이행,건조,맑음,교차로 - 교차로안,화물,남,46세,상해없음,이륜,남,43세,경상
2018033000100113,2018년 3월 30일 08시,금요일,경기도 수원시 권선구 세류동,경상사고,0,0,2,1,차대차 - 측면충돌,신호위반,건조,맑음,교차로 - 교차로안,승용,여,51세,부상신고,화물,남,42세,경상
2018033000100117,2018년 3월 30일 08시,금요일,경기도 수원시 권선구 고색동,경상사고,0,0,3,0,차대차 - 추돌,안전운전불이행,건조,맑음,단일로 - 기타,승용,남,35세,상해없음,승용,남,24세,경상
2018033000100118,2018년 3월 30일 08시,금요일,경기도 수원시 권선구 오목천동,경상사고,0,0,1,0,차대차 - 측면충돌,안전운전불이행,건조,맑음,교차로 - 교차로안,승용,여,42세,상해없음,승용,여,47세,경상
2018033000100146,2018년 3월 30일 09시,금요일,경기도 수원시 영통구 원천동,경상사고,0,0,1,0,차대차 - 측면충돌,신호위반,건조,맑음,교차로 - 교차로안,자전거,남,53세,경상,승합,여,38세,상해없음
2018033000100148,2018년 3월 30일 09시,금요일,경기도 수원시 팔달구 교동,중상사고,0,1,0,0,차대사람 - 횡단중,안전운전불이행,건조,맑음,단일로 - 기타,승용,남,63세,상해없음,보행자,여,71세,중상
2018033000100204,2018년 3월 30일 11시,금요일,경기도 수원시 장안구 영화동,경상사고,0,0,1,0,차대사람 - 횡단중,신호위반,건조,맑음,교차로 - 교차로횡단보도내,승용,남,51세,상해없음,보행자,남,38세,경상
2018033000100236,2018년 3월 30일 12시,금요일,경기도 수원시 권선구 세류동,경상사고,0,0,1,0,차대차 - 기타,안전운전불이행,건조,맑음,교차로 - 교차로안,이륜,남,50세,경상,건설기계,남,56세,상해없음
2018033000100418,2018년 3월 30일 17시,금요일,경기도 수원시 권선구 권선동,경상사고,0,0,1,0,차대차 - 측면충돌,교차로운행방법위반,건조,맑음,교차로 - 교차로안,승용,여,38세,상해없음,승용,남,28세,경상
2018033000100508,2018년 3월 30일 19시,금요일,경기도 수원시 장안구 조원동,중상사고,0,1,2,0,차대차 - 기타,기타,건조,맑음,단일로 - 기타,화물,남,69세,상해없음,승용,남,67세,상해없음
2018033000100511,2018년 3월 30일 19시,금요일,경기도 수원시 영통구 영통동,중상사고,0,1,0,0,차대사람 - 횡단중,안전운전불이행,건조,맑음,교차로 - 교차로횡단보도내,승합,남,49세,상해없음,보행자,남,44세,중상
2018033000100588,2018년 3월 30일 21시,금요일,경기도 수원시 영통구 이의동,중상사고,0,1,0,0,차대차 - 측면충돌,교차로운행방법위반,건조,맑음,교차로 - 교차로안,승용,남,27세,상해없음,사륜오토바이(ATV),남,21세,중상
2018033000100641,2018년 3월 30일 23시,금요일,경기도 수원시 팔달구 인계동,경상사고,0,0,1,0,차대차 - 기타,교차로운행방법위반,건조,맑음,교차로 - 교차로부근,승용,남,53세,상해없음,자전거,남,27세,경상
2018033000100644,2018년 3월 30일 23시,금요일,경기도 수원시 팔달구 매산로2가,경상사고,0,0,1,0,차대차 - 기타,안전운전불이행,건조,맑음,단일로 - 기타,승용,남,40세,상해없음,이륜,남,35세,경상
2018033100100012,2018년 3월 31일 00시,토요일,경기도 수원시 장안구 하광교동,중상사고,0,1,0,0,차대차 - 기타,안전운전불이행,건조,맑음,기타 - 기타,화물,남,51세,기타불명,화물,남,49세,중상
2018033100100048,2018년 3월 31일 02시,토요일,경기도 수원시 영통구 망포동,경상사고,0,0,1,0,차대차 - 추돌,안전운전불이행,건조,맑음,단일로 - 기타,승용,남,40세,상해없음,승용,남,59세,경상
2018033100100114,2018년 3월 31일 08시,토요일,경기도 수원시 팔달구 인계동,경상사고,0,0,1,0,차대사람 - 기타,안전운전불이행,건조,맑음,주차장 - 주차장,승용,남,25세,상해없음,보행자,남,23세,경상
2018033100100216,2018년 3월 31일 12시,토요일,경기도 수원시 장안구 정자동,경상사고,0,0,1,0,차대차 - 기타,안전운전불이행,건조,맑음,교차로 - 교차로안,승용,남,45세,상해없음,화물,남,54세,경상
2018033100100250,2018년 3월 31일 13시,토요일,경기도 수원시 영통구 망포동,경상사고,0,0,1,0,차대차 - 측면충돌,차로위반,건조,맑음,단일로 - 기타,화물,남,47세,상해없음,승용,여,59세,경상
2018033100100254,2018년 3월 31일 13시,토요일,경기도 수원시 팔달구 매산로2가,경상사고,0,0,1,0,차대차 - 측면충돌,안전거리미확보,건조,맑음,단일로 - 기타,승용,남,38세,상해없음,승용,남,37세,경상
2018033100100298,2018년 3월 31일 14시,토요일,경기도 수원시 영통구 이의동,경상사고,0,0,1,0,차대차 - 측면충돌,안전운전불이행,건조,맑음,단일로 - 기타,승용,여,32세,상해없음,승용,남,69세,경상
2018033100100330,2018년 3월 31일 15시,토요일,경기도 수원시 영통구 원천동,경상사고,0,0,1,0,차대차 - 기타,차로위반,건조,맑음,단일로 - 기타,승용,남,55세,상해없음,화물,남,52세,경상
2018033100100441,2018년 3월 31일 18시,토요일,경기도 수원시 팔달구 화서동,경상사고,0,0,2,1,차대차 - 기타,신호위반,건조,맑음,교차로 - 교차로안,승합,남,47세,상해없음,승용,남,31세,상해없음
2018033100100482,2018년 3월 31일 19시,토요일,경기도 수원시 영통구 매탄동,경상사고,0,0,1,0,차대사람 - 기타,안전운전불이행,건조,맑음,단일로 - 기타,승용,남,75세,상해없음,보행자,여,47세,경상
2018033100100541,2018년 3월 31일 21시,토요일,경기도 수원시 권선구 세류동,경상사고,0,0,1,0,차대차 - 후진중충돌,안전운전불이행,건조,맑음,단일로 - 기타,승용,남,71세,상해없음,이륜,남,19세,경상
2018033100100542,2018년 3월 31일 21시,토요일,경기도 수원시 팔달구 인계동,중상사고,0,1,0,0,차대사람 - 기타,기타,건조,맑음,단일로 - 기타,승용,남,22세,상해없음,보행자,남,26세,중상
2018033100100543,2018년 3월 31일 21시,토요일,경기도 수원시 권선구 오목천동,경상사고,0,0,1,0,차대차 - 기타,교차로운행방법위반,건조,맑음,교차로 - 교차로안,승용,남,59세,상해없음,원동기,남,18세,경상
2018033100100568,2018년 3월 31일 22시,토요일,경기도 수원시 장안구 조원동,경상사고,0,0,1,0,차대차 - 추돌,안전거리미확보,건조,맑음,단일로 - 기타,승용,남,23세,상해없음,승용,남,40세,경상
2018033100100569,2018년 3월 31일 22시,토요일,경기도 수원시 장안구 파장동,경상사고,0,0,6,1,차대차 - 추돌,안전운전불이행,건조,맑음,단일로 - 기타,승합,남,59세,상해없음,승용,남,42세,경상
2018033100100594,2018년 3월 31일 23시,토요일,경기도 수원시 팔달구 매산로1가,경상사고,0,0,1,0,차대차 - 측면충돌,안전운전불이행,건조,맑음,교차로 - 교차로안,승용,남,29세,상해없음,승용,남,54세,경상
2018040100100102,2018년 4월 1일 07시,일요일,경기도 수원시 장안구 연무동,경상사고,0,0,1,0,차대차 - 기타,교차로운행방법위반,건조,맑음,교차로 - 교차로부근,자전거,여,57세,경상,승용,남,46세,상해없음
2018040100100161,2018년 4월 1일 11시,일요일,경기도 수원시 장안구 정자동,경상사고,0,0,1,0,차대차 - 기타,기타,건조,맑음,단일로 - 기타,승용,남,36세,경상,승용,여,46세,상해없음
2018040100100231,2018년 4월 1일 14시,일요일,경기도 수원시 장안구 조원동,중상사고,0,1,2,0,차대차 - 추돌,안전운전불이행,건조,맑음,단일로 - 기타,화물,남,50세,상해없음,승용,남,53세,중상
2018040100100286,2018년 4월 1일 16시,일요일,경기도 수원시 영통구 영통동,경상사고,0,0,2,0,차대차 - 측면충돌,안전거리미확보,건조,맑음,단일로 - 기타,승용,남,59세,상해없음,승용,남,32세,경상
2018040100100311,2018년 4월 1일 17시,일요일,경기도 수원시 장안구 조원동,경상사고,0,0,1,0,차대사람 - 기타,안전운전불이행,건조,맑음,단일로 - 기타,승용,남,49세,상해없음,보행자,여,75세,경상
2018040100100317,2018년 4월 1일 17시,일요일,경기도 수원시 권선구 평동,경상사고,0,0,1,0,차대차 - 추돌,안전운전불이행,건조,맑음,교차로 - 교차로부근,승용,남,63세,상해없음,승용,여,33세,경상
2018040100100366,2018년 4월 1일 19시,일요일,경기도 수원시 영통구 이의동,중상사고,0,1,0,0,차대차 - 기타,신호위반,건조,맑음,교차로 - 교차로안,승용,여,47세,상해없음,이륜,남,38세,중상
2018040100100367,2018년 4월 1일 19시,일요일,경기도 수원시 권선구 권선동,경상사고,0,0,1,0,차대사람 - 기타,안전운전불이행,건조,맑음,기타 - 기타,승용,여,70세,상해없음,보행자,남,62세,경상
2018040100100396,2018년 4월 1일 20시,일요일,경기도 수원시 팔달구 영동,경상사고,0,0,1,0,차대사람 - 기타,기타,건조,맑음,단일로 - 기타,기타불명,기타불명,미분류,기타불명,보행자,남,65세,경상
2018040100100399,2018년 4월 1일 20시,일요일,경기도 수원시 팔달구 우만동,중상사고,0,1,0,0,차대차 - 측면충돌,안전거리미확보,건조,흐림,교차로 - 교차로부근,승용,남,64세,상해없음,자전거,남,19세,중상
2018040100100401,2018년 4월 1일 20시,일요일,경기도 수원시 권선구 탑동,중상사고,0,1,0,0,차대차 - 추돌,안전운전불이행,건조,맑음,단일로 - 기타,승용,남,26세,상해없음,승용,남,34세,중상
2018040100100424,2018년 4월 1일 21시,일요일,경기도 수원시 권선구 세류동,경상사고,0,0,2,0,차대차 - 후진중충돌,안전운전불이행,건조,맑음,단일로 - 기타,승용,남,55세,상해없음,승용,남,47세,경상
2018040100100445,2018년 4월 1일 22시,일요일,경기도 수원시 팔달구 인계동,경상사고,0,0,2,0,차대차 - 추돌,안전운전불이행,건조,맑음,기타 - 기타,승용,남,35세,상해없음,승용,여,56세,경상
2018040200100018,2018년 4월 2일 01시,월요일,경기도 수원시 권선구 곡반정동,중상사고,0,1,0,0,차대차 - 기타,안전운전불이행,건조,맑음,교차로 - 교차로안,개인형이동수단(PM),남,23세,중상,화물,남,33세,기타불명
2018040200100074,2018년 4월 2일 07시,월요일,경기도 수원시 영통구 이의동,경상사고,0,0,1,0,차대차 - 측면충돌,안전거리미확보,건조,맑음,단일로 - 지하차도(도로)내,승용,여,48세,상해없음,승용,여,29세,경상
2018040200100104,2018년 4월 2일 08시,월요일,경기도 수원시 팔달구 우만동,경상사고,0,0,1,0,차대차 - 기타,안전운전불이행,건조,맑음,단일로 - 기타,승용,여,45세,상해없음,이륜,남,16세,상해없음
2018040200100108,2018년 4월 2일 08시,월요일,경기도 수원시 영통구 영통동,중상사고,0,1,0,0,차대차 - 측면충돌,안전거리미확보,건조,맑음,단일로 - 기타,승용,남,32세,상해없음,승용,여,48세,중상
2018040200100112,2018년 4월 2일 08시,월요일,경기도 수원시 장안구 파장동,경상사고,0,0,4,0,차대차 - 추돌,안전운전불이행,건조,맑음,단일로 - 기타,화물,남,48세,상해없음,승용,남,30세,경상
2018040200100236,2018년 4월 2일 12시,월요일,경기도 수원시 장안구 정자동,경상사고,0,0,1,0,차대사람 - 보도통행중,기타,건조,맑음,기타 - 기타,승용,남,62세,상해없음,보행자,여,23세,경상
2018040200100330,2018년 4월 2일 15시,월요일,경기도 수원시 팔달구 팔달로2가,경상사고,0,0,1,0,차대차 - 후진중충돌,안전운전불이행,건조,맑음,단일로 - 기타,승용,남,46세,상해없음,이륜,여,64세,경상
2018040200100372,2018년 4월 2일 16시,월요일,경기도 수원시 영통구 영통동,경상사고,0,0,1,0,차대차 - 측면충돌,교차로운행방법위반,건조,맑음,교차로 - 교차로안,화물,남,67세,상해없음,승용,여,33세,경상
2018040200100482,2018년 4월 2일 19시,월요일,경기도 수원시 장안구 정자동,경상사고,0,0,1,0,차대차 - 추돌,안전운전불이행,건조,맑음,교차로 - 교차로부근,승용,남,62세,상해없음,승용,여,42세,경상
2018040200100605,2018년 4월 2일 23시,월요일,경기도 수원시 권선구 곡반정동,경상사고,0,0,1,0,차대사람 - 기타,안전운전불이행,건조,맑음,단일로 - 기타,화물,남,35세,상해없음,보행자,남,39세,경상
2018040300100022,2018년 4월 3일 01시,화요일,경기도 수원시 팔달구 매산로1가,중상사고,0,1,0,0,차대사람 - 횡단중,안전운전불이행,건조,맑음,단일로 - 기타,승용,남,61세,상해없음,보행자,여,29세,중상
2018040300100027,2018년 4월 3일 02시,화요일,경기도 수원시 영통구 영통동,경상사고,0,0,1,0,차대차 - 기타,안전운전불이행,건조,맑음,주차장 - 주차장,승용,남,38세,상해없음,개인형이동수단(PM),남,48세,경상
2018040300100104,2018년 4월 3일 08시,화요일,경기도 수원시 권선구 서둔동,경상사고,0,0,1,0,차대차 - 추돌,안전운전불이행,건조,맑음,단일로 - 기타,건설기계,남,34세,상해없음,승용,여,26세,경상
2018040300100197,2018년 4월 3일 11시,화요일,경기도 수원시 권선구 세류동,경상사고,0,0,2,0,차대차 - 측면충돌,안전운전불이행,건조,맑음,단일로 - 기타,화물,남,26세,상해없음,승용,남,56세,경상
2018040300100235,2018년 4월 3일 12시,화요일,경기도 수원시 권선구 장지동,경상사고,0,0,1,0,차대사람 - 기타,기타,건조,맑음,단일로 - 기타,승용,여,54세,상해없음,보행자,남,59세,경상
2018040300100236,2018년 4월 3일 12시,화요일,경기도 수원시 팔달구 인계동,중상사고,0,1,0,0,차대차 - 측면충돌,신호위반,건조,맑음,교차로 - 교차로안,승용,여,49세,상해없음,화물,남,48세,상해없음
2018040300100274,2018년 4월 3일 13시,화요일,경기도 수원시 권선구 권선동,경상사고,0,0,1,0,차대차 - 추돌,안전거리미확보,건조,맑음,교차로 - 교차로부근,화물,남,33세,상해없음,승용,남,34세,경상
2018040300100275,2018년 4월 3일 13시,화요일,경기도 수원시 권선구 세류동,중상사고,0,1,3,0,차대차 - 추돌,안전운전불이행,건조,맑음,단일로 - 기타,화물,남,50세,경상,승용,여,37세,경상
2018040300100352,2018년 4월 3일 15시,화요일,경기도 수원시 장안구 송죽동,경상사고,0,0,1,0,차대사람 - 기타,보행자보호의무위반,건조,맑음,단일로 - 기타,승용,여,39세,상해없음,보행자,남,10세,경상
2018040300100418,2018년 4월 3일 17시,화요일,경기도 수원시 장안구 파장동,경상사고,0,0,1,0,차대차 - 측면충돌,신호위반,건조,맑음,교차로 - 교차로안,승용,여,50세,상해없음,승용,남,47세,경상
2018040300100459,2018년 4월 3일 18시,화요일,경기도 수원시 팔달구 인계동,경상사고,0,0,1,0,차대차 - 측면충돌,안전운전불이행,건조,맑음,단일로 - 기타,자전거,여,26세,경상,승용,남,36세,상해없음
2018040300100460,2018년 4월 3일 18시,화요일,경기도 수원시 팔달구 매산로1가,중상사고,0,1,1,0,차대차 - 추돌,안전운전불이행,건조,맑음,교차로 - 교차로안,승용,남,46세,상해없음,승용,남,26세,경상
2018040300100542,2018년 4월 3일 20시,화요일,경기도 수원시 팔달구 매산로1가,부상신고사고,0,0,0,1,차대차 - 측면충돌,교차로운행방법위반,건조,맑음,교차로 - 교차로안,승용,남,65세,상해없음,승용,남,24세,부상신고
2018040300100543,2018년 4월 3일 20시,화요일,경기도 수원시 팔달구 고등동,경상사고,0,0,1,0,차대사람 - 횡단중,신호위반,건조,맑음,교차로 - 교차로횡단보도내,승용,남,27세,상해없음,보행자,남,13세,경상
2018040300100574,2018년 4월 3일 21시,화요일,경기도 수원시 팔달구 매산로2가,경상사고,0,0,1,0,차대사람 - 기타,안전운전불이행,건조,맑음,단일로 - 기타,승용,남,29세,상해없음,보행자,남,24세,경상
2018040300100603,2018년 4월 3일 22시,화요일,경기도 수원시 영통구 망포동,경상사고,0,0,2,0,차대차 - 측면충돌,차로위반,건조,맑음,교차로 - 교차로부근,승용,남,61세,상해없음,승용,남,27세,경상
2018040400100005,2018년 4월 4일 00시,수요일,경기도 수원시 장안구 영화동,부상신고사고,0,0,0,1,차대차 - 추돌,안전운전불이행,건조,맑음,단일로 - 기타,이륜,남,31세,부상신고,승용,남,50세,상해없음
2018040400100019,2018년 4월 4일 01시,수요일,경기도 수원시 팔달구 인계동,경상사고,0,0,1,0,차대차 - 기타,신호위반,젖음/습기,비,교차로 - 교차로안,승용,남,37세,상해없음,이륜,남,27세,경상
2018040400100021,2018년 4월 4일 01시,수요일,경기도 수원시 권선구 평동,경상사고,0,0,1,0,차대차 - 기타,안전운전불이행,젖음/습기,비,교차로 - 교차로부근,승용,남,32세,상해없음,화물,남,38세,경상
2018040400100022,2018년 4월 4일 01시,수요일,경기도 수원시 팔달구 매산로2가,중상사고,0,1,0,0,차대차 - 측면충돌,안전운전불이행,건조,맑음,단일로 - 기타,승용,남,23세,상해없음,자전거,남,43세,중상
2018040400100039,2018년 4월 4일 02시,수요일,경기도 수원시 권선구 세류동,경상사고,0,0,1,0,차대차 - 기타,안전운전불이행,젖음/습기,비,단일로 - 기타,승용,남,35세,상해없음,승용,남,37세,경상
2018040400100047,2018년 4월 4일 03시,수요일,경기도 수원시 영통구 원천동,경상사고,0,0,1,0,차대사람 - 기타,안전운전불이행,젖음/습기,비,교차로 - 교차로안,승용,남,44세,상해없음,보행자,남,32세,경상
2018040400100060,2018년 4월 4일 04시,수요일,경기도 수원시 권선구 권선동,경상사고,0,0,1,0,차대사람 - 차도통행중,안전운전불이행,젖음/습기,비,기타 - 기타,승용,남,25세,상해없음,보행자,남,53세,경상
2018040400100085,2018년 4월 4일 06시,수요일,경기도 수원시 영통구 이의동,부상신고사고,0,0,0,2,차대차 - 기타,안전운전불이행,건조,맑음,교차로 - 교차로안,승용,남,45세,상해없음,승합,남,71세,부상신고
2018040400100097,2018년 4월 4일 07시,수요일,경기도 수원시 팔달구 지동,경상사고,0,0,1,0,차대차 - 측면충돌,안전운전불이행,건조,맑음,단일로 - 기타,승용,여,27세,상해없음,승용,남,26세,경상
2018040400100103,2018년 4월 4일 07시,수요일,경기도 수원시 권선구 세류동,경상사고,0,0,2,0,차대차 - 추돌,안전거리미확보,젖음/습기,흐림,단일로 - 기타,승용,남,44세,상해없음,승용,남,60세,경상
2018040400100167,2018년 4월 4일 09시,수요일,경기도 수원시 영통구 매탄동,경상사고,0,0,1,0,차대차 - 측면충돌,안전운전불이행,젖음/습기,맑음,교차로 - 교차로부근,승용,남,64세,상해없음,자전거,남,70세,경상
2018040400100404,2018년 4월 4일 17시,수요일,경기도 수원시 권선구 세류동,중상사고,0,1,0,0,차대차 - 측면충돌,신호위반,건조,맑음,단일로 - 기타,화물,남,54세,상해없음,이륜,남,48세,중상
2018040400100439,2018년 4월 4일 18시,수요일,경기도 수원시 장안구 조원동,중상사고,0,2,1,0,차대차 - 측면충돌,신호위반,건조,흐림,교차로 - 교차로안,승용,남,21세,상해없음,승용,남,49세,경상
2018040400100559,2018년 4월 4일 21시,수요일,경기도 수원시 권선구 서둔동,경상사고,0,0,1,0,차대차 - 기타,안전거리미확보,건조,맑음,기타 - 기타,승용,남,26세,기타불명,승용,남,59세,상해없음
2018040500100012,2018년 4월 5일 00시,목요일,경기도 수원시 팔달구 매산로2가,경상사고,0,0,1,0,차대사람 - 보도통행중,기타,건조,맑음,단일로 - 기타,승용,남,18세,상해없음,보행자,남,61세,경상
2018040500100025,2018년 4월 5일 01시,목요일,경기도 수원시 팔달구 인계동,경상사고,0,0,1,0,차대사람 - 횡단중,안전운전불이행,건조,맑음,교차로 - 교차로횡단보도내,기타불명,기타불명,미분류,기타불명,보행자,남,43세,경상
2018040500100050,2018년 4월 5일 05시,목요일,경기도 수원시 영통구 망포동,부상신고사고,0,0,0,1,차대차 - 측면충돌,기타,건조,맑음,교차로 - 교차로안,자전거,남,69세,부상신고,기타불명,기타불명,미분류,기타불명
2018040500100051,2018년 4월 5일 05시,목요일,경기도 수원시 권선구 고색동,중상사고,0,1,0,0,차대사람 - 횡단중,안전운전불이행,젖음/습기,비,교차로 - 교차로부근,승용,남,60세,상해없음,보행자,여,59세,중상
2018040500100094,2018년 4월 5일 08시,목요일,경기도 수원시 장안구 송죽동,경상사고,0,0,1,0,차대차 - 기타,안전거리미확보,젖음/습기,비,기타 - 기타,승용,여,47세,상해없음,이륜,남,46세,경상
2018040500100102,2018년 4월 5일 08시,목요일,경기도 수원시 권선구 서둔동,경상사고,0,0,1,0,차대차 - 측면충돌,안전거리미확보,젖음/습기,비,단일로 - 기타,승용,여,40세,상해없음,승용,남,41세,경상
2018040500100140,2018년 4월 5일 09시,목요일,경기도 수원시 장안구 영화동,경상사고,0,0,1,0,차량단독 - 기타,안전운전불이행,젖음/습기,비,단일로 - 기타,승합,남,55세,상해없음,,,,
2018040500100202,2018년 4월 5일 11시,목요일,경기도 수원시 영통구 매탄동,경상사고,0,0,1,0,차대차 - 기타,안전거리미확보,젖음/습기,비,기타 - 기타,화물,남,65세,상해없음,승용,남,43세,경상
2018040500100236,2018년 4월 5일 12시,목요일,경기도 수원시 팔달구 인계동,경상사고,0,0,1,0,차대차 - 기타,안전운전불이행,젖음/습기,비,기타 - 기타,승합,남,33세,상해없음,승용,남,60세,경상
2018040500100237,2018년 4월 5일 12시,목요일,경기도 수원시 영통구 이의동,경상사고,0,0,1,0,차대차 - 기타,안전거리미확보,젖음/습기,비,단일로 - 기타,승용,여,24세,상해없음,승용,남,35세,경상
2018040500100257,2018년 4월 5일 13시,목요일,경기도 수원시 장안구 하광교동,중상사고,0,1,0,0,차대사람 - 횡단중,보행자보호의무위반,건조,맑음,교차로 - 교차로안,승합,여,41세,기타불명,보행자,여,21세,중상
2018040500100341,2018년 4월 5일 16시,목요일,경기도 수원시 영통구 매탄동,경상사고,0,0,1,0,차대차 - 기타,안전운전불이행,젖음/습기,비,단일로 - 기타,화물,남,48세,상해없음,이륜,남,19세,경상
2018040500100342,2018년 4월 5일 16시,목요일,경기도 수원시 팔달구 인계동,경상사고,0,0,1,0,차대차 - 기타,교차로운행방법위반,젖음/습기,비,교차로 - 교차로안,승용,남,47세,상해없음,승합,남,61세,상해없음
2018040500100344,2018년 4월 5일 16시,목요일,경기도 수원시 권선구 서둔동,경상사고,0,0,1,0,차대사람 - 기타,안전운전불이행,젖음/습기,비,단일로 - 기타,화물,남,51세,상해없음,보행자,남,21세,경상
2018040500100370,2018년 4월 5일 17시,목요일,경기도 수원시 영통구 신동,경상사고,0,0,1,0,차대차 - 추돌,안전운전불이행,젖음/습기,비,단일로 - 기타,승용,여,37세,상해없음,이륜,남,35세,경상
2018040500100372,2018년 4월 5일 17시,목요일,경기도 수원시 권선구 오목천동,경상사고,0,0,1,0,차대차 - 기타,교차로운행방법위반,젖음/습기,비,교차로 - 교차로안,승용,여,41세,상해없음,이륜,남,29세,경상
2018040500100447,2018년 4월 5일 19시,목요일,경기도 수원시 팔달구 팔달로1가,중상사고,0,1,0,0,차대사람 - 횡단중,안전운전불이행,젖음/습기,비,교차로 - 교차로안,승용,남,31세,상해없음,보행자,여,63세,중상
2018040500100457,2018년 4월 5일 19시,목요일,경기도 수원시 권선구 세류동,경상사고,0,0,1,0,차대차 - 추돌,안전운전불이행,젖음/습기,비,단일로 - 고가도로위,승용,여,47세,상해없음,승용,여,44세,경상
2018040500100510,2018년 4월 5일 20시,목요일,경기도 수원시 권선구 세류동,중상사고,0,1,0,0,차대차 - 측면충돌,안전거리미확보,젖음/습기,비,단일로 - 기타,승용,남,36세,상해없음,화물,남,52세,상해없음
2018040500100515,2018년 4월 5일 20시,목요일,경기도 수원시 팔달구 매산로1가,중상사고,0,1,0,0,차대사람 - 기타,안전운전불이행,젖음/습기,흐림,단일로 - 기타,승용,남,27세,상해없음,보행자,여,53세,중상