사고번호,사고일시,요일,시군구,사고내용,사망자수,중상자수,경상자수,부상신고자수,사고유형,법규위반,노면상태,기상상태,도로형태,가해운전자 차종,가해운전자 성별,가해운전자 연령,가해운전자 상해정도,피해운전자 차종,피해운전자 성별,피해운전자 연령,피해운전자 상해정도
2018040500100556,2018년 4월 5일 21시,목요일,경기도 수원시 장안구 정자동,경상사고,0,0,1,0,차대차 - 추돌,안전운전불이행,젖음/습기,비,교차로 - 교차로부근,승용,남,34세,상해없음,승용,여,50세,경상
2018040500100562,2018년 4월 5일 21시,목요일,경기도 수원시 영통구 매탄동,경상사고,0,0,1,0,차대차 - 추돌,안전운전불이행,젖음/습기,비,단일로 - 기타,승용,여,47세,상해없음,이륜,남,37세,경상
2018040600100010,2018년 4월 6일 00시,금요일,경기도 수원시 영통구 원천동,경상사고,0,0,1,0,차대차 - 추돌,안전운전불이행,젖음/습기,비,교차로 - 교차로부근,승용,남,45세,상해없음,승용,남,64세,경상
2018040600100037,2018년 4월 6일 01시,금요일,경기도 수원시 권선구 권선동,경상사고,0,0,1,0,차대차 - 측면충돌,신호위반,젖음/습기,비,교차로 - 교차로안,승용,남,21세,상해없음,승용,남,44세,경상
2018040600100038,2018년 4월 6일 01시,금요일,경기도 수원시 권선구 세류동,경상사고,0,0,1,0,차대차 - 측면충돌,안전운전불이행,젖음/습기,비,단일로 - 기타,승합,남,25세,상해없음,승용,남,43세,경상
2018040600100107,2018년 4월 6일 06시,금요일,경기도 수원시 권선구 권선동,경상사고,0,0,1,0,차대차 - 측면충돌,차로위반,건조,맑음,단일로 - 터널,승용,남,35세,상해없음,건설기계,남,31세,경상
2018040600100209,2018년 4월 6일 10시,금요일,경기도 수원시 권선구 세류동,경상사고,0,0,1,0,차대차 - 추돌,안전운전불이행,건조,맑음,교차로 - 교차로안,승용,남,56세,상해없음,승용,남,55세,경상
2018040600100298,2018년 4월 6일 13시,금요일,경기도 수원시 장안구 율전동,중상사고,0,1,1,0,차대차 - 측면충돌,안전거리미확보,건조,맑음,단일로 - 기타,화물,남,48세,상해없음,승용,여,48세,상해없음
2018040600100425,2018년 4월 6일 17시,금요일,경기도 수원시 팔달구 인계동,부상신고사고,0,0,0,1,차대차 - 측면충돌,안전운전불이행,건조,맑음,기타 - 기타,이륜,남,28세,부상신고,화물,남,67세,상해없음
2018040600100426,2018년 4월 6일 17시,금요일,경기도 수원시 권선구 권선동,경상사고,0,0,1,0,차대차 - 측면충돌,안전거리미확보,젖음/습기,비,단일로 - 기타,승용,남,31세,상해없음,승용,남,29세,경상
2018040600100494,2018년 4월 6일 19시,금요일,경기도 수원시 영통구 원천동,경상사고,0,0,1,0,차대사람 - 차도통행중,안전운전불이행,건조,맑음,기타 - 기타,승용,남,30세,상해없음,보행자,남,40세,경상
2018040600100527,2018년 4월 6일 20시,금요일,경기도 수원시 장안구 율전동,경상사고,0,0,2,0,차대차 - 기타,불법유턴,건조,맑음,교차로 - 교차로안,승용,남,41세,상해없음,승용,남,19세,경상
2018040600100536,2018년 4월 6일 20시,금요일,경기도 수원시 권선구 오목천동,경상사고,0,0,1,0,차대차 - 기타,안전거리미확보,젖음/습기,비,교차로 - 교차로부근,승용,여,50세,상해없음,이륜,남,47세,경상
2018040600100632,2018년 4월 6일 23시,금요일,경기도 수원시 권선구 곡반정동,경상사고,0,0,1,0,차대차 - 측면충돌,신호위반,젖음/습기,비,교차로 - 교차로횡단보도내,승용,남,31세,상해없음,자전거,여,19세,경상
2018040600100633,2018년 4월 6일 23시,금요일,경기도 수원시 권선구 권선동,경상사고,0,0,1,2,차대차 - 정면충돌,중앙선침범,젖음/습기,비,단일로 - 기타,승용,남,37세,상해없음,승용,여,51세,부상신고
2018040700100172,2018년 4월 7일 10시,토요일,경기도 수원시 팔달구 팔달로2가,경상사고,0,0,1,0,차대차 - 측면충돌,안전운전불이행,건조,맑음,단일로 - 기타,자전거,남,74세,경상,승용,여,55세,상해없음
2018040700100247,2018년 4월 7일 12시,토요일,경기도 수원시 장안구 정자동,경상사고,0,0,2,0,차대차 - 측면충돌,안전운전불이행,건조,맑음,교차로 - 교차로안,승용,남,30세,기타불명,승용,여,44세,경상
2018040700100315,2018년 4월 7일 14시,토요일,경기도 수원시 권선구 탑동,경상사고,0,0,1,0,차대차 - 추돌,안전운전불이행,건조,맑음,교차로 - 교차로부근,화물,남,38세,상해없음,승용,남,29세,경상
2018040700100353,2018년 4월 7일 15시,토요일,경기도 수원시 장안구 정자동,경상사고,0,0,1,0,차대차 - 측면충돌,교차로운행방법위반,건조,맑음,교차로 - 교차로안,이륜,남,74세,경상,승용,남,55세,상해없음
2018040700100354,2018년 4월 7일 15시,토요일,경기도 수원시 팔달구 남수동,경상사고,0,0,1,0,차대차 - 기타,안전운전불이행,건조,맑음,단일로 - 기타,승용,남,75세,상해없음,이륜,남,27세,경상
2018040700100361,2018년 4월 7일 15시,토요일,경기도 수원시 권선구 권선동,경상사고,0,0,1,0,차대차 - 측면충돌,교차로운행방법위반,건조,맑음,교차로 - 교차로안,승합,남,54세,상해없음,승용,여,40세,경상
2018040700100403,2018년 4월 7일 16시,토요일,경기도 수원시 권선구 세류동,경상사고,0,0,1,0,차대차 - 측면충돌,안전운전불이행,건조,맑음,단일로 - 기타,승용,남,26세,상해없음,화물,남,40세,기타불명
2018040700100484,2018년 4월 7일 18시,토요일,경기도 수원시 장안구 정자동,중상사고,0,1,0,0,차대사람 - 기타,안전운전불이행,건조,맑음,단일로 - 기타,승용,남,45세,상해없음,보행자,남,15세,중상
2018040700100495,2018년 4월 7일 18시,토요일,경기도 수원시 권선구 곡반정동,경상사고,0,0,2,0,차대차 - 기타,교차로운행방법위반,건조,맑음,교차로 - 교차로안,승용,남,24세,상해없음,승용,남,51세,경상
2018040700100496,2018년 4월 7일 18시,토요일,경기도 수원시 팔달구 인계동,부상신고사고,0,0,0,1,차대차 - 측면충돌,신호위반,건조,맑음,교차로 - 교차로안,이륜,남,25세,부상신고,승용,남,57세,상해없음
2018040700100499,2018년 4월 7일 18시,토요일,경기도 수원시 권선구 고색동,경상사고,0,0,3,0,차대차 - 정면충돌,신호위반,건조,맑음,교차로 - 교차로안,승용,여,55세,경상,승용,남,57세,경상
2018040700100500,2018년 4월 7일 18시,토요일,경기도 수원시 팔달구 고등동,경상사고,0,0,1,0,차대사람 - 기타,안전운전불이행,건조,맑음,기타 - 기타,승용,여,62세,상해없음,보행자,남,42세,경상
2018040700100533,2018년 4월 7일 19시,토요일,경기도 수원시 영통구 영통동,경상사고,0,0,3,0,차대차 - 추돌,안전운전불이행,건조,맑음,교차로 - 교차로부근,승용,남,48세,상해없음,승용,남,40세,상해없음
2018040700100535,2018년 4월 7일 19시,토요일,경기도 수원시 팔달구 매산로1가,경상사고,0,0,3,0,차대차 - 측면충돌,안전운전불이행,건조,맑음,단일로 - 기타,승용,남,23세,경상,승용,남,35세,경상
2018040700100571,2018년 4월 7일 20시,토요일,경기도 수원시 장안구 조원동,중상사고,0,1,0,0,차대사람 - 횡단중,안전운전불이행,건조,맑음,교차로 - 교차로안,승용,남,60세,상해없음,보행자,여,76세,중상
2018040700100573,2018년 4월 7일 20시,토요일,경기도 수원시 권선구 권선동,경상사고,0,0,6,0,차대차 - 추돌,안전운전불이행,건조,맑음,교차로 - 교차로부근,승용,남,55세,상해없음,승용,여,41세,경상
2018040700100575,2018년 4월 7일 20시,토요일,경기도 수원시 권선구 탑동,경상사고,0,0,3,0,차대차 - 측면충돌,안전거리미확보,건조,맑음,교차로 - 교차로부근,승용,남,27세,상해없음,승용,남,42세,경상
2018040700100602,2018년 4월 7일 21시,토요일,경기도 수원시 장안구 이목동,경상사고,0,0,2,0,차대차 - 측면충돌,차로위반,건조,맑음,단일로 - 기타,승용,남,60세,상해없음,승용,남,29세,경상
2018040700100606,2018년 4월 7일 21시,토요일,경기도 수원시 권선구 탑동,경상사고,0,0,1,0,차대차 - 측면충돌,신호위반,건조,맑음,교차로 - 교차로안,승용,남,25세,상해없음,승용,남,50세,경상
2018040800100049,2018년 4월 8일 02시,일요일,경기도 수원시 영통구 영통동,중상사고,0,1,0,0,차대차 - 추돌,안전운전불이행,건조,맑음,단일로 - 기타,승용,남,29세,상해없음,승용,여,34세,중상
2018040800100074,2018년 4월 8일 05시,일요일,경기도 수원시 영통구 원천동,중상사고,0,1,0,0,차대차 - 추돌,신호위반,건조,맑음,교차로 - 교차로안,승용,남,30세,상해없음,원동기,여,25세,중상
2018040800100161,2018년 4월 8일 11시,일요일,경기도 수원시 권선구 권선동,경상사고,0,0,1,0,차대차 - 측면충돌,교차로운행방법위반,건조,맑음,교차로 - 교차로안,승용,남,78세,상해없음,승용,남,37세,경상
2018040800100234,2018년 4월 8일 14시,일요일,경기도 수원시 팔달구 매산로3가,경상사고,0,0,2,0,차대차 - 측면충돌,안전운전불이행,건조,맑음,교차로 - 교차로부근,승용,남,49세,상해없음,승용,남,28세,경상
2018040800100296,2018년 4월 8일 16시,일요일,경기도 수원시 장안구 율전동,경상사고,0,0,2,0,차대차 - 추돌,안전운전불이행,건조,흐림,단일로 - 기타,승용,남,52세,상해없음,승용,여,38세,경상
2018040800100303,2018년 4월 8일 16시,일요일,경기도 수원시 권선구 구운동,경상사고,0,0,2,0,차대차 - 측면충돌,안전운전불이행,건조,맑음,교차로 - 교차로안,승용,여,56세,상해없음,승용,남,66세,경상
2018040800100377,2018년 4월 8일 18시,일요일,경기도 수원시 영통구 이의동,경상사고,0,0,1,0,차대차 - 측면충돌,안전운전불이행,젖음/습기,비,교차로 - 교차로횡단보도내,승용,남,27세,상해없음,자전거,남,42세,경상
2018040800100411,2018년 4월 8일 19시,일요일,경기도 수원시 권선구 호매실동,중상사고,0,1,0,0,차대사람 - 횡단중,안전운전불이행,건조,맑음,단일로 - 기타,승용,남,47세,상해없음,보행자,여,78세,중상
2018040800100458,2018년 4월 8일 21시,일요일,경기도 수원시 권선구 서둔동,중상사고,0,1,0,0,차대차 - 기타,안전운전불이행,건조,맑음,단일로 - 기타,승용,남,38세,상해없음,자전거,남,57세,중상
2018040800100495,2018년 4월 8일 23시,일요일,경기도 수원시 권선구 구운동,경상사고,0,0,1,0,차대차 - 추돌,안전운전불이행,건조,맑음,교차로 - 교차로부근,승용,여,21세,상해없음,승용,남,44세,경상
2018040900100070,2018년 4월 9일 07시,월요일,경기도 수원시 팔달구 인계동,중상사고,0,1,0,0,차대차 - 정면충돌,안전운전불이행,건조,맑음,교차로 - 교차로안,승용,여,27세,상해없음,이륜,여,56세,중상
2018040900100178,2018년 4월 9일 10시,월요일,경기도 수원시 권선구 세류동,경상사고,0,0,1,0,차대차 - 후진중충돌,안전운전불이행,건조,맑음,단일로 - 기타,화물,남,47세,상해없음,화물,남,49세,경상
2018040900100211,2018년 4월 9일 11시,월요일,경기도 수원시 영통구 원천동,경상사고,0,0,1,0,차량단독 - 기타,기타,건조,맑음,단일로 - 기타,승합,남,40세,상해없음,,,,
2018040900100290,2018년 4월 9일 13시,월요일,경기도 수원시 팔달구 화서동,경상사고,0,0,1,0,차대차 - 기타,신호위반,건조,맑음,교차로 - 교차로안,이륜,남,33세,기타불명,승용,여,60세,경상
2018040900100396,2018년 4월 9일 16시,월요일,경기도 수원시 팔달구 인계동,경상사고,0,0,1,0,차대차 - 기타,안전거리미확보,건조,맑음,교차로 - 교차로안,승합,여,60세,상해없음,이륜,남,32세,경상
2018040900100437,2018년 4월 9일 17시,월요일,경기도 수원시 영통구 망포동,경상사고,0,0,1,0,차대차 - 기타,안전운전불이행,건조,맑음,단일로 - 기타,건설기계,남,32세,상해없음,승용,남,38세,경상
2018040900100607,2018년 4월 9일 21시,월요일,경기도 수원시 권선구 고색동,경상사고,0,0,1,0,차대사람 - 길가장자리구역통행중,안전운전불이행,건조,맑음,단일로 - 기타,기타불명,기타불명,미분류,기타불명,보행자,남,18세,경상
2018040900100634,2018년 4월 9일 22시,월요일,경기도 수원시 팔달구 교동,경상사고,0,0,1,0,차대차 - 추돌,안전운전불이행,건조,맑음,단일로 - 기타,승용,남,36세,상해없음,승용,남,25세,경상
2018041000100003,2018년 4월 10일 00시,화요일,경기도 수원시 장안구 연무동,경상사고,0,0,1,0,차량단독 - 기타,안전운전불이행,건조,맑음,단일로 - 터널,승용,남,21세,상해없음,,,,
2018041000100004,2018년 4월 10일 00시,화요일,경기도 수원시 영통구 영통동,경상사고,0,0,7,0,차대차 - 측면충돌,신호위반,건조,맑음,교차로 - 교차로안,승용,여,50세,경상,승용,남,67세,경상
2018041000100048,2018년 4월 10일 05시,화요일,경기도 수원시 장안구 천천동,중상사고,0,1,0,0,차대차 - 기타,신호위반,건조,맑음,교차로 - 교차로안,승용,남,68세,상해없음,자전거,남,55세,중상
2018041000100105,2018년 4월 10일 08시,화요일,경기도 수원시 장안구 조원동,경상사고,0,0,1,0,차대사람 - 횡단중,안전운전불이행,건조,맑음,교차로 - 교차로부근,승용,여,50세,상해없음,보행자,여,32세,경상
2018041000100215,2018년 4월 10일 11시,화요일,경기도 수원시 팔달구 팔달로2가,중상사고,0,1,0,0,차대사람 - 기타,보행자보호의무위반,건조,맑음,교차로 - 교차로횡단보도내,승용,여,43세,상해없음,보행자,여,77세,중상
2018041000100220,2018년 4월 10일 11시,화요일,경기도 수원시 영통구 영통동,경상사고,0,0,1,0,차대차 - 측면충돌,안전운전불이행,건조,맑음,교차로 - 교차로안,승용,남,31세,상해없음,이륜,남,22세,경상
2018041000100275,2018년 4월 10일 13시,화요일,경기도 수원시 권선구 고색동,경상사고,0,0,2,0,차대차 - 측면충돌,중앙선침범,건조,맑음,단일로 - 기타,승용,남,68세,상해없음,승용,남,25세,경상
2018041000100336,2018년 4월 10일 15시,화요일,경기도 수원시 권선구 평동,사망사고,1,0,0,0,차대차 - 측면충돌,안전거리미확보,건조,맑음,단일로 - 기타,자전거,남,78세,사망,화물,남,33세,상해없음
2018041000100363,2018년 4월 10일 16시,화요일,경기도 수원시 장안구 정자동,중상사고,0,2,0,0,차대차 - 추돌,안전운전불이행,건조,맑음,단일로 - 기타,승용,여,45세,상해없음,승용,남,55세,상해없음
2018041000100482,2018년 4월 10일 19시,화요일,경기도 수원시 장안구 정자동,중상사고,0,1,0,0,차대차 - 기타,안전운전불이행,건조,맑음,단일로 - 기타,자전거,남,55세,중상,이륜,남,43세,상해없음
2018041000100487,2018년 4월 10일 19시,화요일,경기도 수원시 권선구 서둔동,중상사고,0,1,0,0,차대차 - 기타,신호위반,건조,맑음,교차로 - 교차로부근,승용,남,76세,중상,승합,남,58세,상해없음
2018041000100520,2018년 4월 10일 20시,화요일,경기도 수원시 장안구 영화동,경상사고,0,0,1,0,차대사람 - 횡단중,안전운전불이행,건조,맑음,교차로 - 교차로안,승용,남,37세,상해없음,보행자,여,56세,경상
2018041000100569,2018년 4월 10일 21시,화요일,경기도 수원시 영통구 망포동,경상사고,0,0,1,0,차대차 - 측면충돌,안전거리미확보,건조,맑음,교차로 - 교차로부근,승용,남,19세,상해없음,승용,여,40세,경상
2018041000100607,2018년 4월 10일 22시,화요일,경기도 수원시 영통구 영통동,경상사고,0,0,1,0,차대사람 - 횡단중,보행자보호의무위반,젖음/습기,맑음,교차로 - 교차로횡단보도내,승용,남,58세,상해없음,보행자,남,36세,경상
2018041000100608,2018년 4월 10일 22시,화요일,경기도 수원시 권선구 세류동,경상사고,0,0,1,0,차대사람 - 횡단중,보행자보호의무위반,젖음/습기,비,교차로 - 교차로횡단보도내,승용,남,56세,상해없음,보행자,남,22세,경상
2018041000100609,2018년 4월 10일 22시,화요일,경기도 수원시 권선구 대황교동,경상사고,0,0,1,0,차대차 - 측면충돌,안전거리미확보,젖음/습기,비,단일로 - 기타,승용,남,40세,상해없음,승용,남,32세,경상
2018041100100005,2018년 4월 11일 00시,수요일,경기도 수원시 장안구 율전동,경상사고,0,0,1,0,차대사람 - 차도통행중,안전운전불이행,건조,맑음,교차로 - 교차로안,승용,여,55세,상해없음,보행자,남,41세,경상
2018041100100074,2018년 4월 11일 07시,수요일,경기도 수원시 권선구 당수동,경상사고,0,0,1,0,차대차 - 측면충돌,신호위반,건조,맑음,교차로 - 교차로안,승용,남,69세,상해없음,승용,여,37세,경상
2018041100100142,2018년 4월 11일 09시,수요일,경기도 수원시 팔달구 남창동,중상사고,0,1,0,0,차대차 - 측면충돌,안전운전불이행,건조,맑음,단일로 - 기타,승용,여,56세,상해없음,승용,남,62세,중상
2018041100100143,2018년 4월 11일 09시,수요일,경기도 수원시 장안구 천천동,경상사고,0,0,1,0,차대차 - 측면충돌,신호위반,건조,맑음,교차로 - 교차로안,승용,여,31세,상해없음,승용,여,58세,경상
2018041100100149,2018년 4월 11일 09시,수요일,경기도 수원시 팔달구 인계동,중상사고,0,1,2,0,차대차 - 측면충돌,차로위반,건조,맑음,단일로 - 기타,승용,남,35세,상해없음,승합,남,48세,상해없음
2018041100100259,2018년 4월 11일 13시,수요일,경기도 수원시 팔달구 화서동,중상사고,0,1,0,0,차대차 - 추돌,안전운전불이행,건조,맑음,교차로 - 교차로안,승용,여,58세,상해없음,자전거,남,79세,중상
2018041100100329,2018년 4월 11일 15시,수요일,경기도 수원시 권선구 고색동,중상사고,0,1,0,0,차대차 - 기타,안전운전불이행,건조,맑음,단일로 - 기타,승용,남,45세,상해없음,이륜,남,58세,중상
2018041100100404,2018년 4월 11일 17시,수요일,경기도 수원시 팔달구 인계동,중상사고,0,1,0,0,차대사람 - 횡단중,보행자보호의무위반,건조,맑음,기타 - 기타,이륜,남,18세,상해없음,보행자,여,74세,중상
2018041100100464,2018년 4월 11일 18시,수요일,경기도 수원시 권선구 세류동,경상사고,0,0,2,0,차대차 - 측면충돌,안전운전불이행,건조,맑음,단일로 - 기타,승합,남,62세,상해없음,승용,남,42세,경상
2018041100100534,2018년 4월 11일 20시,수요일,경기도 수원시 팔달구 인계동,경상사고,0,0,1,0,차대차 - 측면충돌,안전운전불이행,건조,맑음,단일로 - 기타,이륜,남,46세,상해없음,이륜,남,21세,경상
2018041100100580,2018년 4월 11일 22시,수요일,경기도 수원시 영통구 매탄동,중상사고,0,1,0,0,차대차 - 추돌,안전운전불이행,건조,맑음,단일로 - 기타,승용,남,58세,상해없음,이륜,남,29세,중상
2018041100100606,2018년 4월 11일 23시,수요일,경기도 수원시 권선구 권선동,중상사고,0,1,0,0,차대차 - 측면충돌,안전운전불이행,건조,맑음,교차로 - 교차로안,승용,남,29세,상해없음,이륜,남,56세,중상
2018041200100018,2018년 4월 12일 01시,목요일,경기도 수원시 팔달구 우만동,중상사고,0,1,0,0,차대차 - 추돌,안전운전불이행,건조,맑음,단일로 - 기타,승용,남,60세,상해없음,승용,남,42세,중상
2018041200100020,2018년 4월 12일 01시,목요일,경기도 수원시 권선구 권선동,경상사고,0,0,1,0,차대차 - 추돌,안전운전불이행,건조,맑음,단일로 - 기타,승용,남,53세,상해없음,승용,남,38세,경상
2018041200100045,2018년 4월 12일 04시,목요일,경기도 수원시 팔달구 인계동,중상사고,0,1,0,0,차대차 - 측면충돌,안전거리미확보,건조,맑음,단일로 - 기타,승용,남,53세,상해없음,승용,남,27세,중상
2018041200100148,2018년 4월 12일 09시,목요일,경기도 수원시 권선구 고색동,중상사고,0,1,2,0,차대차 - 측면충돌,안전운전불이행,건조,맑음,교차로 - 교차로안,화물,남,46세,상해없음,승합,남,55세,중상
2018041200100174,2018년 4월 12일 10시,목요일,경기도 수원시 장안구 영화동,경상사고,0,0,1,0,차대차 - 측면충돌,안전운전불이행,건조,맑음,교차로 - 교차로횡단보도내,승용,남,58세,상해없음,자전거,여,45세,경상
2018041200100178,2018년 4월 12일 10시,목요일,경기도 수원시 영통구 영통동,경상사고,0,0,1,0,차대차 - 측면충돌,교차로운행방법위반,건조,맑음,교차로 - 교차로안,승용,여,44세,상해없음,승용,남,47세,경상
2018041200100242,2018년 4월 12일 12시,목요일,경기도 수원시 팔달구 교동,중상사고,0,1,0,0,차대차 - 측면충돌,안전운전불이행,건조,맑음,단일로 - 기타,승용,남,29세,상해없음,자전거,여,45세,중상
2018041200100243,2018년 4월 12일 12시,목요일,경기도 수원시 권선구 고색동,경상사고,0,0,1,0,차대차 - 기타,불법유턴,건조,맑음,교차로 - 교차로횡단보도내,기타불명,기타불명,미분류,기타불명,승용,남,43세,경상
2018041200100275,2018년 4월 12일 13시,목요일,경기도 수원시 팔달구 매산로1가,경상사고,0,0,2,0,차대차 - 측면충돌,안전운전불이행,건조,맑음,단일로 - 기타,승용,남,55세,상해없음,승합,남,56세,경상
2018041200100305,2018년 4월 12일 14시,목요일,경기도 수원시 장안구 송죽동,경상사고,0,0,1,0,차대사람 - 기타,기타,건조,맑음,단일로 - 기타,자전거,남,17세,상해없음,보행자,남,70세,경상
2018041200100462,2018년 4월 12일 18시,목요일,경기도 수원시 장안구 정자동,경상사고,0,0,1,0,차대차 - 측면충돌,신호위반,건조,맑음,교차로 - 교차로안,이륜,남,58세,상해없음,자전거,여,37세,경상
2018041200100463,2018년 4월 12일 18시,목요일,경기도 수원시 장안구 영화동,중상사고,0,1,0,2,차량단독 - 기타,안전운전불이행,건조,맑음,단일로 - 기타,승용,남,50세,상해없음,,,,
2018041200100464,2018년 4월 12일 18시,목요일,경기도 수원시 장안구 영화동,중상사고,0,1,0,0,차대사람 - 횡단중,안전운전불이행,건조,맑음,교차로 - 교차로안,승용,여,61세,상해없음,보행자,여,83세,중상
2018041200100470,2018년 4월 12일 18시,목요일,경기도 수원시 권선구 오목천동,중상사고,0,1,0,0,차대사람 - 횡단중,안전운전불이행,건조,맑음,단일로 - 기타,이륜,남,20세,상해없음,보행자,여,55세,중상
2018041200100509,2018년 4월 12일 19시,목요일,경기도 수원시 영통구 망포동,경상사고,0,0,1,0,차대사람 - 기타,안전운전불이행,건조,맑음,단일로 - 기타,승용,여,45세,상해없음,보행자,여,17세,경상
2018041200100548,2018년 4월 12일 20시,목요일,경기도 수원시 영통구 망포동,경상사고,0,0,3,0,차대차 - 측면충돌,중앙선침범,건조,맑음,교차로 - 교차로안,승용,남,32세,상해없음,승용,남,37세,경상
2018041200100620,2018년 4월 12일 22시,목요일,경기도 수원시 권선구 권선동,중상사고,0,1,3,0,차대차 - 추돌,안전운전불이행,건조,맑음,교차로 - 교차로부근,승용,남,37세,상해없음,화물,남,37세,중상
2018041300100003,2018년 4월 13일 00시,금요일,경기도 수원시 영통구 이의동,중상사고,0,1,1,0,차대차 - 추돌,안전운전불이행,건조,맑음,단일로 - 기타,승용,남,49세,상해없음,승용,남,40세,중상
2018041300100044,2018년 4월 13일 04시,금요일,경기도 수원시 팔달구 인계동,경상사고,0,0,1,0,차대사람 - 기타,기타,건조,맑음,단일로 - 기타,화물,남,58세,상해없음,보행자,남,52세,경상
2018041300100063,2018년 4월 13일 06시,금요일,경기도 수원시 팔달구 인계동,중상사고,0,1,0,0,차대차 - 측면충돌,차로위반,건조,맑음,단일로 - 기타,승용,남,71세,상해없음,이륜,남,54세,중상
2018041300100117,2018년 4월 13일 08시,금요일,경기도 수원시 권선구 곡반정동,경상사고,0,0,1,0,차대차 - 기타,안전운전불이행,건조,맑음,단일로 - 기타,승합,남,49세,상해없음,승용,남,36세,상해없음
2018041300100164,2018년 4월 13일 09시,금요일,경기도 수원시 팔달구 매산로1가,중상사고,0,1,0,0,차량단독 - 기타,안전운전불이행,건조,맑음,교차로 - 교차로부근,승합,남,59세,상해없음,,,,
2018041300100373,2018년 4월 13일 16시,금요일,경기도 수원시 팔달구 화서동,경상사고,0,0,1,0,차대사람 - 횡단중,신호위반,건조,맑음,교차로 - 교차로횡단보도내,승용,여,49세,상해없음,보행자,여,11세,경상
2018041300100423,2018년 4월 13일 17시,금요일,경기도 수원시 영통구 원천동,중상사고,0,1,0,0,차대차 - 측면충돌,교차로운행방법위반,건조,맑음,교차로 - 교차로안,승용,여,42세,상해없음,이륜,남,32세,중상
2018041300100534,2018년 4월 13일 20시,금요일,경기도 수원시 장안구 조원동,경상사고,0,0,1,0,차대차 - 측면충돌,안전거리미확보,건조,맑음,단일로 - 기타,승용,여,34세,상해없음,이륜,남,55세,경상
2018041300100583,2018년 4월 13일 21시,금요일,경기도 수원시 권선구 금곡동,경상사고,0,0,3,1,차대차 - 기타,중앙선침범,건조,맑음,단일로 - 기타,승용,여,38세,부상신고,승용,여,53세,경상
2018041300100618,2018년 4월 13일 22시,금요일,경기도 수원시 권선구 탑동,부상신고사고,0,0,0,1,차대차 - 측면충돌,안전운전불이행,건조,맑음,교차로 - 교차로안,승용,남,50세,상해없음,승용,남,49세,부상신고
2018041400100065,2018년 4월 14일 03시,토요일,경기도 수원시 장안구 영화동,경상사고,0,0,1,0,차대사람 - 횡단중,안전운전불이행,건조,맑음,교차로 - 교차로안,승용,남,55세,상해없음,보행자,남,18세,경상
2018041400100082,2018년 4월 14일 04시,토요일,경기도 수원시 영통구 이의동,경상사고,0,0,1,0,차대차 - 측면충돌,안전거리미확보,젖음/습기,비,단일로 - 기타,승용,남,26세,상해없음,승용,남,40세,경상
2018041400100097,2018년 4월 14일 05시,토요일,경기도 수원시 팔달구 우만동,경상사고,0,0,1,0,차대차 - 측면충돌,안전운전불이행,젖음/습기,비,교차로 - 교차로안,승용,남,23세,상해없음,승용,여,41세,경상
2018041400100113,2018년 4월 14일 06시,토요일,경기도 수원시 팔달구 우만동,중상사고,0,1,0,0,차대차 - 측면충돌,안전거리미확보,젖음/습기,비,단일로 - 기타,승용,남,38세,상해없음,승용,남,33세,중상
2018041400100135,2018년 4월 14일 07시,토요일,경기도 수원시 팔달구 매산로1가,중상사고,0,1,7,2,차대차 - 측면충돌,중앙선침범,젖음/습기,비,교차로 - 교차로부근,승합,남,62세,경상,승합,남,55세,상해없음
2018041400100148,2018년 4월 14일 08시,토요일,경기도 수원시 권선구 곡반정동,부상신고사고,0,0,0,1,차대차 - 측면충돌,안전운전불이행,젖음/습기,비,기타 - 기타,승용,남,53세,부상신고,승용,남,35세,기타불명
2018041400100170,2018년 4월 14일 09시,토요일,경기도 수원시 권선구 세류동,경상사고,0,0,2,0,차대차 - 후진중충돌,안전운전불이행,젖음/습기,비,교차로 - 교차로부근,화물,남,58세,상해없음,화물,남,26세,경상
2018041400100171,2018년 4월 14일 09시,토요일,경기도 수원시 권선구 탑동,경상사고,0,0,1,0,차대차 - 측면충돌,교차로운행방법위반,젖음/습기,비,교차로 - 교차로부근,승용,여,50세,상해없음,승용,남,34세,경상
2018041400100296,2018년 4월 14일 13시,토요일,경기도 수원시 팔달구 매산로1가,경상사고,0,0,1,0,차대차 - 측면충돌,신호위반,젖음/습기,비,교차로 - 교차로부근,승용,여,32세,상해없음,승용,남,74세,경상
2018041400100394,2018년 4월 14일 16시,토요일,경기도 수원시 권선구 세류동,경상사고,0,0,1,0,차대차 - 기타,차로위반,건조,맑음,단일로 - 기타,승용,남,66세,상해없음,승합,남,59세,상해없음
2018041400100396,2018년 4월 14일 16시,토요일,경기도 수원시 장안구 하광교동,사망사고,1,0,0,0,차량단독 - 공작물충돌,안전운전불이행,젖음/습기,흐림,단일로 - 기타,화물,남,55세,사망,,,,
2018041400100443,2018년 4월 14일 18시,토요일,경기도 수원시 권선구 권선동,부상신고사고,0,0,0,1,차대차 - 기타,안전운전불이행,건조,맑음,교차로 - 교차로부근,이륜,남,25세,부상신고,화물,남,37세,상해없음
2018041400100444,2018년 4월 14일 18시,토요일,경기도 수원시 영통구 매탄동,경상사고,0,0,1,0,차대차 - 기타,신호위반,건조,맑음,교차로 - 교차로안,승용,여,25세,상해없음,화물,남,43세,경상
2018041400100471,2018년 4월 14일 19시,토요일,경기도 수원시 팔달구 우만동,경상사고,0,0,2,0,차대차 - 기타,안전거리미확보,건조,맑음,교차로 - 교차로부근,승용,남,46세,상해없음,승용,남,24세,경상