사고번호,사고일시,요일,시군구,사고내용,사망자수,중상자수,경상자수,부상신고자수,사고유형,법규위반,노면상태,기상상태,도로형태,가해운전자 차종,가해운전자 성별,가해운전자 연령,가해운전자 상해정도,피해운전자 차종,피해운전자 성별,피해운전자 연령,피해운전자 상해정도
2018042400100308,2018년 4월 24일 14시,화요일,경기도 수원시 권선구 구운동,경상사고,0,0,1,0,차대차 - 기타,신호위반,건조,맑음,교차로 - 교차로안,승용,여,41세,상해없음,화물,남,68세,상해없음
2018042400100428,2018년 4월 24일 17시,화요일,경기도 수원시 권선구 권선동,경상사고,0,0,1,0,차대차 - 추돌,안전운전불이행,건조,맑음,교차로 - 교차로부근,승용,남,57세,상해없음,승용,남,49세,상해없음
2018042400100468,2018년 4월 24일 18시,화요일,경기도 수원시 영통구 영통동,경상사고,0,0,1,0,차대차 - 측면충돌,안전운전불이행,건조,맑음,단일로 - 기타,승용,남,63세,상해없음,승용,여,44세,경상
2018042400100500,2018년 4월 24일 19시,화요일,경기도 수원시 권선구 고색동,경상사고,0,0,1,0,차대차 - 기타,안전운전불이행,건조,맑음,교차로 - 교차로부근,승용,여,31세,상해없음,이륜,남,23세,경상
2018042400100564,2018년 4월 24일 21시,화요일,경기도 수원시 권선구 금곡동,경상사고,0,0,1,1,차대차 - 측면충돌,중앙선침범,건조,맑음,단일로 - 기타,승용,여,56세,상해없음,승용,여,30세,경상
2018042500100069,2018년 4월 25일 07시,수요일,경기도 수원시 권선구 고색동,경상사고,0,0,1,0,차대차 - 추돌,안전거리미확보,건조,맑음,단일로 - 기타,승용,여,57세,상해없음,승용,남,27세,경상
2018042500100102,2018년 4월 25일 08시,수요일,경기도 수원시 권선구 세류동,중상사고,0,1,0,0,차대사람 - 기타,신호위반,건조,맑음,단일로 - 기타,승용,여,46세,상해없음,보행자,여,10세,중상
2018042500100174,2018년 4월 25일 10시,수요일,경기도 수원시 권선구 권선동,중상사고,0,1,0,0,차대사람 - 횡단중,보행자보호의무위반,건조,맑음,교차로 - 교차로횡단보도내,승용,남,31세,상해없음,보행자,여,79세,중상
2018042500100374,2018년 4월 25일 16시,수요일,경기도 수원시 장안구 정자동,경상사고,0,0,1,0,차대차 - 기타,신호위반,건조,맑음,교차로 - 교차로횡단보도내,승용,남,22세,상해없음,자전거,남,70세,경상
2018042500100421,2018년 4월 25일 17시,수요일,경기도 수원시 권선구 호매실동,경상사고,0,0,2,0,차대차 - 측면충돌,교차로운행방법위반,건조,맑음,교차로 - 교차로안,승용,여,53세,상해없음,이륜,남,18세,경상
2018042500100498,2018년 4월 25일 19시,수요일,경기도 수원시 영통구 이의동,중상사고,0,1,0,0,차대차 - 측면충돌,안전운전불이행,건조,맑음,단일로 - 기타,승용,여,66세,상해없음,승용,남,31세,상해없음
2018042500100520,2018년 4월 25일 20시,수요일,경기도 수원시 팔달구 화서동,경상사고,0,0,4,1,차대차 - 기타,안전거리미확보,건조,맑음,교차로 - 교차로안,승용,여,43세,기타불명,승합,남,53세,상해없음
2018042500100521,2018년 4월 25일 20시,수요일,경기도 수원시 팔달구 지동,경상사고,0,0,1,0,차대차 - 측면충돌,안전운전불이행,건조,맑음,단일로 - 기타,승용,남,54세,상해없음,원동기,남,42세,경상
2018042500100522,2018년 4월 25일 20시,수요일,경기도 수원시 장안구 영화동,경상사고,0,0,2,0,차대차 - 기타,교차로운행방법위반,건조,맑음,교차로 - 교차로안,승용,남,63세,상해없음,승용,남,24세,경상
2018042500100559,2018년 4월 25일 21시,수요일,경기도 수원시 권선구 구운동,경상사고,0,0,2,0,차대차 - 추돌,안전운전불이행,건조,맑음,교차로 - 교차로부근,승용,남,48세,상해없음,승용,여,59세,경상
2018042600100005,2018년 4월 26일 00시,목요일,경기도 수원시 권선구 권선동,중상사고,0,1,0,0,차대차 - 측면충돌,신호위반,건조,맑음,교차로 - 교차로안,승용,여,23세,상해없음,승합,남,41세,중상
2018042600100039,2018년 4월 26일 04시,목요일,경기도 수원시 영통구 이의동,경상사고,0,0,2,0,차대차 - 기타,신호위반,건조,맑음,교차로 - 교차로안,승용,남,54세,상해없음,화물,남,34세,경상
2018042600100046,2018년 4월 26일 05시,목요일,경기도 수원시 장안구 영화동,부상신고사고,0,0,0,2,차대차 - 기타,안전운전불이행,건조,맑음,단일로 - 기타,승용,남,35세,상해없음,승용,남,51세,부상신고
2018042600100091,2018년 4월 26일 08시,목요일,경기도 수원시 장안구 정자동,부상신고사고,0,0,0,1,차대차 - 기타,안전운전불이행,건조,맑음,교차로 - 교차로횡단보도내,자전거,여,14세,부상신고,승용,여,41세,상해없음
2018042600100099,2018년 4월 26일 08시,목요일,경기도 수원시 영통구 원천동,중상사고,0,1,1,0,차대차 - 추돌,안전거리미확보,건조,맑음,단일로 - 기타,승용,남,25세,상해없음,승합,여,47세,경상
2018042600100100,2018년 4월 26일 08시,목요일,경기도 수원시 팔달구 인계동,경상사고,0,0,1,0,차대차 - 측면충돌,안전운전불이행,건조,맑음,교차로 - 교차로부근,승용,남,43세,상해없음,승용,여,37세,경상
2018042600100136,2018년 4월 26일 09시,목요일,경기도 수원시 권선구 세류동,경상사고,0,0,1,0,차대차 - 측면충돌,안전거리미확보,건조,맑음,단일로 - 기타,승용,남,19세,상해없음,승용,남,48세,경상
2018042600100168,2018년 4월 26일 10시,목요일,경기도 수원시 권선구 세류동,경상사고,0,0,1,0,차대차 - 측면충돌,안전운전불이행,건조,맑음,단일로 - 기타,승용,남,42세,상해없음,승용,여,57세,경상
2018042600100329,2018년 4월 26일 15시,목요일,경기도 수원시 권선구 고색동,경상사고,0,0,2,0,차대차 - 추돌,안전거리미확보,건조,맑음,단일로 - 기타,승용,남,62세,상해없음,승용,여,45세,경상
2018042600100359,2018년 4월 26일 16시,목요일,경기도 수원시 팔달구 우만동,경상사고,0,0,2,0,차대차 - 측면충돌,직진우회전진행방해,건조,맑음,교차로 - 교차로안,승용,여,70세,경상,승용,남,65세,경상
2018042600100434,2018년 4월 26일 18시,목요일,경기도 수원시 장안구 영화동,부상신고사고,0,0,0,1,차대차 - 측면충돌,교차로운행방법위반,건조,맑음,교차로 - 교차로안,자전거,남,8세,부상신고,화물,남,47세,상해없음
2018042600100487,2018년 4월 26일 20시,목요일,경기도 수원시 장안구 송죽동,경상사고,0,0,1,0,차대차 - 기타,안전거리미확보,건조,맑음,단일로 - 기타,승용,남,57세,상해없음,승용,남,43세,경상
2018042600100553,2018년 4월 26일 22시,목요일,경기도 수원시 장안구 영화동,경상사고,0,0,2,0,차대차 - 기타,교차로운행방법위반,건조,맑음,교차로 - 교차로안,승합,남,44세,상해없음,승용,여,58세,경상
2018042700100002,2018년 4월 27일 00시,금요일,경기도 수원시 영통구 이의동,경상사고,0,0,2,0,차대차 - 기타,교차로운행방법위반,건조,맑음,교차로 - 교차로안,승용,남,60세,상해없음,승용,남,60세,상해없음
2018042700100031,2018년 4월 27일 02시,금요일,경기도 수원시 장안구 영화동,경상사고,0,0,1,0,차대차 - 측면충돌,신호위반,건조,맑음,교차로 - 교차로안,승용,남,32세,상해없음,승용,남,44세,경상
2018042700100050,2018년 4월 27일 04시,금요일,경기도 수원시 팔달구 우만동,경상사고,0,0,2,0,차대차 - 추돌,안전운전불이행,건조,맑음,교차로 - 교차로부근,승용,남,51세,상해없음,승용,남,54세,상해없음
2018042700100078,2018년 4월 27일 07시,금요일,경기도 수원시 권선구 서둔동,경상사고,0,0,1,0,차대차 - 측면충돌,기타,건조,맑음,교차로 - 교차로안,승용,남,63세,상해없음,승용,남,23세,경상
2018042700100101,2018년 4월 27일 08시,금요일,경기도 수원시 팔달구 우만동,경상사고,0,0,1,0,차대사람 - 기타,안전운전불이행,건조,맑음,교차로 - 교차로안,승용,여,63세,상해없음,보행자,여,29세,경상
2018042700100102,2018년 4월 27일 08시,금요일,경기도 수원시 장안구 율전동,경상사고,0,0,1,0,차량단독 - 기타,안전운전불이행,건조,맑음,교차로 - 교차로안,승합,남,51세,상해없음,,,,
2018042700100111,2018년 4월 27일 08시,금요일,경기도 수원시 팔달구 매교동,경상사고,0,0,1,0,차대사람 - 기타,안전운전불이행,건조,맑음,교차로 - 교차로부근,승용,남,31세,상해없음,보행자,남,25세,경상
2018042700100142,2018년 4월 27일 09시,금요일,경기도 수원시 팔달구 북수동,중상사고,0,1,0,0,차대사람 - 횡단중,보행자보호의무위반,건조,맑음,교차로 - 교차로안,승용,여,53세,상해없음,보행자,여,63세,중상
2018042700100176,2018년 4월 27일 10시,금요일,경기도 수원시 팔달구 우만동,경상사고,0,0,1,0,차대차 - 기타,안전운전불이행,건조,맑음,교차로 - 교차로횡단보도내,기타불명,기타불명,미분류,기타불명,자전거,여,54세,경상
2018042700100255,2018년 4월 27일 13시,금요일,경기도 수원시 팔달구 매산로1가,경상사고,0,0,1,0,차대사람 - 횡단중,안전운전불이행,건조,맑음,단일로 - 기타,승합,남,48세,상해없음,보행자,여,14세,경상
2018042700100409,2018년 4월 27일 17시,금요일,경기도 수원시 권선구 평동,경상사고,0,0,2,0,차대차 - 측면충돌,신호위반,건조,맑음,교차로 - 교차로안,승용,남,61세,상해없음,승용,여,65세,경상
2018042700100410,2018년 4월 27일 17시,금요일,경기도 수원시 권선구 고색동,경상사고,0,0,1,0,차대차 - 측면충돌,안전운전불이행,건조,맑음,교차로 - 교차로부근,화물,남,39세,상해없음,승용,남,27세,경상
2018042700100457,2018년 4월 27일 18시,금요일,경기도 수원시 영통구 매탄동,경상사고,0,0,1,0,차대사람 - 기타,안전운전불이행,건조,맑음,단일로 - 기타,승용,여,33세,상해없음,보행자,남,12세,경상
2018042700100460,2018년 4월 27일 18시,금요일,경기도 수원시 권선구 오목천동,경상사고,0,0,1,0,차대차 - 측면충돌,교차로운행방법위반,건조,맑음,교차로 - 교차로안,승용,여,55세,상해없음,승용,남,46세,경상
2018042700100503,2018년 4월 27일 19시,금요일,경기도 수원시 팔달구 화서동,경상사고,0,0,1,1,차대차 - 추돌,안전거리미확보,건조,맑음,단일로 - 기타,승합,남,63세,상해없음,화물,남,50세,부상신고
2018042700100571,2018년 4월 27일 21시,금요일,경기도 수원시 장안구 연무동,경상사고,0,0,2,0,차대차 - 추돌,안전운전불이행,건조,맑음,단일로 - 기타,승용,남,34세,상해없음,승용,남,60세,경상
2018042700100608,2018년 4월 27일 22시,금요일,경기도 수원시 권선구 세류동,경상사고,0,0,4,0,차대차 - 추돌,안전운전불이행,건조,맑음,단일로 - 기타,승용,남,44세,상해없음,승용,남,61세,경상
2018042800100005,2018년 4월 28일 00시,토요일,경기도 수원시 팔달구 화서동,경상사고,0,0,1,0,차대사람 - 기타,안전운전불이행,건조,맑음,교차로 - 교차로안,승용,남,36세,상해없음,보행자,남,58세,경상
2018042800100092,2018년 4월 28일 05시,토요일,경기도 수원시 팔달구 인계동,경상사고,0,0,1,0,차대사람 - 차도통행중,안전운전불이행,건조,맑음,단일로 - 기타,승용,여,26세,상해없음,보행자,남,23세,상해없음
2018042800100120,2018년 4월 28일 07시,토요일,경기도 수원시 팔달구 인계동,중상사고,0,1,1,0,차대차 - 추돌,안전운전불이행,건조,맑음,교차로 - 교차로부근,승합,남,32세,중상,건설기계,남,49세,경상
2018042800100121,2018년 4월 28일 07시,토요일,경기도 수원시 권선구 세류동,경상사고,0,0,1,0,차대차 - 측면충돌,안전운전불이행,건조,맑음,교차로 - 교차로부근,승용,남,34세,상해없음,화물,남,37세,경상
2018042800100141,2018년 4월 28일 08시,토요일,경기도 수원시 장안구 파장동,경상사고,0,0,2,0,차대차 - 기타,교차로운행방법위반,건조,맑음,교차로 - 교차로부근,승용,여,45세,상해없음,승용,남,51세,경상
2018042800100173,2018년 4월 28일 09시,토요일,경기도 수원시 영통구 신동,경상사고,0,0,1,0,차대사람 - 횡단중,보행자보호의무위반,건조,맑음,교차로 - 교차로안,승용,남,57세,상해없음,보행자,남,38세,경상
2018042800100215,2018년 4월 28일 10시,토요일,경기도 수원시 팔달구 매산로2가,경상사고,0,0,3,0,차대차 - 추돌,안전운전불이행,건조,맑음,단일로 - 기타,이륜,남,25세,상해없음,승용,남,32세,경상
2018042800100249,2018년 4월 28일 11시,토요일,경기도 수원시 영통구 망포동,경상사고,0,0,2,0,차대차 - 측면충돌,차로위반,건조,맑음,교차로 - 교차로부근,승용,여,49세,상해없음,승용,남,42세,경상
2018042800100293,2018년 4월 28일 12시,토요일,경기도 수원시 팔달구 고등동,경상사고,0,0,2,0,차대차 - 추돌,안전거리미확보,건조,맑음,교차로 - 교차로안,승용,남,36세,상해없음,승용,남,59세,경상
2018042800100367,2018년 4월 28일 14시,토요일,경기도 수원시 팔달구 지동,경상사고,0,0,1,0,차대사람 - 길가장자리구역통행중,안전운전불이행,건조,맑음,단일로 - 기타,승용,남,23세,상해없음,보행자,남,50세,경상
2018042800100441,2018년 4월 28일 16시,토요일,경기도 수원시 장안구 정자동,경상사고,0,0,1,0,차대차 - 기타,안전운전불이행,건조,맑음,단일로 - 기타,승용,남,35세,상해없음,승용,여,43세,경상
2018042800100548,2018년 4월 28일 19시,토요일,경기도 수원시 권선구 탑동,경상사고,0,0,1,0,차대차 - 추돌,안전운전불이행,건조,맑음,단일로 - 기타,승용,여,29세,상해없음,승용,남,40세,경상
2018042800100605,2018년 4월 28일 21시,토요일,경기도 수원시 장안구 연무동,부상신고사고,0,0,0,1,차대차 - 측면충돌,직진우회전진행방해,건조,맑음,교차로 - 교차로안,이륜,남,20세,부상신고,승용,남,44세,기타불명
2018042900100036,2018년 4월 29일 02시,일요일,경기도 수원시 팔달구 인계동,중상사고,0,1,0,0,차대사람 - 차도통행중,안전운전불이행,건조,맑음,단일로 - 기타,승용,여,42세,상해없음,보행자,남,45세,중상
2018042900100073,2018년 4월 29일 06시,일요일,경기도 수원시 팔달구 인계동,경상사고,0,0,1,0,차대사람 - 기타,안전운전불이행,건조,맑음,단일로 - 기타,승용,남,53세,상해없음,보행자,남,29세,경상
2018042900100261,2018년 4월 29일 14시,일요일,경기도 수원시 팔달구 화서동,경상사고,0,0,2,0,차대차 - 기타,교차로운행방법위반,건조,맑음,교차로 - 교차로안,승용,남,47세,상해없음,승용,남,33세,경상
2018042900100296,2018년 4월 29일 15시,일요일,경기도 수원시 팔달구 팔달로2가,중상사고,0,1,1,0,차대차 - 기타,안전거리미확보,건조,맑음,교차로 - 교차로안,승용,남,49세,상해없음,승용,남,30세,경상
2018042900100297,2018년 4월 29일 15시,일요일,경기도 수원시 장안구 연무동,경상사고,0,0,1,0,차대차 - 기타,안전거리미확보,건조,맑음,단일로 - 기타,승용,여,57세,상해없음,승용,여,41세,경상
2018042900100299,2018년 4월 29일 15시,일요일,경기도 수원시 영통구 매탄동,부상신고사고,0,0,0,1,차량단독 - 기타,안전운전불이행,건조,맑음,단일로 - 기타,승합,남,32세,상해없음,,,,
2018042900100334,2018년 4월 29일 16시,일요일,경기도 수원시 팔달구 팔달로3가,부상신고사고,0,0,0,1,차대사람 - 기타,안전운전불이행,건조,맑음,단일로 - 기타,승용,남,47세,상해없음,보행자,여,19세,부상신고
2018042900100373,2018년 4월 29일 17시,일요일,경기도 수원시 장안구 조원동,경상사고,0,0,1,0,차대차 - 기타,교차로운행방법위반,건조,맑음,교차로 - 교차로안,승용,남,47세,상해없음,승용,남,69세,경상
2018042900100415,2018년 4월 29일 18시,일요일,경기도 수원시 권선구 탑동,경상사고,0,0,3,0,차대차 - 기타,교차로운행방법위반,건조,맑음,교차로 - 교차로안,승합,남,53세,상해없음,승용,남,51세,경상
2018042900100473,2018년 4월 29일 20시,일요일,경기도 수원시 장안구 연무동,경상사고,0,0,1,0,차대차 - 기타,교차로운행방법위반,건조,맑음,교차로 - 교차로안,자전거,여,38세,경상,화물,여,32세,기타불명
2018042900100474,2018년 4월 29일 20시,일요일,경기도 수원시 장안구 영화동,중상사고,0,1,0,0,차대차 - 추돌,안전운전불이행,건조,맑음,기타 - 기타,승용,남,56세,상해없음,이륜,남,46세,중상
2018042900100479,2018년 4월 29일 20시,일요일,경기도 수원시 팔달구 인계동,경상사고,0,0,1,0,차대차 - 측면충돌,안전운전불이행,건조,맑음,단일로 - 기타,승용,남,59세,상해없음,승용,여,28세,경상
2018042900100529,2018년 4월 29일 22시,일요일,경기도 수원시 권선구 평동,경상사고,0,0,1,0,차대차 - 추돌,안전운전불이행,건조,맑음,단일로 - 기타,화물,남,62세,상해없음,승용,남,40세,경상
2018043000100286,2018년 4월 30일 13시,월요일,경기도 수원시 장안구 파장동,부상신고사고,0,0,0,3,차대차 - 측면충돌,안전운전불이행,건조,맑음,단일로 - 기타,승합,남,56세,상해없음,화물,남,48세,부상신고
2018043000100360,2018년 4월 30일 15시,월요일,경기도 수원시 권선구 세류동,부상신고사고,0,0,0,1,차대사람 - 기타,안전운전불이행,건조,맑음,단일로 - 기타,승용,남,56세,상해없음,보행자,남,58세,부상신고
2018043000100392,2018년 4월 30일 16시,월요일,경기도 수원시 팔달구 매산로1가,경상사고,0,0,1,0,차대사람 - 기타,안전운전불이행,건조,맑음,단일로 - 기타,승용,여,21세,상해없음,보행자,여,66세,경상
2018043000100393,2018년 4월 30일 16시,월요일,경기도 수원시 권선구 구운동,경상사고,0,0,1,0,차대차 - 정면충돌,신호위반,건조,맑음,교차로 - 교차로안,승용,남,47세,상해없음,승용,남,28세,경상
2018043000100555,2018년 4월 30일 20시,월요일,경기도 수원시 권선구 오목천동,중상사고,0,1,0,0,차대차 - 측면충돌,신호위반,건조,맑음,교차로 - 교차로안,화물,남,58세,상해없음,이륜,남,26세,중상
2018043000100588,2018년 4월 30일 21시,월요일,경기도 수원시 팔달구 인계동,중상사고,0,1,1,0,차대차 - 측면충돌,신호위반,건조,맑음,교차로 - 교차로안,승용,남,33세,경상,원동기,남,23세,중상
2018043000100612,2018년 4월 30일 22시,월요일,경기도 수원시 권선구 세류동,중상사고,0,1,0,0,차대사람 - 길가장자리구역통행중,안전운전불이행,건조,맑음,단일로 - 기타,승합,남,64세,상해없음,보행자,남,25세,중상
2018050100100075,2018년 5월 1일 06시,화요일,경기도 수원시 장안구 영화동,중상사고,0,2,1,0,차대차 - 측면충돌,직진우회전진행방해,건조,맑음,교차로 - 교차로안,승합,남,54세,기타불명,승용,여,32세,경상
2018050100100113,2018년 5월 1일 08시,화요일,경기도 수원시 권선구 금곡동,경상사고,0,0,2,0,차대차 - 측면충돌,신호위반,건조,맑음,교차로 - 교차로안,승용,여,65세,상해없음,승용,남,44세,경상
2018050100100184,2018년 5월 1일 11시,화요일,경기도 수원시 권선구 권선동,경상사고,0,0,1,0,차대차 - 측면충돌,교차로운행방법위반,건조,맑음,교차로 - 교차로안,승용,남,24세,상해없음,승용,남,58세,경상
2018050100100209,2018년 5월 1일 12시,화요일,경기도 수원시 팔달구 우만동,경상사고,0,0,5,0,차대차 - 측면충돌,신호위반,건조,맑음,교차로 - 교차로안,승용,남,34세,상해없음,이륜,남,25세,경상
2018050100100211,2018년 5월 1일 12시,화요일,경기도 수원시 권선구 세류동,부상신고사고,0,0,0,1,차대사람 - 차도통행중,안전운전불이행,건조,맑음,교차로 - 교차로안,기타불명,기타불명,미분류,기타불명,보행자,남,11세,부상신고
2018050100100242,2018년 5월 1일 13시,화요일,경기도 수원시 권선구 권선동,부상신고사고,0,0,0,1,차대차 - 기타,신호위반,건조,맑음,교차로 - 교차로부근,이륜,남,29세,부상신고,승용,남,58세,상해없음
2018050100100245,2018년 5월 1일 13시,화요일,경기도 수원시 팔달구 매산로2가,중상사고,0,1,0,0,차대사람 - 차도통행중,안전운전불이행,건조,맑음,교차로 - 교차로부근,화물,남,48세,상해없음,보행자,여,55세,중상
2018050100100371,2018년 5월 1일 17시,화요일,경기도 수원시 팔달구 인계동,경상사고,0,0,1,0,차대사람 - 횡단중,안전운전불이행,건조,맑음,교차로 - 교차로부근,승용,남,57세,상해없음,보행자,남,30세,경상
2018050200100018,2018년 5월 2일 01시,수요일,경기도 수원시 팔달구 화서동,경상사고,0,0,1,0,차대사람 - 횡단중,안전운전불이행,건조,맑음,단일로 - 기타,승용,남,36세,상해없음,보행자,남,46세,경상
2018050200100040,2018년 5월 2일 03시,수요일,경기도 수원시 권선구 세류동,경상사고,0,0,1,0,차대차 - 측면충돌,교차로운행방법위반,젖음/습기,흐림,교차로 - 교차로안,이륜,남,47세,경상,승용,남,38세,상해없음
2018050200100085,2018년 5월 2일 07시,수요일,경기도 수원시 장안구 정자동,경상사고,0,0,1,0,차대차 - 추돌,안전운전불이행,젖음/습기,비,교차로 - 교차로부근,승용,남,36세,상해없음,승용,여,48세,경상
2018050200100090,2018년 5월 2일 07시,수요일,경기도 수원시 권선구 권선동,경상사고,0,0,2,0,차대차 - 추돌,안전운전불이행,젖음/습기,비,단일로 - 기타,승합,남,56세,상해없음,승용,남,44세,경상
2018050200100116,2018년 5월 2일 08시,수요일,경기도 수원시 팔달구 화서동,중상사고,0,1,0,0,차대차 - 기타,신호위반,건조,맑음,교차로 - 교차로안,승합,여,56세,상해없음,승용,남,30세,상해없음
2018050200100201,2018년 5월 2일 10시,수요일,경기도 수원시 팔달구 우만동,부상신고사고,0,0,0,1,차대차 - 기타,안전운전불이행,건조,맑음,단일로 - 기타,자전거,남,79세,부상신고,화물,남,39세,상해없음
2018050200100236,2018년 5월 2일 11시,수요일,경기도 수원시 장안구 연무동,중상사고,0,1,0,0,차대사람 - 기타,안전운전불이행,젖음/습기,비,교차로 - 교차로안,건설기계,남,48세,기타불명,보행자,여,47세,중상
2018050200100295,2018년 5월 2일 13시,수요일,경기도 수원시 권선구 오목천동,중상사고,0,1,1,0,차대차 - 추돌,안전거리미확보,젖음/습기,비,단일로 - 기타,승용,여,45세,상해없음,승합,남,41세,경상
2018050200100396,2018년 5월 2일 16시,수요일,경기도 수원시 팔달구 북수동,경상사고,0,0,1,0,차량단독 - 기타,기타,건조,맑음,단일로 - 기타,승합,남,50세,상해없음,,,,
2018050200100398,2018년 5월 2일 16시,수요일,경기도 수원시 권선구 권선동,경상사고,0,0,1,0,차대차 - 기타,안전거리미확보,건조,맑음,단일로 - 기타,승용,남,29세,상해없음,승용,남,29세,상해없음
2018050200100401,2018년 5월 2일 16시,수요일,경기도 수원시 권선구 평동,경상사고,0,0,1,0,차대차 - 측면충돌,안전거리미확보,건조,맑음,단일로 - 기타,승용,남,60세,상해없음,승용,남,28세,경상
2018050200100469,2018년 5월 2일 18시,수요일,경기도 수원시 팔달구 고등동,경상사고,0,0,1,0,차대사람 - 차도통행중,안전운전불이행,건조,맑음,단일로 - 기타,승용,여,44세,기타불명,보행자,여,25세,경상
2018050200100616,2018년 5월 2일 23시,수요일,경기도 수원시 장안구 이목동,경상사고,0,0,1,0,차대차 - 추돌,과속,건조,흐림,단일로 - 기타,승용,남,53세,상해없음,승용,남,28세,경상
2018050300100009,2018년 5월 3일 00시,목요일,경기도 수원시 팔달구 인계동,경상사고,0,0,1,0,차대사람 - 길가장자리구역통행중,안전운전불이행,건조,맑음,단일로 - 기타,승용,남,42세,상해없음,보행자,남,36세,경상
2018050300100057,2018년 5월 3일 04시,목요일,경기도 수원시 권선구 서둔동,경상사고,0,0,1,0,차대차 - 기타,신호위반,건조,맑음,교차로 - 교차로안,승용,남,27세,상해없음,화물,남,63세,경상
2018050300100071,2018년 5월 3일 06시,목요일,경기도 수원시 권선구 권선동,경상사고,0,0,1,0,차대차 - 측면충돌,신호위반,건조,맑음,교차로 - 교차로안,화물,남,53세,상해없음,승용,남,69세,상해없음
2018050300100354,2018년 5월 3일 15시,목요일,경기도 수원시 권선구 권선동,경상사고,0,0,1,0,차대차 - 후진중충돌,안전운전불이행,건조,맑음,단일로 - 기타,승용,남,36세,상해없음,승용,남,24세,경상
2018050300100392,2018년 5월 3일 16시,목요일,경기도 수원시 팔달구 화서동,경상사고,0,0,1,0,차대사람 - 기타,안전운전불이행,건조,맑음,교차로 - 교차로부근,승용,여,43세,상해없음,보행자,남,66세,경상
2018050300100393,2018년 5월 3일 16시,목요일,경기도 수원시 팔달구 매향동,경상사고,0,0,3,0,차대차 - 기타,안전운전불이행,건조,맑음,단일로 - 기타,승용,남,20세,상해없음,승용,여,41세,경상
2018050300100400,2018년 5월 3일 16시,목요일,경기도 수원시 영통구 영통동,경상사고,0,0,2,0,차대차 - 측면충돌,차로위반,건조,맑음,교차로 - 교차로부근,승합,남,56세,상해없음,승용,여,43세,경상
2018050300100437,2018년 5월 3일 17시,목요일,경기도 수원시 장안구 정자동,경상사고,0,0,4,0,차대차 - 측면충돌,신호위반,건조,맑음,교차로 - 교차로안,승용,남,30세,상해없음,승용,남,20세,경상
2018050300100484,2018년 5월 3일 18시,목요일,경기도 수원시 팔달구 인계동,경상사고,0,0,1,0,차대차 - 측면충돌,차로위반,건조,맑음,교차로 - 교차로안,승합,남,57세,상해없음,승용,남,42세,경상
2018050300100523,2018년 5월 3일 19시,목요일,경기도 수원시 장안구 송죽동,경상사고,0,0,1,0,차대사람 - 기타,신호위반,건조,맑음,교차로 - 교차로횡단보도내,기타불명,기타불명,미분류,기타불명,보행자,남,22세,경상
2018050300100526,2018년 5월 3일 19시,목요일,경기도 수원시 권선구 권선동,중상사고,0,1,1,0,차대차 - 추돌,안전운전불이행,건조,맑음,교차로 - 교차로안,승용,남,29세,상해없음,승용,남,47세,경상
2018050300100527,2018년 5월 3일 19시,목요일,경기도 수원시 팔달구 인계동,경상사고,0,0,1,0,차대사람 - 기타,안전운전불이행,건조,맑음,단일로 - 기타,승용,남,21세,상해없음,보행자,여,24세,경상
2018050300100590,2018년 5월 3일 21시,목요일,경기도 수원시 장안구 정자동,경상사고,0,0,2,0,차대차 - 기타,안전운전불이행,건조,맑음,단일로 - 기타,승용,남,41세,상해없음,승용,남,47세,경상
2018050300100591,2018년 5월 3일 21시,목요일,경기도 수원시 장안구 율전동,경상사고,0,0,1,0,차대차 - 추돌,안전운전불이행,건조,맑음,단일로 - 기타,승용,남,34세,기타불명,승용,남,50세,경상
2018050300100592,2018년 5월 3일 21시,목요일,경기도 수원시 장안구 연무동,경상사고,0,0,1,0,차대차 - 측면충돌,안전운전불이행,건조,맑음,단일로 - 기타,승용,여,53세,상해없음,이륜,남,30세,경상
2018050300100594,2018년 5월 3일 21시,목요일,경기도 수원시 권선구 권선동,경상사고,0,0,1,0,차대차 - 측면충돌,안전운전불이행,건조,맑음,기타 - 기타,승용,남,56세,상해없음,화물,남,47세,상해없음
2018050300100595,2018년 5월 3일 21시,목요일,경기도 수원시 권선구 구운동,경상사고,0,0,1,0,차대차 - 측면충돌,안전운전불이행,건조,맑음,교차로 - 교차로안,승용,남,56세,상해없음,승용,남,50세,경상
2018050300100648,2018년 5월 3일 23시,목요일,경기도 수원시 권선구 구운동,경상사고,0,0,1,0,차대차 - 추돌,안전운전불이행,건조,맑음,교차로 - 교차로안,화물,남,55세,상해없음,화물,남,43세,경상
2018050400100007,2018년 5월 4일 00시,금요일,경기도 수원시 팔달구 인계동,경상사고,0,0,1,0,차대사람 - 차도통행중,안전운전불이행,건조,맑음,교차로 - 교차로안,승용,남,46세,상해없음,보행자,남,36세,경상
2018050400100027,2018년 5월 4일 01시,금요일,경기도 수원시 권선구 권선동,중상사고,0,1,3,0,차대차 - 추돌,안전운전불이행,건조,맑음,교차로 - 교차로부근,승용,남,18세,상해없음,승합,남,59세,경상
2018050400100064,2018년 5월 4일 06시,금요일,경기도 수원시 권선구 당수동,중상사고,0,1,0,0,차대차 - 정면충돌,중앙선침범,건조,맑음,단일로 - 기타,승용,남,63세,상해없음,화물,남,41세,중상
2018050400100110,2018년 5월 4일 08시,금요일,경기도 수원시 권선구 권선동,중상사고,0,1,0,0,차대사람 - 기타,안전운전불이행,건조,맑음,단일로 - 기타,승용,여,28세,상해없음,보행자,남,76세,중상