사고번호,사고일시,요일,시군구,사고내용,사망자수,중상자수,경상자수,부상신고자수,사고유형,법규위반,노면상태,기상상태,도로형태,가해운전자 차종,가해운전자 성별,가해운전자 연령,가해운전자 상해정도,피해운전자 차종,피해운전자 성별,피해운전자 연령,피해운전자 상해정도
2018051200100009,2018년 5월 12일 00시,토요일,경기도 수원시 권선구 권선동,경상사고,0,0,1,0,차대차 - 측면충돌,교차로운행방법위반,건조,맑음,교차로 - 교차로안,승용,남,66세,상해없음,승용,남,38세,경상
2018051200100010,2018년 5월 12일 00시,토요일,경기도 수원시 권선구 고색동,경상사고,0,0,3,0,차대차 - 측면충돌,안전거리미확보,젖음/습기,흐림,단일로 - 기타,승용,남,63세,상해없음,건설기계,남,34세,상해없음
2018051200100029,2018년 5월 12일 01시,토요일,경기도 수원시 영통구 영통동,경상사고,0,0,1,0,차대사람 - 기타,안전운전불이행,건조,맑음,단일로 - 기타,승용,남,52세,상해없음,보행자,남,49세,경상
2018051200100111,2018년 5월 12일 07시,토요일,경기도 수원시 영통구 이의동,경상사고,0,0,1,0,차대차 - 측면충돌,교차로운행방법위반,젖음/습기,비,교차로 - 교차로안,승용,여,38세,상해없음,승용,여,24세,경상
2018051200100132,2018년 5월 12일 08시,토요일,경기도 수원시 권선구 탑동,경상사고,0,0,1,0,차대차 - 추돌,안전운전불이행,젖음/습기,비,기타 - 기타,화물,남,50세,기타불명,승용,남,60세,경상
2018051200100150,2018년 5월 12일 09시,토요일,경기도 수원시 영통구 이의동,경상사고,0,0,1,0,차대차 - 측면충돌,신호위반,젖음/습기,비,교차로 - 교차로안,화물,남,54세,상해없음,승용,여,65세,경상
2018051200100175,2018년 5월 12일 10시,토요일,경기도 수원시 장안구 정자동,중상사고,0,2,0,0,차대차 - 기타,안전운전불이행,젖음/습기,비,교차로 - 교차로안,승용,여,36세,중상,승용,남,59세,중상
2018051200100308,2018년 5월 12일 14시,토요일,경기도 수원시 영통구 영통동,경상사고,0,0,2,0,차대차 - 측면충돌,직진우회전진행방해,건조,맑음,교차로 - 교차로안,승용,여,33세,상해없음,승용,남,33세,경상
2018051200100344,2018년 5월 12일 15시,토요일,경기도 수원시 장안구 송죽동,경상사고,0,0,1,0,차대차 - 추돌,안전운전불이행,젖음/습기,비,단일로 - 기타,승합,남,53세,상해없음,승합,남,49세,상해없음
2018051200100348,2018년 5월 12일 15시,토요일,경기도 수원시 팔달구 인계동,중상사고,0,1,0,0,차대차 - 기타,차로위반,젖음/습기,비,단일로 - 기타,화물,남,51세,상해없음,이륜,남,24세,중상
2018051200100458,2018년 5월 12일 18시,토요일,경기도 수원시 팔달구 우만동,경상사고,0,0,1,0,차대차 - 기타,안전운전불이행,젖음/습기,비,단일로 - 기타,승용,남,49세,기타불명,승합,남,60세,상해없음
2018051200100459,2018년 5월 12일 18시,토요일,경기도 수원시 장안구 정자동,부상신고사고,0,0,0,1,차대차 - 측면충돌,차로위반,젖음/습기,비,교차로 - 교차로부근,승용,남,33세,부상신고,승합,남,59세,상해없음
2018051200100503,2018년 5월 12일 19시,토요일,경기도 수원시 장안구 조원동,경상사고,0,0,1,0,차대차 - 기타,교차로운행방법위반,건조,흐림,교차로 - 교차로안,이륜,남,36세,경상,화물,남,49세,상해없음
2018051200100515,2018년 5월 12일 19시,토요일,경기도 수원시 영통구 매탄동,경상사고,0,0,1,0,차대사람 - 횡단중,안전운전불이행,건조,맑음,단일로 - 기타,승용,남,66세,상해없음,보행자,남,54세,경상
2018051200100608,2018년 5월 12일 21시,토요일,경기도 수원시 권선구 오목천동,중상사고,0,2,0,0,차대차 - 기타,차로위반,젖음/습기,비,단일로 - 기타,승용,남,54세,상해없음,승용,남,71세,중상
2018051200100657,2018년 5월 12일 22시,토요일,경기도 수원시 권선구 세류동,경상사고,0,0,1,0,차대사람 - 횡단중,신호위반,젖음/습기,비,단일로 - 고가도로위,승용,여,45세,상해없음,보행자,남,29세,경상
2018051300100010,2018년 5월 13일 00시,일요일,경기도 수원시 팔달구 인계동,중상사고,0,1,0,0,차대사람 - 차도통행중,안전운전불이행,젖음/습기,비,기타 - 기타,이륜,남,39세,상해없음,보행자,여,64세,중상
2018051300100049,2018년 5월 13일 02시,일요일,경기도 수원시 팔달구 인계동,경상사고,0,0,2,0,차대사람 - 길가장자리구역통행중,안전운전불이행,건조,맑음,단일로 - 기타,승용,남,26세,상해없음,보행자,여,18세,경상
2018051300100093,2018년 5월 13일 06시,일요일,경기도 수원시 팔달구 인계동,경상사고,0,0,1,0,차대사람 - 기타,안전운전불이행,건조,맑음,단일로 - 기타,승용,남,24세,상해없음,보행자,남,29세,경상
2018051300100140,2018년 5월 13일 10시,일요일,경기도 수원시 권선구 오목천동,경상사고,0,0,1,0,차대차 - 측면충돌,직진우회전진행방해,건조,맑음,교차로 - 교차로안,자전거,남,8세,경상,승용,남,26세,상해없음
2018051300100157,2018년 5월 13일 11시,일요일,경기도 수원시 팔달구 인계동,경상사고,0,0,1,0,차대사람 - 기타,안전운전불이행,건조,맑음,단일로 - 기타,기타불명,기타불명,미분류,기타불명,보행자,여,27세,경상
2018051300100178,2018년 5월 13일 12시,일요일,경기도 수원시 장안구 율전동,경상사고,0,0,1,0,차대차 - 측면충돌,교차로운행방법위반,건조,맑음,교차로 - 교차로안,승용,남,56세,상해없음,승용,여,38세,경상
2018051300100179,2018년 5월 13일 12시,일요일,경기도 수원시 장안구 정자동,중상사고,0,1,0,0,차대차 - 기타,신호위반,건조,맑음,교차로 - 교차로횡단보도내,화물,남,53세,상해없음,자전거,남,66세,중상
2018051300100269,2018년 5월 13일 15시,일요일,경기도 수원시 팔달구 우만동,경상사고,0,0,1,1,차대차 - 정면충돌,직진우회전진행방해,건조,맑음,교차로 - 교차로안,승용,여,52세,경상,이륜,남,39세,부상신고
2018051300100270,2018년 5월 13일 15시,일요일,경기도 수원시 팔달구 팔달로2가,경상사고,0,0,1,0,차량단독 - 기타,안전거리미확보,건조,맑음,교차로 - 교차로부근,승합,남,47세,상해없음,,,,
2018051300100310,2018년 5월 13일 16시,일요일,경기도 수원시 권선구 서둔동,중상사고,0,1,1,0,차대차 - 추돌,과속,건조,맑음,단일로 - 교량,승용,남,49세,상해없음,승용,여,37세,중상
2018051300100383,2018년 5월 13일 18시,일요일,경기도 수원시 팔달구 중동,경상사고,0,0,1,0,차대차 - 추돌,안전운전불이행,건조,맑음,단일로 - 기타,승용,남,36세,상해없음,승용,여,53세,경상
2018051300100387,2018년 5월 13일 18시,일요일,경기도 수원시 영통구 영통동,중상사고,0,1,0,0,차대차 - 기타,안전운전불이행,건조,맑음,단일로 - 기타,승용,남,22세,상해없음,승용,남,34세,상해없음
2018051300100444,2018년 5월 13일 20시,일요일,경기도 수원시 영통구 이의동,중상사고,0,1,0,0,차대차 - 기타,신호위반,건조,맑음,교차로 - 교차로안,승용,남,61세,상해없음,승용,남,41세,중상
2018051300100481,2018년 5월 13일 21시,일요일,경기도 수원시 팔달구 고등동,중상사고,0,1,0,0,차대차 - 기타,기타,건조,맑음,기타 - 기타,자전거,남,39세,중상,승용,남,35세,상해없음
2018051300100497,2018년 5월 13일 22시,일요일,경기도 수원시 팔달구 인계동,경상사고,0,0,1,0,차대차 - 측면충돌,안전운전불이행,건조,맑음,교차로 - 교차로안,승용,남,30세,상해없음,승용,남,40세,경상
2018051300100514,2018년 5월 13일 23시,일요일,경기도 수원시 권선구 권선동,경상사고,0,0,2,0,차대차 - 측면충돌,신호위반,건조,맑음,교차로 - 교차로안,승용,남,21세,경상,승용,남,27세,경상
2018051300100516,2018년 5월 13일 23시,일요일,경기도 수원시 권선구 호매실동,경상사고,0,0,1,0,차대사람 - 보도통행중,보행자보호의무위반,건조,맑음,교차로 - 교차로횡단보도내,원동기,남,19세,상해없음,보행자,남,54세,경상
2018051400100020,2018년 5월 14일 02시,월요일,경기도 수원시 장안구 파장동,경상사고,0,0,2,0,차대차 - 추돌,안전운전불이행,건조,맑음,단일로 - 기타,승용,남,47세,상해없음,승용,남,72세,경상
2018051400100038,2018년 5월 14일 05시,월요일,경기도 수원시 권선구 당수동,경상사고,0,0,1,0,차대차 - 측면충돌,안전거리미확보,건조,맑음,단일로 - 기타,건설기계,남,49세,상해없음,승용,남,60세,경상
2018051400100048,2018년 5월 14일 06시,월요일,경기도 수원시 권선구 구운동,중상사고,0,1,0,0,차대차 - 측면충돌,신호위반,건조,맑음,교차로 - 교차로안,승용,남,48세,상해없음,이륜,남,58세,중상
2018051400100062,2018년 5월 14일 07시,월요일,경기도 수원시 팔달구 우만동,경상사고,0,0,1,0,차대차 - 추돌,안전운전불이행,건조,맑음,단일로 - 기타,승용,여,36세,상해없음,승용,남,47세,경상
2018051400100094,2018년 5월 14일 08시,월요일,경기도 수원시 장안구 송죽동,경상사고,0,0,1,0,차대사람 - 기타,안전운전불이행,건조,맑음,단일로 - 기타,승용,여,57세,기타불명,보행자,여,39세,경상
2018051400100095,2018년 5월 14일 08시,월요일,경기도 수원시 장안구 이목동,경상사고,0,0,1,0,차대차 - 기타,차로위반,건조,맑음,교차로 - 교차로안,승용,여,48세,기타불명,승용,남,26세,경상
2018051400100166,2018년 5월 14일 10시,월요일,경기도 수원시 권선구 당수동,중상사고,0,1,4,0,차대차 - 측면충돌,신호위반,건조,맑음,교차로 - 교차로안,승합,남,53세,상해없음,승용,남,47세,경상
2018051400100226,2018년 5월 14일 12시,월요일,경기도 수원시 팔달구 중동,경상사고,0,0,1,0,차대차 - 기타,안전운전불이행,건조,맑음,단일로 - 기타,승합,남,66세,상해없음,승용,여,58세,상해없음
2018051400100254,2018년 5월 14일 13시,월요일,경기도 수원시 권선구 권선동,경상사고,0,0,2,0,차대차 - 기타,안전거리미확보,건조,맑음,단일로 - 기타,승용,남,70세,상해없음,승용,여,42세,경상
2018051400100361,2018년 5월 14일 16시,월요일,경기도 수원시 영통구 이의동,중상사고,0,1,0,0,차대사람 - 기타,안전운전불이행,건조,맑음,교차로 - 교차로안,승용,여,54세,상해없음,보행자,남,47세,중상
2018051400100363,2018년 5월 14일 16시,월요일,경기도 수원시 팔달구 매교동,경상사고,0,0,1,0,차대차 - 측면충돌,안전운전불이행,건조,맑음,단일로 - 기타,승합,남,58세,상해없음,승용,남,50세,경상
2018051400100403,2018년 5월 14일 17시,월요일,경기도 수원시 영통구 망포동,경상사고,0,0,1,0,차대차 - 측면충돌,교차로운행방법위반,건조,맑음,교차로 - 교차로안,승용,여,72세,상해없음,이륜,남,57세,경상
2018051400100497,2018년 5월 14일 20시,월요일,경기도 수원시 영통구 이의동,중상사고,0,2,0,0,차대차 - 정면충돌,신호위반,건조,맑음,교차로 - 교차로안,이륜,남,17세,중상,이륜,남,18세,중상
2018051500100004,2018년 5월 15일 00시,화요일,경기도 수원시 권선구 구운동,경상사고,0,0,1,0,차량단독 - 공작물충돌,안전운전불이행,건조,맑음,교차로 - 교차로안,승용,남,20세,상해없음,,,,
2018051500100141,2018년 5월 15일 09시,화요일,경기도 수원시 장안구 조원동,중상사고,0,1,0,0,차대사람 - 횡단중,신호위반,건조,맑음,교차로 - 교차로안,승용,여,59세,상해없음,보행자,여,53세,중상
2018051500100205,2018년 5월 15일 11시,화요일,경기도 수원시 권선구 권선동,경상사고,0,0,1,0,차대차 - 측면충돌,신호위반,건조,맑음,교차로 - 교차로안,승용,여,43세,상해없음,승합,남,59세,경상
2018051500100316,2018년 5월 15일 15시,화요일,경기도 수원시 권선구 탑동,경상사고,0,0,1,0,차대차 - 기타,안전운전불이행,건조,맑음,단일로 - 기타,승용,남,82세,기타불명,자전거,남,11세,경상
2018051500100390,2018년 5월 15일 17시,화요일,경기도 수원시 장안구 파장동,경상사고,0,0,1,0,차대차 - 기타,안전운전불이행,건조,맑음,단일로 - 기타,승용,여,61세,상해없음,승용,남,60세,경상
2018051500100428,2018년 5월 15일 18시,화요일,경기도 수원시 권선구 세류동,중상사고,0,1,0,0,차대사람 - 기타,안전운전불이행,건조,맑음,단일로 - 기타,이륜,남,16세,상해없음,보행자,남,1세,중상
2018051500100498,2018년 5월 15일 20시,화요일,경기도 수원시 장안구 천천동,경상사고,0,0,1,0,차대차 - 측면충돌,안전운전불이행,건조,맑음,교차로 - 교차로안,자전거,남,13세,경상,승용,남,27세,상해없음
2018051500100553,2018년 5월 15일 22시,화요일,경기도 수원시 팔달구 매교동,중상사고,0,2,1,0,차대차 - 추돌,안전운전불이행,건조,맑음,단일로 - 기타,승용,여,49세,상해없음,승용,남,58세,중상
2018051600100035,2018년 5월 16일 04시,수요일,경기도 수원시 권선구 오목천동,중상사고,0,2,0,0,차대차 - 정면충돌,중앙선침범,젖음/습기,비,단일로 - 지하차도(도로)내,승용,남,47세,중상,승용,여,38세,중상
2018051600100064,2018년 5월 16일 07시,수요일,경기도 수원시 영통구 매탄동,경상사고,0,0,1,0,차대차 - 추돌,안전운전불이행,젖음/습기,흐림,교차로 - 교차로부근,특수,남,26세,상해없음,승용,남,32세,경상
2018051600100088,2018년 5월 16일 08시,수요일,경기도 수원시 권선구 오목천동,중상사고,0,1,0,0,차대사람 - 횡단중,안전운전불이행,젖음/습기,비,교차로 - 교차로부근,승용,여,39세,상해없음,보행자,여,55세,중상
2018051600100089,2018년 5월 16일 08시,수요일,경기도 수원시 권선구 구운동,경상사고,0,0,1,0,차량단독 - 기타,기타,건조,맑음,교차로 - 교차로부근,승합,남,58세,상해없음,,,,
2018051600100116,2018년 5월 16일 09시,수요일,경기도 수원시 권선구 금곡동,경상사고,0,0,1,0,차대차 - 측면충돌,안전운전불이행,건조,맑음,교차로 - 교차로부근,승용,여,35세,상해없음,승용,여,22세,경상
2018051600100144,2018년 5월 16일 10시,수요일,경기도 수원시 권선구 탑동,중상사고,0,1,0,0,차대차 - 측면충돌,신호위반,건조,맑음,교차로 - 교차로안,승용,남,65세,상해없음,승용,남,59세,중상
2018051600100145,2018년 5월 16일 10시,수요일,경기도 수원시 팔달구 매산로1가,경상사고,0,0,2,0,차대차 - 측면충돌,안전거리미확보,건조,맑음,단일로 - 기타,승용,남,50세,상해없음,승용,여,40세,경상
2018051600100191,2018년 5월 16일 12시,수요일,경기도 수원시 장안구 정자동,중상사고,0,1,0,0,차대사람 - 기타,안전운전불이행,젖음/습기,흐림,단일로 - 기타,승용,여,37세,상해없음,보행자,남,8세,중상
2018051600100218,2018년 5월 16일 13시,수요일,경기도 수원시 장안구 이목동,경상사고,0,0,1,0,차량단독 - 전도전복 - 전복,안전운전불이행,젖음/습기,비,단일로 - 기타,승용,여,55세,경상,미분류,미분류,미분류,미분류
2018051600100299,2018년 5월 16일 16시,수요일,경기도 수원시 팔달구 인계동,경상사고,0,0,1,0,차대차 - 측면충돌,안전거리미확보,건조,맑음,단일로 - 기타,승용,남,40세,상해없음,승용,여,31세,경상
2018051600100328,2018년 5월 16일 17시,수요일,경기도 수원시 팔달구 인계동,부상신고사고,0,0,0,1,차대차 - 추돌,안전운전불이행,젖음/습기,비,기타 - 기타,이륜,남,16세,부상신고,화물,남,60세,상해없음
2018051600100371,2018년 5월 16일 18시,수요일,경기도 수원시 권선구 권선동,경상사고,0,0,1,0,차대차 - 측면충돌,신호위반,건조,맑음,교차로 - 교차로안,승용,남,27세,상해없음,승용,남,58세,경상
2018051600100426,2018년 5월 16일 20시,수요일,경기도 수원시 장안구 영화동,중상사고,0,1,0,0,차대사람 - 기타,안전운전불이행,건조,맑음,교차로 - 교차로부근,승용,남,49세,상해없음,보행자,남,62세,중상
2018051600100427,2018년 5월 16일 20시,수요일,경기도 수원시 장안구 영화동,중상사고,0,2,3,0,차대차 - 추돌,안전운전불이행,건조,맑음,단일로 - 기타,승용,남,44세,상해없음,이륜,남,20세,경상
2018051600100458,2018년 5월 16일 21시,수요일,경기도 수원시 장안구 파장동,경상사고,0,0,1,0,차대차 - 기타,안전운전불이행,젖음/습기,비,교차로 - 교차로부근,승용,남,46세,기타불명,승용,여,45세,경상
2018051600100461,2018년 5월 16일 21시,수요일,경기도 수원시 영통구 이의동,경상사고,0,0,1,0,차대차 - 추돌,안전운전불이행,젖음/습기,비,기타 - 기타,승용,남,47세,상해없음,승용,남,54세,경상
2018051600100462,2018년 5월 16일 21시,수요일,경기도 수원시 영통구 원천동,중상사고,0,1,0,0,차대차 - 기타,차로위반,젖음/습기,비,교차로 - 교차로부근,기타불명,기타불명,미분류,기타불명,원동기,남,25세,중상
2018051600100488,2018년 5월 16일 22시,수요일,경기도 수원시 팔달구 화서동,중상사고,0,1,1,1,차대차 - 기타,중앙선침범,젖음/습기,비,교차로 - 교차로부근,승용,여,49세,상해없음,승용,남,44세,부상신고
2018051600100492,2018년 5월 16일 22시,수요일,경기도 수원시 권선구 호매실동,경상사고,0,0,1,0,차대차 - 기타,신호위반,건조,맑음,교차로 - 교차로안,승용,남,34세,상해없음,이륜,남,28세,경상
2018051600100514,2018년 5월 16일 23시,수요일,경기도 수원시 팔달구 인계동,중상사고,0,1,1,0,차대차 - 측면충돌,안전운전불이행,젖음/습기,비,교차로 - 교차로안,승용,남,66세,상해없음,승용,남,33세,경상
2018051700100041,2018년 5월 17일 03시,목요일,경기도 수원시 영통구 이의동,경상사고,0,0,1,0,차대차 - 추돌,안전운전불이행,건조,흐림,교차로 - 교차로부근,승용,남,49세,상해없음,승용,남,56세,경상
2018051700100097,2018년 5월 17일 08시,목요일,경기도 수원시 권선구 세류동,중상사고,0,1,0,0,차대차 - 추돌,안전운전불이행,건조,맑음,단일로 - 고가도로위,승용,남,31세,상해없음,승용,남,51세,중상
2018051700100140,2018년 5월 17일 09시,목요일,경기도 수원시 장안구 정자동,중상사고,0,1,0,0,차량단독 - 기타,기타,건조,맑음,단일로 - 기타,기타불명,기타불명,미분류,기타불명,,,,
2018051700100210,2018년 5월 17일 11시,목요일,경기도 수원시 장안구 연무동,중상사고,0,1,1,0,차대차 - 추돌,안전운전불이행,건조,맑음,단일로 - 기타,화물,남,47세,상해없음,승용,남,60세,경상
2018051700100284,2018년 5월 17일 14시,목요일,경기도 수원시 영통구 영통동,중상사고,0,1,0,0,차대차 - 측면충돌,차로위반,건조,맑음,단일로 - 기타,승용,여,30세,상해없음,승용,여,43세,중상
2018051700100287,2018년 5월 17일 14시,목요일,경기도 수원시 권선구 금곡동,경상사고,0,0,1,0,차대차 - 측면충돌,안전거리미확보,건조,맑음,교차로 - 교차로부근,승합,여,42세,상해없음,승용,여,56세,경상
2018051700100421,2018년 5월 17일 18시,목요일,경기도 수원시 권선구 권선동,부상신고사고,0,0,0,1,차대차 - 측면충돌,안전운전불이행,젖음/습기,비,교차로 - 교차로부근,이륜,남,26세,부상신고,승용,여,50세,상해없음
2018051700100546,2018년 5월 17일 21시,목요일,경기도 수원시 권선구 구운동,중상사고,0,1,1,0,차대차 - 추돌,안전운전불이행,젖음/습기,비,단일로 - 교량,승용,남,33세,상해없음,승용,남,39세,상해없음
2018051700100627,2018년 5월 17일 23시,목요일,경기도 수원시 장안구 연무동,경상사고,0,0,1,1,차대차 - 측면충돌,중앙선침범,젖음/습기,비,교차로 - 교차로부근,승용,남,34세,상해없음,승용,남,44세,경상
2018051800100009,2018년 5월 18일 00시,금요일,경기도 수원시 팔달구 지동,부상신고사고,0,0,0,3,차대차 - 추돌,안전거리미확보,젖음/습기,비,단일로 - 기타,승용,남,56세,상해없음,승용,남,46세,상해없음
2018051800100070,2018년 5월 18일 04시,금요일,경기도 수원시 권선구 곡반정동,경상사고,0,0,2,0,차대차 - 측면충돌,교차로운행방법위반,젖음/습기,비,교차로 - 교차로안,승용,남,23세,상해없음,승용,남,47세,경상
2018051800100078,2018년 5월 18일 05시,금요일,경기도 수원시 장안구 영화동,중상사고,0,1,0,0,차대차 - 기타,안전거리미확보,젖음/습기,비,교차로 - 교차로부근,승합,남,69세,상해없음,자전거,여,55세,중상
2018051800100110,2018년 5월 18일 07시,금요일,경기도 수원시 권선구 평동,경상사고,0,0,3,0,차대차 - 측면충돌,안전거리미확보,젖음/습기,비,기타 - 기타,승용,남,56세,기타불명,승용,남,25세,경상
2018051800100172,2018년 5월 18일 09시,금요일,경기도 수원시 장안구 율전동,경상사고,0,0,2,0,차대차 - 기타,안전운전불이행,건조,맑음,교차로 - 교차로안,승용,여,42세,상해없음,승합,남,37세,경상
2018051800100232,2018년 5월 18일 11시,금요일,경기도 수원시 장안구 파장동,경상사고,0,0,1,0,차대차 - 기타,안전운전불이행,건조,맑음,단일로 - 기타,승용,남,62세,상해없음,화물,남,57세,경상
2018051800100321,2018년 5월 18일 14시,금요일,경기도 수원시 팔달구 우만동,경상사고,0,0,1,0,차대차 - 기타,직진우회전진행방해,젖음/습기,비,교차로 - 교차로안,승용,여,33세,상해없음,이륜,남,30세,경상
2018051800100323,2018년 5월 18일 14시,금요일,경기도 수원시 권선구 고색동,부상신고사고,0,0,0,1,차대사람 - 차도통행중,안전운전불이행,건조,맑음,단일로 - 기타,승용,남,18세,상해없음,보행자,남,77세,부상신고
2018051800100356,2018년 5월 18일 15시,금요일,경기도 수원시 장안구 영화동,부상신고사고,0,0,0,1,차대차 - 기타,교차로운행방법위반,젖음/습기,비,교차로 - 교차로안,이륜,남,74세,부상신고,승용,남,34세,상해없음
2018051800100436,2018년 5월 18일 17시,금요일,경기도 수원시 권선구 권선동,경상사고,0,0,1,0,차대차 - 기타,불법유턴,건조,맑음,교차로 - 교차로안,자전거,여,12세,경상,승용,여,34세,상해없음
2018051800100469,2018년 5월 18일 18시,금요일,경기도 수원시 팔달구 매산로1가,경상사고,0,0,2,0,차대차 - 기타,신호위반,건조,맑음,교차로 - 교차로안,승용,여,29세,상해없음,승용,남,63세,경상
2018051800100505,2018년 5월 18일 19시,금요일,경기도 수원시 팔달구 우만동,경상사고,0,0,2,0,차대차 - 정면충돌,신호위반,건조,맑음,교차로 - 교차로안,승용,여,32세,상해없음,승용,남,27세,경상
2018051800100555,2018년 5월 18일 20시,금요일,경기도 수원시 영통구 매탄동,경상사고,0,0,1,0,차대사람 - 차도통행중,안전운전불이행,건조,맑음,단일로 - 기타,승용,남,43세,상해없음,보행자,남,63세,경상
2018051800100556,2018년 5월 18일 20시,금요일,경기도 수원시 권선구 권선동,중상사고,0,1,2,1,차대차 - 측면충돌,중앙선침범,건조,맑음,교차로 - 교차로부근,승용,여,39세,상해없음,승용,남,60세,중상
2018051800100600,2018년 5월 18일 21시,금요일,경기도 수원시 영통구 영통동,경상사고,0,0,1,0,차대차 - 측면충돌,신호위반,건조,맑음,교차로 - 교차로안,이륜,남,21세,상해없음,승용,여,46세,경상
2018051800100632,2018년 5월 18일 22시,금요일,경기도 수원시 장안구 연무동,경상사고,0,0,2,0,차대차 - 추돌,안전운전불이행,건조,흐림,단일로 - 기타,승용,남,25세,상해없음,승용,여,42세,경상
2018051800100667,2018년 5월 18일 23시,금요일,경기도 수원시 장안구 영화동,경상사고,0,0,1,0,차대사람 - 기타,안전운전불이행,건조,맑음,단일로 - 기타,승용,여,25세,기타불명,보행자,남,52세,경상
2018051800100668,2018년 5월 18일 23시,금요일,경기도 수원시 장안구 조원동,경상사고,0,0,1,0,차량단독 - 기타,안전운전불이행,건조,맑음,단일로 - 기타,승합,남,40세,상해없음,,,,
2018051800100671,2018년 5월 18일 23시,금요일,경기도 수원시 영통구 매탄동,경상사고,0,0,3,0,차대차 - 측면충돌,신호위반,건조,맑음,교차로 - 교차로안,승용,남,21세,상해없음,승용,남,50세,경상
2018051900100009,2018년 5월 19일 00시,토요일,경기도 수원시 장안구 천천동,중상사고,0,1,0,0,차대사람 - 횡단중,안전운전불이행,건조,맑음,교차로 - 교차로횡단보도내,승용,여,45세,상해없음,보행자,여,20세,중상
2018051900100010,2018년 5월 19일 00시,토요일,경기도 수원시 장안구 송죽동,경상사고,0,0,3,0,차대차 - 추돌,안전운전불이행,건조,맑음,교차로 - 교차로부근,승용,남,56세,상해없음,승용,남,40세,상해없음
2018051900100085,2018년 5월 19일 04시,토요일,경기도 수원시 권선구 세류동,중상사고,0,1,0,1,차대차 - 기타,안전운전불이행,건조,맑음,단일로 - 기타,승용,남,53세,부상신고,승용,남,49세,상해없음
2018051900100099,2018년 5월 19일 05시,토요일,경기도 수원시 팔달구 신풍동,사망사고,1,0,0,0,차대차 - 기타,기타,건조,맑음,기타 - 기타,승용,남,69세,사망,승용,남,56세,기타불명
2018051900100127,2018년 5월 19일 07시,토요일,경기도 수원시 장안구 파장동,중상사고,0,1,0,0,차대차 - 정면충돌,신호위반,건조,맑음,교차로 - 교차로안,승용,여,27세,상해없음,기타불명,남,71세,중상
2018051900100151,2018년 5월 19일 08시,토요일,경기도 수원시 권선구 권선동,경상사고,0,0,2,0,차대차 - 기타,안전운전불이행,건조,맑음,교차로 - 교차로안,승용,남,33세,상해없음,승용,남,55세,경상
2018051900100174,2018년 5월 19일 09시,토요일,경기도 수원시 장안구 정자동,경상사고,0,0,1,0,차대차 - 추돌,안전거리미확보,건조,맑음,단일로 - 기타,승용,남,59세,상해없음,승용,여,28세,경상
2018051900100283,2018년 5월 19일 12시,토요일,경기도 수원시 팔달구 우만동,중상사고,0,1,0,0,차대차 - 측면충돌,안전운전불이행,건조,맑음,교차로 - 교차로안,승용,남,48세,상해없음,이륜,남,57세,중상
2018051900100330,2018년 5월 19일 13시,토요일,경기도 수원시 영통구 이의동,경상사고,0,0,2,0,차대차 - 기타,불법유턴,건조,맑음,단일로 - 기타,화물,남,60세,상해없음,승용,남,33세,경상
2018051900100390,2018년 5월 19일 14시,토요일,경기도 수원시 권선구 탑동,경상사고,0,0,1,0,차대차 - 측면충돌,교차로운행방법위반,건조,맑음,교차로 - 교차로안,승용,남,80세,상해없음,원동기,남,18세,경상
2018051900100428,2018년 5월 19일 15시,토요일,경기도 수원시 장안구 영화동,부상신고사고,0,0,0,1,차대차 - 기타,안전운전불이행,건조,맑음,기타 - 기타,자전거,남,53세,부상신고,승용,남,60세,상해없음
2018051900100431,2018년 5월 19일 15시,토요일,경기도 수원시 영통구 이의동,중상사고,0,1,0,0,차대사람 - 보도통행중,보행자보호의무위반,건조,맑음,교차로 - 교차로안,승용,남,71세,상해없음,보행자,여,26세,중상
2018051900100434,2018년 5월 19일 15시,토요일,경기도 수원시 권선구 금곡동,중상사고,0,1,0,0,차대사람 - 기타,안전운전불이행,건조,맑음,단일로 - 기타,승용,여,47세,상해없음,보행자,여,83세,중상
2018051900100470,2018년 5월 19일 16시,토요일,경기도 수원시 권선구 권선동,중상사고,0,1,1,0,차대차 - 추돌,안전운전불이행,건조,맑음,교차로 - 교차로부근,승용,남,50세,상해없음,승용,여,28세,중상
2018051900100471,2018년 5월 19일 16시,토요일,경기도 수원시 권선구 서둔동,경상사고,0,0,1,0,차대사람 - 기타,안전운전불이행,건조,맑음,단일로 - 기타,자전거,남,11세,상해없음,보행자,여,34세,경상
2018051900100507,2018년 5월 19일 17시,토요일,경기도 수원시 영통구 이의동,경상사고,0,0,1,0,차대차 - 기타,교차로운행방법위반,건조,맑음,교차로 - 교차로안,승용,남,44세,상해없음,승용,남,39세,경상
2018051900100554,2018년 5월 19일 18시,토요일,경기도 수원시 장안구 영화동,경상사고,0,0,1,0,차대사람 - 기타,안전운전불이행,건조,맑음,단일로 - 기타,승용,남,37세,상해없음,보행자,여,63세,경상
2018051900100555,2018년 5월 19일 18시,토요일,경기도 수원시 팔달구 영동,경상사고,0,0,1,0,차대사람 - 횡단중,신호위반,건조,맑음,단일로 - 기타,승합,남,60세,상해없음,보행자,여,60세,경상
2018051900100594,2018년 5월 19일 19시,토요일,경기도 수원시 장안구 율전동,경상사고,0,0,2,0,차대차 - 정면충돌,중앙선침범,건조,맑음,단일로 - 기타,승용,남,31세,상해없음,승용,여,52세,경상