사고번호,사고일시,요일,시군구,사고내용,사망자수,중상자수,경상자수,부상신고자수,사고유형,법규위반,노면상태,기상상태,도로형태,가해운전자 차종,가해운전자 성별,가해운전자 연령,가해운전자 상해정도,피해운전자 차종,피해운전자 성별,피해운전자 연령,피해운전자 상해정도
2018052800100168,2018년 5월 28일 09시,월요일,경기도 수원시 권선구 구운동,중상사고,0,1,2,0,차대차 - 측면충돌,신호위반,건조,맑음,교차로 - 교차로안,승합,남,54세,상해없음,승합,남,54세,상해없음
2018052800100313,2018년 5월 28일 14시,월요일,경기도 수원시 장안구 영화동,중상사고,0,1,0,0,차대사람 - 기타,안전운전불이행,건조,맑음,단일로 - 기타,승용,여,29세,상해없음,보행자,여,80세,중상
2018052800100314,2018년 5월 28일 14시,월요일,경기도 수원시 팔달구 화서동,경상사고,0,0,1,0,차대차 - 기타,안전거리미확보,건조,맑음,단일로 - 기타,승용,남,61세,상해없음,승용,남,51세,경상
2018052800100345,2018년 5월 28일 15시,월요일,경기도 수원시 장안구 정자동,경상사고,0,0,1,0,차대차 - 추돌,안전운전불이행,건조,맑음,교차로 - 교차로부근,승용,남,78세,상해없음,승용,여,61세,경상
2018052800100388,2018년 5월 28일 16시,월요일,경기도 수원시 권선구 호매실동,경상사고,0,0,1,0,차대사람 - 기타,안전운전불이행,건조,맑음,단일로 - 기타,자전거,남,13세,상해없음,보행자,남,5세,경상
2018052800100422,2018년 5월 28일 17시,월요일,경기도 수원시 장안구 조원동,경상사고,0,0,1,0,차대차 - 기타,안전운전불이행,건조,맑음,단일로 - 기타,승용,남,29세,상해없음,승용,남,60세,경상
2018052800100432,2018년 5월 28일 17시,월요일,경기도 수원시 영통구 이의동,경상사고,0,0,2,0,차대차 - 기타,안전거리미확보,건조,맑음,단일로 - 기타,승용,남,45세,경상,화물,남,51세,경상
2018052800100471,2018년 5월 28일 18시,월요일,경기도 수원시 영통구 매탄동,경상사고,0,0,2,0,차대차 - 측면충돌,안전거리미확보,건조,맑음,기타 - 기타,승용,남,68세,상해없음,승용,남,38세,경상
2018052800100509,2018년 5월 28일 19시,월요일,경기도 수원시 장안구 영화동,부상신고사고,0,0,0,1,차대차 - 측면충돌,안전운전불이행,건조,맑음,미분류 - 미분류,자전거,여,43세,부상신고,승용,남,32세,상해없음
2018052800100539,2018년 5월 28일 20시,월요일,경기도 수원시 팔달구 화서동,사망사고,1,0,0,0,차대차 - 기타,보행자보호의무위반,건조,맑음,단일로 - 기타,승용,여,66세,상해없음,승용,남,39세,상해없음
2018052800100540,2018년 5월 28일 20시,월요일,경기도 수원시 팔달구 우만동,경상사고,0,0,1,0,차대차 - 기타,안전운전불이행,건조,맑음,교차로 - 교차로안,승합,남,25세,기타불명,화물,남,48세,경상
2018052800100620,2018년 5월 28일 23시,월요일,경기도 수원시 팔달구 인계동,경상사고,0,0,2,0,차대차 - 측면충돌,중앙선침범,건조,맑음,교차로 - 교차로안,승용,여,44세,상해없음,승용,남,32세,경상
2018052900100013,2018년 5월 29일 01시,화요일,경기도 수원시 장안구 조원동,부상신고사고,0,0,0,1,차대사람 - 횡단중,안전운전불이행,건조,맑음,단일로 - 기타,승용,남,53세,상해없음,보행자,남,50세,부상신고
2018052900100092,2018년 5월 29일 08시,화요일,경기도 수원시 영통구 영통동,경상사고,0,0,1,0,차대차 - 추돌,안전거리미확보,건조,맑음,교차로 - 교차로부근,승용,남,35세,상해없음,승용,여,29세,경상
2018052900100162,2018년 5월 29일 10시,화요일,경기도 수원시 영통구 영통동,경상사고,0,0,1,0,차대차 - 측면충돌,교차로운행방법위반,건조,맑음,교차로 - 교차로안,승용,남,61세,상해없음,승용,남,19세,경상
2018052900100196,2018년 5월 29일 11시,화요일,경기도 수원시 팔달구 인계동,경상사고,0,0,2,0,차대차 - 측면충돌,차로위반,건조,맑음,교차로 - 교차로부근,특수,남,37세,상해없음,승용,남,69세,경상
2018052900100248,2018년 5월 29일 13시,화요일,경기도 수원시 팔달구 우만동,경상사고,0,0,1,0,차대차 - 추돌,안전거리미확보,건조,흐림,단일로 - 기타,화물,남,49세,상해없음,승용,여,59세,경상
2018052900100284,2018년 5월 29일 14시,화요일,경기도 수원시 권선구 세류동,경상사고,0,0,1,0,차대차 - 측면충돌,신호위반,건조,맑음,단일로 - 기타,화물,남,57세,상해없음,자전거,여,46세,경상
2018052900100404,2018년 5월 29일 17시,화요일,경기도 수원시 권선구 고색동,중상사고,0,1,1,0,차대차 - 추돌,안전운전불이행,건조,맑음,교차로 - 교차로부근,승용,남,45세,상해없음,승용,남,58세,중상
2018052900100478,2018년 5월 29일 19시,화요일,경기도 수원시 장안구 영화동,경상사고,0,0,1,0,차대사람 - 기타,안전운전불이행,젖음/습기,비,단일로 - 기타,승용,여,35세,상해없음,보행자,남,28세,경상
2018052900100479,2018년 5월 29일 19시,화요일,경기도 수원시 장안구 정자동,경상사고,0,0,1,0,차대차 - 추돌,안전운전불이행,젖음/습기,비,교차로 - 교차로부근,승합,남,53세,상해없음,승용,여,32세,경상
2018052900100515,2018년 5월 29일 20시,화요일,경기도 수원시 장안구 조원동,경상사고,0,0,1,0,차대차 - 측면충돌,안전운전불이행,젖음/습기,비,단일로 - 기타,승용,남,65세,상해없음,승합,남,30세,경상
2018052900100516,2018년 5월 29일 20시,화요일,경기도 수원시 팔달구 우만동,경상사고,0,0,3,0,차대차 - 추돌,안전운전불이행,젖음/습기,비,단일로 - 터널,승용,남,48세,상해없음,승용,여,36세,경상
2018052900100523,2018년 5월 29일 20시,화요일,경기도 수원시 권선구 금곡동,부상신고사고,0,0,0,1,차대차 - 기타,안전운전불이행,젖음/습기,비,단일로 - 기타,승용,남,43세,상해없음,원동기,남,26세,부상신고
2018052900100555,2018년 5월 29일 21시,화요일,경기도 수원시 팔달구 매교동,경상사고,0,0,2,0,차대사람 - 횡단중,안전운전불이행,젖음/습기,비,단일로 - 기타,이륜,남,17세,경상,보행자,남,23세,경상
2018052900100609,2018년 5월 29일 23시,화요일,경기도 수원시 권선구 권선동,경상사고,0,0,1,0,차대차 - 추돌,안전거리미확보,젖음/습기,비,교차로 - 교차로부근,승용,남,37세,상해없음,승용,남,49세,경상
2018052900100612,2018년 5월 29일 23시,화요일,경기도 수원시 권선구 세류동,경상사고,0,0,1,0,차대차 - 측면충돌,신호위반,젖음/습기,비,교차로 - 교차로안,승용,남,43세,상해없음,승용,남,54세,경상
2018052900100613,2018년 5월 29일 23시,화요일,경기도 수원시 팔달구 교동,경상사고,0,0,1,0,차대차 - 측면충돌,신호위반,젖음/습기,비,교차로 - 교차로안,승용,남,53세,상해없음,이륜,남,19세,경상
2018053000100007,2018년 5월 30일 00시,수요일,경기도 수원시 팔달구 인계동,중상사고,0,1,0,0,차대사람 - 기타,안전운전불이행,건조,맑음,단일로 - 기타,승용,남,27세,상해없음,보행자,남,32세,중상
2018053000100061,2018년 5월 30일 06시,수요일,경기도 수원시 영통구 이의동,중상사고,0,1,0,0,차대차 - 기타,신호위반,젖음/습기,비,교차로 - 교차로횡단보도내,승용,남,49세,상해없음,자전거,남,55세,중상
2018053000100184,2018년 5월 30일 10시,수요일,경기도 수원시 장안구 영화동,경상사고,0,0,1,0,차대차 - 측면충돌,안전운전불이행,건조,맑음,교차로 - 교차로안,승용,남,78세,상해없음,승용,남,34세,경상
2018053000100357,2018년 5월 30일 15시,수요일,경기도 수원시 권선구 권선동,경상사고,0,0,2,0,차대차 - 측면충돌,교차로운행방법위반,건조,맑음,교차로 - 교차로안,승용,여,41세,상해없음,화물,남,46세,경상
2018053000100403,2018년 5월 30일 16시,수요일,경기도 수원시 권선구 호매실동,중상사고,0,1,0,0,차대사람 - 횡단중,보행자보호의무위반,건조,맑음,교차로 - 교차로횡단보도내,승합,여,41세,상해없음,보행자,남,7세,중상
2018053000100404,2018년 5월 30일 16시,수요일,경기도 수원시 권선구 호매실동,중상사고,0,2,0,0,차대차 - 기타,안전거리미확보,건조,맑음,단일로 - 기타,화물,남,43세,상해없음,승용,여,55세,중상
2018053000100405,2018년 5월 30일 16시,수요일,경기도 수원시 권선구 서둔동,경상사고,0,0,2,0,차대차 - 기타,안전운전불이행,건조,맑음,단일로 - 기타,승용,남,59세,상해없음,승용,남,50세,경상
2018053000100437,2018년 5월 30일 17시,수요일,경기도 수원시 팔달구 우만동,경상사고,0,0,1,0,차대사람 - 기타,안전운전불이행,건조,맑음,단일로 - 기타,화물,남,33세,상해없음,보행자,남,62세,경상
2018053000100442,2018년 5월 30일 17시,수요일,경기도 수원시 권선구 세류동,경상사고,0,0,3,0,차대차 - 측면충돌,안전운전불이행,건조,맑음,교차로 - 교차로안,승합,남,25세,경상,승합,남,52세,상해없음
2018053000100486,2018년 5월 30일 18시,수요일,경기도 수원시 권선구 곡반정동,중상사고,0,1,1,0,차대차 - 기타,안전운전불이행,건조,맑음,단일로 - 기타,승용,남,36세,상해없음,이륜,남,19세,중상
2018053000100521,2018년 5월 30일 19시,수요일,경기도 수원시 장안구 율전동,중상사고,0,1,0,0,차대사람 - 기타,안전운전불이행,건조,흐림,단일로 - 기타,이륜,남,24세,상해없음,보행자,남,13세,중상
2018053000100525,2018년 5월 30일 19시,수요일,경기도 수원시 권선구 세류동,경상사고,0,0,3,0,차대차 - 추돌,안전운전불이행,건조,맑음,단일로 - 기타,화물,남,31세,상해없음,승용,남,52세,경상
2018053100100036,2018년 5월 31일 03시,목요일,경기도 수원시 장안구 율전동,중상사고,0,1,0,0,차대차 - 기타,차로위반,건조,맑음,단일로 - 기타,화물,남,54세,상해없음,승용,남,61세,기타불명
2018053100100120,2018년 5월 31일 08시,목요일,경기도 수원시 권선구 서둔동,중상사고,0,1,0,0,차대차 - 기타,차로위반,건조,맑음,단일로 - 지하차도(도로)내,승용,남,32세,상해없음,화물,남,40세,중상
2018053100100121,2018년 5월 31일 08시,목요일,경기도 수원시 팔달구 북수동,부상신고사고,0,0,0,1,차대차 - 기타,안전운전불이행,건조,맑음,단일로 - 기타,승용,남,68세,기타불명,자전거,남,17세,부상신고
2018053100100127,2018년 5월 31일 08시,목요일,경기도 수원시 영통구 이의동,경상사고,0,0,1,0,차대차 - 기타,안전거리미확보,건조,맑음,교차로 - 교차로안,승용,남,48세,상해없음,승용,여,36세,경상
2018053100100192,2018년 5월 31일 09시,목요일,경기도 수원시 장안구 정자동,경상사고,0,0,1,0,차대차 - 기타,안전운전불이행,건조,맑음,단일로 - 기타,자전거,여,57세,경상,승합,여,52세,상해없음
2018053100100193,2018년 5월 31일 09시,목요일,경기도 수원시 팔달구 지동,경상사고,0,0,1,0,차대차 - 기타,안전운전불이행,건조,맑음,단일로 - 기타,승합,남,55세,상해없음,승용,여,38세,경상
2018053100100194,2018년 5월 31일 09시,목요일,경기도 수원시 장안구 파장동,경상사고,0,0,1,0,차대차 - 기타,안전운전불이행,건조,맑음,교차로 - 교차로안,승용,남,25세,상해없음,승용,여,43세,경상
2018053100100198,2018년 5월 31일 09시,목요일,경기도 수원시 권선구 오목천동,중상사고,0,1,0,0,차대차 - 기타,안전거리미확보,건조,맑음,교차로 - 교차로부근,화물,남,54세,상해없음,승용,여,55세,중상
2018053100100199,2018년 5월 31일 09시,목요일,경기도 수원시 권선구 호매실동,경상사고,0,0,2,0,차대차 - 추돌,안전운전불이행,건조,맑음,단일로 - 터널,승용,남,39세,경상,승용,남,76세,경상
2018053100100225,2018년 5월 31일 10시,목요일,경기도 수원시 팔달구 우만동,경상사고,0,0,1,0,차대차 - 기타,안전운전불이행,건조,맑음,교차로 - 교차로부근,승용,여,50세,상해없음,승용,남,52세,경상
2018053100100226,2018년 5월 31일 10시,목요일,경기도 수원시 팔달구 구천동,경상사고,0,0,1,0,차대차 - 기타,안전운전불이행,건조,맑음,교차로 - 교차로안,승용,여,47세,상해없음,이륜,남,81세,경상
2018053100100228,2018년 5월 31일 10시,목요일,경기도 수원시 권선구 서둔동,경상사고,0,0,1,0,차대차 - 기타,안전거리미확보,건조,맑음,단일로 - 기타,승용,남,46세,상해없음,화물,남,24세,경상
2018053100100315,2018년 5월 31일 13시,목요일,경기도 수원시 팔달구 우만동,부상신고사고,0,0,0,1,차대사람 - 기타,안전운전불이행,건조,맑음,단일로 - 기타,승용,남,73세,상해없음,보행자,남,58세,부상신고
2018053100100389,2018년 5월 31일 15시,목요일,경기도 수원시 권선구 서둔동,경상사고,0,0,1,0,차대차 - 기타,교차로운행방법위반,건조,맑음,교차로 - 교차로부근,승용,남,49세,상해없음,승용,남,74세,경상
2018053100100476,2018년 5월 31일 17시,목요일,경기도 수원시 팔달구 남수동,부상신고사고,0,0,0,1,차대차 - 기타,안전운전불이행,건조,맑음,교차로 - 교차로안,자전거,남,65세,부상신고,승용,남,22세,상해없음
2018053100100573,2018년 5월 31일 19시,목요일,경기도 수원시 권선구 곡반정동,경상사고,0,0,1,0,차대차 - 추돌,안전운전불이행,건조,맑음,단일로 - 기타,화물,남,61세,상해없음,승용,여,34세,경상
2018060100100116,2018년 6월 1일 08시,금요일,경기도 수원시 팔달구 우만동,중상사고,0,1,0,0,차대차 - 기타,신호위반,건조,맑음,교차로 - 교차로안,승용,남,32세,상해없음,개인형이동수단(PM),남,40세,중상
2018060100100121,2018년 6월 1일 08시,금요일,경기도 수원시 권선구 권선동,경상사고,0,0,2,1,차대차 - 추돌,안전거리미확보,건조,맑음,단일로 - 터널,승용,남,32세,경상,승용,남,77세,경상
2018060100100165,2018년 6월 1일 09시,금요일,경기도 수원시 팔달구 우만동,경상사고,0,0,1,0,차대차 - 기타,차로위반,건조,맑음,단일로 - 기타,승용,여,47세,경상,승용,남,66세,상해없음
2018060100100302,2018년 6월 1일 13시,금요일,경기도 수원시 팔달구 신풍동,중상사고,0,1,0,0,차량단독 - 기타,기타,건조,맑음,단일로 - 기타,승합,남,46세,기타불명,,,,
2018060100100378,2018년 6월 1일 15시,금요일,경기도 수원시 팔달구 화서동,경상사고,0,0,1,0,차대사람 - 기타,안전운전불이행,건조,맑음,단일로 - 기타,승용,여,62세,상해없음,보행자,여,15세,경상
2018060100100379,2018년 6월 1일 15시,금요일,경기도 수원시 장안구 조원동,경상사고,0,0,1,0,차대사람 - 횡단중,보행자보호의무위반,건조,맑음,교차로 - 교차로안,승용,남,76세,상해없음,보행자,여,13세,경상
2018060100100461,2018년 6월 1일 17시,금요일,경기도 수원시 팔달구 인계동,중상사고,0,1,0,0,차대차 - 측면충돌,교차로운행방법위반,건조,맑음,교차로 - 교차로안,승용,남,22세,상해없음,이륜,남,23세,중상
2018060100100462,2018년 6월 1일 17시,금요일,경기도 수원시 권선구 고색동,경상사고,0,0,1,0,차대차 - 추돌,안전거리미확보,건조,맑음,단일로 - 기타,승합,남,57세,상해없음,승용,여,53세,경상
2018060100100516,2018년 6월 1일 18시,금요일,경기도 수원시 영통구 매탄동,중상사고,0,1,0,0,차대차 - 측면충돌,신호위반,건조,맑음,교차로 - 교차로안,이륜,남,19세,상해없음,이륜,남,33세,중상
2018060100100567,2018년 6월 1일 19시,금요일,경기도 수원시 권선구 곡반정동,중상사고,0,1,0,0,차대사람 - 기타,안전운전불이행,건조,맑음,주차장 - 주차장,승용,남,54세,상해없음,보행자,남,4세,중상
2018060100100600,2018년 6월 1일 20시,금요일,경기도 수원시 장안구 정자동,부상신고사고,0,0,0,1,차대사람 - 횡단중,안전운전불이행,건조,맑음,단일로 - 기타,원동기,남,46세,상해없음,보행자,남,63세,부상신고
2018060100100608,2018년 6월 1일 20시,금요일,경기도 수원시 권선구 오목천동,경상사고,0,0,1,0,차대차 - 측면충돌,안전운전불이행,건조,맑음,교차로 - 교차로안,승용,여,44세,상해없음,승용,남,44세,경상
2018060100100713,2018년 6월 1일 23시,금요일,경기도 수원시 권선구 세류동,중상사고,0,1,0,0,차대사람 - 차도통행중,안전운전불이행,건조,맑음,단일로 - 기타,이륜,남,38세,상해없음,보행자,남,61세,중상
2018060200100023,2018년 6월 2일 01시,토요일,경기도 수원시 팔달구 지동,중상사고,0,1,0,0,차대사람 - 횡단중,안전운전불이행,건조,맑음,단일로 - 기타,승용,남,56세,상해없음,보행자,남,32세,중상
2018060200100025,2018년 6월 2일 01시,토요일,경기도 수원시 팔달구 인계동,경상사고,0,0,1,0,차대차 - 추돌,안전운전불이행,건조,맑음,교차로 - 교차로안,승용,남,19세,상해없음,이륜,남,38세,경상
2018060200100046,2018년 6월 2일 02시,토요일,경기도 수원시 권선구 권선동,중상사고,0,1,0,0,차대사람 - 횡단중,안전운전불이행,건조,맑음,기타 - 기타,승용,남,57세,상해없음,보행자,여,37세,중상
2018060200100085,2018년 6월 2일 06시,토요일,경기도 수원시 영통구 원천동,경상사고,0,0,1,0,차대차 - 측면충돌,신호위반,건조,맑음,교차로 - 교차로안,승용,남,66세,상해없음,승용,남,40세,경상
2018060200100149,2018년 6월 2일 09시,토요일,경기도 수원시 팔달구 화서동,경상사고,0,0,1,0,차대차 - 기타,안전운전불이행,건조,맑음,단일로 - 기타,화물,남,60세,상해없음,승용,여,44세,경상
2018060200100152,2018년 6월 2일 09시,토요일,경기도 수원시 팔달구 매교동,경상사고,0,0,1,0,차대차 - 기타,교차로운행방법위반,건조,맑음,교차로 - 교차로안,승용,여,54세,상해없음,승합,남,57세,상해없음
2018060200100173,2018년 6월 2일 10시,토요일,경기도 수원시 장안구 정자동,중상사고,0,1,0,0,차대차 - 측면충돌,신호위반,건조,맑음,교차로 - 교차로안,승용,남,52세,상해없음,승용,여,33세,중상
2018060200100174,2018년 6월 2일 10시,토요일,경기도 수원시 팔달구 우만동,중상사고,0,1,0,0,차대차 - 기타,불법유턴,건조,맑음,교차로 - 교차로안,승용,남,30세,상해없음,승용,남,52세,중상
2018060200100175,2018년 6월 2일 10시,토요일,경기도 수원시 장안구 영화동,경상사고,0,0,1,0,차량단독 - 기타,안전운전불이행,건조,맑음,단일로 - 기타,승합,남,33세,상해없음,,,,
2018060200100267,2018년 6월 2일 12시,토요일,경기도 수원시 권선구 고색동,경상사고,0,0,1,0,차대차 - 측면충돌,안전운전불이행,건조,맑음,단일로 - 기타,이륜,남,20세,경상,승용,남,51세,상해없음
2018060200100390,2018년 6월 2일 15시,토요일,경기도 수원시 장안구 영화동,중상사고,0,1,0,0,차대사람 - 기타,기타,건조,맑음,단일로 - 기타,승용,남,62세,상해없음,보행자,남,59세,중상
2018060200100395,2018년 6월 2일 15시,토요일,경기도 수원시 권선구 세류동,경상사고,0,0,1,0,차대차 - 기타,안전운전불이행,건조,맑음,교차로 - 교차로안,자전거,남,76세,경상,승용,남,67세,상해없음
2018060200100436,2018년 6월 2일 16시,토요일,경기도 수원시 영통구 망포동,경상사고,0,0,1,0,차대사람 - 횡단중,안전운전불이행,건조,맑음,교차로 - 교차로안,승용,남,43세,상해없음,보행자,남,34세,경상
2018060200100437,2018년 6월 2일 16시,토요일,경기도 수원시 영통구 영통동,부상신고사고,0,0,0,1,차대차 - 추돌,안전운전불이행,건조,맑음,단일로 - 기타,이륜,남,26세,상해없음,승용,남,38세,상해없음
2018060200100439,2018년 6월 2일 16시,토요일,경기도 수원시 권선구 서둔동,사망사고,1,0,0,0,차대차 - 측면충돌,신호위반,건조,맑음,교차로 - 교차로안,승용,남,51세,상해없음,이륜,남,77세,사망
2018060200100493,2018년 6월 2일 17시,토요일,경기도 수원시 장안구 연무동,중상사고,0,1,0,0,차대사람 - 기타,불법유턴,건조,맑음,단일로 - 기타,승용,남,48세,상해없음,보행자,여,47세,중상
2018060200100664,2018년 6월 2일 22시,토요일,경기도 수원시 장안구 정자동,경상사고,0,0,1,0,차대차 - 기타,안전거리미확보,건조,맑음,단일로 - 기타,화물,여,50세,상해없음,이륜,남,17세,경상
2018060200100674,2018년 6월 2일 22시,토요일,경기도 수원시 권선구 구운동,중상사고,0,1,0,0,차대사람 - 기타,안전운전불이행,건조,맑음,교차로 - 교차로안,화물,남,59세,상해없음,보행자,여,20세,중상
2018060300100033,2018년 6월 3일 02시,일요일,경기도 수원시 팔달구 인계동,경상사고,0,0,2,0,차대차 - 후진중충돌,안전운전불이행,건조,맑음,교차로 - 교차로부근,승용,남,63세,상해없음,승용,남,55세,경상
2018060300100040,2018년 6월 3일 03시,일요일,경기도 수원시 팔달구 인계동,중상사고,0,1,1,0,차대차 - 기타,직진우회전진행방해,건조,맑음,교차로 - 교차로안,승용,남,32세,상해없음,화물,남,55세,경상
2018060300100116,2018년 6월 3일 09시,일요일,경기도 수원시 권선구 탑동,경상사고,0,0,2,0,차대차 - 추돌,안전운전불이행,건조,맑음,교차로 - 교차로부근,승용,남,49세,상해없음,승용,여,44세,경상
2018060300100239,2018년 6월 3일 14시,일요일,경기도 수원시 권선구 고색동,중상사고,0,1,0,0,차대사람 - 기타,안전운전불이행,건조,맑음,교차로 - 교차로부근,승합,남,50세,상해없음,보행자,여,70세,중상
2018060300100269,2018년 6월 3일 15시,일요일,경기도 수원시 팔달구 북수동,경상사고,0,0,1,0,차대사람 - 기타,안전운전불이행,건조,맑음,단일로 - 기타,승용,여,42세,기타불명,보행자,여,42세,경상
2018060300100337,2018년 6월 3일 17시,일요일,경기도 수원시 권선구 권선동,경상사고,0,0,1,0,차대사람 - 보도통행중,기타,건조,맑음,기타 - 기타,기타불명,기타불명,미분류,기타불명,보행자,여,22세,경상
2018060300100402,2018년 6월 3일 19시,일요일,경기도 수원시 영통구 매탄동,경상사고,0,0,1,0,차대차 - 기타,안전운전불이행,건조,맑음,교차로 - 교차로부근,승용,남,74세,상해없음,승용,여,51세,경상
2018060300100422,2018년 6월 3일 20시,일요일,경기도 수원시 장안구 송죽동,중상사고,0,1,1,0,차대차 - 기타,안전운전불이행,건조,맑음,단일로 - 기타,승용,남,57세,기타불명,승용,남,40세,중상
2018060300100425,2018년 6월 3일 20시,일요일,경기도 수원시 팔달구 인계동,경상사고,0,0,1,0,차대사람 - 기타,안전운전불이행,건조,맑음,교차로 - 교차로안,승용,남,54세,상해없음,보행자,남,68세,경상
2018060300100505,2018년 6월 3일 23시,일요일,경기도 수원시 권선구 고색동,경상사고,0,0,1,0,차대차 - 기타,안전거리미확보,건조,맑음,교차로 - 교차로부근,승용,남,23세,상해없음,승용,여,30세,경상
2018060400100035,2018년 6월 4일 05시,월요일,경기도 수원시 권선구 세류동,경상사고,0,0,1,0,차대차 - 측면충돌,안전운전불이행,건조,맑음,교차로 - 교차로안,화물,남,53세,상해없음,자전거,남,76세,경상
2018060400100173,2018년 6월 4일 09시,월요일,경기도 수원시 팔달구 매산로3가,경상사고,0,0,2,1,차대차 - 측면충돌,직진우회전진행방해,건조,맑음,교차로 - 교차로안,승용,여,63세,경상,승용,여,47세,경상
2018060400100208,2018년 6월 4일 10시,월요일,경기도 수원시 팔달구 인계동,경상사고,0,0,1,0,차대차 - 기타,안전거리미확보,건조,맑음,교차로 - 교차로부근,승용,여,20세,상해없음,승용,남,35세,경상
2018060400100239,2018년 6월 4일 11시,월요일,경기도 수원시 영통구 매탄동,중상사고,0,1,0,0,차대차 - 측면충돌,기타,건조,맑음,기타 - 기타,승용,여,43세,상해없음,이륜,남,49세,중상
2018060400100301,2018년 6월 4일 13시,월요일,경기도 수원시 팔달구 화서동,중상사고,0,1,0,0,차대사람 - 기타,기타,건조,맑음,단일로 - 기타,이륜,남,58세,상해없음,보행자,남,30세,중상
2018060400100302,2018년 6월 4일 13시,월요일,경기도 수원시 장안구 천천동,경상사고,0,0,1,0,차대차 - 기타,불법유턴,건조,맑음,단일로 - 기타,승용,남,22세,상해없음,승용,남,34세,경상
2018060400100369,2018년 6월 4일 15시,월요일,경기도 수원시 권선구 구운동,경상사고,0,0,2,0,차대차 - 측면충돌,안전운전불이행,건조,맑음,단일로 - 기타,화물,여,64세,상해없음,승용,남,68세,경상
2018060400100370,2018년 6월 4일 15시,월요일,경기도 수원시 권선구 고색동,경상사고,0,0,1,0,차대차 - 측면충돌,안전거리미확보,건조,맑음,단일로 - 기타,승합,남,60세,상해없음,승용,여,40세,경상
2018060400100403,2018년 6월 4일 16시,월요일,경기도 수원시 권선구 권선동,중상사고,0,2,1,0,차대차 - 추돌,안전운전불이행,건조,맑음,교차로 - 교차로부근,승용,남,32세,상해없음,승용,여,36세,중상
2018060400100448,2018년 6월 4일 17시,월요일,경기도 수원시 권선구 권선동,중상사고,0,1,0,0,차대사람 - 기타,기타,건조,맑음,기타 - 기타,승용,남,38세,상해없음,보행자,여,73세,중상
2018060400100538,2018년 6월 4일 19시,월요일,경기도 수원시 팔달구 인계동,경상사고,0,0,3,0,차대차 - 측면충돌,안전운전불이행,건조,맑음,단일로 - 기타,승용,남,47세,상해없음,승용,남,22세,경상
2018060500100054,2018년 6월 5일 05시,화요일,경기도 수원시 장안구 영화동,부상신고사고,0,0,0,1,차대차 - 기타,중앙선침범,건조,맑음,단일로 - 기타,이륜,남,58세,부상신고,승용,남,64세,상해없음
2018060500100110,2018년 6월 5일 08시,화요일,경기도 수원시 팔달구 우만동,경상사고,0,0,1,0,차대차 - 기타,안전거리미확보,건조,맑음,단일로 - 기타,승용,여,44세,상해없음,승용,여,49세,경상
2018060500100159,2018년 6월 5일 09시,화요일,경기도 수원시 팔달구 팔달로2가,경상사고,0,0,1,0,차대차 - 기타,안전운전불이행,건조,맑음,단일로 - 기타,자전거,여,54세,경상,승용,남,44세,상해없음
2018060500100204,2018년 6월 5일 10시,화요일,경기도 수원시 권선구 세류동,경상사고,0,0,1,0,차량단독 - 기타,안전운전불이행,건조,맑음,단일로 - 기타,승합,남,61세,상해없음,,,,
2018060500100230,2018년 6월 5일 11시,화요일,경기도 수원시 권선구 세류동,중상사고,0,1,0,0,차대사람 - 기타,안전운전불이행,건조,맑음,단일로 - 기타,승용,남,21세,상해없음,보행자,여,67세,중상
2018060500100271,2018년 6월 5일 13시,화요일,경기도 수원시 팔달구 지동,경상사고,0,0,1,0,차대차 - 기타,중앙선침범,건조,맑음,교차로 - 교차로안,이륜,남,81세,경상,승용,여,37세,상해없음
2018060500100394,2018년 6월 5일 16시,화요일,경기도 수원시 팔달구 고등동,부상신고사고,0,0,0,1,차대차 - 추돌,안전운전불이행,건조,맑음,단일로 - 기타,승용,남,70세,상해없음,이륜,남,45세,부상신고
2018060500100431,2018년 6월 5일 17시,화요일,경기도 수원시 장안구 정자동,경상사고,0,0,3,2,차대차 - 기타,안전거리미확보,건조,맑음,단일로 - 기타,화물,남,58세,상해없음,승합,남,65세,경상
2018060500100432,2018년 6월 5일 17시,화요일,경기도 수원시 장안구 영화동,중상사고,0,1,0,0,차대차 - 기타,안전운전불이행,건조,맑음,교차로 - 교차로안,승용,여,50세,상해없음,이륜,남,17세,중상
2018060500100491,2018년 6월 5일 18시,화요일,경기도 수원시 장안구 영화동,경상사고,0,0,1,0,차대사람 - 기타,안전운전불이행,건조,맑음,교차로 - 교차로안,승용,남,28세,상해없음,보행자,남,57세,경상
2018060500100492,2018년 6월 5일 18시,화요일,경기도 수원시 팔달구 신풍동,경상사고,0,0,1,0,차량단독 - 기타,안전운전불이행,건조,맑음,단일로 - 기타,자전거,남,56세,경상,,,,
2018060500100501,2018년 6월 5일 18시,화요일,경기도 수원시 권선구 세류동,경상사고,0,0,2,0,차대차 - 기타,안전거리미확보,건조,맑음,단일로 - 기타,승용,여,72세,상해없음,승합,남,39세,경상
2018060500100503,2018년 6월 5일 18시,화요일,경기도 수원시 팔달구 매산로3가,경상사고,0,0,1,0,차대사람 - 횡단중,신호위반,건조,맑음,교차로 - 교차로안,승용,남,57세,상해없음,보행자,남,6세,경상
2018060500100572,2018년 6월 5일 20시,화요일,경기도 수원시 영통구 이의동,경상사고,0,0,1,0,차대차 - 추돌,안전거리미확보,건조,맑음,교차로 - 교차로부근,승용,남,67세,상해없음,승용,여,54세,경상