사고번호,사고일시,요일,시군구,사고내용,사망자수,중상자수,경상자수,부상신고자수,사고유형,법규위반,노면상태,기상상태,도로형태,가해운전자 차종,가해운전자 성별,가해운전자 연령,가해운전자 상해정도,피해운전자 차종,피해운전자 성별,피해운전자 연령,피해운전자 상해정도
2018060500100602,2018년 6월 5일 21시,화요일,경기도 수원시 장안구 송죽동,부상신고사고,0,0,0,1,차대차 - 기타,불법유턴,건조,맑음,단일로 - 기타,승용,남,37세,상해없음,이륜,남,28세,부상신고
2018060500100661,2018년 6월 5일 23시,화요일,경기도 수원시 장안구 송죽동,경상사고,0,0,1,0,차대사람 - 기타,안전운전불이행,건조,맑음,단일로 - 기타,승용,여,50세,상해없음,보행자,여,36세,경상
2018060500100665,2018년 6월 5일 23시,화요일,경기도 수원시 권선구 서둔동,중상사고,0,1,1,0,차대사람 - 횡단중,보행자보호의무위반,건조,맑음,단일로 - 기타,승용,남,57세,상해없음,보행자,여,18세,중상
2018060500100666,2018년 6월 5일 23시,화요일,경기도 수원시 팔달구 교동,경상사고,0,0,1,0,차대차 - 측면충돌,교차로운행방법위반,건조,맑음,교차로 - 교차로안,승용,여,40세,상해없음,화물,남,37세,경상
2018060600100013,2018년 6월 6일 00시,수요일,경기도 수원시 팔달구 인계동,경상사고,0,0,3,0,차대사람 - 기타,안전운전불이행,건조,맑음,기타 - 기타,승용,남,40세,상해없음,보행자,남,28세,경상
2018060600100047,2018년 6월 6일 02시,수요일,경기도 수원시 권선구 세류동,경상사고,0,0,1,0,차대차 - 추돌,안전운전불이행,건조,맑음,교차로 - 교차로부근,승용,남,40세,상해없음,승용,남,39세,경상
2018060600100074,2018년 6월 6일 04시,수요일,경기도 수원시 팔달구 인계동,부상신고사고,0,0,0,1,차대사람 - 기타,안전운전불이행,건조,맑음,단일로 - 기타,기타불명,기타불명,미분류,기타불명,보행자,여,27세,부상신고
2018060600100077,2018년 6월 6일 04시,수요일,경기도 수원시 권선구 서둔동,중상사고,0,1,0,0,차대차 - 추돌,안전운전불이행,건조,맑음,교차로 - 교차로부근,승용,남,36세,상해없음,승용,남,42세,중상
2018060600100091,2018년 6월 6일 05시,수요일,경기도 수원시 권선구 세류동,경상사고,0,0,1,0,차대차 - 추돌,안전운전불이행,건조,맑음,단일로 - 기타,승용,남,39세,상해없음,승용,남,67세,경상
2018060600100228,2018년 6월 6일 12시,수요일,경기도 수원시 팔달구 인계동,경상사고,0,0,1,0,차대차 - 기타,안전운전불이행,건조,맑음,단일로 - 기타,승용,남,47세,상해없음,자전거,남,57세,경상
2018060600100258,2018년 6월 6일 13시,수요일,경기도 수원시 팔달구 팔달로2가,부상신고사고,0,0,0,1,차대사람 - 차도통행중,안전운전불이행,건조,맑음,단일로 - 기타,승용,남,48세,상해없음,보행자,남,47세,부상신고
2018060600100342,2018년 6월 6일 15시,수요일,경기도 수원시 영통구 매탄동,중상사고,0,1,0,1,차대차 - 기타,안전거리미확보,건조,맑음,교차로 - 교차로안,승용,남,55세,상해없음,승합,남,46세,상해없음
2018060600100346,2018년 6월 6일 15시,수요일,경기도 수원시 권선구 당수동,경상사고,0,0,3,2,차대차 - 추돌,안전운전불이행,건조,맑음,기타 - 기타,화물,남,60세,상해없음,승용,여,38세,경상
2018060600100378,2018년 6월 6일 16시,수요일,경기도 수원시 팔달구 화서동,중상사고,0,2,0,0,차대차 - 측면충돌,차로위반,건조,맑음,단일로 - 기타,승용,남,56세,상해없음,승용,남,57세,상해없음
2018060600100417,2018년 6월 6일 17시,수요일,경기도 수원시 팔달구 매산로1가,부상신고사고,0,0,0,1,차대차 - 기타,불법유턴,건조,맑음,단일로 - 기타,자전거,여,14세,부상신고,승용,남,35세,상해없음
2018060700100048,2018년 6월 7일 06시,목요일,경기도 수원시 장안구 조원동,경상사고,0,0,3,0,차대차 - 추돌,안전거리미확보,건조,맑음,단일로 - 기타,승용,남,34세,기타불명,승용,남,31세,경상
2018060700100090,2018년 6월 7일 08시,목요일,경기도 수원시 팔달구 팔달로1가,경상사고,0,0,2,0,차대차 - 기타,안전운전불이행,건조,맑음,교차로 - 교차로안,승용,남,74세,상해없음,승용,남,48세,경상
2018060700100095,2018년 6월 7일 08시,목요일,경기도 수원시 권선구 탑동,경상사고,0,0,1,0,차대사람 - 길가장자리구역통행중,안전운전불이행,건조,맑음,단일로 - 기타,승용,여,45세,상해없음,보행자,여,33세,경상
2018060700100096,2018년 6월 7일 08시,목요일,경기도 수원시 권선구 평동,경상사고,0,0,1,0,차대차 - 측면충돌,안전운전불이행,건조,맑음,교차로 - 교차로안,승용,여,44세,상해없음,건설기계,남,62세,경상
2018060700100131,2018년 6월 7일 09시,목요일,경기도 수원시 장안구 정자동,경상사고,0,0,1,0,차대차 - 기타,안전운전불이행,건조,맑음,교차로 - 교차로부근,승용,남,48세,경상,승용,남,45세,상해없음
2018060700100173,2018년 6월 7일 10시,목요일,경기도 수원시 장안구 조원동,경상사고,0,0,1,0,차대차 - 기타,안전운전불이행,건조,맑음,단일로 - 기타,승용,남,71세,경상,승용,여,62세,상해없음
2018060700100176,2018년 6월 7일 10시,목요일,경기도 수원시 권선구 탑동,경상사고,0,0,4,0,차대차 - 추돌,안전거리미확보,건조,맑음,기타 - 기타,승용,남,83세,상해없음,승합,남,48세,상해없음
2018060700100203,2018년 6월 7일 11시,목요일,경기도 수원시 팔달구 우만동,중상사고,0,1,0,0,차대차 - 측면충돌,안전운전불이행,건조,맑음,교차로 - 교차로안,승용,남,52세,상해없음,자전거,남,76세,중상
2018060700100206,2018년 6월 7일 11시,목요일,경기도 수원시 팔달구 매산로1가,경상사고,0,0,1,0,차대사람 - 기타,불법유턴,건조,맑음,단일로 - 기타,승용,남,66세,상해없음,보행자,남,51세,경상
2018060700100231,2018년 6월 7일 12시,목요일,경기도 수원시 장안구 송죽동,경상사고,0,0,2,0,차대차 - 추돌,안전운전불이행,건조,맑음,교차로 - 교차로부근,승용,남,34세,상해없음,승용,여,55세,경상
2018060700100237,2018년 6월 7일 12시,목요일,경기도 수원시 권선구 금곡동,경상사고,0,0,1,0,차대차 - 기타,안전운전불이행,건조,맑음,교차로 - 교차로부근,이륜,남,23세,경상,승용,남,55세,상해없음
2018060700100262,2018년 6월 7일 13시,목요일,경기도 수원시 장안구 조원동,경상사고,0,0,1,0,차대차 - 측면충돌,신호위반,건조,맑음,교차로 - 교차로안,승용,남,46세,상해없음,이륜,남,22세,경상
2018060700100263,2018년 6월 7일 13시,목요일,경기도 수원시 장안구 정자동,부상신고사고,0,0,0,3,차대차 - 추돌,안전운전불이행,건조,맑음,단일로 - 기타,승용,여,44세,상해없음,승용,여,47세,부상신고
2018060700100362,2018년 6월 7일 16시,목요일,경기도 수원시 영통구 하동,경상사고,0,0,1,0,차대차 - 측면충돌,안전운전불이행,건조,맑음,단일로 - 기타,승용,여,66세,상해없음,승용,남,35세,경상
2018060700100499,2018년 6월 7일 20시,목요일,경기도 수원시 장안구 연무동,경상사고,0,0,1,0,차량단독 - 기타,안전운전불이행,건조,맑음,단일로 - 기타,승합,남,61세,상해없음,,,,
2018060700100546,2018년 6월 7일 21시,목요일,경기도 수원시 권선구 금곡동,경상사고,0,0,1,0,차대차 - 추돌,안전운전불이행,건조,맑음,교차로 - 교차로부근,승용,여,35세,상해없음,승용,남,56세,경상
2018060700100572,2018년 6월 7일 22시,목요일,경기도 수원시 팔달구 인계동,경상사고,0,0,2,0,차대차 - 추돌,안전운전불이행,건조,맑음,단일로 - 기타,승용,남,47세,상해없음,승용,남,24세,상해없음
2018060800100036,2018년 6월 8일 03시,금요일,경기도 수원시 팔달구 매산로1가,경상사고,0,0,1,1,차대차 - 추돌,안전운전불이행,건조,맑음,교차로 - 교차로부근,승용,남,39세,상해없음,승용,남,46세,경상
2018060800100059,2018년 6월 8일 05시,금요일,경기도 수원시 팔달구 매산로1가,중상사고,0,1,0,0,차대차 - 측면충돌,신호위반,건조,맑음,교차로 - 교차로안,승용,남,23세,상해없음,승용,남,57세,중상
2018060800100075,2018년 6월 8일 06시,금요일,경기도 수원시 장안구 송죽동,사망사고,1,1,2,1,차대차 - 기타,안전운전불이행,건조,맑음,단일로 - 기타,화물,남,33세,사망,승합,남,49세,경상
2018060800100091,2018년 6월 8일 07시,금요일,경기도 수원시 권선구 고색동,중상사고,0,1,0,0,차대차 - 기타,안전거리미확보,건조,맑음,단일로 - 기타,승용,여,27세,상해없음,승용,남,37세,중상
2018060800100160,2018년 6월 8일 09시,금요일,경기도 수원시 장안구 정자동,경상사고,0,0,1,0,차대차 - 기타,안전운전불이행,건조,맑음,교차로 - 교차로안,승용,여,42세,상해없음,자전거,여,44세,경상
2018060800100161,2018년 6월 8일 09시,금요일,경기도 수원시 장안구 파장동,부상신고사고,0,0,0,7,차대차 - 측면충돌,교차로운행방법위반,건조,맑음,교차로 - 교차로안,승합,여,44세,상해없음,승용,남,58세,부상신고
2018060800100201,2018년 6월 8일 10시,금요일,경기도 수원시 팔달구 인계동,경상사고,0,0,3,1,차대차 - 추돌,안전거리미확보,건조,맑음,교차로 - 교차로부근,승용,남,44세,상해없음,승용,남,42세,부상신고
2018060800100518,2018년 6월 8일 18시,금요일,경기도 수원시 영통구 하동,경상사고,0,0,1,0,차대차 - 추돌,안전운전불이행,건조,맑음,기타 - 기타,승용,남,26세,상해없음,승용,남,36세,경상
2018060800100521,2018년 6월 8일 18시,금요일,경기도 수원시 권선구 세류동,경상사고,0,0,1,0,차대차 - 추돌,안전운전불이행,건조,맑음,단일로 - 지하차도(도로)내,승용,남,27세,상해없음,승용,남,52세,경상
2018060800100562,2018년 6월 8일 19시,금요일,경기도 수원시 팔달구 북수동,부상신고사고,0,0,0,1,차대차 - 정면충돌,중앙선침범,건조,맑음,단일로 - 기타,자전거,남,21세,부상신고,승용,남,48세,상해없음
2018060800100596,2018년 6월 8일 20시,금요일,경기도 수원시 영통구 영통동,중상사고,0,1,0,0,차대사람 - 기타,안전운전불이행,건조,맑음,기타 - 기타,승용,여,46세,상해없음,보행자,여,68세,중상
2018060800100633,2018년 6월 8일 21시,금요일,경기도 수원시 팔달구 매산로2가,경상사고,0,0,1,0,차대차 - 측면충돌,안전거리미확보,건조,맑음,단일로 - 기타,승합,여,49세,상해없음,승용,여,62세,경상
2018060800100669,2018년 6월 8일 22시,금요일,경기도 수원시 권선구 세류동,경상사고,0,0,1,0,차대차 - 측면충돌,교차로운행방법위반,건조,맑음,교차로 - 교차로부근,승용,여,49세,상해없음,이륜,남,43세,경상
2018060900100062,2018년 6월 9일 04시,토요일,경기도 수원시 팔달구 화서동,중상사고,0,1,0,1,차대차 - 측면충돌,신호위반,건조,맑음,교차로 - 교차로안,승용,남,74세,부상신고,승용,남,74세,중상
2018060900100088,2018년 6월 9일 06시,토요일,경기도 수원시 장안구 연무동,경상사고,0,0,1,1,차대사람 - 기타,안전운전불이행,건조,맑음,단일로 - 기타,승용,여,29세,부상신고,보행자,여,71세,경상
2018060900100168,2018년 6월 9일 10시,토요일,경기도 수원시 권선구 곡반정동,중상사고,0,1,0,0,차대사람 - 기타,안전운전불이행,건조,맑음,교차로 - 교차로부근,화물,남,49세,상해없음,보행자,남,82세,중상
2018060900100249,2018년 6월 9일 12시,토요일,경기도 수원시 권선구 구운동,경상사고,0,0,1,0,차대차 - 기타,안전운전불이행,건조,맑음,단일로 - 기타,승용,여,40세,상해없음,승용,여,25세,경상
2018060900100282,2018년 6월 9일 13시,토요일,경기도 수원시 장안구 송죽동,경상사고,0,0,1,0,차대차 - 기타,안전운전불이행,건조,맑음,교차로 - 교차로부근,승합,남,60세,기타불명,승용,남,59세,경상
2018060900100313,2018년 6월 9일 14시,토요일,경기도 수원시 장안구 송죽동,경상사고,0,0,1,0,차대차 - 기타,안전운전불이행,건조,맑음,교차로 - 교차로부근,화물,남,48세,상해없음,승용,여,36세,경상
2018060900100348,2018년 6월 9일 15시,토요일,경기도 수원시 팔달구 화서동,중상사고,0,1,0,0,차대차 - 기타,중앙선침범,건조,맑음,단일로 - 기타,승용,남,51세,상해없음,자전거,남,17세,중상
2018060900100378,2018년 6월 9일 16시,토요일,경기도 수원시 장안구 조원동,경상사고,0,0,1,0,차대사람 - 기타,안전운전불이행,건조,맑음,단일로 - 기타,승용,여,33세,상해없음,보행자,여,73세,경상
2018060900100407,2018년 6월 9일 17시,토요일,경기도 수원시 팔달구 우만동,부상신고사고,0,0,0,1,차대차 - 기타,안전운전불이행,건조,맑음,교차로 - 교차로안,자전거,남,49세,부상신고,화물,남,43세,상해없음
2018060900100408,2018년 6월 9일 17시,토요일,경기도 수원시 장안구 송죽동,중상사고,0,1,0,0,차대차 - 측면충돌,안전거리미확보,건조,맑음,단일로 - 기타,승용,남,44세,상해없음,이륜,남,37세,중상
2018060900100454,2018년 6월 9일 18시,토요일,경기도 수원시 장안구 천천동,경상사고,0,0,1,0,차대차 - 후진중충돌,안전운전불이행,건조,맑음,교차로 - 교차로부근,승용,남,61세,상해없음,승용,남,37세,경상
2018060900100495,2018년 6월 9일 19시,토요일,경기도 수원시 권선구 고색동,경상사고,0,0,1,0,차대차 - 기타,직진우회전진행방해,건조,맑음,교차로 - 교차로안,이륜,남,20세,경상,승용,남,32세,상해없음
2018060900100496,2018년 6월 9일 19시,토요일,경기도 수원시 권선구 고색동,경상사고,0,0,1,0,차대사람 - 기타,안전운전불이행,건조,맑음,교차로 - 교차로안,승용,남,64세,상해없음,보행자,여,62세,경상
2018060900100532,2018년 6월 9일 20시,토요일,경기도 수원시 장안구 정자동,중상사고,0,1,0,0,차대사람 - 기타,교차로운행방법위반,건조,맑음,교차로 - 교차로안,승용,남,49세,상해없음,보행자,남,14세,중상
2018060900100570,2018년 6월 9일 21시,토요일,경기도 수원시 장안구 파장동,부상신고사고,0,0,0,1,차대차 - 측면충돌,안전거리미확보,건조,맑음,미분류 - 미분류,이륜,남,19세,부상신고,승용,남,56세,상해없음
2018060900100571,2018년 6월 9일 21시,토요일,경기도 수원시 장안구 정자동,경상사고,0,0,1,0,차대차 - 기타,교차로운행방법위반,건조,맑음,교차로 - 교차로안,화물,남,66세,상해없음,이륜,남,48세,경상
2018060900100600,2018년 6월 9일 22시,토요일,경기도 수원시 팔달구 매산로2가,중상사고,0,1,3,0,차대차 - 추돌,안전운전불이행,젖음/습기,비,교차로 - 교차로부근,승용,남,59세,상해없음,승용,남,48세,경상
2018060900100622,2018년 6월 9일 23시,토요일,경기도 수원시 장안구 송죽동,경상사고,0,0,2,0,차대차 - 추돌,안전운전불이행,젖음/습기,비,교차로 - 교차로부근,승용,남,27세,상해없음,승용,남,31세,경상
2018060900100626,2018년 6월 9일 23시,토요일,경기도 수원시 권선구 탑동,경상사고,0,0,2,0,차대차 - 측면충돌,신호위반,젖음/습기,비,교차로 - 교차로안,승용,남,34세,상해없음,승용,남,48세,경상
2018061000100008,2018년 6월 10일 00시,일요일,경기도 수원시 영통구 영통동,경상사고,0,0,3,0,차대차 - 추돌,안전거리미확보,건조,맑음,교차로 - 교차로부근,승용,남,51세,상해없음,승용,여,46세,경상
2018061000100073,2018년 6월 10일 04시,일요일,경기도 수원시 장안구 송죽동,경상사고,0,0,1,0,차대사람 - 길가장자리구역통행중,기타,건조,맑음,단일로 - 기타,승용,남,50세,상해없음,보행자,남,37세,경상
2018061000100075,2018년 6월 10일 04시,일요일,경기도 수원시 권선구 권선동,경상사고,0,0,1,0,차대차 - 기타,신호위반,건조,맑음,교차로 - 교차로안,승용,남,24세,상해없음,승용,남,41세,경상
2018061000100097,2018년 6월 10일 07시,일요일,경기도 수원시 팔달구 우만동,경상사고,0,0,1,0,차대차 - 기타,안전거리미확보,젖음/습기,비,교차로 - 교차로안,승용,남,47세,상해없음,승합,여,63세,경상
2018061000100099,2018년 6월 10일 07시,일요일,경기도 수원시 팔달구 매산로1가,경상사고,0,0,1,0,차대차 - 측면충돌,신호위반,젖음/습기,비,교차로 - 교차로부근,승용,남,54세,상해없음,승용,남,65세,경상
2018061000100191,2018년 6월 10일 12시,일요일,경기도 수원시 권선구 고색동,경상사고,0,0,2,0,차대차 - 추돌,안전운전불이행,건조,맑음,단일로 - 기타,승용,여,69세,상해없음,승용,남,44세,경상
2018061000100215,2018년 6월 10일 13시,일요일,경기도 수원시 권선구 서둔동,경상사고,0,0,2,0,차대차 - 기타,안전운전불이행,건조,맑음,교차로 - 교차로부근,승용,남,59세,상해없음,승용,남,24세,상해없음
2018061000100367,2018년 6월 10일 18시,일요일,경기도 수원시 팔달구 인계동,중상사고,0,3,0,0,차대차 - 후진중충돌,안전운전불이행,건조,맑음,단일로 - 기타,승용,여,38세,상해없음,승용,남,30세,중상
2018061000100447,2018년 6월 10일 21시,일요일,경기도 수원시 권선구 탑동,중상사고,0,1,0,0,차대사람 - 기타,안전운전불이행,건조,맑음,교차로 - 교차로부근,승용,남,27세,상해없음,보행자,남,55세,중상
2018061100100007,2018년 6월 11일 00시,월요일,경기도 수원시 장안구 파장동,경상사고,0,0,1,0,차대차 - 측면충돌,안전운전불이행,건조,맑음,교차로 - 교차로안,승용,남,23세,상해없음,화물,여,52세,경상
2018061100100009,2018년 6월 11일 00시,월요일,경기도 수원시 팔달구 인계동,중상사고,0,1,0,0,차대사람 - 기타,안전운전불이행,건조,맑음,단일로 - 기타,승용,남,58세,상해없음,보행자,남,27세,중상
2018061100100095,2018년 6월 11일 08시,월요일,경기도 수원시 장안구 영화동,경상사고,0,0,1,0,차대차 - 기타,안전운전불이행,건조,맑음,단일로 - 기타,승용,남,22세,상해없음,승용,남,37세,경상
2018061100100138,2018년 6월 11일 09시,월요일,경기도 수원시 팔달구 인계동,경상사고,0,0,1,0,차대차 - 측면충돌,교차로운행방법위반,건조,맑음,단일로 - 기타,승용,남,47세,상해없음,승용,남,37세,경상
2018061100100168,2018년 6월 11일 10시,월요일,경기도 수원시 권선구 세류동,중상사고,0,1,0,0,차대차 - 추돌,안전운전불이행,건조,흐림,단일로 - 기타,승용,남,61세,상해없음,승용,남,43세,중상
2018061100100198,2018년 6월 11일 11시,월요일,경기도 수원시 장안구 파장동,경상사고,0,0,1,0,차대차 - 측면충돌,안전운전불이행,건조,맑음,단일로 - 기타,승용,남,31세,상해없음,특수,남,36세,경상
2018061100100201,2018년 6월 11일 11시,월요일,경기도 수원시 영통구 이의동,경상사고,0,0,1,0,차대차 - 기타,안전거리미확보,건조,맑음,교차로 - 교차로부근,특수,남,58세,상해없음,승용,남,62세,경상
2018061100100232,2018년 6월 11일 12시,월요일,경기도 수원시 영통구 이의동,경상사고,0,0,1,0,차대차 - 측면충돌,안전운전불이행,건조,맑음,단일로 - 기타,이륜,남,27세,경상,승용,여,42세,상해없음
2018061100100334,2018년 6월 11일 15시,월요일,경기도 수원시 권선구 권선동,경상사고,0,0,1,0,차대차 - 기타,교차로운행방법위반,건조,맑음,교차로 - 교차로부근,승용,남,76세,상해없음,자전거,남,9세,경상
2018061100100367,2018년 6월 11일 16시,월요일,경기도 수원시 장안구 정자동,경상사고,0,0,1,0,차대차 - 기타,직진우회전진행방해,건조,맑음,교차로 - 교차로안,승용,여,60세,상해없음,승용,여,42세,경상
2018061100100374,2018년 6월 11일 16시,월요일,경기도 수원시 팔달구 매산로1가,경상사고,0,0,1,0,차대차 - 측면충돌,신호위반,건조,맑음,교차로 - 교차로안,승용,여,25세,상해없음,승용,남,60세,경상
2018061100100403,2018년 6월 11일 17시,월요일,경기도 수원시 장안구 정자동,부상신고사고,0,0,0,1,차대차 - 측면충돌,안전거리미확보,건조,맑음,단일로 - 기타,이륜,남,16세,부상신고,화물,남,64세,상해없음
2018061100100408,2018년 6월 11일 17시,월요일,경기도 수원시 팔달구 인계동,경상사고,0,0,1,0,차대차 - 측면충돌,신호위반,건조,맑음,교차로 - 교차로안,자전거,남,70세,경상,승용,여,46세,상해없음
2018061100100438,2018년 6월 11일 18시,월요일,경기도 수원시 권선구 고색동,경상사고,0,0,2,0,차대차 - 측면충돌,중앙선침범,건조,맑음,기타 - 기타,승용,남,33세,상해없음,이륜,남,20세,경상
2018061100100516,2018년 6월 11일 20시,월요일,경기도 수원시 영통구 이의동,경상사고,0,0,1,0,차량단독 - 전도전복 - 전도,안전운전불이행,건조,맑음,교차로 - 교차로횡단보도내,원동기,남,37세,경상,미분류,미분류,미분류,미분류
2018061100100544,2018년 6월 11일 21시,월요일,경기도 수원시 장안구 송죽동,중상사고,0,1,0,0,차대사람 - 기타,안전운전불이행,건조,흐림,단일로 - 기타,승용,여,66세,상해없음,보행자,남,31세,중상
2018061100100579,2018년 6월 11일 22시,월요일,경기도 수원시 권선구 세류동,경상사고,0,0,1,0,차대차 - 측면충돌,교차로운행방법위반,건조,흐림,교차로 - 교차로안,승용,남,39세,상해없음,승용,여,55세,경상
2018061200100009,2018년 6월 12일 00시,화요일,경기도 수원시 팔달구 인계동,경상사고,0,0,3,0,차대차 - 기타,신호위반,젖음/습기,비,교차로 - 교차로안,승용,남,36세,상해없음,승용,여,24세,경상
2018061200100144,2018년 6월 12일 09시,화요일,경기도 수원시 영통구 이의동,경상사고,0,0,3,0,차대차 - 추돌,안전거리미확보,건조,맑음,교차로 - 교차로부근,승용,여,63세,상해없음,승용,남,54세,경상
2018061200100311,2018년 6월 12일 14시,화요일,경기도 수원시 팔달구 매산로1가,경상사고,0,0,1,0,차대차 - 측면충돌,안전거리미확보,건조,맑음,기타 - 기타,승용,남,55세,상해없음,승용,남,33세,경상
2018061200100343,2018년 6월 12일 15시,화요일,경기도 수원시 장안구 정자동,경상사고,0,0,1,0,차대차 - 기타,안전운전불이행,건조,맑음,단일로 - 기타,화물,남,56세,상해없음,이륜,여,46세,경상
2018061200100423,2018년 6월 12일 17시,화요일,경기도 수원시 영통구 영통동,중상사고,0,1,0,0,차대차 - 기타,교차로운행방법위반,건조,맑음,교차로 - 교차로횡단보도내,승용,여,51세,상해없음,자전거,남,15세,중상
2018061200100427,2018년 6월 12일 17시,화요일,경기도 수원시 권선구 금곡동,경상사고,0,0,1,0,차대사람 - 차도통행중,보행자보호의무위반,건조,맑음,교차로 - 교차로횡단보도내,승용,여,36세,상해없음,보행자,여,12세,경상
2018061200100471,2018년 6월 12일 18시,화요일,경기도 수원시 장안구 정자동,중상사고,0,1,0,0,차대사람 - 기타,보행자보호의무위반,건조,맑음,단일로 - 기타,승용,여,62세,상해없음,보행자,여,28세,중상
2018061200100472,2018년 6월 12일 18시,화요일,경기도 수원시 장안구 정자동,경상사고,0,0,1,0,차대사람 - 기타,안전운전불이행,건조,맑음,단일로 - 기타,승용,남,56세,상해없음,보행자,여,13세,경상
2018061200100481,2018년 6월 12일 18시,화요일,경기도 수원시 권선구 호매실동,중상사고,0,1,1,0,차대차 - 측면충돌,교차로운행방법위반,건조,맑음,교차로 - 교차로부근,승용,여,24세,상해없음,승용,여,34세,경상
2018061200100630,2018년 6월 12일 22시,화요일,경기도 수원시 팔달구 인계동,중상사고,0,1,5,0,차대차 - 기타,안전운전불이행,건조,맑음,단일로 - 기타,화물,남,47세,경상,승용,남,47세,중상
2018061200100654,2018년 6월 12일 23시,화요일,경기도 수원시 팔달구 화서동,경상사고,0,0,1,0,차대사람 - 횡단중,보행자보호의무위반,건조,맑음,단일로 - 기타,승용,남,27세,상해없음,보행자,남,22세,경상
2018061200100657,2018년 6월 12일 23시,화요일,경기도 수원시 영통구 이의동,경상사고,0,0,1,0,차대차 - 추돌,안전운전불이행,건조,맑음,단일로 - 기타,승용,남,43세,상해없음,승용,남,47세,경상
2018061300100029,2018년 6월 13일 01시,수요일,경기도 수원시 팔달구 인계동,경상사고,0,0,1,0,차대사람 - 기타,안전운전불이행,건조,맑음,단일로 - 기타,승용,남,26세,상해없음,보행자,남,29세,경상
2018061300100039,2018년 6월 13일 02시,수요일,경기도 수원시 권선구 고색동,경상사고,0,0,1,0,차대사람 - 기타,안전운전불이행,건조,맑음,교차로 - 교차로안,승용,남,40세,상해없음,보행자,남,18세,경상
2018061300100063,2018년 6월 13일 04시,수요일,경기도 수원시 장안구 조원동,경상사고,0,0,3,0,차대차 - 추돌,안전운전불이행,건조,맑음,단일로 - 기타,승용,남,57세,상해없음,승용,남,54세,경상
2018061300100111,2018년 6월 13일 07시,수요일,경기도 수원시 권선구 고색동,중상사고,0,1,1,0,차대사람 - 보도통행중,신호위반,건조,맑음,단일로 - 기타,화물,남,25세,상해없음,보행자,남,17세,경상
2018061300100147,2018년 6월 13일 09시,수요일,경기도 수원시 장안구 영화동,경상사고,0,0,1,1,차대차 - 추돌,안전운전불이행,건조,맑음,단일로 - 기타,승용,남,23세,상해없음,이륜,남,64세,부상신고
2018061300100152,2018년 6월 13일 09시,수요일,경기도 수원시 팔달구 매산로2가,경상사고,0,0,1,0,차대차 - 추돌,안전운전불이행,건조,맑음,교차로 - 교차로부근,승용,남,43세,상해없음,승합,남,52세,경상
2018061300100269,2018년 6월 13일 13시,수요일,경기도 수원시 장안구 천천동,경상사고,0,0,1,0,차대차 - 추돌,안전거리미확보,건조,맑음,교차로 - 교차로안,승용,남,28세,상해없음,승용,남,36세,경상
2018061300100330,2018년 6월 13일 15시,수요일,경기도 수원시 팔달구 인계동,중상사고,0,1,0,0,차대사람 - 횡단중,보행자보호의무위반,건조,맑음,기타 - 기타,자전거,남,78세,상해없음,보행자,여,81세,중상
2018061300100366,2018년 6월 13일 16시,수요일,경기도 수원시 권선구 호매실동,경상사고,0,0,2,0,차대차 - 기타,교차로운행방법위반,건조,맑음,교차로 - 교차로부근,승용,여,38세,상해없음,이륜,남,30세,경상
2018061300100435,2018년 6월 13일 18시,수요일,경기도 수원시 권선구 권선동,경상사고,0,0,1,0,차대차 - 기타,안전운전불이행,건조,맑음,교차로 - 교차로안,원동기,남,24세,상해없음,자전거,남,27세,경상
2018061300100470,2018년 6월 13일 19시,수요일,경기도 수원시 팔달구 매산로1가,경상사고,0,0,1,0,차대사람 - 보도통행중,기타,건조,흐림,단일로 - 기타,자전거,남,81세,상해없음,보행자,남,62세,경상
2018061300100498,2018년 6월 13일 20시,수요일,경기도 수원시 영통구 영통동,경상사고,0,0,1,0,차대사람 - 보도통행중,안전운전불이행,건조,맑음,단일로 - 기타,기타불명,기타불명,미분류,기타불명,보행자,남,26세,경상
2018061300100499,2018년 6월 13일 20시,수요일,경기도 수원시 권선구 탑동,중상사고,0,1,0,0,차량단독 - 기타,기타,건조,맑음,단일로 - 기타,승합,남,59세,상해없음,,,,
2018061300100500,2018년 6월 13일 20시,수요일,경기도 수원시 팔달구 매산로1가,경상사고,0,0,2,0,차대차 - 측면충돌,안전거리미확보,건조,맑음,교차로 - 교차로안,승용,여,54세,상해없음,승용,남,45세,경상
2018061400100094,2018년 6월 14일 08시,목요일,경기도 수원시 영통구 매탄동,경상사고,0,0,1,0,차대차 - 측면충돌,안전운전불이행,젖음/습기,비,교차로 - 교차로안,승용,남,29세,상해없음,승용,남,45세,경상
2018061400100151,2018년 6월 14일 09시,목요일,경기도 수원시 권선구 구운동,경상사고,0,0,1,0,차대차 - 기타,안전운전불이행,젖음/습기,비,단일로 - 지하차도(도로)내,기타불명,기타불명,미분류,기타불명,자전거,남,76세,경상
2018061400100173,2018년 6월 14일 10시,목요일,경기도 수원시 영통구 원천동,경상사고,0,0,2,0,차대차 - 기타,안전운전불이행,젖음/습기,비,교차로 - 교차로부근,승용,여,66세,경상,승합,남,48세,경상
2018061400100196,2018년 6월 14일 11시,목요일,경기도 수원시 장안구 파장동,경상사고,0,0,1,0,차대차 - 기타,안전운전불이행,건조,맑음,단일로 - 기타,승용,남,73세,기타불명,자전거,남,65세,경상
2018061400100252,2018년 6월 14일 13시,목요일,경기도 수원시 영통구 원천동,경상사고,0,0,1,0,차대차 - 기타,안전운전불이행,건조,맑음,교차로 - 교차로횡단보도내,화물,남,60세,상해없음,승용,남,43세,경상