사고번호,사고일시,요일,시군구,사고내용,사망자수,중상자수,경상자수,부상신고자수,사고유형,법규위반,노면상태,기상상태,도로형태,가해운전자 차종,가해운전자 성별,가해운전자 연령,가해운전자 상해정도,피해운전자 차종,피해운전자 성별,피해운전자 연령,피해운전자 상해정도
2018061400100285,2018년 6월 14일 14시,목요일,경기도 수원시 팔달구 매산로1가,경상사고,0,0,1,0,차대사람 - 기타,안전운전불이행,건조,맑음,단일로 - 기타,승용,여,56세,상해없음,보행자,남,24세,경상
2018061400100371,2018년 6월 14일 16시,목요일,경기도 수원시 권선구 구운동,경상사고,0,0,1,0,차대사람 - 횡단중,안전운전불이행,건조,맑음,단일로 - 기타,승용,남,57세,상해없음,보행자,여,13세,경상
2018061400100407,2018년 6월 14일 17시,목요일,경기도 수원시 팔달구 우만동,경상사고,0,0,1,0,차대사람 - 기타,안전운전불이행,건조,맑음,단일로 - 기타,승용,남,42세,기타불명,보행자,여,69세,경상
2018061400100477,2018년 6월 14일 18시,목요일,경기도 수원시 팔달구 매산로2가,경상사고,0,0,1,0,차대차 - 정면충돌,안전운전불이행,건조,맑음,단일로 - 기타,승용,남,50세,상해없음,자전거,남,13세,경상
2018061400100579,2018년 6월 14일 21시,목요일,경기도 수원시 권선구 금곡동,경상사고,0,0,1,0,차대차 - 측면충돌,차로위반,건조,맑음,단일로 - 기타,승용,여,58세,상해없음,승용,여,52세,경상
2018061400100610,2018년 6월 14일 22시,목요일,경기도 수원시 팔달구 인계동,중상사고,0,1,2,0,차대차 - 측면충돌,안전운전불이행,건조,맑음,교차로 - 교차로안,승용,남,63세,상해없음,이륜,남,43세,중상
2018061500100367,2018년 6월 15일 16시,금요일,경기도 수원시 장안구 연무동,부상신고사고,0,0,0,3,차대차 - 측면충돌,교차로운행방법위반,건조,맑음,교차로 - 교차로안,승용,남,25세,부상신고,승용,남,59세,상해없음
2018061500100368,2018년 6월 15일 16시,금요일,경기도 수원시 장안구 연무동,중상사고,0,1,0,0,차대사람 - 기타,안전운전불이행,건조,맑음,교차로 - 교차로안,승용,여,30세,상해없음,보행자,여,75세,중상
2018061500100375,2018년 6월 15일 16시,금요일,경기도 수원시 팔달구 고등동,중상사고,0,1,0,0,차대차 - 측면충돌,안전운전불이행,건조,맑음,교차로 - 교차로안,자전거,남,72세,중상,승용,남,63세,상해없음
2018061500100431,2018년 6월 15일 17시,금요일,경기도 수원시 장안구 하광교동,경상사고,0,0,1,0,차대차 - 기타,안전거리미확보,건조,맑음,단일로 - 기타,승용,남,38세,상해없음,승용,남,42세,경상
2018061500100475,2018년 6월 15일 18시,금요일,경기도 수원시 장안구 영화동,중상사고,0,1,0,0,차대차 - 기타,직진우회전진행방해,건조,맑음,교차로 - 교차로안,승용,여,55세,상해없음,이륜,남,78세,중상
2018061500100593,2018년 6월 15일 21시,금요일,경기도 수원시 장안구 영화동,경상사고,0,0,1,0,차대차 - 기타,중앙선침범,건조,맑음,단일로 - 기타,자전거,남,16세,상해없음,이륜,남,28세,경상
2018061500100635,2018년 6월 15일 22시,금요일,경기도 수원시 팔달구 매산로2가,경상사고,0,0,1,0,차대차 - 측면충돌,안전운전불이행,건조,맑음,단일로 - 기타,승용,남,26세,상해없음,승합,남,34세,상해없음
2018061500100671,2018년 6월 15일 23시,금요일,경기도 수원시 팔달구 고등동,중상사고,0,1,0,0,차대사람 - 기타,안전운전불이행,건조,맑음,단일로 - 기타,승용,남,55세,상해없음,보행자,여,73세,중상
2018061600100070,2018년 6월 16일 05시,토요일,경기도 수원시 팔달구 인계동,경상사고,0,0,1,0,차대사람 - 기타,안전운전불이행,건조,맑음,단일로 - 기타,승용,남,22세,상해없음,보행자,여,21세,경상
2018061600100072,2018년 6월 16일 05시,토요일,경기도 수원시 권선구 서둔동,중상사고,0,1,0,0,차대사람 - 횡단중,보행자보호의무위반,건조,맑음,교차로 - 교차로횡단보도내,기타불명,기타불명,미분류,기타불명,보행자,여,78세,중상
2018061600100136,2018년 6월 16일 09시,토요일,경기도 수원시 권선구 서둔동,경상사고,0,0,1,0,차대차 - 추돌,안전운전불이행,건조,맑음,교차로 - 교차로부근,승용,여,49세,상해없음,승용,여,39세,경상
2018061600100210,2018년 6월 16일 12시,토요일,경기도 수원시 영통구 하동,부상신고사고,0,0,0,1,차대차 - 추돌,안전운전불이행,건조,맑음,단일로 - 기타,승용,여,66세,상해없음,승용,남,45세,부상신고
2018061600100282,2018년 6월 16일 14시,토요일,경기도 수원시 팔달구 우만동,경상사고,0,0,1,0,차대차 - 측면충돌,중앙선침범,건조,맑음,기타 - 기타,승용,여,32세,상해없음,승용,남,48세,경상
2018061600100447,2018년 6월 16일 18시,토요일,경기도 수원시 팔달구 지동,경상사고,0,0,2,1,차대차 - 추돌,안전운전불이행,건조,맑음,단일로 - 기타,승용,남,58세,상해없음,승합,남,66세,경상
2018061600100489,2018년 6월 16일 19시,토요일,경기도 수원시 팔달구 우만동,부상신고사고,0,0,0,2,차대차 - 측면충돌,안전운전불이행,건조,맑음,교차로 - 교차로안,승용,남,33세,상해없음,승용,남,34세,부상신고
2018061600100519,2018년 6월 16일 20시,토요일,경기도 수원시 팔달구 지동,경상사고,0,0,2,1,차대차 - 추돌,차로위반,기타,비,단일로 - 기타,승용,남,60세,부상신고,화물,남,58세,경상
2018061600100524,2018년 6월 16일 20시,토요일,경기도 수원시 영통구 영통동,경상사고,0,0,1,0,차대차 - 기타,안전운전불이행,건조,맑음,교차로 - 교차로안,기타불명,기타불명,미분류,기타불명,승용,여,46세,경상
2018061600100557,2018년 6월 16일 21시,토요일,경기도 수원시 영통구 망포동,경상사고,0,0,1,0,차대차 - 기타,직진우회전진행방해,건조,맑음,교차로 - 교차로안,승용,남,57세,상해없음,이륜,남,40세,경상
2018061600100558,2018년 6월 16일 21시,토요일,경기도 수원시 영통구 매탄동,경상사고,0,0,4,0,차대차 - 추돌,안전운전불이행,건조,맑음,단일로 - 기타,승용,여,46세,상해없음,승용,여,54세,경상
2018061600100586,2018년 6월 16일 22시,토요일,경기도 수원시 팔달구 인계동,중상사고,0,1,0,0,차대사람 - 횡단중,안전운전불이행,건조,맑음,단일로 - 기타,승용,남,55세,상해없음,보행자,남,49세,중상
2018061600100587,2018년 6월 16일 22시,토요일,경기도 수원시 권선구 탑동,경상사고,0,0,2,0,차대차 - 기타,안전운전불이행,건조,맑음,단일로 - 기타,승합,남,53세,상해없음,승합,남,60세,상해없음
2018061700100008,2018년 6월 17일 00시,일요일,경기도 수원시 영통구 영통동,경상사고,0,0,1,0,차대차 - 측면충돌,신호위반,건조,맑음,교차로 - 교차로안,승용,여,27세,상해없음,승용,남,34세,경상
2018061700100074,2018년 6월 17일 05시,일요일,경기도 수원시 팔달구 인계동,중상사고,0,1,0,0,차대사람 - 기타,안전운전불이행,건조,맑음,단일로 - 기타,승용,남,25세,상해없음,보행자,여,28세,중상
2018061700100109,2018년 6월 17일 08시,일요일,경기도 수원시 권선구 세류동,경상사고,0,0,1,0,차대차 - 기타,직진우회전진행방해,건조,맑음,단일로 - 기타,승용,남,55세,상해없음,자전거,남,58세,경상
2018061700100133,2018년 6월 17일 10시,일요일,경기도 수원시 권선구 구운동,경상사고,0,0,1,0,차대차 - 기타,신호위반,건조,맑음,교차로 - 교차로안,승용,남,43세,상해없음,화물,남,49세,경상
2018061700100238,2018년 6월 17일 14시,일요일,경기도 수원시 팔달구 매산로2가,경상사고,0,0,6,2,차대차 - 추돌,안전운전불이행,건조,맑음,단일로 - 기타,화물,남,64세,상해없음,승합,남,55세,경상
2018061700100344,2018년 6월 17일 18시,일요일,경기도 수원시 팔달구 팔달로3가,부상신고사고,0,0,0,1,차대차 - 측면충돌,안전운전불이행,건조,맑음,미분류 - 미분류,자전거,남,41세,부상신고,승용,남,33세,상해없음
2018061700100401,2018년 6월 17일 20시,일요일,경기도 수원시 팔달구 매산로2가,경상사고,0,0,2,0,차대차 - 후진중충돌,안전운전불이행,건조,기타,기타 - 기타,승용,남,47세,상해없음,승용,남,35세,경상
2018061700100419,2018년 6월 17일 21시,일요일,경기도 수원시 장안구 파장동,중상사고,0,1,0,0,차대차 - 기타,안전운전불이행,건조,맑음,단일로 - 기타,승합,남,53세,상해없음,자전거,남,44세,중상
2018061700100449,2018년 6월 17일 22시,일요일,경기도 수원시 권선구 금곡동,경상사고,0,0,1,0,차대차 - 기타,안전운전불이행,건조,맑음,단일로 - 기타,승용,남,50세,상해없음,이륜,남,22세,경상
2018061700100465,2018년 6월 17일 23시,일요일,경기도 수원시 권선구 고색동,경상사고,0,0,1,0,차대사람 - 횡단중,신호위반,건조,맑음,교차로 - 교차로안,기타불명,기타불명,미분류,기타불명,보행자,여,19세,경상
2018061800100093,2018년 6월 18일 08시,월요일,경기도 수원시 팔달구 화서동,경상사고,0,0,1,0,차대차 - 측면충돌,안전운전불이행,건조,맑음,단일로 - 기타,승용,남,62세,상해없음,승용,여,27세,경상
2018061800100318,2018년 6월 18일 14시,월요일,경기도 수원시 영통구 매탄동,중상사고,0,1,0,0,차대사람 - 횡단중,보행자보호의무위반,건조,맑음,단일로 - 기타,화물,남,58세,상해없음,보행자,여,26세,중상
2018061800100399,2018년 6월 18일 16시,월요일,경기도 수원시 권선구 권선동,경상사고,0,0,1,0,차대차 - 측면충돌,교차로운행방법위반,건조,맑음,교차로 - 교차로부근,승용,여,35세,상해없음,승용,여,25세,경상
2018061800100439,2018년 6월 18일 17시,월요일,경기도 수원시 권선구 권선동,경상사고,0,0,1,0,차대차 - 기타,기타,건조,맑음,단일로 - 기타,승용,남,44세,상해없음,이륜,남,29세,경상
2018061800100498,2018년 6월 18일 18시,월요일,경기도 수원시 장안구 영화동,경상사고,0,0,1,0,차량단독 - 기타,안전운전불이행,건조,맑음,교차로 - 교차로부근,승용,남,56세,상해없음,,,,
2018061800100554,2018년 6월 18일 19시,월요일,경기도 수원시 영통구 망포동,경상사고,0,0,1,0,차대사람 - 횡단중,안전운전불이행,건조,맑음,단일로 - 기타,이륜,남,60세,상해없음,보행자,여,57세,경상
2018061800100583,2018년 6월 18일 20시,월요일,경기도 수원시 팔달구 인계동,중상사고,0,1,1,0,차대차 - 추돌,안전운전불이행,건조,맑음,단일로 - 기타,승용,남,34세,상해없음,이륜,남,40세,중상
2018061800100587,2018년 6월 18일 20시,월요일,경기도 수원시 영통구 이의동,경상사고,0,0,2,0,차대차 - 후진중충돌,안전운전불이행,건조,맑음,교차로 - 교차로부근,승용,여,56세,상해없음,승용,여,41세,경상
2018061900100032,2018년 6월 19일 04시,화요일,경기도 수원시 팔달구 인계동,경상사고,0,0,1,0,차대차 - 추돌,안전운전불이행,건조,맑음,단일로 - 기타,승용,남,31세,상해없음,승용,남,40세,경상
2018061900100068,2018년 6월 19일 07시,화요일,경기도 수원시 권선구 탑동,경상사고,0,0,1,0,차대차 - 기타,안전거리미확보,건조,맑음,교차로 - 교차로부근,승용,여,36세,상해없음,승용,여,34세,경상
2018061900100094,2018년 6월 19일 08시,화요일,경기도 수원시 장안구 조원동,경상사고,0,0,1,0,차대사람 - 기타,보행자보호의무위반,건조,맑음,교차로 - 교차로안,화물,남,59세,상해없음,보행자,여,49세,경상
2018061900100095,2018년 6월 19일 08시,화요일,경기도 수원시 팔달구 우만동,중상사고,0,2,0,1,차대차 - 측면충돌,신호위반,건조,맑음,교차로 - 교차로안,승용,여,27세,부상신고,승용,남,24세,중상
2018061900100203,2018년 6월 19일 11시,화요일,경기도 수원시 영통구 원천동,경상사고,0,0,1,0,차대차 - 기타,안전운전불이행,건조,맑음,교차로 - 교차로안,자전거,여,25세,경상,승용,남,43세,상해없음
2018061900100234,2018년 6월 19일 12시,화요일,경기도 수원시 팔달구 인계동,중상사고,0,1,0,0,차대차 - 기타,교차로운행방법위반,건조,맑음,교차로 - 교차로안,승용,여,44세,상해없음,이륜,남,41세,중상
2018061900100276,2018년 6월 19일 13시,화요일,경기도 수원시 팔달구 인계동,경상사고,0,0,1,0,차대사람 - 차도통행중,안전운전불이행,건조,맑음,단일로 - 기타,승용,여,46세,상해없음,보행자,여,56세,경상
2018061900100298,2018년 6월 19일 14시,화요일,경기도 수원시 팔달구 북수동,경상사고,0,0,1,0,차대차 - 기타,안전운전불이행,건조,맑음,단일로 - 기타,자전거,여,21세,경상,승용,여,62세,상해없음
2018061900100325,2018년 6월 19일 15시,화요일,경기도 수원시 영통구 매탄동,부상신고사고,0,0,0,1,차대차 - 기타,교차로운행방법위반,건조,맑음,교차로 - 교차로안,화물,남,42세,상해없음,화물,남,58세,부상신고
2018061900100327,2018년 6월 19일 15시,화요일,경기도 수원시 권선구 탑동,중상사고,0,1,0,0,차대차 - 기타,안전운전불이행,건조,맑음,교차로 - 교차로안,승용,남,53세,상해없음,자전거,여,11세,중상
2018061900100368,2018년 6월 19일 16시,화요일,경기도 수원시 영통구 이의동,경상사고,0,0,1,0,차대차 - 측면충돌,신호위반,건조,맑음,교차로 - 교차로안,화물,남,61세,상해없음,승용,남,54세,경상
2018061900100370,2018년 6월 19일 16시,화요일,경기도 수원시 팔달구 매산로1가,경상사고,0,0,1,0,차대차 - 기타,교차로운행방법위반,건조,맑음,교차로 - 교차로부근,화물,남,47세,상해없음,승용,남,37세,경상
2018061900100449,2018년 6월 19일 18시,화요일,경기도 수원시 영통구 매탄동,부상신고사고,0,0,0,1,차대차 - 측면충돌,안전운전불이행,건조,맑음,단일로 - 기타,자전거,기타불명,미분류,기타불명,자전거,남,14세,부상신고
2018061900100541,2018년 6월 19일 21시,화요일,경기도 수원시 권선구 세류동,부상신고사고,0,0,0,1,차대차 - 측면충돌,안전운전불이행,건조,맑음,교차로 - 교차로부근,기타불명,기타불명,미분류,기타불명,이륜,남,19세,부상신고
2018061900100567,2018년 6월 19일 22시,화요일,경기도 수원시 영통구 매탄동,경상사고,0,0,1,0,차대차 - 추돌,신호위반,건조,맑음,교차로 - 교차로안,승용,남,70세,상해없음,이륜,남,54세,경상
2018061900100579,2018년 6월 19일 23시,화요일,경기도 수원시 장안구 정자동,경상사고,0,0,1,0,차대차 - 측면충돌,신호위반,건조,맑음,교차로 - 교차로안,승용,남,28세,상해없음,승용,여,53세,경상
2018062000100037,2018년 6월 20일 03시,수요일,경기도 수원시 장안구 영화동,경상사고,0,0,1,0,차대차 - 기타,안전운전불이행,건조,맑음,교차로 - 교차로안,승용,남,65세,상해없음,이륜,남,22세,경상
2018062000100098,2018년 6월 20일 08시,수요일,경기도 수원시 팔달구 교동,중상사고,0,1,0,0,차대차 - 측면충돌,안전운전불이행,건조,맑음,교차로 - 교차로횡단보도내,승합,남,74세,상해없음,자전거,남,18세,중상
2018062000100177,2018년 6월 20일 11시,수요일,경기도 수원시 팔달구 우만동,부상신고사고,0,0,0,1,차대차 - 기타,기타,건조,맑음,교차로 - 교차로안,이륜,남,35세,부상신고,화물,남,40세,상해없음
2018062000100183,2018년 6월 20일 11시,수요일,경기도 수원시 영통구 매탄동,경상사고,0,0,1,0,차대사람 - 기타,안전운전불이행,건조,맑음,교차로 - 교차로부근,기타불명,기타불명,미분류,기타불명,보행자,여,79세,경상
2018062000100218,2018년 6월 20일 12시,수요일,경기도 수원시 장안구 영화동,부상신고사고,0,0,0,1,차대차 - 기타,신호위반,건조,맑음,교차로 - 교차로안,승용,여,63세,상해없음,이륜,남,80세,부상신고
2018062000100219,2018년 6월 20일 12시,수요일,경기도 수원시 장안구 영화동,경상사고,0,0,2,0,차대차 - 측면충돌,직진우회전진행방해,건조,맑음,교차로 - 교차로안,승용,남,59세,기타불명,승용,여,29세,경상
2018062000100300,2018년 6월 20일 15시,수요일,경기도 수원시 팔달구 우만동,부상신고사고,0,0,0,1,차량단독 - 기타,안전운전불이행,건조,맑음,단일로 - 기타,승합,남,42세,상해없음,,,,
2018062000100309,2018년 6월 20일 15시,수요일,경기도 수원시 권선구 세류동,경상사고,0,0,1,0,차대차 - 기타,직진우회전진행방해,건조,맑음,교차로 - 교차로안,승용,여,42세,상해없음,자전거,남,10세,경상
2018062000100344,2018년 6월 20일 16시,수요일,경기도 수원시 장안구 조원동,경상사고,0,0,1,0,차대차 - 기타,차로위반,건조,맑음,교차로 - 교차로안,화물,남,64세,상해없음,승용,여,64세,경상
2018062000100353,2018년 6월 20일 16시,수요일,경기도 수원시 권선구 서둔동,경상사고,0,0,1,0,차대차 - 추돌,안전운전불이행,건조,맑음,교차로 - 교차로부근,승용,남,78세,상해없음,승용,남,54세,경상
2018062000100392,2018년 6월 20일 17시,수요일,경기도 수원시 팔달구 매산로1가,경상사고,0,0,1,0,차대사람 - 차도통행중,안전운전불이행,건조,맑음,단일로 - 기타,기타불명,기타불명,미분류,기타불명,보행자,여,19세,경상
2018062000100425,2018년 6월 20일 18시,수요일,경기도 수원시 장안구 영화동,경상사고,0,0,1,0,차대차 - 추돌,안전운전불이행,건조,맑음,단일로 - 기타,승용,남,50세,상해없음,승용,남,60세,경상
2018062000100426,2018년 6월 20일 18시,수요일,경기도 수원시 팔달구 우만동,부상신고사고,0,0,0,1,차량단독 - 기타,안전운전불이행,건조,맑음,단일로 - 기타,이륜,남,58세,부상신고,,,,
2018062000100474,2018년 6월 20일 19시,수요일,경기도 수원시 권선구 세류동,경상사고,0,0,2,0,차대차 - 측면충돌,중앙선침범,건조,맑음,단일로 - 기타,승용,남,61세,상해없음,승용,남,39세,경상
2018062000100537,2018년 6월 20일 21시,수요일,경기도 수원시 팔달구 매산로1가,경상사고,0,0,2,0,차대차 - 정면충돌,신호위반,건조,맑음,교차로 - 교차로안,승용,여,36세,상해없음,승용,남,57세,경상
2018062100100035,2018년 6월 21일 03시,목요일,경기도 수원시 영통구 매탄동,중상사고,0,1,0,1,차대차 - 기타,신호위반,건조,맑음,교차로 - 교차로안,승용,남,22세,상해없음,승용,남,56세,중상
2018062100100077,2018년 6월 21일 07시,목요일,경기도 수원시 팔달구 우만동,경상사고,0,0,2,0,차대차 - 추돌,안전운전불이행,건조,맑음,단일로 - 기타,승용,여,63세,상해없음,승용,남,38세,경상
2018062100100110,2018년 6월 21일 08시,목요일,경기도 수원시 팔달구 인계동,경상사고,0,0,1,0,차대사람 - 기타,안전운전불이행,건조,맑음,기타 - 기타,승용,남,28세,상해없음,보행자,남,23세,경상
2018062100100208,2018년 6월 21일 11시,목요일,경기도 수원시 장안구 파장동,중상사고,0,1,1,0,차대차 - 기타,신호위반,건조,맑음,교차로 - 교차로안,승용,여,63세,상해없음,이륜,남,56세,중상
2018062100100212,2018년 6월 21일 11시,목요일,경기도 수원시 권선구 금곡동,경상사고,0,0,5,1,차대차 - 추돌,안전거리미확보,건조,맑음,단일로 - 기타,승용,남,66세,경상,화물,남,23세,경상
2018062100100237,2018년 6월 21일 12시,목요일,경기도 수원시 영통구 원천동,경상사고,0,0,1,0,차대차 - 측면충돌,안전운전불이행,건조,맑음,단일로 - 기타,승용,여,48세,상해없음,승용,남,55세,경상
2018062100100284,2018년 6월 21일 14시,목요일,경기도 수원시 권선구 고색동,경상사고,0,0,1,0,차대차 - 측면충돌,직진우회전진행방해,건조,맑음,교차로 - 교차로안,화물,남,49세,상해없음,승용,여,38세,경상
2018062100100318,2018년 6월 21일 15시,목요일,경기도 수원시 영통구 신동,경상사고,0,0,2,0,차대차 - 기타,신호위반,건조,맑음,교차로 - 교차로안,승용,여,63세,상해없음,승용,남,40세,경상
2018062100100319,2018년 6월 21일 15시,목요일,경기도 수원시 영통구 이의동,경상사고,0,0,2,0,차대차 - 기타,안전운전불이행,건조,맑음,단일로 - 기타,화물,남,54세,기타불명,승용,여,51세,경상
2018062100100361,2018년 6월 21일 16시,목요일,경기도 수원시 권선구 세류동,경상사고,0,0,1,0,차대차 - 측면충돌,불법유턴,건조,맑음,단일로 - 기타,자전거,여,60세,경상,승용,남,53세,상해없음
2018062100100362,2018년 6월 21일 16시,목요일,경기도 수원시 팔달구 매교동,경상사고,0,0,1,0,차대사람 - 기타,기타,건조,맑음,단일로 - 교량,이륜,남,58세,상해없음,보행자,남,67세,경상
2018062100100416,2018년 6월 21일 17시,목요일,경기도 수원시 영통구 매탄동,경상사고,0,0,1,0,차대사람 - 기타,안전운전불이행,건조,맑음,단일로 - 기타,승합,남,39세,상해없음,보행자,여,75세,경상
2018062100100420,2018년 6월 21일 17시,목요일,경기도 수원시 권선구 오목천동,중상사고,0,1,0,0,차대차 - 측면충돌,교차로운행방법위반,건조,맑음,교차로 - 교차로부근,자전거,남,23세,중상,승합,남,66세,상해없음
2018062100100474,2018년 6월 21일 18시,목요일,경기도 수원시 팔달구 인계동,경상사고,0,0,2,0,차대차 - 측면충돌,직진우회전진행방해,건조,맑음,교차로 - 교차로안,승용,여,23세,상해없음,승용,남,26세,경상
2018062100100475,2018년 6월 21일 18시,목요일,경기도 수원시 권선구 권선동,부상신고사고,0,0,0,1,차대차 - 측면충돌,교차로운행방법위반,건조,맑음,교차로 - 교차로안,승용,남,40세,상해없음,이륜,남,29세,부상신고
2018062100100549,2018년 6월 21일 20시,목요일,경기도 수원시 팔달구 지동,부상신고사고,0,0,0,1,차대차 - 기타,안전거리미확보,건조,맑음,단일로 - 고가도로위,이륜,남,26세,부상신고,승용,남,28세,상해없음
2018062100100550,2018년 6월 21일 20시,목요일,경기도 수원시 장안구 정자동,경상사고,0,0,1,0,차대차 - 추돌,안전운전불이행,건조,맑음,기타 - 기타,승용,남,51세,상해없음,승용,남,73세,경상
2018062100100584,2018년 6월 21일 21시,목요일,경기도 수원시 팔달구 우만동,경상사고,0,0,1,0,차대차 - 기타,신호위반,건조,맑음,교차로 - 교차로안,이륜,남,28세,상해없음,자전거,남,58세,경상
2018062100100621,2018년 6월 21일 22시,목요일,경기도 수원시 팔달구 인계동,부상신고사고,0,0,0,1,차대사람 - 차도통행중,교차로운행방법위반,건조,맑음,교차로 - 교차로안,승용,남,60세,상해없음,보행자,남,31세,부상신고
2018062200100008,2018년 6월 22일 00시,금요일,경기도 수원시 권선구 고색동,중상사고,0,1,0,0,차대차 - 측면충돌,신호위반,건조,맑음,교차로 - 교차로안,승용,남,38세,상해없음,이륜,남,30세,중상
2018062200100038,2018년 6월 22일 03시,금요일,경기도 수원시 영통구 영통동,중상사고,0,1,0,0,차대사람 - 횡단중,안전운전불이행,건조,맑음,교차로 - 교차로부근,승용,남,36세,상해없음,보행자,남,38세,중상
2018062200100134,2018년 6월 22일 08시,금요일,경기도 수원시 장안구 조원동,중상사고,0,1,0,0,차대사람 - 횡단중,안전운전불이행,건조,맑음,교차로 - 교차로부근,승용,여,65세,상해없음,보행자,여,49세,중상
2018062200100135,2018년 6월 22일 08시,금요일,경기도 수원시 장안구 송죽동,중상사고,0,1,0,0,차대사람 - 횡단중,안전운전불이행,건조,맑음,교차로 - 교차로안,승용,남,51세,기타불명,보행자,여,69세,중상
2018062200100140,2018년 6월 22일 08시,금요일,경기도 수원시 영통구 하동,경상사고,0,0,1,0,차대차 - 추돌,안전거리미확보,건조,맑음,교차로 - 교차로부근,화물,남,39세,상해없음,승용,남,63세,경상
2018062200100233,2018년 6월 22일 11시,금요일,경기도 수원시 장안구 파장동,사망사고,1,0,0,0,차대사람 - 기타,안전운전불이행,건조,맑음,단일로 - 기타,승합,남,53세,상해없음,보행자,여,86세,사망
2018062200100260,2018년 6월 22일 12시,금요일,경기도 수원시 팔달구 팔달로1가,경상사고,0,0,1,0,차대차 - 기타,안전운전불이행,건조,맑음,교차로 - 교차로부근,승용,여,55세,상해없음,자전거,남,67세,경상
2018062200100493,2018년 6월 22일 17시,금요일,경기도 수원시 권선구 세류동,경상사고,0,0,1,0,차대차 - 측면충돌,안전운전불이행,건조,맑음,교차로 - 교차로부근,승용,남,52세,상해없음,화물,남,57세,경상
2018062200100539,2018년 6월 22일 18시,금요일,경기도 수원시 장안구 연무동,중상사고,0,1,0,0,차대사람 - 횡단중,안전운전불이행,건조,맑음,단일로 - 기타,승용,여,46세,상해없음,보행자,남,45세,중상
2018062200100684,2018년 6월 22일 21시,금요일,경기도 수원시 팔달구 우만동,중상사고,0,1,0,0,차대사람 - 길가장자리구역통행중,안전운전불이행,건조,맑음,단일로 - 기타,특수,남,36세,상해없음,보행자,남,57세,중상
2018062300100048,2018년 6월 23일 02시,토요일,경기도 수원시 권선구 권선동,경상사고,0,0,2,0,차대차 - 추돌,안전운전불이행,건조,맑음,교차로 - 교차로부근,승용,여,34세,상해없음,승용,남,29세,경상
2018062300100049,2018년 6월 23일 02시,토요일,경기도 수원시 권선구 탑동,경상사고,0,0,1,0,차대차 - 측면충돌,교차로운행방법위반,건조,맑음,교차로 - 교차로안,승용,남,40세,상해없음,이륜,남,18세,경상
2018062300100071,2018년 6월 23일 04시,토요일,경기도 수원시 팔달구 인계동,경상사고,0,0,1,0,차량단독 - 공작물충돌,안전운전불이행,건조,맑음,단일로 - 기타,승용,남,29세,상해없음,,,,
2018062300100092,2018년 6월 23일 06시,토요일,경기도 수원시 장안구 송죽동,경상사고,0,0,6,0,차대차 - 추돌,안전운전불이행,건조,맑음,단일로 - 기타,승용,남,37세,상해없음,승용,남,56세,경상
2018062300100117,2018년 6월 23일 08시,토요일,경기도 수원시 권선구 세류동,경상사고,0,0,1,0,차대차 - 기타,기타,건조,맑음,단일로 - 기타,화물,남,39세,상해없음,승용,남,37세,상해없음
2018062300100298,2018년 6월 23일 13시,토요일,경기도 수원시 권선구 금곡동,중상사고,0,1,0,0,차대차 - 측면충돌,안전운전불이행,건조,맑음,교차로 - 교차로부근,승용,남,29세,상해없음,승용,남,37세,중상
2018062300100363,2018년 6월 23일 15시,토요일,경기도 수원시 팔달구 화서동,경상사고,0,0,1,0,차대사람 - 횡단중,보행자보호의무위반,건조,맑음,단일로 - 기타,승용,여,35세,상해없음,보행자,남,5세,경상
2018062300100398,2018년 6월 23일 16시,토요일,경기도 수원시 영통구 망포동,경상사고,0,0,1,0,차대차 - 기타,차로위반,건조,맑음,교차로 - 교차로안,승용,남,62세,상해없음,승용,남,40세,경상
2018062300100459,2018년 6월 23일 18시,토요일,경기도 수원시 장안구 정자동,경상사고,0,0,1,0,차대차 - 기타,안전운전불이행,건조,맑음,단일로 - 기타,승용,여,41세,상해없음,자전거,남,14세,경상
2018062300100485,2018년 6월 23일 19시,토요일,경기도 수원시 영통구 매탄동,경상사고,0,0,1,0,차대차 - 측면충돌,신호위반,건조,맑음,교차로 - 교차로안,이륜,남,18세,상해없음,이륜,남,22세,경상
2018062300100487,2018년 6월 23일 19시,토요일,경기도 수원시 권선구 금곡동,경상사고,0,0,1,0,차대사람 - 횡단중,보행자보호의무위반,건조,맑음,교차로 - 교차로횡단보도내,이륜,남,20세,상해없음,보행자,남,15세,경상
2018062300100516,2018년 6월 23일 20시,토요일,경기도 수원시 팔달구 매산로1가,중상사고,0,1,0,0,차대차 - 추돌,안전운전불이행,건조,맑음,단일로 - 기타,화물,남,47세,상해없음,승용,남,63세,중상
2018062300100542,2018년 6월 23일 21시,토요일,경기도 수원시 팔달구 우만동,중상사고,0,1,0,0,차대차 - 정면충돌,직진우회전진행방해,건조,맑음,교차로 - 교차로안,승용,여,61세,상해없음,자전거,남,62세,중상
2018062300100571,2018년 6월 23일 22시,토요일,경기도 수원시 팔달구 인계동,중상사고,0,1,0,0,차대사람 - 횡단중,안전운전불이행,건조,맑음,단일로 - 기타,승용,남,25세,상해없음,보행자,여,20세,중상
2018062400100027,2018년 6월 24일 01시,일요일,경기도 수원시 팔달구 우만동,중상사고,0,1,1,1,차대차 - 추돌,안전운전불이행,건조,맑음,교차로 - 교차로안,승용,남,39세,상해없음,승용,남,68세,경상