사고번호,사고일시,요일,시군구,사고내용,사망자수,중상자수,경상자수,부상신고자수,사고유형,법규위반,노면상태,기상상태,도로형태,가해운전자 차종,가해운전자 성별,가해운전자 연령,가해운전자 상해정도,피해운전자 차종,피해운전자 성별,피해운전자 연령,피해운전자 상해정도
2018070200100034,2018년 7월 2일 02시,월요일,경기도 수원시 장안구 정자동,중상사고,0,1,1,0,차대차 - 추돌,안전운전불이행,젖음/습기,비,단일로 - 기타,승용,여,50세,상해없음,승합,남,58세,중상
2018070200100047,2018년 7월 2일 03시,월요일,경기도 수원시 권선구 권선동,경상사고,0,0,1,0,차대차 - 추돌,안전운전불이행,젖음/습기,비,단일로 - 기타,승용,남,44세,상해없음,승용,남,27세,경상
2018070200100236,2018년 7월 2일 12시,월요일,경기도 수원시 영통구 매탄동,경상사고,0,0,1,0,차대차 - 측면충돌,교차로운행방법위반,젖음/습기,비,교차로 - 교차로안,승용,남,51세,상해없음,이륜,남,15세,경상
2018070200100256,2018년 7월 2일 13시,월요일,경기도 수원시 팔달구 인계동,중상사고,0,1,0,0,차대사람 - 기타,교차로운행방법위반,젖음/습기,비,단일로 - 기타,화물,남,52세,상해없음,보행자,남,52세,중상
2018070200100292,2018년 7월 2일 14시,월요일,경기도 수원시 영통구 매탄동,경상사고,0,0,1,0,차대사람 - 기타,안전거리미확보,건조,맑음,단일로 - 기타,이륜,남,52세,상해없음,보행자,여,82세,경상
2018070200100293,2018년 7월 2일 14시,월요일,경기도 수원시 영통구 신동,중상사고,0,1,1,0,차대차 - 측면충돌,안전거리미확보,건조,맑음,단일로 - 기타,승합,남,36세,상해없음,승합,남,60세,중상
2018070200100320,2018년 7월 2일 15시,월요일,경기도 수원시 팔달구 우만동,부상신고사고,0,0,0,1,차대차 - 기타,안전운전불이행,건조,맑음,단일로 - 기타,승용,여,29세,상해없음,승용,남,53세,부상신고
2018070200100358,2018년 7월 2일 16시,월요일,경기도 수원시 팔달구 화서동,경상사고,0,0,2,0,차대차 - 추돌,안전운전불이행,젖음/습기,비,교차로 - 교차로안,승용,여,55세,상해없음,승용,남,40세,경상
2018070200100390,2018년 7월 2일 17시,월요일,경기도 수원시 장안구 영화동,경상사고,0,0,1,0,차대사람 - 기타,안전운전불이행,건조,맑음,단일로 - 기타,승합,남,57세,상해없음,보행자,남,42세,경상
2018070200100398,2018년 7월 2일 17시,월요일,경기도 수원시 팔달구 인계동,경상사고,0,0,2,0,차대차 - 기타,안전운전불이행,젖음/습기,비,단일로 - 기타,승용,남,63세,상해없음,승합,남,38세,경상
2018070200100481,2018년 7월 2일 19시,월요일,경기도 수원시 영통구 매탄동,경상사고,0,0,1,0,차대차 - 기타,교차로운행방법위반,젖음/습기,비,교차로 - 교차로안,이륜,남,47세,경상,승합,남,40세,상해없음
2018070200100523,2018년 7월 2일 20시,월요일,경기도 수원시 영통구 매탄동,경상사고,0,0,1,0,차대차 - 기타,안전운전불이행,젖음/습기,비,교차로 - 교차로안,승용,남,50세,상해없음,승용,남,55세,경상
2018070200100563,2018년 7월 2일 21시,월요일,경기도 수원시 권선구 탑동,경상사고,0,0,1,0,차대사람 - 횡단중,보행자보호의무위반,젖음/습기,비,교차로 - 교차로횡단보도내,승용,남,47세,상해없음,보행자,여,27세,경상
2018070200100645,2018년 7월 2일 23시,월요일,경기도 수원시 권선구 구운동,중상사고,0,1,2,0,차대차 - 정면충돌,신호위반,젖음/습기,흐림,교차로 - 교차로안,승용,남,28세,상해없음,승용,남,48세,경상
2018070300100214,2018년 7월 3일 12시,화요일,경기도 수원시 영통구 매탄동,경상사고,0,0,2,0,차대차 - 측면충돌,안전운전불이행,건조,맑음,단일로 - 기타,승용,남,56세,상해없음,승용,남,35세,경상
2018070300100218,2018년 7월 3일 12시,화요일,경기도 수원시 권선구 평동,경상사고,0,0,1,0,차대차 - 기타,차로위반,건조,맑음,교차로 - 교차로부근,승용,여,32세,상해없음,승합,남,57세,상해없음
2018070300100248,2018년 7월 3일 13시,화요일,경기도 수원시 영통구 원천동,경상사고,0,0,1,0,차대사람 - 횡단중,안전운전불이행,건조,맑음,교차로 - 교차로횡단보도내,승용,남,67세,상해없음,보행자,여,65세,경상
2018070300100309,2018년 7월 3일 15시,화요일,경기도 수원시 권선구 세류동,경상사고,0,0,2,0,차대차 - 추돌,안전거리미확보,건조,맑음,단일로 - 기타,승용,남,55세,상해없음,승용,남,66세,경상
2018070300100385,2018년 7월 3일 17시,화요일,경기도 수원시 권선구 고색동,중상사고,0,1,0,0,차대차 - 추돌,안전운전불이행,건조,맑음,단일로 - 기타,이륜,남,36세,중상,승용,남,31세,상해없음
2018070400100139,2018년 7월 4일 09시,수요일,경기도 수원시 권선구 금곡동,중상사고,0,1,0,0,차대차 - 측면충돌,안전운전불이행,건조,맑음,단일로 - 기타,승용,여,48세,상해없음,자전거,남,43세,중상
2018070400100200,2018년 7월 4일 11시,수요일,경기도 수원시 권선구 세류동,중상사고,0,1,0,0,차대사람 - 기타,안전운전불이행,건조,맑음,단일로 - 기타,승용,남,58세,상해없음,보행자,여,78세,중상
2018070400100231,2018년 7월 4일 12시,수요일,경기도 수원시 권선구 구운동,경상사고,0,0,1,0,차대차 - 측면충돌,안전운전불이행,건조,맑음,교차로 - 교차로안,승용,여,53세,상해없음,자전거,남,79세,경상
2018070400100251,2018년 7월 4일 13시,수요일,경기도 수원시 장안구 정자동,경상사고,0,0,1,0,차대차 - 기타,불법유턴,건조,맑음,기타 - 기타,승용,남,51세,상해없음,승용,여,54세,경상
2018070400100280,2018년 7월 4일 14시,수요일,경기도 수원시 팔달구 지동,경상사고,0,0,4,0,차대차 - 추돌,안전운전불이행,건조,맑음,단일로 - 기타,승용,남,41세,상해없음,화물,남,52세,경상
2018070400100347,2018년 7월 4일 16시,수요일,경기도 수원시 팔달구 중동,경상사고,0,0,1,0,차대사람 - 차도통행중,안전운전불이행,건조,맑음,단일로 - 기타,승용,여,44세,상해없음,보행자,남,21세,경상
2018070400100348,2018년 7월 4일 16시,수요일,경기도 수원시 장안구 정자동,중상사고,0,1,0,0,차대차 - 기타,안전운전불이행,건조,맑음,교차로 - 교차로안,승용,여,40세,상해없음,자전거,여,59세,중상
2018070400100352,2018년 7월 4일 16시,수요일,경기도 수원시 권선구 구운동,경상사고,0,0,3,0,차대차 - 추돌,안전거리미확보,건조,맑음,교차로 - 교차로부근,승용,여,26세,상해없음,승용,남,43세,경상
2018070400100394,2018년 7월 4일 17시,수요일,경기도 수원시 팔달구 우만동,경상사고,0,0,1,0,차대사람 - 기타,신호위반,건조,맑음,교차로 - 교차로부근,승용,남,33세,상해없음,보행자,남,36세,경상
2018070400100395,2018년 7월 4일 17시,수요일,경기도 수원시 팔달구 팔달로1가,중상사고,0,1,0,0,차대사람 - 기타,안전운전불이행,건조,맑음,단일로 - 기타,승용,남,40세,상해없음,보행자,여,23세,중상
2018070400100541,2018년 7월 4일 21시,수요일,경기도 수원시 팔달구 남수동,중상사고,0,1,0,0,차대차 - 기타,직진우회전진행방해,건조,맑음,교차로 - 교차로안,화물,남,29세,상해없음,이륜,남,60세,중상
2018070500100013,2018년 7월 5일 01시,목요일,경기도 수원시 장안구 송죽동,중상사고,0,2,0,0,차대차 - 추돌,신호위반,건조,맑음,교차로 - 교차로부근,화물,남,28세,상해없음,승용,남,33세,중상
2018070500100074,2018년 7월 5일 07시,목요일,경기도 수원시 장안구 정자동,경상사고,0,0,1,0,차대사람 - 기타,신호위반,젖음/습기,맑음,교차로 - 교차로안,화물,남,56세,상해없음,보행자,여,19세,경상
2018070500100107,2018년 7월 5일 08시,목요일,경기도 수원시 권선구 권선동,경상사고,0,0,1,0,차대차 - 측면충돌,안전운전불이행,건조,맑음,단일로 - 기타,승용,여,45세,상해없음,자전거,남,40세,경상
2018070500100173,2018년 7월 5일 10시,목요일,경기도 수원시 영통구 매탄동,경상사고,0,0,1,0,차대사람 - 기타,기타,건조,맑음,단일로 - 기타,승합,남,56세,상해없음,보행자,여,79세,경상
2018070500100234,2018년 7월 5일 12시,목요일,경기도 수원시 팔달구 인계동,경상사고,0,0,1,0,차대차 - 추돌,안전운전불이행,건조,맑음,단일로 - 기타,승용,남,26세,상해없음,승용,남,55세,상해없음
2018070500100235,2018년 7월 5일 12시,목요일,경기도 수원시 권선구 탑동,경상사고,0,0,1,0,차대차 - 기타,안전운전불이행,건조,맑음,교차로 - 교차로부근,화물,남,39세,상해없음,승용,남,59세,상해없음
2018070500100293,2018년 7월 5일 14시,목요일,경기도 수원시 권선구 당수동,경상사고,0,0,1,0,차대차 - 기타,안전운전불이행,건조,맑음,단일로 - 기타,자전거,남,18세,경상,승용,남,43세,상해없음
2018070500100328,2018년 7월 5일 15시,목요일,경기도 수원시 장안구 천천동,중상사고,0,1,0,0,차대차 - 기타,교차로운행방법위반,건조,맑음,교차로 - 교차로안,승용,남,25세,상해없음,이륜,남,43세,중상
2018070500100329,2018년 7월 5일 15시,목요일,경기도 수원시 장안구 영화동,경상사고,0,0,2,1,차대차 - 측면충돌,신호위반,건조,맑음,교차로 - 교차로안,승용,남,74세,부상신고,승용,남,57세,경상
2018070500100361,2018년 7월 5일 16시,목요일,경기도 수원시 팔달구 화서동,경상사고,0,0,2,3,차대차 - 측면충돌,안전거리미확보,건조,맑음,교차로 - 교차로안,승합,남,44세,상해없음,승용,남,27세,부상신고
2018070500100444,2018년 7월 5일 18시,목요일,경기도 수원시 장안구 영화동,경상사고,0,0,1,0,차대사람 - 횡단중,보행자보호의무위반,건조,맑음,교차로 - 교차로횡단보도내,승용,여,57세,상해없음,보행자,여,26세,경상
2018070500100512,2018년 7월 5일 20시,목요일,경기도 수원시 팔달구 팔달로1가,경상사고,0,0,1,0,차대차 - 기타,안전운전불이행,건조,맑음,단일로 - 기타,승용,남,50세,상해없음,승용,남,32세,기타불명
2018070500100516,2018년 7월 5일 20시,목요일,경기도 수원시 권선구 오목천동,경상사고,0,0,2,0,차대차 - 측면충돌,안전운전불이행,건조,맑음,교차로 - 교차로부근,승용,여,44세,상해없음,화물,남,51세,경상
2018070500100581,2018년 7월 5일 22시,목요일,경기도 수원시 권선구 당수동,중상사고,0,1,0,0,차대차 - 추돌,신호위반,건조,맑음,단일로 - 기타,이륜,남,18세,상해없음,자전거,여,20세,중상
2018070600100007,2018년 7월 6일 00시,금요일,경기도 수원시 권선구 권선동,중상사고,0,1,1,0,차대차 - 추돌,신호위반,건조,맑음,교차로 - 교차로안,승용,남,30세,상해없음,승용,남,21세,경상
2018070600100037,2018년 7월 6일 02시,금요일,경기도 수원시 팔달구 인계동,경상사고,0,0,1,0,차대차 - 측면충돌,교차로운행방법위반,건조,맑음,교차로 - 교차로부근,승용,남,57세,상해없음,승용,여,46세,경상
2018070600100064,2018년 7월 6일 06시,금요일,경기도 수원시 팔달구 팔달로2가,경상사고,0,0,1,0,차대차 - 기타,신호위반,건조,맑음,단일로 - 기타,화물,남,50세,상해없음,승용,남,29세,경상
2018070600100105,2018년 7월 6일 08시,금요일,경기도 수원시 영통구 영통동,경상사고,0,0,1,0,차대차 - 측면충돌,교차로운행방법위반,건조,맑음,교차로 - 교차로안,승용,여,31세,상해없음,승용,남,60세,경상
2018070600100126,2018년 7월 6일 09시,금요일,경기도 수원시 장안구 정자동,경상사고,0,0,1,0,차대차 - 측면충돌,안전운전불이행,건조,맑음,교차로 - 교차로안,승용,남,47세,상해없음,이륜,남,66세,경상
2018070600100221,2018년 7월 6일 12시,금요일,경기도 수원시 팔달구 화서동,중상사고,0,1,0,0,차량단독 - 공작물충돌,안전운전불이행,젖음/습기,흐림,교차로 - 교차로부근,승용,남,53세,중상,,,,
2018070600100226,2018년 7월 6일 12시,금요일,경기도 수원시 팔달구 인계동,중상사고,0,1,0,0,차대차 - 기타,기타,건조,맑음,단일로 - 기타,승용,여,59세,상해없음,자전거,남,79세,중상
2018070600100277,2018년 7월 6일 14시,금요일,경기도 수원시 팔달구 매산로1가,경상사고,0,0,1,0,차대차 - 기타,안전거리미확보,건조,맑음,단일로 - 기타,승용,남,36세,상해없음,승용,남,36세,경상
2018070600100393,2018년 7월 6일 17시,금요일,경기도 수원시 권선구 권선동,경상사고,0,0,1,0,차대차 - 측면충돌,차로위반,건조,맑음,단일로 - 기타,승용,여,44세,상해없음,화물,여,44세,경상
2018070600100448,2018년 7월 6일 18시,금요일,경기도 수원시 권선구 평동,경상사고,0,0,1,0,차대차 - 기타,안전운전불이행,건조,맑음,교차로 - 교차로부근,승용,남,49세,상해없음,이륜,남,32세,경상
2018070600100449,2018년 7월 6일 18시,금요일,경기도 수원시 권선구 서둔동,경상사고,0,0,1,0,차대차 - 측면충돌,안전운전불이행,건조,맑음,교차로 - 교차로안,승용,여,50세,상해없음,승용,남,57세,경상
2018070600100520,2018년 7월 6일 20시,금요일,경기도 수원시 장안구 조원동,경상사고,0,0,1,0,차대차 - 기타,안전운전불이행,건조,맑음,단일로 - 기타,승용,남,61세,상해없음,자전거,남,17세,경상
2018070600100536,2018년 7월 6일 21시,금요일,경기도 수원시 장안구 파장동,경상사고,0,0,1,0,차대차 - 측면충돌,안전운전불이행,건조,맑음,단일로 - 기타,자전거,남,16세,경상,승용,남,38세,상해없음
2018070600100568,2018년 7월 6일 22시,금요일,경기도 수원시 영통구 매탄동,경상사고,0,0,1,0,차대사람 - 횡단중,보행자보호의무위반,건조,맑음,기타 - 기타,승용,남,40세,상해없음,보행자,여,66세,경상
2018070600100569,2018년 7월 6일 22시,금요일,경기도 수원시 권선구 권선동,경상사고,0,0,1,0,차대차 - 기타,신호위반,건조,맑음,교차로 - 교차로안,승용,남,43세,상해없음,승용,여,34세,경상
2018070600100570,2018년 7월 6일 22시,금요일,경기도 수원시 영통구 매탄동,경상사고,0,0,1,0,차대차 - 추돌,안전거리미확보,건조,맑음,기타 - 기타,화물,남,40세,상해없음,특수,남,47세,경상
2018070600100598,2018년 7월 6일 23시,금요일,경기도 수원시 권선구 권선동,경상사고,0,0,1,0,차대차 - 추돌,안전운전불이행,건조,맑음,교차로 - 교차로부근,화물,남,26세,상해없음,승용,남,27세,경상
2018070700100029,2018년 7월 7일 01시,토요일,경기도 수원시 장안구 천천동,중상사고,0,1,0,0,차대사람 - 횡단중,보행자보호의무위반,건조,맑음,교차로 - 교차로횡단보도내,승합,남,55세,상해없음,보행자,여,51세,중상
2018070700100034,2018년 7월 7일 01시,토요일,경기도 수원시 팔달구 인계동,경상사고,0,0,1,0,차대사람 - 기타,안전운전불이행,건조,맑음,단일로 - 기타,승용,여,23세,상해없음,보행자,남,26세,경상
2018070700100035,2018년 7월 7일 01시,토요일,경기도 수원시 영통구 이의동,경상사고,0,0,1,0,차대사람 - 횡단중,안전운전불이행,건조,맑음,단일로 - 기타,승용,남,35세,상해없음,보행자,남,27세,경상
2018070700100052,2018년 7월 7일 02시,토요일,경기도 수원시 영통구 매탄동,경상사고,0,0,3,0,차대차 - 추돌,안전운전불이행,건조,맑음,단일로 - 기타,승용,남,32세,상해없음,승용,남,60세,경상
2018070700100179,2018년 7월 7일 10시,토요일,경기도 수원시 장안구 송죽동,경상사고,0,0,1,0,차대차 - 기타,중앙선침범,건조,맑음,단일로 - 기타,승용,남,57세,상해없음,이륜,남,71세,경상
2018070700100218,2018년 7월 7일 11시,토요일,경기도 수원시 장안구 율전동,경상사고,0,0,3,0,차대차 - 측면충돌,안전운전불이행,건조,맑음,단일로 - 기타,승용,남,82세,상해없음,승용,남,36세,경상
2018070700100243,2018년 7월 7일 12시,토요일,경기도 수원시 장안구 영화동,중상사고,0,1,0,0,차대차 - 기타,직진우회전진행방해,건조,맑음,교차로 - 교차로안,이륜,남,29세,중상,화물,남,37세,상해없음
2018070700100331,2018년 7월 7일 14시,토요일,경기도 수원시 팔달구 매교동,경상사고,0,0,1,0,차대차 - 측면충돌,안전운전불이행,건조,맑음,교차로 - 교차로부근,자전거,남,54세,경상,승용,여,49세,상해없음
2018070700100403,2018년 7월 7일 16시,토요일,경기도 수원시 팔달구 화서동,경상사고,0,0,3,0,차대차 - 기타,안전거리미확보,건조,맑음,단일로 - 기타,승용,남,27세,상해없음,승합,남,60세,상해없음
2018070700100407,2018년 7월 7일 16시,토요일,경기도 수원시 권선구 권선동,경상사고,0,0,1,0,차대차 - 기타,안전운전불이행,건조,맑음,단일로 - 기타,승용,남,28세,상해없음,이륜,남,28세,경상
2018070700100466,2018년 7월 7일 18시,토요일,경기도 수원시 장안구 조원동,경상사고,0,0,1,0,차대차 - 측면충돌,신호위반,건조,맑음,교차로 - 교차로안,승용,여,73세,상해없음,자전거,남,25세,경상
2018070700100475,2018년 7월 7일 18시,토요일,경기도 수원시 권선구 금곡동,경상사고,0,0,1,0,차대사람 - 기타,보행자보호의무위반,건조,맑음,교차로 - 교차로횡단보도내,기타불명,기타불명,미분류,기타불명,보행자,여,10세,경상
2018070800100004,2018년 7월 8일 00시,일요일,경기도 수원시 장안구 정자동,경상사고,0,0,1,0,차대차 - 기타,안전거리미확보,건조,맑음,단일로 - 기타,승용,남,29세,상해없음,승용,남,47세,상해없음
2018070800100021,2018년 7월 8일 01시,일요일,경기도 수원시 영통구 원천동,중상사고,0,1,1,0,차대차 - 기타,신호위반,건조,맑음,교차로 - 교차로안,승용,남,25세,상해없음,승용,남,45세,중상
2018070800100022,2018년 7월 8일 01시,일요일,경기도 수원시 영통구 원천동,중상사고,0,1,0,0,차대사람 - 횡단중,안전운전불이행,건조,맑음,단일로 - 기타,승용,남,45세,상해없음,보행자,남,59세,중상
2018070800100067,2018년 7월 8일 07시,일요일,경기도 수원시 권선구 세류동,경상사고,0,0,2,0,차대차 - 측면충돌,신호위반,건조,맑음,교차로 - 교차로안,승용,여,51세,상해없음,승용,남,80세,경상
2018070800100118,2018년 7월 8일 11시,일요일,경기도 수원시 장안구 송죽동,중상사고,0,1,0,0,차대사람 - 보도통행중,기타,건조,맑음,단일로 - 기타,자전거,남,49세,상해없음,보행자,여,59세,중상
2018070800100193,2018년 7월 8일 14시,일요일,경기도 수원시 팔달구 우만동,부상신고사고,0,0,0,1,차대차 - 측면충돌,차로위반,건조,맑음,단일로 - 기타,이륜,남,29세,부상신고,승용,남,36세,상해없음
2018070800100197,2018년 7월 8일 14시,일요일,경기도 수원시 권선구 금곡동,중상사고,0,1,0,0,차대차 - 추돌,안전운전불이행,건조,맑음,교차로 - 교차로부근,승용,여,26세,상해없음,이륜,남,57세,중상
2018070800100299,2018년 7월 8일 17시,일요일,경기도 수원시 팔달구 인계동,경상사고,0,0,1,0,차대차 - 기타,안전운전불이행,건조,맑음,단일로 - 기타,이륜,남,45세,경상,승용,남,50세,상해없음
2018070800100324,2018년 7월 8일 18시,일요일,경기도 수원시 장안구 정자동,경상사고,0,0,1,0,차대사람 - 기타,신호위반,건조,맑음,단일로 - 기타,승용,남,58세,기타불명,보행자,남,8세,경상
2018070800100330,2018년 7월 8일 18시,일요일,경기도 수원시 팔달구 고등동,경상사고,0,0,1,0,차대차 - 추돌,안전운전불이행,건조,맑음,교차로 - 교차로부근,화물,여,66세,상해없음,승용,여,64세,경상
2018070800100366,2018년 7월 8일 19시,일요일,경기도 수원시 장안구 파장동,경상사고,0,0,5,0,차대차 - 측면충돌,안전운전불이행,건조,맑음,단일로 - 기타,승용,남,59세,경상,승용,남,39세,경상
2018070800100432,2018년 7월 8일 22시,일요일,경기도 수원시 권선구 평동,경상사고,0,0,3,0,차대차 - 측면충돌,신호위반,건조,맑음,교차로 - 교차로안,승용,남,33세,상해없음,승용,남,25세,경상
2018070800100447,2018년 7월 8일 23시,일요일,경기도 수원시 권선구 곡반정동,중상사고,0,1,0,0,차대차 - 기타,안전운전불이행,건조,맑음,교차로 - 교차로부근,승합,남,57세,상해없음,이륜,남,34세,중상
2018070900100058,2018년 7월 9일 07시,월요일,경기도 수원시 권선구 입북동,경상사고,0,0,1,0,차대차 - 추돌,안전운전불이행,젖음/습기,비,단일로 - 기타,승용,남,24세,상해없음,승용,여,30세,경상
2018070900100084,2018년 7월 9일 08시,월요일,경기도 수원시 팔달구 우만동,부상신고사고,0,0,0,1,차대차 - 기타,안전운전불이행,젖음/습기,비,단일로 - 기타,승용,남,66세,상해없음,자전거,남,56세,부상신고
2018070900100087,2018년 7월 9일 08시,월요일,경기도 수원시 영통구 이의동,경상사고,0,0,1,0,차대차 - 측면충돌,안전운전불이행,건조,맑음,단일로 - 기타,승용,남,35세,상해없음,승용,남,48세,경상
2018070900100088,2018년 7월 9일 08시,월요일,경기도 수원시 영통구 하동,경상사고,0,0,2,0,차대차 - 측면충돌,차로위반,젖음/습기,비,단일로 - 기타,승용,여,58세,경상,승용,남,36세,경상
2018070900100111,2018년 7월 9일 09시,월요일,경기도 수원시 팔달구 우만동,경상사고,0,0,1,0,차대차 - 기타,안전운전불이행,건조,맑음,단일로 - 기타,이륜,남,47세,경상,특수,남,54세,상해없음
2018070900100154,2018년 7월 9일 11시,월요일,경기도 수원시 팔달구 우만동,경상사고,0,0,1,0,차대차 - 기타,안전거리미확보,건조,맑음,단일로 - 기타,승용,여,54세,상해없음,승용,남,27세,경상
2018070900100158,2018년 7월 9일 11시,월요일,경기도 수원시 권선구 권선동,경상사고,0,0,1,0,차대차 - 기타,안전운전불이행,젖음/습기,맑음,교차로 - 교차로안,승용,여,49세,상해없음,승용,여,41세,경상
2018070900100210,2018년 7월 9일 13시,월요일,경기도 수원시 팔달구 우만동,부상신고사고,0,0,0,2,차대차 - 기타,교차로운행방법위반,젖음/습기,비,단일로 - 기타,승용,남,64세,부상신고,승용,남,24세,부상신고
2018070900100241,2018년 7월 9일 14시,월요일,경기도 수원시 권선구 서둔동,경상사고,0,0,3,0,차대차 - 추돌,안전운전불이행,젖음/습기,비,교차로 - 교차로부근,화물,남,63세,상해없음,승합,남,51세,경상
2018070900100269,2018년 7월 9일 15시,월요일,경기도 수원시 권선구 탑동,중상사고,0,1,0,0,차대차 - 추돌,안전운전불이행,젖음/습기,비,단일로 - 기타,화물,남,58세,상해없음,승용,여,39세,중상
2018070900100331,2018년 7월 9일 17시,월요일,경기도 수원시 장안구 파장동,경상사고,0,0,1,0,차대사람 - 기타,안전운전불이행,기타,흐림,단일로 - 기타,승용,남,49세,상해없음,보행자,여,63세,경상
2018070900100332,2018년 7월 9일 17시,월요일,경기도 수원시 팔달구 화서동,중상사고,0,1,0,0,차대차 - 기타,안전운전불이행,젖음/습기,비,교차로 - 교차로안,승용,남,66세,상해없음,승합,여,51세,상해없음
2018070900100336,2018년 7월 9일 17시,월요일,경기도 수원시 영통구 매탄동,경상사고,0,0,1,1,차대차 - 추돌,안전운전불이행,젖음/습기,흐림,교차로 - 교차로부근,화물,남,59세,상해없음,승용,여,28세,부상신고
2018070900100415,2018년 7월 9일 19시,월요일,경기도 수원시 영통구 영통동,중상사고,0,1,0,0,차대사람 - 횡단중,신호위반,젖음/습기,비,교차로 - 교차로횡단보도내,승용,남,37세,상해없음,보행자,여,21세,중상
2018070900100416,2018년 7월 9일 19시,월요일,경기도 수원시 영통구 이의동,경상사고,0,0,2,0,차대차 - 측면충돌,교차로운행방법위반,건조,맑음,교차로 - 교차로부근,승용,여,25세,상해없음,승용,여,53세,경상
2018070900100447,2018년 7월 9일 20시,월요일,경기도 수원시 장안구 조원동,중상사고,0,1,0,0,차대사람 - 횡단중,보행자보호의무위반,젖음/습기,비,단일로 - 기타,승용,남,56세,상해없음,보행자,여,87세,중상
2018070900100450,2018년 7월 9일 20시,월요일,경기도 수원시 영통구 영통동,중상사고,0,1,0,0,차대사람 - 횡단중,보행자보호의무위반,젖음/습기,비,교차로 - 교차로횡단보도내,승용,남,20세,상해없음,보행자,남,42세,중상
2018070900100479,2018년 7월 9일 21시,월요일,경기도 수원시 권선구 고색동,경상사고,0,0,1,0,차대차 - 정면충돌,신호위반,젖음/습기,비,교차로 - 교차로안,승용,여,32세,상해없음,승용,여,23세,경상
2018070900100509,2018년 7월 9일 22시,월요일,경기도 수원시 영통구 영통동,중상사고,0,2,0,0,차대차 - 추돌,안전운전불이행,젖음/습기,비,단일로 - 기타,승용,남,36세,상해없음,승용,남,35세,중상
2018070900100510,2018년 7월 9일 22시,월요일,경기도 수원시 권선구 탑동,경상사고,0,0,1,0,차대차 - 기타,기타,젖음/습기,비,교차로 - 교차로부근,승용,여,47세,상해없음,이륜,남,51세,경상
2018070900100511,2018년 7월 9일 22시,월요일,경기도 수원시 팔달구 매산로1가,경상사고,0,0,1,0,차대사람 - 기타,안전운전불이행,건조,맑음,단일로 - 기타,승용,남,26세,상해없음,보행자,남,47세,경상
2018070900100534,2018년 7월 9일 23시,월요일,경기도 수원시 팔달구 매산로1가,부상신고사고,0,0,0,1,차대사람 - 횡단중,안전운전불이행,건조,맑음,교차로 - 교차로부근,승용,남,22세,상해없음,보행자,남,45세,부상신고
2018071000100112,2018년 7월 10일 08시,화요일,경기도 수원시 팔달구 우만동,경상사고,0,0,1,0,차대사람 - 기타,안전운전불이행,건조,맑음,단일로 - 기타,승합,여,46세,상해없음,보행자,여,53세,경상
2018071000100161,2018년 7월 10일 10시,화요일,경기도 수원시 영통구 이의동,경상사고,0,0,1,0,차대사람 - 기타,불법유턴,건조,맑음,기타 - 기타,승용,남,62세,상해없음,보행자,남,78세,경상
2018071000100218,2018년 7월 10일 12시,화요일,경기도 수원시 장안구 영화동,경상사고,0,0,1,0,차대차 - 기타,기타,건조,맑음,단일로 - 기타,승합,남,58세,상해없음,이륜,남,21세,상해없음
2018071000100244,2018년 7월 10일 13시,화요일,경기도 수원시 팔달구 구천동,중상사고,0,1,0,0,차대사람 - 기타,안전운전불이행,건조,맑음,단일로 - 기타,승용,남,43세,상해없음,보행자,남,75세,중상
2018071000100245,2018년 7월 10일 13시,화요일,경기도 수원시 장안구 영화동,경상사고,0,0,1,1,차량단독 - 기타,안전거리미확보,건조,맑음,단일로 - 기타,승합,남,58세,상해없음,,,,
2018071000100251,2018년 7월 10일 13시,화요일,경기도 수원시 장안구 율전동,경상사고,0,0,3,0,차대차 - 기타,안전운전불이행,건조,맑음,교차로 - 교차로안,승용,남,46세,상해없음,승용,남,58세,경상
2018071000100354,2018년 7월 10일 16시,화요일,경기도 수원시 영통구 영통동,경상사고,0,0,1,0,차대차 - 측면충돌,신호위반,건조,맑음,교차로 - 교차로안,승합,남,48세,상해없음,자전거,여,31세,경상
2018071000100387,2018년 7월 10일 17시,화요일,경기도 수원시 영통구 이의동,경상사고,0,0,1,0,차대차 - 기타,안전거리미확보,건조,맑음,기타 - 기타,승용,여,52세,상해없음,화물,남,36세,경상
2018071000100389,2018년 7월 10일 17시,화요일,경기도 수원시 권선구 당수동,경상사고,0,0,1,0,차대사람 - 횡단중,보행자보호의무위반,건조,흐림,교차로 - 교차로안,승용,여,40세,상해없음,보행자,여,24세,경상
2018071000100464,2018년 7월 10일 19시,화요일,경기도 수원시 장안구 영화동,경상사고,0,0,1,2,차대차 - 측면충돌,안전운전불이행,건조,맑음,교차로 - 교차로안,승용,남,58세,부상신고,승용,여,34세,경상
2018071000100525,2018년 7월 10일 21시,화요일,경기도 수원시 권선구 당수동,경상사고,0,0,1,0,차대차 - 추돌,안전운전불이행,건조,흐림,단일로 - 기타,기타불명,기타불명,미분류,기타불명,승용,여,26세,경상
2018071000100560,2018년 7월 10일 22시,화요일,경기도 수원시 권선구 권선동,중상사고,0,2,0,0,차대차 - 정면충돌,신호위반,건조,맑음,교차로 - 교차로안,승용,남,27세,상해없음,승용,남,60세,중상
2018071000100561,2018년 7월 10일 22시,화요일,경기도 수원시 권선구 세류동,경상사고,0,0,2,0,차대차 - 추돌,안전운전불이행,건조,흐림,교차로 - 교차로부근,승용,남,35세,기타불명,승용,남,53세,경상
2018071100100159,2018년 7월 11일 09시,수요일,경기도 수원시 권선구 세류동,경상사고,0,0,1,2,차대차 - 기타,안전운전불이행,건조,맑음,교차로 - 교차로부근,승합,남,51세,상해없음,화물,남,40세,경상