사고번호,사고일시,요일,시군구,사고내용,사망자수,중상자수,경상자수,부상신고자수,사고유형,법규위반,노면상태,기상상태,도로형태,가해운전자 차종,가해운전자 성별,가해운전자 연령,가해운전자 상해정도,피해운전자 차종,피해운전자 성별,피해운전자 연령,피해운전자 상해정도
2018071100100215,2018년 7월 11일 11시,수요일,경기도 수원시 팔달구 우만동,경상사고,0,0,1,0,차대차 - 기타,안전거리미확보,건조,맑음,단일로 - 기타,승합,남,55세,상해없음,승용,남,44세,경상
2018071100100375,2018년 7월 11일 16시,수요일,경기도 수원시 팔달구 인계동,경상사고,0,0,2,0,차대차 - 측면충돌,신호위반,건조,맑음,단일로 - 기타,승용,남,72세,상해없음,승합,남,63세,상해없음
2018071100100411,2018년 7월 11일 17시,수요일,경기도 수원시 장안구 연무동,부상신고사고,0,0,0,1,차대사람 - 횡단중,안전운전불이행,건조,맑음,교차로 - 교차로안,승합,남,43세,상해없음,보행자,남,60세,부상신고
2018071100100449,2018년 7월 11일 18시,수요일,경기도 수원시 팔달구 북수동,중상사고,0,1,0,1,차대차 - 기타,교차로운행방법위반,건조,맑음,교차로 - 교차로안,승용,여,50세,상해없음,승용,남,46세,중상
2018071100100453,2018년 7월 11일 18시,수요일,경기도 수원시 권선구 당수동,경상사고,0,0,1,0,차대차 - 기타,중앙선침범,건조,맑음,단일로 - 기타,승용,남,68세,상해없음,승용,남,38세,경상
2018071100100454,2018년 7월 11일 18시,수요일,경기도 수원시 권선구 오목천동,경상사고,0,0,1,0,차대차 - 기타,안전거리미확보,건조,맑음,단일로 - 기타,승용,여,35세,상해없음,이륜,남,25세,경상
2018071100100536,2018년 7월 11일 20시,수요일,경기도 수원시 팔달구 인계동,경상사고,0,0,1,0,차대사람 - 기타,안전운전불이행,건조,맑음,단일로 - 기타,승용,여,50세,상해없음,보행자,남,56세,경상
2018071100100570,2018년 7월 11일 21시,수요일,경기도 수원시 영통구 매탄동,경상사고,0,0,2,0,차대차 - 추돌,안전운전불이행,건조,맑음,교차로 - 교차로부근,승합,남,62세,상해없음,승용,남,31세,경상
2018071100100572,2018년 7월 11일 21시,수요일,경기도 수원시 권선구 서둔동,경상사고,0,0,1,0,차대차 - 측면충돌,중앙선침범,건조,맑음,교차로 - 교차로부근,승용,남,35세,상해없음,승합,남,46세,경상
2018071100100591,2018년 7월 11일 22시,수요일,경기도 수원시 권선구 권선동,경상사고,0,0,1,0,차대차 - 측면충돌,안전거리미확보,건조,맑음,교차로 - 교차로안,승용,남,26세,상해없음,이륜,남,46세,경상
2018071100100627,2018년 7월 11일 23시,수요일,경기도 수원시 영통구 이의동,경상사고,0,0,1,0,차대차 - 측면충돌,안전거리미확보,건조,맑음,단일로 - 기타,승용,남,47세,상해없음,승용,여,26세,경상
2018071200100047,2018년 7월 12일 03시,목요일,경기도 수원시 권선구 곡반정동,경상사고,0,0,1,0,차대차 - 추돌,안전거리미확보,건조,맑음,교차로 - 교차로안,승용,남,63세,상해없음,이륜,남,47세,경상
2018071200100236,2018년 7월 12일 12시,목요일,경기도 수원시 장안구 정자동,중상사고,0,1,1,0,차대차 - 측면충돌,안전거리미확보,건조,맑음,단일로 - 기타,승용,여,44세,상해없음,이륜,남,53세,중상
2018071200100267,2018년 7월 12일 13시,목요일,경기도 수원시 팔달구 팔달로1가,경상사고,0,0,1,0,차대차 - 추돌,안전운전불이행,건조,맑음,단일로 - 기타,승용,여,46세,상해없음,화물,여,62세,경상
2018071200100296,2018년 7월 12일 14시,목요일,경기도 수원시 장안구 정자동,중상사고,0,1,0,0,차대차 - 측면충돌,중앙선침범,건조,맑음,교차로 - 교차로부근,자전거,남,64세,중상,승용,여,58세,상해없음
2018071200100377,2018년 7월 12일 16시,목요일,경기도 수원시 팔달구 우만동,경상사고,0,0,1,0,차대차 - 기타,안전운전불이행,건조,맑음,단일로 - 기타,자전거,남,55세,경상,승용,남,66세,상해없음
2018071200100400,2018년 7월 12일 17시,목요일,경기도 수원시 장안구 율전동,경상사고,0,0,1,0,차대사람 - 길가장자리구역통행중,안전운전불이행,건조,맑음,단일로 - 기타,승용,여,67세,상해없음,보행자,여,27세,경상
2018071200100401,2018년 7월 12일 17시,목요일,경기도 수원시 장안구 영화동,경상사고,0,0,1,0,차대차 - 측면충돌,직진우회전진행방해,건조,맑음,교차로 - 교차로안,승용,여,58세,상해없음,승용,남,25세,경상
2018071200100405,2018년 7월 12일 17시,목요일,경기도 수원시 영통구 영통동,경상사고,0,0,1,0,차대차 - 측면충돌,차로위반,건조,맑음,단일로 - 기타,승용,남,19세,상해없음,이륜,남,27세,경상
2018071200100443,2018년 7월 12일 18시,목요일,경기도 수원시 팔달구 팔달로2가,경상사고,0,0,1,0,차대사람 - 기타,안전운전불이행,건조,맑음,단일로 - 기타,승용,남,69세,상해없음,보행자,남,69세,경상
2018071200100488,2018년 7월 12일 19시,목요일,경기도 수원시 팔달구 우만동,경상사고,0,0,1,0,차대차 - 기타,교차로운행방법위반,건조,맑음,교차로 - 교차로안,승용,여,50세,상해없음,승용,남,38세,경상
2018071200100520,2018년 7월 12일 20시,목요일,경기도 수원시 장안구 정자동,경상사고,0,0,1,0,차대차 - 기타,안전운전불이행,건조,맑음,단일로 - 기타,자전거,남,13세,경상,승용,남,41세,상해없음
2018071200100577,2018년 7월 12일 22시,목요일,경기도 수원시 영통구 매탄동,경상사고,0,0,3,0,차대차 - 기타,안전운전불이행,건조,맑음,교차로 - 교차로부근,자전거,남,34세,경상,승용,남,63세,상해없음
2018071300100198,2018년 7월 13일 10시,금요일,경기도 수원시 팔달구 인계동,경상사고,0,0,1,0,차대차 - 기타,안전운전불이행,건조,맑음,교차로 - 교차로안,건설기계,남,58세,상해없음,승용,여,38세,경상
2018071300100223,2018년 7월 13일 11시,금요일,경기도 수원시 팔달구 지동,경상사고,0,0,1,0,차대사람 - 기타,안전운전불이행,건조,맑음,단일로 - 기타,승용,여,57세,상해없음,보행자,남,26세,경상
2018071300100242,2018년 7월 13일 12시,금요일,경기도 수원시 팔달구 화서동,경상사고,0,0,1,0,차대차 - 추돌,안전운전불이행,건조,맑음,단일로 - 기타,승용,여,55세,기타불명,승용,여,50세,경상
2018071300100245,2018년 7월 13일 12시,금요일,경기도 수원시 팔달구 교동,경상사고,0,0,1,0,차대차 - 기타,안전운전불이행,건조,맑음,단일로 - 기타,승용,여,40세,상해없음,이륜,여,30세,경상
2018071300100271,2018년 7월 13일 13시,금요일,경기도 수원시 팔달구 북수동,경상사고,0,0,2,0,차대차 - 기타,불법유턴,건조,맑음,단일로 - 기타,화물,남,56세,상해없음,승용,여,31세,경상
2018071300100277,2018년 7월 13일 13시,금요일,경기도 수원시 권선구 금곡동,중상사고,0,2,0,0,차대차 - 추돌,안전운전불이행,건조,맑음,교차로 - 교차로부근,화물,남,48세,상해없음,승용,여,59세,중상
2018071300100326,2018년 7월 13일 15시,금요일,경기도 수원시 영통구 이의동,경상사고,0,0,1,0,차대차 - 측면충돌,중앙선침범,건조,맑음,단일로 - 기타,승용,남,33세,상해없음,승용,여,30세,경상
2018071300100361,2018년 7월 13일 16시,금요일,경기도 수원시 권선구 구운동,경상사고,0,0,1,0,차대차 - 측면충돌,안전거리미확보,건조,맑음,단일로 - 기타,승용,남,63세,상해없음,건설기계,남,21세,경상
2018071300100392,2018년 7월 13일 17시,금요일,경기도 수원시 장안구 정자동,경상사고,0,0,1,0,차대차 - 기타,신호위반,건조,맑음,단일로 - 기타,기타불명,기타불명,미분류,기타불명,자전거,남,19세,경상
2018071300100404,2018년 7월 13일 17시,금요일,경기도 수원시 영통구 이의동,경상사고,0,0,1,0,차대차 - 추돌,안전운전불이행,건조,맑음,단일로 - 기타,승용,여,28세,상해없음,승용,남,37세,경상
2018071300100459,2018년 7월 13일 18시,금요일,경기도 수원시 장안구 정자동,경상사고,0,0,1,0,차대사람 - 횡단중,보행자보호의무위반,건조,맑음,교차로 - 교차로횡단보도내,이륜,남,57세,상해없음,보행자,여,3세,경상
2018071300100590,2018년 7월 13일 21시,금요일,경기도 수원시 영통구 영통동,경상사고,0,0,1,0,차대차 - 측면충돌,안전운전불이행,건조,맑음,단일로 - 기타,승용,남,48세,상해없음,승용,남,55세,경상
2018071300100614,2018년 7월 13일 22시,금요일,경기도 수원시 팔달구 우만동,경상사고,0,0,2,0,차대차 - 측면충돌,직진우회전진행방해,건조,맑음,교차로 - 교차로안,승용,남,59세,상해없음,승용,남,23세,경상
2018071400100017,2018년 7월 14일 01시,토요일,경기도 수원시 권선구 고색동,부상신고사고,0,0,0,1,차량단독 - 전도전복 - 전도,안전운전불이행,건조,맑음,기타 - 기타,이륜,남,21세,부상신고,미분류,미분류,미분류,미분류
2018071400100057,2018년 7월 14일 04시,토요일,경기도 수원시 팔달구 화서동,중상사고,0,1,0,0,차대사람 - 차도통행중,안전운전불이행,건조,맑음,단일로 - 기타,승용,남,74세,상해없음,보행자,여,61세,중상
2018071400100202,2018년 7월 14일 11시,토요일,경기도 수원시 장안구 연무동,중상사고,0,1,0,0,차대사람 - 기타,안전운전불이행,건조,맑음,단일로 - 기타,승용,여,63세,상해없음,보행자,남,88세,중상
2018071400100279,2018년 7월 14일 13시,토요일,경기도 수원시 영통구 원천동,경상사고,0,0,1,0,차대차 - 기타,안전운전불이행,건조,맑음,단일로 - 기타,이륜,남,38세,상해없음,승용,여,44세,경상
2018071400100390,2018년 7월 14일 16시,토요일,경기도 수원시 영통구 영통동,중상사고,0,1,0,0,차대사람 - 횡단중,신호위반,건조,맑음,교차로 - 교차로안,승용,남,63세,상해없음,보행자,남,63세,중상
2018071400100515,2018년 7월 14일 19시,토요일,경기도 수원시 권선구 곡반정동,경상사고,0,0,2,0,차대차 - 후진중충돌,안전운전불이행,건조,맑음,단일로 - 기타,승용,남,28세,상해없음,승용,남,29세,경상
2018071400100588,2018년 7월 14일 21시,토요일,경기도 수원시 영통구 이의동,경상사고,0,0,2,0,차대차 - 추돌,안전운전불이행,건조,맑음,단일로 - 기타,승합,남,28세,상해없음,승용,남,33세,경상
2018071500100074,2018년 7월 15일 07시,일요일,경기도 수원시 권선구 탑동,사망사고,1,0,0,0,차량단독 - 기타,안전운전불이행,건조,맑음,단일로 - 기타,이륜,남,31세,사망,,,,
2018071500100258,2018년 7월 15일 15시,일요일,경기도 수원시 장안구 정자동,경상사고,0,0,1,0,차대차 - 추돌,안전운전불이행,건조,맑음,단일로 - 기타,승용,남,60세,상해없음,승용,남,63세,경상
2018071500100263,2018년 7월 15일 15시,일요일,경기도 수원시 권선구 구운동,중상사고,0,2,3,0,차대차 - 추돌,안전운전불이행,건조,맑음,단일로 - 기타,승용,남,56세,상해없음,승용,여,58세,중상
2018071500100264,2018년 7월 15일 15시,일요일,경기도 수원시 권선구 세류동,경상사고,0,0,1,0,차대차 - 측면충돌,중앙선침범,건조,맑음,단일로 - 기타,승용,남,57세,상해없음,승용,남,33세,경상
2018071500100374,2018년 7월 15일 19시,일요일,경기도 수원시 영통구 매탄동,중상사고,0,1,0,0,차대차 - 측면충돌,신호위반,건조,맑음,교차로 - 교차로안,승용,남,19세,상해없음,이륜,남,41세,중상
2018071500100472,2018년 7월 15일 23시,일요일,경기도 수원시 팔달구 화서동,경상사고,0,0,1,0,차대사람 - 기타,보행자보호의무위반,건조,맑음,교차로 - 교차로횡단보도내,승용,남,36세,상해없음,보행자,남,48세,경상
2018071500100476,2018년 7월 15일 23시,일요일,경기도 수원시 권선구 곡반정동,경상사고,0,0,1,0,차대차 - 측면충돌,안전운전불이행,건조,맑음,기타 - 기타,승용,남,58세,상해없음,승용,남,63세,경상
2018071600100043,2018년 7월 16일 05시,월요일,경기도 수원시 영통구 하동,중상사고,0,1,0,0,차대차 - 추돌,안전운전불이행,건조,맑음,교차로 - 교차로부근,이륜,남,17세,중상,화물,남,42세,상해없음
2018071600100096,2018년 7월 16일 08시,월요일,경기도 수원시 팔달구 우만동,중상사고,0,1,0,0,차대차 - 추돌,안전운전불이행,건조,맑음,단일로 - 기타,승용,여,56세,상해없음,이륜,남,40세,중상
2018071600100108,2018년 7월 16일 08시,월요일,경기도 수원시 영통구 영통동,중상사고,0,1,0,0,차대사람 - 횡단중,신호위반,건조,맑음,교차로 - 교차로안,승합,남,49세,상해없음,보행자,남,8세,중상
2018071600100109,2018년 7월 16일 08시,월요일,경기도 수원시 권선구 권선동,경상사고,0,0,2,0,차대차 - 정면충돌,안전운전불이행,건조,맑음,단일로 - 기타,승용,남,27세,상해없음,화물,남,55세,경상
2018071600100110,2018년 7월 16일 08시,월요일,경기도 수원시 권선구 고색동,경상사고,0,0,1,0,차대차 - 추돌,안전운전불이행,건조,맑음,단일로 - 기타,승용,여,49세,상해없음,승용,남,61세,경상
2018071600100151,2018년 7월 16일 09시,월요일,경기도 수원시 장안구 송죽동,경상사고,0,0,1,0,차대차 - 기타,교차로운행방법위반,건조,맑음,교차로 - 교차로안,승용,남,20세,상해없음,승용,남,57세,경상
2018071600100278,2018년 7월 16일 13시,월요일,경기도 수원시 장안구 정자동,중상사고,0,1,0,0,차대차 - 추돌,안전운전불이행,건조,맑음,단일로 - 기타,승용,여,41세,상해없음,승합,남,32세,상해없음
2018071600100314,2018년 7월 16일 14시,월요일,경기도 수원시 장안구 송죽동,경상사고,0,0,1,0,차대차 - 정면충돌,안전운전불이행,건조,맑음,교차로 - 교차로안,승합,남,55세,상해없음,이륜,남,38세,경상
2018071600100320,2018년 7월 16일 14시,월요일,경기도 수원시 영통구 영통동,경상사고,0,0,1,0,차대차 - 추돌,안전운전불이행,건조,맑음,교차로 - 교차로안,승용,여,37세,상해없음,이륜,남,55세,경상
2018071600100485,2018년 7월 16일 18시,월요일,경기도 수원시 영통구 매탄동,중상사고,0,1,0,0,차대차 - 측면충돌,안전운전불이행,건조,맑음,단일로 - 기타,이륜,남,40세,상해없음,이륜,남,42세,중상
2018071600100488,2018년 7월 16일 18시,월요일,경기도 수원시 권선구 고색동,경상사고,0,0,2,1,차대차 - 측면충돌,안전거리미확보,건조,맑음,단일로 - 기타,건설기계,남,49세,상해없음,승용,여,42세,경상
2018071600100560,2018년 7월 16일 20시,월요일,경기도 수원시 장안구 이목동,경상사고,0,0,1,0,차대차 - 기타,교차로운행방법위반,건조,맑음,교차로 - 교차로안,승용,남,64세,상해없음,승용,여,44세,경상
2018071600100590,2018년 7월 16일 21시,월요일,경기도 수원시 권선구 당수동,중상사고,0,1,2,0,차대차 - 추돌,차로위반,건조,맑음,단일로 - 기타,승용,남,54세,경상,승용,여,32세,경상
2018071600100634,2018년 7월 16일 23시,월요일,경기도 수원시 팔달구 인계동,경상사고,0,0,1,0,차대차 - 측면충돌,차로위반,건조,맑음,교차로 - 교차로부근,화물,여,54세,상해없음,이륜,남,41세,경상
2018071700100015,2018년 7월 17일 01시,화요일,경기도 수원시 영통구 이의동,중상사고,0,2,0,0,차대차 - 추돌,안전운전불이행,건조,맑음,단일로 - 기타,특수,남,55세,상해없음,기타불명,기타불명,미분류,기타불명
2018071700100075,2018년 7월 17일 06시,화요일,경기도 수원시 팔달구 인계동,경상사고,0,0,1,0,차대차 - 기타,불법유턴,건조,맑음,교차로 - 교차로횡단보도내,자전거,남,63세,경상,승용,남,33세,상해없음
2018071700100163,2018년 7월 17일 09시,화요일,경기도 수원시 권선구 권선동,경상사고,0,0,1,0,차대사람 - 기타,안전운전불이행,건조,맑음,단일로 - 기타,화물,남,45세,상해없음,보행자,여,63세,경상
2018071700100197,2018년 7월 17일 10시,화요일,경기도 수원시 장안구 영화동,경상사고,0,0,2,0,차대차 - 추돌,안전운전불이행,건조,맑음,단일로 - 기타,승용,남,22세,상해없음,승용,남,72세,경상
2018071700100231,2018년 7월 17일 11시,화요일,경기도 수원시 장안구 천천동,경상사고,0,0,1,0,차대사람 - 기타,안전운전불이행,건조,맑음,단일로 - 기타,기타불명,기타불명,미분류,기타불명,보행자,남,57세,경상
2018071700100310,2018년 7월 17일 13시,화요일,경기도 수원시 권선구 권선동,경상사고,0,0,2,0,차대차 - 추돌,안전운전불이행,건조,맑음,단일로 - 기타,건설기계,남,71세,상해없음,승용,여,24세,경상
2018071700100335,2018년 7월 17일 14시,화요일,경기도 수원시 장안구 영화동,경상사고,0,0,1,0,차대사람 - 기타,안전운전불이행,건조,맑음,단일로 - 기타,승용,남,52세,상해없음,보행자,남,13세,경상
2018071700100339,2018년 7월 17일 14시,화요일,경기도 수원시 권선구 입북동,중상사고,0,1,0,0,차대사람 - 기타,안전운전불이행,건조,맑음,단일로 - 기타,승용,남,38세,상해없음,보행자,남,66세,중상
2018071700100429,2018년 7월 17일 16시,화요일,경기도 수원시 권선구 권선동,경상사고,0,0,1,0,차대차 - 측면충돌,안전운전불이행,건조,맑음,교차로 - 교차로안,승용,남,23세,상해없음,화물,남,30세,경상
2018071700100430,2018년 7월 17일 16시,화요일,경기도 수원시 권선구 권선동,경상사고,0,0,3,0,차대차 - 추돌,안전운전불이행,건조,맑음,단일로 - 기타,승용,남,46세,상해없음,화물,남,52세,경상
2018071700100431,2018년 7월 17일 16시,화요일,경기도 수원시 영통구 원천동,중상사고,0,1,0,0,차대사람 - 기타,안전운전불이행,건조,맑음,단일로 - 기타,화물,남,45세,상해없음,보행자,여,90세 이상,중상
2018071700100473,2018년 7월 17일 17시,화요일,경기도 수원시 영통구 영통동,중상사고,0,1,0,0,차대차 - 측면충돌,차로위반,건조,맑음,단일로 - 기타,이륜,남,60세,중상,승용,여,54세,상해없음
2018071700100474,2018년 7월 17일 17시,화요일,경기도 수원시 권선구 세류동,경상사고,0,0,2,1,차대차 - 측면충돌,차로위반,건조,맑음,교차로 - 교차로안,승용,여,51세,부상신고,승용,남,66세,경상
2018071700100525,2018년 7월 17일 18시,화요일,경기도 수원시 팔달구 인계동,부상신고사고,0,0,0,1,차대사람 - 횡단중,보행자보호의무위반,건조,맑음,단일로 - 기타,자전거,기타불명,미분류,기타불명,보행자,남,3세,부상신고
2018071700100526,2018년 7월 17일 18시,화요일,경기도 수원시 권선구 곡반정동,경상사고,0,0,1,0,차대사람 - 횡단중,보행자보호의무위반,건조,맑음,교차로 - 교차로횡단보도내,승용,여,55세,상해없음,보행자,여,38세,경상
2018071700100559,2018년 7월 17일 19시,화요일,경기도 수원시 팔달구 우만동,경상사고,0,0,1,0,차대차 - 추돌,안전운전불이행,건조,맑음,단일로 - 기타,화물,남,49세,상해없음,화물,남,47세,경상
2018071700100594,2018년 7월 17일 20시,화요일,경기도 수원시 팔달구 인계동,중상사고,0,1,0,0,차대차 - 추돌,안전운전불이행,건조,맑음,교차로 - 교차로부근,화물,남,61세,상해없음,승용,남,71세,상해없음
2018071700100624,2018년 7월 17일 21시,화요일,경기도 수원시 팔달구 팔달로3가,경상사고,0,0,1,0,차대차 - 측면충돌,차로위반,건조,맑음,교차로 - 교차로안,승용,남,63세,기타불명,승용,남,25세,상해없음
2018071700100661,2018년 7월 17일 22시,화요일,경기도 수원시 권선구 권선동,경상사고,0,0,1,0,차대차 - 측면충돌,신호위반,건조,맑음,교차로 - 교차로안,승용,남,19세,상해없음,승용,남,29세,경상
2018071800100078,2018년 7월 18일 07시,수요일,경기도 수원시 권선구 세류동,경상사고,0,0,1,0,차대차 - 측면충돌,차로위반,건조,맑음,교차로 - 교차로부근,승합,남,48세,상해없음,승용,남,31세,경상
2018071800100109,2018년 7월 18일 08시,수요일,경기도 수원시 장안구 천천동,경상사고,0,0,1,1,차대사람 - 기타,기타,건조,맑음,단일로 - 기타,자전거,남,12세,부상신고,보행자,여,6세,경상
2018071800100158,2018년 7월 18일 09시,수요일,경기도 수원시 영통구 매탄동,중상사고,0,1,3,0,차대차 - 추돌,안전거리미확보,건조,맑음,기타 - 기타,건설기계,남,47세,상해없음,승용,남,68세,중상
2018071800100160,2018년 7월 18일 09시,수요일,경기도 수원시 권선구 세류동,경상사고,0,0,1,0,차대차 - 추돌,안전거리미확보,건조,맑음,단일로 - 기타,승용,여,55세,상해없음,승용,여,42세,경상
2018071800100191,2018년 7월 18일 10시,수요일,경기도 수원시 장안구 파장동,중상사고,0,1,2,0,차대차 - 측면충돌,직진우회전진행방해,건조,맑음,교차로 - 교차로안,화물,남,33세,상해없음,승용,남,57세,경상
2018071800100192,2018년 7월 18일 10시,수요일,경기도 수원시 장안구 영화동,경상사고,0,0,1,0,차대차 - 측면충돌,신호위반,건조,맑음,교차로 - 교차로안,승용,남,66세,상해없음,승용,여,66세,경상
2018071800100215,2018년 7월 18일 11시,수요일,경기도 수원시 장안구 송죽동,경상사고,0,0,1,0,차대사람 - 기타,안전운전불이행,건조,맑음,교차로 - 교차로안,승용,남,43세,상해없음,보행자,여,69세,경상
2018071800100308,2018년 7월 18일 14시,수요일,경기도 수원시 권선구 권선동,중상사고,0,1,0,0,차대사람 - 보도통행중,보행자보호의무위반,건조,맑음,단일로 - 기타,승용,여,40세,상해없음,보행자,남,3세,중상
2018071800100468,2018년 7월 18일 18시,수요일,경기도 수원시 팔달구 인계동,경상사고,0,0,1,0,차대사람 - 기타,안전운전불이행,건조,맑음,단일로 - 기타,승용,남,68세,상해없음,보행자,남,58세,경상
2018071800100514,2018년 7월 18일 19시,수요일,경기도 수원시 팔달구 우만동,경상사고,0,0,1,0,차대사람 - 기타,기타,건조,맑음,단일로 - 기타,승용,남,49세,상해없음,보행자,남,6세,경상
2018071800100519,2018년 7월 18일 19시,수요일,경기도 수원시 팔달구 매산로1가,경상사고,0,0,1,0,차대차 - 기타,안전운전불이행,건조,맑음,교차로 - 교차로안,승합,남,56세,상해없음,승합,남,60세,경상
2018071800100585,2018년 7월 18일 21시,수요일,경기도 수원시 팔달구 우만동,부상신고사고,0,0,0,1,차대차 - 측면충돌,안전운전불이행,건조,맑음,단일로 - 기타,자전거,남,17세,부상신고,승용,남,52세,상해없음
2018071900100032,2018년 7월 19일 02시,목요일,경기도 수원시 영통구 영통동,부상신고사고,0,0,0,1,차대차 - 추돌,안전운전불이행,건조,맑음,기타 - 기타,승용,남,24세,상해없음,승용,남,29세,부상신고
2018071900100174,2018년 7월 19일 09시,목요일,경기도 수원시 권선구 서둔동,중상사고,0,1,0,0,차대차 - 추돌,안전운전불이행,건조,맑음,교차로 - 교차로부근,화물,남,32세,상해없음,이륜,남,36세,중상
2018071900100250,2018년 7월 19일 11시,목요일,경기도 수원시 팔달구 팔달로2가,경상사고,0,0,1,0,차대사람 - 횡단중,안전운전불이행,건조,맑음,교차로 - 교차로안,이륜,남,53세,상해없음,보행자,여,71세,경상
2018071900100383,2018년 7월 19일 15시,목요일,경기도 수원시 권선구 금곡동,경상사고,0,0,2,0,차대차 - 측면충돌,중앙선침범,건조,맑음,교차로 - 교차로부근,승용,여,41세,상해없음,승용,여,44세,경상
2018071900100471,2018년 7월 19일 17시,목요일,경기도 수원시 팔달구 인계동,중상사고,0,1,0,0,차대사람 - 횡단중,안전운전불이행,건조,맑음,교차로 - 교차로횡단보도내,승용,여,47세,상해없음,보행자,남,14세,중상
2018071900100525,2018년 7월 19일 18시,목요일,경기도 수원시 장안구 조원동,중상사고,0,1,0,0,차대차 - 측면충돌,신호위반,건조,맑음,교차로 - 교차로안,승용,남,69세,상해없음,승용,여,31세,중상
2018071900100526,2018년 7월 19일 18시,목요일,경기도 수원시 팔달구 남수동,경상사고,0,0,1,0,차대차 - 측면충돌,안전운전불이행,건조,맑음,교차로 - 교차로안,승용,여,41세,상해없음,이륜,남,39세,경상
2018071900100577,2018년 7월 19일 19시,목요일,경기도 수원시 장안구 율전동,경상사고,0,0,3,0,차대차 - 기타,안전거리미확보,건조,맑음,교차로 - 교차로부근,승용,남,44세,상해없음,승용,남,51세,경상
2018071900100615,2018년 7월 19일 20시,목요일,경기도 수원시 권선구 입북동,경상사고,0,0,2,0,차대차 - 기타,안전거리미확보,건조,맑음,단일로 - 기타,승용,남,36세,경상,승용,여,31세,경상
2018071900100681,2018년 7월 19일 22시,목요일,경기도 수원시 영통구 매탄동,경상사고,0,0,1,0,차대차 - 추돌,안전운전불이행,건조,맑음,교차로 - 교차로부근,승용,남,46세,상해없음,승용,남,25세,경상
2018072000100065,2018년 7월 20일 06시,금요일,경기도 수원시 팔달구 화서동,경상사고,0,0,1,0,차량단독 - 기타,교차로운행방법위반,건조,맑음,교차로 - 교차로안,승합,남,45세,상해없음,,,,
2018072000100113,2018년 7월 20일 08시,금요일,경기도 수원시 장안구 율전동,경상사고,0,0,1,0,차대차 - 기타,안전거리미확보,건조,맑음,단일로 - 기타,승용,남,54세,상해없음,승합,남,49세,경상
2018072000100122,2018년 7월 20일 08시,금요일,경기도 수원시 권선구 고색동,경상사고,0,0,1,0,차대차 - 기타,안전거리미확보,건조,맑음,단일로 - 기타,승용,남,68세,상해없음,승합,남,53세,상해없음
2018072000100171,2018년 7월 20일 09시,금요일,경기도 수원시 장안구 연무동,경상사고,0,0,2,0,차대차 - 추돌,안전운전불이행,건조,맑음,교차로 - 교차로안,화물,남,48세,상해없음,승용,남,75세,경상
2018072000100177,2018년 7월 20일 09시,금요일,경기도 수원시 영통구 망포동,경상사고,0,0,1,0,차대사람 - 보도통행중,기타,건조,맑음,교차로 - 교차로부근,승용,여,36세,상해없음,보행자,여,27세,경상
2018072000100205,2018년 7월 20일 10시,금요일,경기도 수원시 장안구 송죽동,경상사고,0,0,1,0,차대차 - 측면충돌,안전거리미확보,건조,맑음,단일로 - 기타,자전거,남,74세,경상,승용,남,26세,상해없음
2018072000100209,2018년 7월 20일 10시,금요일,경기도 수원시 영통구 원천동,중상사고,0,1,0,0,차대차 - 측면충돌,신호위반,건조,맑음,교차로 - 교차로안,화물,남,43세,상해없음,승용,남,73세,중상
2018072000100247,2018년 7월 20일 11시,금요일,경기도 수원시 팔달구 인계동,경상사고,0,0,2,0,차대차 - 기타,안전운전불이행,건조,맑음,단일로 - 기타,승합,여,33세,경상,승합,남,73세,기타불명
2018072000100492,2018년 7월 20일 17시,금요일,경기도 수원시 팔달구 중동,경상사고,0,0,2,0,차대차 - 측면충돌,안전운전불이행,건조,맑음,단일로 - 기타,승용,남,56세,상해없음,승용,여,51세,경상
2018072000100621,2018년 7월 20일 19시,금요일,경기도 수원시 권선구 권선동,중상사고,0,1,0,0,차대차 - 기타,중앙선침범,건조,맑음,단일로 - 기타,승용,남,45세,상해없음,이륜,남,33세,중상
2018072000100622,2018년 7월 20일 19시,금요일,경기도 수원시 권선구 세류동,중상사고,0,1,0,0,차대차 - 기타,신호위반,건조,맑음,단일로 - 기타,승용,여,25세,상해없음,이륜,남,45세,중상
2018072000100664,2018년 7월 20일 20시,금요일,경기도 수원시 영통구 영통동,경상사고,0,0,3,0,차대차 - 기타,신호위반,건조,맑음,교차로 - 교차로안,승용,남,64세,상해없음,승용,여,38세,경상
2018072100100057,2018년 7월 21일 03시,토요일,경기도 수원시 영통구 매탄동,중상사고,0,1,0,0,차대차 - 추돌,안전운전불이행,건조,맑음,단일로 - 기타,승용,남,44세,상해없음,승용,남,60세,중상
2018072100100101,2018년 7월 21일 06시,토요일,경기도 수원시 영통구 매탄동,경상사고,0,0,2,0,차대차 - 정면충돌,신호위반,건조,맑음,교차로 - 교차로안,화물,남,45세,상해없음,승합,남,59세,경상
2018072100100102,2018년 7월 21일 06시,토요일,경기도 수원시 영통구 하동,부상신고사고,0,0,0,1,차대차 - 기타,안전거리미확보,건조,맑음,단일로 - 기타,자전거,남,27세,부상신고,승용,남,49세,상해없음
2018072100100181,2018년 7월 21일 10시,토요일,경기도 수원시 권선구 호매실동,경상사고,0,0,2,0,차대차 - 정면충돌,신호위반,건조,맑음,교차로 - 교차로안,승용,남,52세,상해없음,승용,남,35세,경상