사고번호,사고일시,요일,시군구,사고내용,사망자수,중상자수,경상자수,부상신고자수,사고유형,법규위반,노면상태,기상상태,도로형태,가해운전자 차종,가해운전자 성별,가해운전자 연령,가해운전자 상해정도,피해운전자 차종,피해운전자 성별,피해운전자 연령,피해운전자 상해정도
2018072100100243,2018년 7월 21일 12시,토요일,경기도 수원시 장안구 파장동,경상사고,0,0,1,0,차대차 - 측면충돌,신호위반,건조,맑음,교차로 - 교차로안,화물,남,48세,상해없음,승용,남,18세,경상
2018072100100244,2018년 7월 21일 12시,토요일,경기도 수원시 팔달구 우만동,경상사고,0,0,1,0,차대사람 - 차도통행중,안전운전불이행,건조,맑음,교차로 - 교차로부근,승용,여,29세,기타불명,보행자,남,23세,경상
2018072100100250,2018년 7월 21일 12시,토요일,경기도 수원시 팔달구 인계동,중상사고,0,1,0,0,차대차 - 기타,신호위반,건조,맑음,교차로 - 교차로안,승용,여,32세,상해없음,이륜,남,32세,중상
2018072100100251,2018년 7월 21일 12시,토요일,경기도 수원시 영통구 이의동,경상사고,0,0,4,0,차대차 - 측면충돌,안전거리미확보,건조,맑음,단일로 - 기타,승용,여,64세,상해없음,승용,남,21세,경상
2018072100100326,2018년 7월 21일 14시,토요일,경기도 수원시 장안구 파장동,중상사고,0,1,1,0,차대차 - 추돌,과속,건조,맑음,교차로 - 교차로부근,화물,남,56세,경상,승용,남,47세,중상
2018072100100364,2018년 7월 21일 15시,토요일,경기도 수원시 권선구 고색동,중상사고,0,1,0,0,차대차 - 측면충돌,신호위반,건조,맑음,교차로 - 교차로안,건설기계,남,65세,상해없음,승용,남,51세,중상
2018072100100390,2018년 7월 21일 16시,토요일,경기도 수원시 권선구 세류동,부상신고사고,0,0,0,3,차대차 - 측면충돌,안전거리미확보,건조,맑음,교차로 - 교차로부근,승용,남,57세,기타불명,승용,남,26세,부상신고
2018072100100426,2018년 7월 21일 17시,토요일,경기도 수원시 권선구 금곡동,경상사고,0,0,1,0,차대차 - 측면충돌,안전거리미확보,건조,맑음,기타 - 기타,승용,남,40세,상해없음,이륜,남,22세,경상
2018072100100504,2018년 7월 21일 19시,토요일,경기도 수원시 팔달구 고등동,경상사고,0,0,1,0,차대사람 - 횡단중,보행자보호의무위반,건조,맑음,교차로 - 교차로횡단보도내,화물,남,45세,상해없음,보행자,여,36세,경상
2018072100100528,2018년 7월 21일 20시,토요일,경기도 수원시 장안구 정자동,중상사고,0,1,0,0,차대사람 - 횡단중,보행자보호의무위반,건조,맑음,단일로 - 기타,승용,남,41세,상해없음,보행자,여,60세,중상
2018072100100566,2018년 7월 21일 21시,토요일,경기도 수원시 영통구 이의동,경상사고,0,0,5,0,차대차 - 측면충돌,신호위반,건조,맑음,교차로 - 교차로안,승용,남,27세,상해없음,승용,남,31세,경상
2018072200100033,2018년 7월 22일 02시,일요일,경기도 수원시 장안구 송죽동,경상사고,0,0,1,0,차대차 - 기타,안전운전불이행,건조,맑음,교차로 - 교차로부근,이륜,남,19세,경상,승합,남,61세,상해없음
2018072200100061,2018년 7월 22일 05시,일요일,경기도 수원시 팔달구 화서동,중상사고,0,1,0,0,차대사람 - 기타,안전운전불이행,건조,맑음,교차로 - 교차로안,승용,남,68세,상해없음,보행자,여,67세,중상
2018072200100133,2018년 7월 22일 10시,일요일,경기도 수원시 권선구 구운동,중상사고,0,2,0,0,차대차 - 측면충돌,안전거리미확보,건조,맑음,단일로 - 기타,승용,남,56세,상해없음,승용,남,25세,중상
2018072200100209,2018년 7월 22일 13시,일요일,경기도 수원시 장안구 송죽동,경상사고,0,0,1,0,차대차 - 측면충돌,차로위반,건조,맑음,단일로 - 기타,승용,남,40세,상해없음,승용,남,31세,경상
2018072200100217,2018년 7월 22일 13시,일요일,경기도 수원시 권선구 금곡동,경상사고,0,0,1,0,차대차 - 기타,안전운전불이행,건조,맑음,교차로 - 교차로부근,이륜,남,44세,상해없음,승용,남,34세,상해없음
2018072200100308,2018년 7월 22일 16시,일요일,경기도 수원시 권선구 호매실동,경상사고,0,0,3,0,차대차 - 추돌,안전운전불이행,건조,맑음,단일로 - 기타,승용,남,50세,상해없음,승용,남,53세,경상
2018072200100341,2018년 7월 22일 17시,일요일,경기도 수원시 영통구 신동,경상사고,0,0,1,0,차대차 - 추돌,안전운전불이행,건조,맑음,단일로 - 기타,승용,남,21세,상해없음,승용,남,34세,경상
2018072200100343,2018년 7월 22일 17시,일요일,경기도 수원시 장안구 이목동,경상사고,0,0,2,0,차대차 - 기타,안전운전불이행,건조,맑음,단일로 - 기타,승용,남,31세,상해없음,승용,남,38세,경상
2018072200100371,2018년 7월 22일 18시,일요일,경기도 수원시 권선구 입북동,중상사고,0,1,2,0,차대차 - 추돌,안전운전불이행,건조,맑음,기타 - 기타,승용,남,50세,상해없음,승용,남,69세,경상
2018072200100460,2018년 7월 22일 21시,일요일,경기도 수원시 장안구 연무동,경상사고,0,0,1,0,차대사람 - 차도통행중,안전운전불이행,건조,맑음,단일로 - 기타,승용,여,41세,상해없음,보행자,남,34세,경상
2018072300100071,2018년 7월 23일 07시,월요일,경기도 수원시 권선구 탑동,경상사고,0,0,1,1,차대차 - 기타,안전운전불이행,건조,맑음,교차로 - 교차로부근,승용,여,58세,상해없음,승용,여,41세,부상신고
2018072300100107,2018년 7월 23일 08시,월요일,경기도 수원시 권선구 고색동,경상사고,0,0,1,0,차대차 - 기타,안전거리미확보,건조,맑음,교차로 - 교차로부근,승용,여,44세,상해없음,승용,여,48세,경상
2018072300100140,2018년 7월 23일 09시,월요일,경기도 수원시 권선구 권선동,경상사고,0,0,1,0,차대사람 - 기타,기타,건조,맑음,기타 - 기타,개인형이동수단(PM),남,43세,상해없음,보행자,남,66세,경상
2018072300100174,2018년 7월 23일 10시,월요일,경기도 수원시 영통구 망포동,중상사고,0,2,0,0,차대차 - 측면충돌,안전운전불이행,건조,맑음,교차로 - 교차로부근,승용,남,52세,상해없음,화물,남,74세,중상
2018072300100175,2018년 7월 23일 10시,월요일,경기도 수원시 영통구 영통동,경상사고,0,0,1,0,차대차 - 추돌,안전운전불이행,건조,맑음,단일로 - 기타,승합,남,56세,상해없음,승용,여,60세,경상
2018072300100240,2018년 7월 23일 12시,월요일,경기도 수원시 팔달구 매산로1가,경상사고,0,0,1,0,차대차 - 측면충돌,안전거리미확보,건조,맑음,단일로 - 기타,승용,남,63세,상해없음,승용,남,37세,경상
2018072300100270,2018년 7월 23일 13시,월요일,경기도 수원시 팔달구 인계동,경상사고,0,0,1,0,차대사람 - 횡단중,안전운전불이행,건조,맑음,단일로 - 기타,승용,남,25세,상해없음,보행자,여,77세,경상
2018072300100302,2018년 7월 23일 14시,월요일,경기도 수원시 팔달구 우만동,중상사고,0,1,0,0,차대사람 - 횡단중,신호위반,건조,맑음,교차로 - 교차로횡단보도내,화물,남,41세,상해없음,보행자,남,75세,중상
2018072300100341,2018년 7월 23일 15시,월요일,경기도 수원시 권선구 권선동,경상사고,0,0,1,0,차대차 - 측면충돌,신호위반,건조,맑음,교차로 - 교차로안,승용,여,53세,상해없음,자전거,남,13세,경상
2018072300100376,2018년 7월 23일 16시,월요일,경기도 수원시 장안구 정자동,중상사고,0,1,1,0,차대차 - 기타,차로위반,건조,맑음,교차로 - 교차로부근,승용,여,42세,상해없음,승합,남,44세,상해없음
2018072300100472,2018년 7월 23일 18시,월요일,경기도 수원시 영통구 원천동,경상사고,0,0,1,0,차대차 - 측면충돌,차로위반,건조,맑음,교차로 - 교차로부근,승용,여,40세,상해없음,이륜,남,37세,경상
2018072300100605,2018년 7월 23일 22시,월요일,경기도 수원시 장안구 율전동,경상사고,0,0,1,0,차대차 - 기타,교차로운행방법위반,건조,맑음,교차로 - 교차로안,자전거,남,16세,경상,승용,여,51세,상해없음
2018072300100606,2018년 7월 23일 22시,월요일,경기도 수원시 영통구 원천동,중상사고,0,1,0,0,차대차 - 기타,안전거리미확보,건조,맑음,단일로 - 기타,승용,남,21세,상해없음,승용,남,25세,중상
2018072300100607,2018년 7월 23일 22시,월요일,경기도 수원시 팔달구 매산로1가,부상신고사고,0,0,0,1,차대차 - 추돌,안전운전불이행,건조,맑음,단일로 - 기타,이륜,남,19세,상해없음,이륜,남,62세,부상신고
2018072300100634,2018년 7월 23일 23시,월요일,경기도 수원시 권선구 권선동,중상사고,0,1,0,0,차대사람 - 기타,중앙선침범,건조,맑음,단일로 - 기타,승용,남,48세,상해없음,보행자,여,49세,중상
2018072300100635,2018년 7월 23일 23시,월요일,경기도 수원시 영통구 매탄동,경상사고,0,0,2,0,차대차 - 추돌,안전운전불이행,건조,맑음,단일로 - 기타,승용,남,53세,상해없음,승용,남,29세,경상
2018072400100017,2018년 7월 24일 01시,화요일,경기도 수원시 권선구 구운동,경상사고,0,0,3,0,차대차 - 추돌,안전운전불이행,건조,맑음,교차로 - 교차로부근,승용,남,55세,상해없음,승용,남,41세,경상
2018072400100057,2018년 7월 24일 06시,화요일,경기도 수원시 팔달구 지동,경상사고,0,0,1,0,차대차 - 기타,중앙선침범,건조,맑음,단일로 - 기타,승용,여,56세,상해없음,승용,남,27세,경상
2018072400100060,2018년 7월 24일 06시,화요일,경기도 수원시 권선구 곡반정동,중상사고,0,1,2,0,차대차 - 측면충돌,안전운전불이행,건조,맑음,교차로 - 교차로안,승용,여,41세,상해없음,승용,여,63세,경상
2018072400100076,2018년 7월 24일 07시,화요일,경기도 수원시 영통구 이의동,경상사고,0,0,1,0,차대차 - 측면충돌,신호위반,건조,맑음,교차로 - 교차로안,승용,여,45세,상해없음,승용,여,30세,경상
2018072400100160,2018년 7월 24일 09시,화요일,경기도 수원시 권선구 탑동,경상사고,0,0,1,0,차대차 - 추돌,안전운전불이행,건조,맑음,교차로 - 교차로안,승용,여,39세,상해없음,승용,남,53세,경상
2018072400100194,2018년 7월 24일 10시,화요일,경기도 수원시 장안구 영화동,경상사고,0,0,2,0,차대차 - 추돌,안전거리미확보,건조,맑음,단일로 - 기타,승합,남,69세,상해없음,승용,여,40세,경상
2018072400100238,2018년 7월 24일 11시,화요일,경기도 수원시 장안구 율전동,부상신고사고,0,0,0,1,차대차 - 기타,기타,건조,맑음,단일로 - 기타,자전거,여,56세,부상신고,자전거,남,27세,상해없음
2018072400100241,2018년 7월 24일 11시,화요일,경기도 수원시 팔달구 인계동,경상사고,0,0,1,0,차대차 - 측면충돌,안전운전불이행,건조,맑음,교차로 - 교차로횡단보도내,승용,남,23세,상해없음,승용,남,56세,경상
2018072400100263,2018년 7월 24일 12시,화요일,경기도 수원시 장안구 천천동,경상사고,0,0,1,0,차대차 - 추돌,안전운전불이행,건조,맑음,단일로 - 기타,승합,남,37세,상해없음,승합,남,56세,경상
2018072400100339,2018년 7월 24일 14시,화요일,경기도 수원시 권선구 세류동,경상사고,0,0,1,0,차량단독 - 기타,안전운전불이행,건조,맑음,단일로 - 기타,승합,남,60세,상해없음,,,,
2018072400100453,2018년 7월 24일 17시,화요일,경기도 수원시 장안구 송죽동,중상사고,0,1,2,0,차대차 - 기타,교차로운행방법위반,건조,맑음,교차로 - 교차로부근,이륜,남,80세,중상,승용,여,39세,경상
2018072400100510,2018년 7월 24일 18시,화요일,경기도 수원시 권선구 금곡동,중상사고,0,1,0,0,차대차 - 기타,기타,건조,맑음,교차로 - 교차로안,승용,여,42세,상해없음,자전거,남,8세,중상
2018072400100511,2018년 7월 24일 18시,화요일,경기도 수원시 권선구 고색동,경상사고,0,0,1,0,차대차 - 추돌,안전거리미확보,건조,맑음,기타 - 기타,원동기,남,39세,상해없음,자전거,남,42세,경상
2018072400100558,2018년 7월 24일 19시,화요일,경기도 수원시 권선구 금곡동,중상사고,0,1,0,0,차대차 - 정면충돌,중앙선침범,건조,맑음,교차로 - 교차로안,이륜,남,45세,중상,승용,남,42세,상해없음
2018072400100642,2018년 7월 24일 22시,화요일,경기도 수원시 장안구 천천동,경상사고,0,0,1,0,차대차 - 기타,중앙선침범,건조,맑음,교차로 - 교차로부근,기타불명,기타불명,미분류,기타불명,이륜,남,42세,경상
2018072400100670,2018년 7월 24일 23시,화요일,경기도 수원시 권선구 세류동,경상사고,0,0,2,0,차대차 - 추돌,안전운전불이행,건조,맑음,단일로 - 기타,화물,남,37세,상해없음,승용,남,41세,경상
2018072500100023,2018년 7월 25일 02시,수요일,경기도 수원시 영통구 신동,경상사고,0,0,1,0,차량단독 - 기타,안전운전불이행,건조,맑음,단일로 - 기타,원동기,남,55세,경상,,,,
2018072500100037,2018년 7월 25일 03시,수요일,경기도 수원시 권선구 서둔동,중상사고,0,1,3,0,차량단독 - 공작물충돌,안전운전불이행,건조,맑음,단일로 - 기타,승용,남,18세,상해없음,,,,
2018072500100084,2018년 7월 25일 07시,수요일,경기도 수원시 권선구 서둔동,중상사고,0,2,1,0,차대차 - 기타,신호위반,건조,맑음,교차로 - 교차로안,승용,여,46세,경상,화물,남,70세,중상
2018072500100314,2018년 7월 25일 14시,수요일,경기도 수원시 영통구 이의동,경상사고,0,0,1,0,차대차 - 추돌,안전운전불이행,건조,맑음,단일로 - 기타,승용,여,53세,상해없음,승용,남,37세,경상
2018072500100345,2018년 7월 25일 15시,수요일,경기도 수원시 권선구 세류동,경상사고,0,0,1,0,차대차 - 추돌,안전거리미확보,건조,맑음,단일로 - 기타,건설기계,남,27세,상해없음,화물,남,37세,경상
2018072500100422,2018년 7월 25일 17시,수요일,경기도 수원시 권선구 권선동,중상사고,0,1,0,0,차대차 - 측면충돌,안전운전불이행,건조,맑음,단일로 - 기타,승용,남,36세,상해없음,자전거,남,47세,중상
2018072500100424,2018년 7월 25일 17시,수요일,경기도 수원시 권선구 금곡동,경상사고,0,0,1,0,차대차 - 기타,신호위반,건조,맑음,교차로 - 교차로안,승용,남,61세,상해없음,이륜,남,17세,경상
2018072500100460,2018년 7월 25일 18시,수요일,경기도 수원시 영통구 매탄동,중상사고,0,1,0,0,차대차 - 측면충돌,교차로운행방법위반,건조,맑음,교차로 - 교차로안,승용,남,72세,상해없음,이륜,남,45세,중상
2018072500100508,2018년 7월 25일 19시,수요일,경기도 수원시 장안구 조원동,경상사고,0,0,1,0,차대차 - 기타,안전운전불이행,건조,맑음,교차로 - 교차로안,이륜,남,27세,기타불명,승용,남,36세,경상
2018072500100548,2018년 7월 25일 20시,수요일,경기도 수원시 영통구 이의동,경상사고,0,0,1,0,차대차 - 측면충돌,안전거리미확보,건조,맑음,교차로 - 교차로부근,이륜,남,17세,상해없음,승합,남,61세,상해없음
2018072500100550,2018년 7월 25일 20시,수요일,경기도 수원시 권선구 고색동,중상사고,0,1,1,0,차대차 - 기타,기타,기타,기타,교차로 - 교차로안,승용,남,44세,중상,승용,남,38세,경상
2018072500100573,2018년 7월 25일 21시,수요일,경기도 수원시 장안구 송죽동,중상사고,0,1,0,0,차대차 - 기타,직진우회전진행방해,건조,맑음,교차로 - 교차로안,승용,남,20세,상해없음,승용,남,44세,상해없음
2018072500100575,2018년 7월 25일 21시,수요일,경기도 수원시 권선구 탑동,중상사고,0,1,0,0,차대차 - 측면충돌,신호위반,건조,맑음,교차로 - 교차로안,승용,여,35세,상해없음,이륜,남,22세,중상
2018072500100602,2018년 7월 25일 22시,수요일,경기도 수원시 권선구 서둔동,경상사고,0,0,1,0,차대차 - 추돌,안전운전불이행,건조,맑음,교차로 - 교차로부근,승용,남,52세,상해없음,승용,여,42세,경상
2018072500100636,2018년 7월 25일 23시,수요일,경기도 수원시 권선구 금곡동,경상사고,0,0,2,0,차대차 - 추돌,안전운전불이행,건조,맑음,교차로 - 교차로안,승용,남,31세,상해없음,승용,남,35세,경상
2018072600100022,2018년 7월 26일 01시,목요일,경기도 수원시 권선구 탑동,사망사고,1,0,0,0,차대차 - 측면충돌,신호위반,건조,맑음,교차로 - 교차로안,이륜,남,24세,상해없음,승용,여,26세,상해없음
2018072600100052,2018년 7월 26일 04시,목요일,경기도 수원시 팔달구 인계동,경상사고,0,0,3,0,차대차 - 측면충돌,직진우회전진행방해,건조,맑음,교차로 - 교차로안,승용,남,27세,상해없음,승용,여,28세,경상
2018072600100157,2018년 7월 26일 09시,목요일,경기도 수원시 팔달구 인계동,중상사고,0,1,0,0,차대차 - 기타,안전운전불이행,건조,맑음,교차로 - 교차로횡단보도내,승용,남,31세,상해없음,자전거,남,72세,중상
2018072600100406,2018년 7월 26일 17시,목요일,경기도 수원시 영통구 영통동,중상사고,0,1,0,0,차대차 - 측면충돌,신호위반,건조,맑음,교차로 - 교차로안,승용,여,36세,상해없음,승용,여,37세,중상
2018072600100411,2018년 7월 26일 17시,목요일,경기도 수원시 팔달구 교동,중상사고,0,1,0,0,차대사람 - 차도통행중,안전운전불이행,건조,맑음,단일로 - 기타,승합,남,37세,상해없음,보행자,남,71세,중상
2018072600100412,2018년 7월 26일 17시,목요일,경기도 수원시 권선구 고색동,경상사고,0,0,1,0,차대차 - 추돌,안전거리미확보,건조,맑음,교차로 - 교차로안,화물,남,36세,상해없음,승용,남,33세,경상
2018072600100461,2018년 7월 26일 18시,목요일,경기도 수원시 권선구 평동,중상사고,0,1,0,0,차대차 - 기타,안전운전불이행,건조,맑음,교차로 - 교차로안,승용,남,29세,상해없음,이륜,남,61세,중상
2018072600100527,2018년 7월 26일 20시,목요일,경기도 수원시 영통구 신동,경상사고,0,0,1,0,차대차 - 측면충돌,신호위반,건조,맑음,교차로 - 교차로부근,이륜,남,30세,기타불명,승용,여,34세,경상
2018072600100549,2018년 7월 26일 21시,목요일,경기도 수원시 권선구 서둔동,경상사고,0,0,1,0,차대사람 - 차도통행중,안전운전불이행,건조,맑음,교차로 - 교차로안,승용,여,46세,상해없음,보행자,남,82세,경상
2018072600100603,2018년 7월 26일 23시,목요일,경기도 수원시 팔달구 매산로2가,경상사고,0,0,1,0,차대차 - 추돌,안전거리미확보,건조,맑음,단일로 - 기타,승용,남,34세,상해없음,승용,여,45세,경상
2018072700100040,2018년 7월 27일 03시,금요일,경기도 수원시 영통구 이의동,경상사고,0,0,2,0,차대차 - 측면충돌,안전운전불이행,건조,맑음,교차로 - 교차로안,승용,여,57세,상해없음,승용,남,57세,경상
2018072700100374,2018년 7월 27일 15시,금요일,경기도 수원시 장안구 파장동,부상신고사고,0,0,0,2,차대차 - 기타,신호위반,건조,맑음,교차로 - 교차로안,승합,남,40세,상해없음,승용,여,44세,부상신고
2018072700100461,2018년 7월 27일 17시,금요일,경기도 수원시 영통구 이의동,경상사고,0,0,1,0,차대차 - 측면충돌,교차로운행방법위반,건조,맑음,교차로 - 교차로안,승용,여,48세,상해없음,승용,여,58세,경상
2018072700100463,2018년 7월 27일 17시,금요일,경기도 수원시 권선구 서둔동,경상사고,0,0,1,0,차대차 - 추돌,안전운전불이행,건조,맑음,단일로 - 기타,승용,여,48세,상해없음,승용,여,58세,상해없음
2018072700100520,2018년 7월 27일 18시,금요일,경기도 수원시 권선구 금곡동,경상사고,0,0,1,0,차대차 - 추돌,안전운전불이행,건조,맑음,교차로 - 교차로부근,화물,남,56세,상해없음,승합,여,59세,경상
2018072700100599,2018년 7월 27일 20시,금요일,경기도 수원시 권선구 서둔동,경상사고,0,0,1,0,차대차 - 기타,안전운전불이행,건조,맑음,교차로 - 교차로부근,기타불명,기타불명,미분류,기타불명,승합,남,30세,상해없음
2018072700100650,2018년 7월 27일 21시,금요일,경기도 수원시 권선구 권선동,경상사고,0,0,2,0,차대차 - 측면충돌,안전거리미확보,건조,맑음,기타 - 기타,승용,남,21세,상해없음,승용,남,62세,경상
2018072700100690,2018년 7월 27일 22시,금요일,경기도 수원시 영통구 매탄동,경상사고,0,0,2,0,차대차 - 추돌,안전운전불이행,건조,맑음,기타 - 기타,화물,남,62세,상해없음,승합,남,57세,경상
2018072800100062,2018년 7월 28일 03시,토요일,경기도 수원시 권선구 당수동,경상사고,0,0,1,0,차대차 - 추돌,안전운전불이행,건조,맑음,단일로 - 기타,승용,남,29세,상해없음,건설기계,남,53세,경상
2018072800100094,2018년 7월 28일 06시,토요일,경기도 수원시 장안구 천천동,경상사고,0,0,2,0,차대차 - 기타,신호위반,건조,맑음,교차로 - 교차로안,승용,남,62세,상해없음,화물,남,50세,경상
2018072800100179,2018년 7월 28일 10시,토요일,경기도 수원시 장안구 조원동,중상사고,0,1,0,0,차대차 - 기타,신호위반,건조,맑음,교차로 - 교차로부근,자전거,남,60세,중상,승용,남,52세,상해없음
2018072800100210,2018년 7월 28일 11시,토요일,경기도 수원시 팔달구 화서동,경상사고,0,0,1,0,차대차 - 측면충돌,안전거리미확보,건조,맑음,단일로 - 기타,화물,남,47세,기타불명,승용,남,67세,경상
2018072800100262,2018년 7월 28일 12시,토요일,경기도 수원시 권선구 금곡동,경상사고,0,0,1,0,차대차 - 기타,안전운전불이행,건조,맑음,기타 - 기타,승용,남,25세,상해없음,승용,여,40세,경상
2018072800100293,2018년 7월 28일 13시,토요일,경기도 수원시 장안구 송죽동,경상사고,0,0,2,0,차대차 - 측면충돌,안전운전불이행,건조,맑음,교차로 - 교차로안,승용,여,58세,상해없음,승용,남,63세,경상
2018072800100386,2018년 7월 28일 16시,토요일,경기도 수원시 장안구 정자동,경상사고,0,0,1,0,차대차 - 측면충돌,신호위반,건조,맑음,교차로 - 교차로안,화물,남,24세,상해없음,자전거,남,80세,경상
2018072800100389,2018년 7월 28일 16시,토요일,경기도 수원시 영통구 매탄동,경상사고,0,0,1,0,차대차 - 추돌,안전운전불이행,건조,맑음,단일로 - 기타,승용,남,54세,상해없음,승용,남,59세,경상
2018072800100451,2018년 7월 28일 18시,토요일,경기도 수원시 권선구 고색동,경상사고,0,0,1,0,차대차 - 측면충돌,안전운전불이행,건조,맑음,단일로 - 기타,이륜,남,22세,경상,승용,남,58세,상해없음
2018072800100535,2018년 7월 28일 21시,토요일,경기도 수원시 팔달구 매산로1가,경상사고,0,0,1,0,차대사람 - 기타,안전운전불이행,건조,맑음,단일로 - 기타,승용,남,28세,상해없음,보행자,남,51세,경상
2018072800100536,2018년 7월 28일 21시,토요일,경기도 수원시 권선구 구운동,경상사고,0,0,2,0,차대차 - 기타,교차로운행방법위반,건조,맑음,교차로 - 교차로안,승용,남,43세,상해없음,승용,여,53세,경상
2018072800100560,2018년 7월 28일 22시,토요일,경기도 수원시 팔달구 팔달로1가,경상사고,0,0,1,0,차대사람 - 횡단중,안전운전불이행,건조,맑음,단일로 - 기타,승용,남,62세,상해없음,보행자,남,59세,경상
2018072900100034,2018년 7월 29일 02시,일요일,경기도 수원시 팔달구 우만동,경상사고,0,0,1,0,차량단독 - 전도전복 - 전도,안전운전불이행,건조,맑음,교차로 - 교차로부근,이륜,남,26세,경상,미분류,미분류,미분류,미분류
2018072900100053,2018년 7월 29일 04시,일요일,경기도 수원시 장안구 정자동,중상사고,0,1,0,0,차대차 - 기타,안전운전불이행,건조,맑음,단일로 - 기타,이륜,남,19세,중상,승용,남,21세,상해없음
2018072900100065,2018년 7월 29일 05시,일요일,경기도 수원시 팔달구 인계동,경상사고,0,0,3,0,차대차 - 추돌,안전운전불이행,건조,맑음,단일로 - 기타,승용,남,25세,상해없음,승용,남,58세,경상
2018072900100132,2018년 7월 29일 10시,일요일,경기도 수원시 장안구 정자동,경상사고,0,0,1,0,차대차 - 측면충돌,직진우회전진행방해,건조,맑음,교차로 - 교차로안,이륜,남,43세,경상,승용,남,37세,상해없음
2018072900100153,2018년 7월 29일 11시,일요일,경기도 수원시 영통구 영통동,경상사고,0,0,1,0,차대차 - 측면충돌,안전운전불이행,건조,맑음,단일로 - 기타,승용,남,59세,상해없음,승용,남,29세,경상
2018072900100176,2018년 7월 29일 12시,일요일,경기도 수원시 권선구 오목천동,경상사고,0,0,1,0,차대사람 - 기타,안전운전불이행,건조,맑음,주차장 - 주차장,승용,남,77세,상해없음,보행자,남,33세,경상
2018072900100327,2018년 7월 29일 17시,일요일,경기도 수원시 팔달구 인계동,중상사고,0,1,1,0,차대차 - 기타,안전운전불이행,건조,맑음,교차로 - 교차로안,승용,여,35세,상해없음,승용,여,42세,중상
2018072900100457,2018년 7월 29일 21시,일요일,경기도 수원시 팔달구 매산로1가,경상사고,0,0,3,1,차대차 - 측면충돌,안전거리미확보,건조,맑음,단일로 - 고가도로위,승용,여,47세,기타불명,승합,남,36세,경상
2018073000100074,2018년 7월 30일 07시,월요일,경기도 수원시 팔달구 인계동,부상신고사고,0,0,0,1,차대차 - 정면충돌,교차로운행방법위반,건조,맑음,교차로 - 교차로안,개인형이동수단(PM),남,26세,부상신고,승용,남,25세,상해없음
2018073000100105,2018년 7월 30일 08시,월요일,경기도 수원시 권선구 입북동,경상사고,0,0,1,0,차대차 - 기타,안전거리미확보,건조,맑음,단일로 - 기타,승용,남,18세,상해없음,화물,남,36세,경상
2018073000100210,2018년 7월 30일 11시,월요일,경기도 수원시 장안구 영화동,경상사고,0,0,3,0,차대차 - 기타,안전운전불이행,건조,맑음,단일로 - 기타,승합,남,59세,상해없음,승용,여,51세,경상
2018073000100211,2018년 7월 30일 11시,월요일,경기도 수원시 팔달구 팔달로3가,경상사고,0,0,1,0,차대차 - 기타,차로위반,건조,맑음,단일로 - 기타,승합,남,57세,상해없음,승용,남,46세,경상
2018073000100215,2018년 7월 30일 11시,월요일,경기도 수원시 권선구 고색동,경상사고,0,0,1,0,차대차 - 추돌,안전운전불이행,건조,맑음,교차로 - 교차로부근,승용,남,73세,상해없음,승용,남,55세,경상
2018073000100300,2018년 7월 30일 13시,월요일,경기도 수원시 영통구 매탄동,경상사고,0,0,1,0,차대차 - 추돌,안전운전불이행,건조,맑음,단일로 - 기타,승용,남,49세,상해없음,승용,여,62세,경상
2018073000100334,2018년 7월 30일 14시,월요일,경기도 수원시 팔달구 우만동,경상사고,0,0,1,0,차대차 - 기타,교차로운행방법위반,건조,맑음,단일로 - 기타,원동기,남,26세,경상,승용,남,45세,상해없음
2018073000100335,2018년 7월 30일 14시,월요일,경기도 수원시 장안구 율전동,중상사고,0,1,0,2,차대차 - 측면충돌,차로위반,건조,맑음,교차로 - 교차로안,승용,남,37세,상해없음,특수,남,50세,상해없음
2018073000100378,2018년 7월 30일 15시,월요일,경기도 수원시 장안구 연무동,경상사고,0,0,2,0,차대차 - 측면충돌,교차로운행방법위반,건조,맑음,교차로 - 교차로안,승용,남,68세,상해없음,승용,여,57세,경상
2018073000100379,2018년 7월 30일 15시,월요일,경기도 수원시 장안구 정자동,중상사고,0,1,0,0,차대차 - 측면충돌,기타,건조,맑음,교차로 - 교차로안,승용,여,27세,상해없음,자전거,남,11세,중상
2018073000100456,2018년 7월 30일 17시,월요일,경기도 수원시 팔달구 인계동,경상사고,0,0,1,0,차대사람 - 기타,신호위반,건조,맑음,단일로 - 기타,승용,남,39세,상해없음,보행자,남,56세,경상
2018073000100507,2018년 7월 30일 18시,월요일,경기도 수원시 영통구 매탄동,경상사고,0,0,1,0,차대차 - 측면충돌,기타,건조,맑음,단일로 - 기타,승용,여,38세,상해없음,이륜,남,24세,경상
2018073000100551,2018년 7월 30일 19시,월요일,경기도 수원시 팔달구 우만동,중상사고,0,1,0,0,차대차 - 기타,교차로운행방법위반,건조,맑음,교차로 - 교차로안,승용,남,36세,상해없음,자전거,남,27세,중상
2018073000100556,2018년 7월 30일 19시,월요일,경기도 수원시 팔달구 인계동,경상사고,0,0,1,0,차대차 - 측면충돌,안전운전불이행,건조,맑음,단일로 - 기타,승용,남,23세,기타불명,승용,남,45세,경상
2018073000100579,2018년 7월 30일 20시,월요일,경기도 수원시 팔달구 우만동,경상사고,0,0,1,0,차대사람 - 기타,안전운전불이행,건조,맑음,단일로 - 기타,이륜,남,62세,상해없음,보행자,남,68세,경상
2018073000100669,2018년 7월 30일 23시,월요일,경기도 수원시 팔달구 우만동,부상신고사고,0,0,0,1,차대차 - 측면충돌,기타,건조,맑음,교차로 - 교차로부근,이륜,남,22세,부상신고,승합,남,28세,상해없음