사고번호,사고일시,요일,시군구,사고내용,사망자수,중상자수,경상자수,부상신고자수,사고유형,법규위반,노면상태,기상상태,도로형태,가해운전자 차종,가해운전자 성별,가해운전자 연령,가해운전자 상해정도,피해운전자 차종,피해운전자 성별,피해운전자 연령,피해운전자 상해정도
2018092300100157,2018년 9월 23일 12시,일요일,경기도 수원시 장안구 영화동,경상사고,0,0,2,0,차대차 - 측면충돌,신호위반,건조,맑음,교차로 - 교차로안,승용,남,31세,상해없음,승용,여,50세,경상
2018092300100160,2018년 9월 23일 12시,일요일,경기도 수원시 팔달구 인계동,경상사고,0,0,2,0,차대차 - 추돌,안전운전불이행,건조,맑음,교차로 - 교차로부근,승용,남,46세,상해없음,승용,남,69세,경상
2018092300100205,2018년 9월 23일 14시,일요일,경기도 수원시 팔달구 인계동,경상사고,0,0,4,0,차대차 - 추돌,안전운전불이행,건조,맑음,단일로 - 기타,승용,남,64세,상해없음,승용,남,49세,경상
2018092300100238,2018년 9월 23일 15시,일요일,경기도 수원시 권선구 세류동,경상사고,0,0,2,2,차대차 - 추돌,안전운전불이행,건조,맑음,교차로 - 교차로부근,승합,남,39세,상해없음,승용,여,45세,경상
2018092300100271,2018년 9월 23일 16시,일요일,경기도 수원시 장안구 조원동,경상사고,0,0,5,1,차대차 - 추돌,안전운전불이행,건조,맑음,단일로 - 기타,승용,남,32세,상해없음,승합,남,38세,경상
2018092300100342,2018년 9월 23일 18시,일요일,경기도 수원시 장안구 정자동,경상사고,0,0,1,0,차대차 - 기타,안전운전불이행,건조,맑음,단일로 - 기타,자전거,남,76세,경상,화물,남,49세,상해없음
2018092300100373,2018년 9월 23일 19시,일요일,경기도 수원시 팔달구 매산로1가,경상사고,0,0,1,0,차대차 - 측면충돌,안전거리미확보,건조,맑음,단일로 - 기타,승합,남,51세,상해없음,승용,남,49세,경상
2018092300100418,2018년 9월 23일 21시,일요일,경기도 수원시 영통구 매탄동,중상사고,0,1,0,0,차대차 - 측면충돌,안전거리미확보,건조,맑음,단일로 - 기타,이륜,남,31세,상해없음,이륜,남,44세,중상
2018092300100438,2018년 9월 23일 22시,일요일,경기도 수원시 팔달구 우만동,부상신고사고,0,0,0,1,차대차 - 후진중충돌,안전운전불이행,건조,맑음,단일로 - 기타,승용,남,58세,상해없음,승용,여,28세,부상신고
2018092300100450,2018년 9월 23일 23시,일요일,경기도 수원시 영통구 이의동,중상사고,0,3,0,0,차대차 - 추돌,안전운전불이행,건조,맑음,교차로 - 교차로부근,승용,남,60세,상해없음,승용,남,29세,중상
2018092400100068,2018년 9월 24일 09시,월요일,경기도 수원시 권선구 세류동,부상신고사고,0,0,0,1,차대차 - 기타,신호위반,건조,맑음,교차로 - 교차로안,승용,여,59세,상해없음,화물,남,50세,부상신고
2018092400100097,2018년 9월 24일 11시,월요일,경기도 수원시 장안구 정자동,중상사고,0,1,3,0,차대차 - 기타,안전거리미확보,건조,맑음,교차로 - 교차로안,승용,남,29세,상해없음,승용,남,52세,경상
2018092400100098,2018년 9월 24일 11시,월요일,경기도 수원시 팔달구 인계동,경상사고,0,0,1,0,차대사람 - 기타,안전운전불이행,건조,맑음,단일로 - 기타,승용,남,60세,상해없음,보행자,여,19세,경상
2018092400100099,2018년 9월 24일 11시,월요일,경기도 수원시 권선구 권선동,중상사고,0,1,0,0,차대사람 - 횡단중,신호위반,건조,맑음,단일로 - 기타,승용,남,45세,상해없음,보행자,여,25세,중상
2018092400100100,2018년 9월 24일 11시,월요일,경기도 수원시 권선구 세류동,경상사고,0,0,3,1,차대차 - 측면충돌,신호위반,건조,맑음,교차로 - 교차로안,승용,남,27세,상해없음,승용,남,34세,경상
2018092400100128,2018년 9월 24일 12시,월요일,경기도 수원시 팔달구 매향동,중상사고,0,1,0,0,차대차 - 기타,교차로운행방법위반,건조,맑음,교차로 - 교차로안,승용,남,30세,상해없음,이륜,남,62세,중상
2018092400100162,2018년 9월 24일 13시,월요일,경기도 수원시 장안구 율전동,경상사고,0,0,2,0,차대차 - 추돌,안전운전불이행,건조,맑음,단일로 - 기타,승용,남,48세,상해없음,승용,남,29세,경상
2018092400100287,2018년 9월 24일 17시,월요일,경기도 수원시 장안구 정자동,중상사고,0,1,0,0,차대사람 - 횡단중,안전운전불이행,건조,맑음,교차로 - 교차로안,화물,남,49세,상해없음,보행자,여,81세,중상
2018092400100430,2018년 9월 24일 23시,월요일,경기도 수원시 팔달구 인계동,중상사고,0,1,3,0,차대차 - 추돌,안전운전불이행,건조,맑음,교차로 - 교차로부근,승용,남,42세,경상,승용,남,53세,중상
2018092500100121,2018년 9월 25일 11시,화요일,경기도 수원시 권선구 세류동,경상사고,0,0,3,0,차대차 - 측면충돌,안전거리미확보,건조,맑음,교차로 - 교차로부근,승용,남,35세,상해없음,승용,남,41세,경상
2018092500100148,2018년 9월 25일 12시,화요일,경기도 수원시 장안구 조원동,경상사고,0,0,1,0,차대차 - 측면충돌,안전운전불이행,건조,맑음,단일로 - 기타,승용,남,50세,상해없음,승합,남,48세,경상
2018092500100263,2018년 9월 25일 16시,화요일,경기도 수원시 영통구 이의동,중상사고,0,1,0,0,차량단독 - 기타,기타,건조,맑음,단일로 - 기타,승용,남,62세,상해없음,,,,
2018092500100264,2018년 9월 25일 16시,화요일,경기도 수원시 권선구 서둔동,경상사고,0,0,1,0,차대차 - 기타,안전운전불이행,건조,맑음,교차로 - 교차로부근,승용,여,44세,상해없음,승용,여,47세,경상
2018092500100331,2018년 9월 25일 18시,화요일,경기도 수원시 장안구 조원동,경상사고,0,0,1,0,차대차 - 기타,신호위반,건조,맑음,교차로 - 교차로안,승용,남,23세,상해없음,승합,여,58세,상해없음
2018092500100332,2018년 9월 25일 18시,화요일,경기도 수원시 팔달구 남창동,중상사고,0,1,0,0,차량단독 - 기타,안전운전불이행,건조,맑음,단일로 - 기타,승합,남,40세,상해없음,,,,
2018092500100405,2018년 9월 25일 20시,화요일,경기도 수원시 장안구 연무동,경상사고,0,0,2,0,차대차 - 기타,과속,건조,맑음,단일로 - 기타,승용,남,41세,상해없음,승용,남,66세,경상
2018092500100406,2018년 9월 25일 20시,화요일,경기도 수원시 권선구 권선동,중상사고,0,1,0,0,차대차 - 기타,신호위반,건조,맑음,교차로 - 교차로안,승용,남,46세,상해없음,이륜,남,23세,중상
2018092500100409,2018년 9월 25일 20시,화요일,경기도 수원시 팔달구 매산로2가,중상사고,0,1,0,0,차대사람 - 차도통행중,안전운전불이행,건조,맑음,단일로 - 기타,승용,여,50세,상해없음,보행자,여,60세,중상
2018092500100438,2018년 9월 25일 21시,화요일,경기도 수원시 장안구 조원동,경상사고,0,0,1,0,차대사람 - 기타,안전운전불이행,건조,맑음,기타 - 기타,승합,여,36세,상해없음,보행자,여,29세,경상
2018092500100462,2018년 9월 25일 22시,화요일,경기도 수원시 권선구 탑동,경상사고,0,0,2,0,차대차 - 추돌,안전운전불이행,건조,맑음,교차로 - 교차로부근,승용,남,36세,상해없음,승용,남,41세,경상
2018092500100481,2018년 9월 25일 23시,화요일,경기도 수원시 팔달구 매산로1가,경상사고,0,0,1,0,차대차 - 추돌,안전운전불이행,건조,맑음,단일로 - 기타,승용,기타불명,미분류,기타불명,승용,남,31세,상해없음
2018092600100009,2018년 9월 26일 00시,수요일,경기도 수원시 권선구 권선동,경상사고,0,0,1,0,차대사람 - 기타,안전운전불이행,건조,맑음,교차로 - 교차로부근,기타불명,기타불명,미분류,기타불명,보행자,남,49세,경상
2018092600100010,2018년 9월 26일 00시,수요일,경기도 수원시 권선구 곡반정동,경상사고,0,0,1,0,차대차 - 기타,안전운전불이행,건조,맑음,단일로 - 기타,승용,여,24세,상해없음,승용,남,30세,상해없음
2018092600100085,2018년 9월 26일 08시,수요일,경기도 수원시 팔달구 북수동,경상사고,0,0,2,0,차대차 - 추돌,교차로운행방법위반,건조,맑음,단일로 - 기타,승용,남,57세,상해없음,승합,남,57세,경상
2018092600100114,2018년 9월 26일 11시,수요일,경기도 수원시 장안구 정자동,부상신고사고,0,0,0,1,차대차 - 측면충돌,교차로운행방법위반,건조,맑음,교차로 - 교차로안,승용,남,67세,상해없음,이륜,남,29세,부상신고
2018092600100115,2018년 9월 26일 11시,수요일,경기도 수원시 팔달구 영동,경상사고,0,0,1,0,차대사람 - 기타,안전운전불이행,건조,맑음,교차로 - 교차로안,원동기,남,68세,상해없음,보행자,여,53세,경상
2018092600100121,2018년 9월 26일 11시,수요일,경기도 수원시 권선구 권선동,중상사고,0,1,0,0,차대사람 - 횡단중,신호위반,건조,맑음,교차로 - 교차로안,승용,남,56세,상해없음,보행자,남,25세,중상
2018092600100122,2018년 9월 26일 11시,수요일,경기도 수원시 권선구 입북동,경상사고,0,0,4,0,차대차 - 기타,교차로운행방법위반,건조,맑음,교차로 - 교차로부근,승용,남,46세,경상,승용,남,37세,경상
2018092600100316,2018년 9월 26일 18시,수요일,경기도 수원시 장안구 연무동,부상신고사고,0,0,0,4,차대차 - 기타,안전운전불이행,건조,맑음,교차로 - 교차로부근,기타불명,기타불명,미분류,기타불명,승용,남,20세,상해없음
2018092600100350,2018년 9월 26일 19시,수요일,경기도 수원시 영통구 영통동,경상사고,0,0,2,0,차대차 - 측면충돌,안전운전불이행,건조,맑음,교차로 - 교차로부근,승용,남,47세,상해없음,승용,남,58세,경상
2018092600100391,2018년 9월 26일 20시,수요일,경기도 수원시 권선구 호매실동,경상사고,0,0,1,0,차대차 - 측면충돌,신호위반,건조,맑음,교차로 - 교차로안,원동기,남,16세,경상,승용,남,39세,상해없음
2018092600100392,2018년 9월 26일 20시,수요일,경기도 수원시 권선구 호매실동,중상사고,0,1,1,0,차대차 - 추돌,안전운전불이행,건조,맑음,단일로 - 기타,이륜,남,19세,중상,승용,남,28세,경상
2018092600100457,2018년 9월 26일 23시,수요일,경기도 수원시 권선구 권선동,경상사고,0,0,1,0,차대차 - 기타,중앙선침범,건조,맑음,교차로 - 교차로부근,승용,여,57세,상해없음,이륜,남,25세,경상
2018092700100027,2018년 9월 27일 05시,목요일,경기도 수원시 영통구 매탄동,경상사고,0,0,1,0,차대차 - 추돌,신호위반,건조,맑음,교차로 - 교차로부근,승용,남,55세,상해없음,승용,여,54세,경상
2018092700100139,2018년 9월 27일 09시,목요일,경기도 수원시 권선구 입북동,경상사고,0,0,1,0,차대차 - 기타,안전운전불이행,건조,맑음,교차로 - 교차로안,승용,여,29세,상해없음,승용,여,56세,경상
2018092700100170,2018년 9월 27일 10시,목요일,경기도 수원시 팔달구 우만동,경상사고,0,0,1,0,차대차 - 기타,교차로운행방법위반,건조,맑음,교차로 - 교차로안,승용,남,75세,상해없음,승용,여,52세,경상
2018092700100195,2018년 9월 27일 11시,목요일,경기도 수원시 팔달구 우만동,경상사고,0,0,1,0,차대차 - 기타,교차로운행방법위반,건조,맑음,교차로 - 교차로안,이륜,남,67세,경상,승용,남,34세,상해없음
2018092700100230,2018년 9월 27일 12시,목요일,경기도 수원시 장안구 천천동,중상사고,0,1,0,0,차대차 - 추돌,안전운전불이행,건조,맑음,단일로 - 기타,승용,남,57세,상해없음,승용,남,55세,중상
2018092700100236,2018년 9월 27일 12시,목요일,경기도 수원시 권선구 고색동,경상사고,0,0,1,1,차대차 - 측면충돌,안전운전불이행,건조,맑음,단일로 - 기타,승용,남,23세,부상신고,승용,남,41세,경상
2018092700100357,2018년 9월 27일 15시,목요일,경기도 수원시 팔달구 인계동,경상사고,0,0,1,0,차량단독 - 기타,안전운전불이행,건조,맑음,단일로 - 기타,승합,남,57세,상해없음,,,,
2018092700100397,2018년 9월 27일 16시,목요일,경기도 수원시 팔달구 지동,경상사고,0,0,1,0,차대차 - 후진중충돌,안전운전불이행,건조,맑음,단일로 - 기타,승용,남,59세,상해없음,승용,남,40세,경상
2018092700100446,2018년 9월 27일 17시,목요일,경기도 수원시 권선구 구운동,경상사고,0,0,1,0,차대차 - 측면충돌,안전운전불이행,건조,맑음,단일로 - 기타,승용,여,28세,상해없음,승용,남,41세,경상
2018092700100495,2018년 9월 27일 18시,목요일,경기도 수원시 팔달구 인계동,경상사고,0,0,2,1,차대차 - 측면충돌,차로위반,건조,맑음,단일로 - 기타,승용,여,59세,경상,승용,남,26세,부상신고
2018092700100497,2018년 9월 27일 18시,목요일,경기도 수원시 권선구 세류동,경상사고,0,0,1,0,차대사람 - 기타,안전운전불이행,건조,맑음,교차로 - 교차로안,이륜,남,54세,상해없음,보행자,남,3세,경상
2018092700100543,2018년 9월 27일 19시,목요일,경기도 수원시 권선구 권선동,경상사고,0,0,1,0,차대차 - 추돌,안전운전불이행,건조,맑음,단일로 - 기타,승용,남,39세,상해없음,승용,남,27세,경상
2018092700100612,2018년 9월 27일 21시,목요일,경기도 수원시 권선구 평동,경상사고,0,0,1,0,차대차 - 측면충돌,신호위반,건조,맑음,교차로 - 교차로횡단보도내,승용,남,53세,상해없음,자전거,남,29세,경상
2018092800100078,2018년 9월 28일 08시,금요일,경기도 수원시 장안구 정자동,경상사고,0,0,1,0,차대차 - 기타,안전운전불이행,건조,맑음,단일로 - 기타,자전거,여,24세,경상,자전거,남,15세,상해없음
2018092800100156,2018년 9월 28일 10시,금요일,경기도 수원시 장안구 파장동,중상사고,0,1,0,0,차대사람 - 기타,안전운전불이행,건조,맑음,단일로 - 기타,승합,남,58세,상해없음,보행자,여,72세,중상
2018092800100157,2018년 9월 28일 10시,금요일,경기도 수원시 장안구 조원동,중상사고,0,1,0,0,차대차 - 측면충돌,신호위반,건조,맑음,교차로 - 교차로안,화물,남,84세,상해없음,자전거,여,58세,중상
2018092800100244,2018년 9월 28일 13시,금요일,경기도 수원시 장안구 송죽동,경상사고,0,0,2,0,차대차 - 기타,안전운전불이행,건조,맑음,단일로 - 기타,기타불명,기타불명,미분류,기타불명,승용,남,43세,경상
2018092800100275,2018년 9월 28일 14시,금요일,경기도 수원시 영통구 이의동,경상사고,0,0,1,0,차대차 - 추돌,안전운전불이행,건조,맑음,교차로 - 교차로부근,승용,남,55세,상해없음,승용,남,47세,경상
2018092800100276,2018년 9월 28일 14시,금요일,경기도 수원시 권선구 권선동,경상사고,0,0,2,0,차대차 - 측면충돌,직진우회전진행방해,건조,맑음,교차로 - 교차로안,승용,여,28세,상해없음,승용,남,41세,경상
2018092800100325,2018년 9월 28일 16시,금요일,경기도 수원시 팔달구 지동,경상사고,0,0,1,0,차대사람 - 기타,안전운전불이행,건조,맑음,단일로 - 기타,승용,여,60세,상해없음,보행자,남,75세,경상
2018092800100366,2018년 9월 28일 17시,금요일,경기도 수원시 권선구 권선동,경상사고,0,0,1,0,차대사람 - 기타,안전운전불이행,건조,맑음,교차로 - 교차로부근,기타불명,기타불명,미분류,기타불명,보행자,여,61세,경상
2018092800100437,2018년 9월 28일 19시,금요일,경기도 수원시 권선구 세류동,경상사고,0,0,1,0,차대차 - 측면충돌,안전거리미확보,건조,맑음,교차로 - 교차로안,화물,남,58세,상해없음,승용,남,46세,경상
2018092800100499,2018년 9월 28일 21시,금요일,경기도 수원시 팔달구 우만동,경상사고,0,0,1,0,차대차 - 기타,신호위반,건조,맑음,교차로 - 교차로안,이륜,남,39세,상해없음,원동기,남,44세,경상
2018092800100525,2018년 9월 28일 22시,금요일,경기도 수원시 장안구 송죽동,경상사고,0,0,3,0,차대차 - 측면충돌,안전운전불이행,건조,맑음,교차로 - 교차로안,승용,여,47세,상해없음,승용,여,50세,경상
2018092800100546,2018년 9월 28일 23시,금요일,경기도 수원시 팔달구 인계동,중상사고,0,1,0,0,차대사람 - 횡단중,안전운전불이행,건조,맑음,단일로 - 기타,승용,남,49세,상해없음,보행자,남,39세,중상
2018092800100548,2018년 9월 28일 23시,금요일,경기도 수원시 팔달구 매산로2가,경상사고,0,0,1,0,차대사람 - 횡단중,신호위반,건조,맑음,단일로 - 기타,원동기,남,17세,상해없음,보행자,여,47세,경상
2018092900100009,2018년 9월 29일 00시,토요일,경기도 수원시 팔달구 중동,경상사고,0,0,1,0,차대사람 - 기타,안전운전불이행,건조,맑음,단일로 - 기타,승용,남,32세,상해없음,보행자,남,24세,경상
2018092900100047,2018년 9월 29일 02시,토요일,경기도 수원시 영통구 매탄동,중상사고,0,1,0,0,차량단독 - 공작물충돌,안전운전불이행,건조,맑음,단일로 - 기타,승용,남,35세,중상,,,,
2018092900100061,2018년 9월 29일 03시,토요일,경기도 수원시 팔달구 인계동,경상사고,0,0,2,0,차대차 - 추돌,차로위반,건조,맑음,단일로 - 기타,승용,남,45세,상해없음,승용,남,58세,상해없음
2018092900100071,2018년 9월 29일 04시,토요일,경기도 수원시 팔달구 지동,경상사고,0,0,1,0,차대차 - 측면충돌,안전운전불이행,건조,맑음,단일로 - 기타,승용,남,25세,상해없음,승용,남,59세,경상
2018092900100104,2018년 9월 29일 06시,토요일,경기도 수원시 팔달구 지동,경상사고,0,0,1,0,차대사람 - 보도통행중,기타,건조,맑음,기타 - 기타,화물,남,63세,상해없음,보행자,남,50세,경상
2018092900100129,2018년 9월 29일 08시,토요일,경기도 수원시 영통구 영통동,경상사고,0,0,1,0,차대차 - 기타,교차로운행방법위반,건조,맑음,교차로 - 교차로횡단보도내,승용,남,64세,상해없음,자전거,남,49세,경상
2018092900100141,2018년 9월 29일 09시,토요일,경기도 수원시 권선구 세류동,중상사고,0,1,0,0,차대차 - 기타,안전운전불이행,건조,맑음,기타 - 기타,기타불명,기타불명,미분류,기타불명,자전거,남,22세,중상
2018092900100190,2018년 9월 29일 10시,토요일,경기도 수원시 영통구 영통동,중상사고,0,1,0,0,차대사람 - 차도통행중,안전운전불이행,건조,맑음,단일로 - 기타,승용,여,44세,상해없음,보행자,남,10세,중상
2018092900100226,2018년 9월 29일 11시,토요일,경기도 수원시 권선구 권선동,경상사고,0,0,2,0,차대차 - 추돌,안전운전불이행,건조,맑음,단일로 - 기타,화물,남,35세,경상,승용,남,24세,경상
2018092900100291,2018년 9월 29일 13시,토요일,경기도 수원시 권선구 오목천동,중상사고,0,2,0,0,차대차 - 측면충돌,신호위반,건조,맑음,단일로 - 기타,승용,남,63세,상해없음,승용,남,37세,중상
2018092900100335,2018년 9월 29일 14시,토요일,경기도 수원시 영통구 망포동,경상사고,0,0,1,0,차대차 - 측면충돌,안전운전불이행,건조,맑음,교차로 - 교차로부근,승용,여,26세,상해없음,자전거,남,40세,경상
2018092900100353,2018년 9월 29일 15시,토요일,경기도 수원시 권선구 권선동,경상사고,0,0,2,0,차대차 - 측면충돌,안전운전불이행,건조,맑음,교차로 - 교차로부근,승용,남,57세,상해없음,승용,남,28세,경상
2018092900100354,2018년 9월 29일 15시,토요일,경기도 수원시 영통구 원천동,부상신고사고,0,0,0,1,차대차 - 측면충돌,안전운전불이행,건조,맑음,단일로 - 기타,자전거,남,12세,부상신고,승용,여,28세,상해없음
2018092900100417,2018년 9월 29일 17시,토요일,경기도 수원시 권선구 서둔동,경상사고,0,0,2,0,차대차 - 측면충돌,안전거리미확보,건조,맑음,단일로 - 기타,승용,여,52세,상해없음,승용,여,61세,경상
2018092900100465,2018년 9월 29일 18시,토요일,경기도 수원시 팔달구 매산로1가,경상사고,0,0,2,0,차대차 - 기타,안전거리미확보,건조,맑음,단일로 - 기타,승용,남,61세,경상,승합,남,46세,경상
2018093000100033,2018년 9월 30일 02시,일요일,경기도 수원시 팔달구 인계동,경상사고,0,0,3,0,차대사람 - 기타,안전운전불이행,건조,맑음,교차로 - 교차로부근,승용,남,22세,상해없음,보행자,남,25세,경상
2018093000100034,2018년 9월 30일 02시,일요일,경기도 수원시 팔달구 인계동,경상사고,0,0,1,0,차대사람 - 길가장자리구역통행중,안전운전불이행,건조,맑음,단일로 - 기타,승용,남,18세,상해없음,보행자,여,27세,경상
2018093000100128,2018년 9월 30일 10시,일요일,경기도 수원시 장안구 천천동,경상사고,0,0,1,0,차대차 - 기타,안전운전불이행,건조,맑음,기타 - 기타,승용,여,45세,상해없음,승용,여,54세,경상
2018093000100152,2018년 9월 30일 11시,일요일,경기도 수원시 장안구 정자동,중상사고,0,1,0,0,차대차 - 기타,안전운전불이행,건조,맑음,교차로 - 교차로안,승용,남,54세,상해없음,이륜,남,21세,중상
2018093000100153,2018년 9월 30일 11시,일요일,경기도 수원시 장안구 송죽동,경상사고,0,0,1,0,차대차 - 기타,안전거리미확보,건조,맑음,단일로 - 기타,승용,여,51세,상해없음,승용,여,48세,경상
2018093000100174,2018년 9월 30일 12시,일요일,경기도 수원시 권선구 세류동,경상사고,0,0,1,0,차대차 - 추돌,안전운전불이행,건조,맑음,단일로 - 기타,승용,남,47세,상해없음,승합,남,52세,경상
2018093000100196,2018년 9월 30일 13시,일요일,경기도 수원시 장안구 정자동,중상사고,0,1,3,0,차대차 - 측면충돌,신호위반,건조,맑음,교차로 - 교차로안,승용,남,58세,상해없음,승용,남,36세,경상
2018093000100197,2018년 9월 30일 13시,일요일,경기도 수원시 팔달구 우만동,경상사고,0,0,1,0,차대차 - 기타,기타,건조,맑음,교차로 - 교차로안,승용,남,48세,상해없음,자전거,남,16세,경상
2018093000100381,2018년 9월 30일 18시,일요일,경기도 수원시 장안구 조원동,경상사고,0,0,1,0,차대사람 - 기타,기타,건조,맑음,단일로 - 기타,기타불명,기타불명,미분류,기타불명,보행자,남,29세,경상
2018093000100420,2018년 9월 30일 19시,일요일,경기도 수원시 권선구 고색동,경상사고,0,0,1,0,차대차 - 추돌,안전운전불이행,건조,맑음,교차로 - 교차로부근,승용,남,22세,상해없음,승용,남,38세,경상
2018100100100004,2018년 10월 1일 00시,월요일,경기도 수원시 권선구 금곡동,부상신고사고,0,0,0,1,차대차 - 추돌,안전운전불이행,건조,맑음,단일로 - 기타,승용,여,23세,기타불명,승용,여,50세,기타불명
2018100100100051,2018년 10월 1일 06시,월요일,경기도 수원시 장안구 영화동,경상사고,0,0,1,0,차대차 - 기타,안전거리미확보,건조,맑음,단일로 - 기타,승용,남,36세,상해없음,승용,여,41세,경상
2018100100100068,2018년 10월 1일 07시,월요일,경기도 수원시 권선구 고색동,중상사고,0,1,0,0,차대차 - 측면충돌,신호위반,건조,맑음,교차로 - 교차로안,승용,여,41세,상해없음,승용,여,53세,중상
2018100100100095,2018년 10월 1일 08시,월요일,경기도 수원시 권선구 탑동,경상사고,0,0,1,0,차대차 - 측면충돌,중앙선침범,건조,맑음,단일로 - 기타,자전거,남,18세,상해없음,원동기,남,74세,경상
2018100100100235,2018년 10월 1일 12시,월요일,경기도 수원시 영통구 매탄동,경상사고,0,0,1,0,차대차 - 기타,안전운전불이행,건조,맑음,교차로 - 교차로부근,원동기,남,48세,경상,승용,남,48세,상해없음
2018100100100237,2018년 10월 1일 12시,월요일,경기도 수원시 권선구 구운동,경상사고,0,0,2,0,차대차 - 추돌,안전운전불이행,건조,맑음,교차로 - 교차로안,화물,남,50세,상해없음,승용,남,50세,경상
2018100100100267,2018년 10월 1일 13시,월요일,경기도 수원시 팔달구 팔달로2가,중상사고,0,1,0,0,차대차 - 기타,안전운전불이행,건조,맑음,교차로 - 교차로부근,자전거,남,68세,중상,화물,남,38세,상해없음
2018100100100276,2018년 10월 1일 13시,월요일,경기도 수원시 권선구 탑동,경상사고,0,0,1,0,차대차 - 측면충돌,안전운전불이행,젖음/습기,맑음,기타 - 기타,승용,남,65세,상해없음,승용,남,43세,경상
2018100100100312,2018년 10월 1일 14시,월요일,경기도 수원시 권선구 권선동,중상사고,0,1,0,0,차대사람 - 길가장자리구역통행중,안전운전불이행,건조,맑음,교차로 - 교차로안,승용,남,31세,상해없음,보행자,여,8세,중상
2018100100100344,2018년 10월 1일 15시,월요일,경기도 수원시 권선구 세류동,중상사고,0,1,0,0,차대차 - 측면충돌,신호위반,건조,맑음,교차로 - 교차로안,승용,여,65세,상해없음,자전거,여,38세,중상
2018100100100380,2018년 10월 1일 16시,월요일,경기도 수원시 팔달구 지동,경상사고,0,0,1,1,차대차 - 기타,안전운전불이행,건조,맑음,교차로 - 교차로안,승용,여,63세,상해없음,승용,여,46세,경상
2018100100100469,2018년 10월 1일 18시,월요일,경기도 수원시 팔달구 신풍동,경상사고,0,0,2,0,차대차 - 측면충돌,교차로운행방법위반,건조,맑음,교차로 - 교차로부근,승용,여,55세,상해없음,화물,남,56세,경상
2018100100100474,2018년 10월 1일 18시,월요일,경기도 수원시 권선구 세류동,중상사고,0,1,0,0,차대차 - 추돌,안전거리미확보,건조,맑음,단일로 - 기타,승용,남,54세,상해없음,승합,남,48세,중상
2018100100100598,2018년 10월 1일 22시,월요일,경기도 수원시 영통구 망포동,중상사고,0,2,0,0,차대차 - 측면충돌,교차로운행방법위반,건조,맑음,교차로 - 교차로안,승용,여,39세,상해없음,승용,남,33세,중상
2018100200100021,2018년 10월 2일 02시,화요일,경기도 수원시 영통구 영통동,중상사고,0,1,4,0,차대차 - 추돌,안전운전불이행,건조,맑음,교차로 - 교차로부근,승용,남,39세,상해없음,승용,남,22세,중상
2018100200100033,2018년 10월 2일 04시,화요일,경기도 수원시 팔달구 인계동,중상사고,0,1,2,0,차대차 - 측면충돌,신호위반,건조,맑음,교차로 - 교차로안,승용,남,39세,경상,이륜,남,57세,중상
2018100200100041,2018년 10월 2일 05시,화요일,경기도 수원시 팔달구 중동,부상신고사고,0,0,0,3,차대차 - 추돌,안전거리미확보,건조,맑음,단일로 - 기타,화물,남,57세,상해없음,승용,남,69세,부상신고
2018100200100043,2018년 10월 2일 05시,화요일,경기도 수원시 팔달구 매산로1가,중상사고,0,1,0,0,차대사람 - 횡단중,안전운전불이행,건조,맑음,기타 - 기타,승용,남,63세,상해없음,보행자,남,55세,중상
2018100200100070,2018년 10월 2일 07시,화요일,경기도 수원시 장안구 파장동,중상사고,0,1,0,0,차대사람 - 기타,교차로운행방법위반,건조,맑음,교차로 - 교차로안,승용,남,47세,상해없음,보행자,여,57세,중상
2018100200100071,2018년 10월 2일 07시,화요일,경기도 수원시 장안구 영화동,경상사고,0,0,2,0,차대차 - 추돌,안전운전불이행,건조,맑음,교차로 - 교차로부근,승용,남,71세,경상,승용,남,66세,경상
2018100200100074,2018년 10월 2일 07시,화요일,경기도 수원시 권선구 고색동,경상사고,0,0,1,0,차대차 - 추돌,안전운전불이행,건조,맑음,기타 - 기타,승용,여,41세,상해없음,승용,남,32세,경상
2018100200100075,2018년 10월 2일 07시,화요일,경기도 수원시 권선구 서둔동,중상사고,0,1,0,0,차대사람 - 기타,안전운전불이행,건조,맑음,단일로 - 기타,자전거,남,38세,상해없음,보행자,여,78세,중상
2018100200100108,2018년 10월 2일 08시,화요일,경기도 수원시 권선구 세류동,경상사고,0,0,1,0,차대사람 - 기타,기타,건조,맑음,단일로 - 기타,승용,여,35세,상해없음,보행자,여,65세,경상
2018100200100188,2018년 10월 2일 10시,화요일,경기도 수원시 장안구 송죽동,중상사고,0,1,0,0,차대사람 - 기타,안전운전불이행,건조,맑음,교차로 - 교차로부근,승합,남,50세,상해없음,보행자,여,79세,중상
2018100200100231,2018년 10월 2일 11시,화요일,경기도 수원시 권선구 구운동,중상사고,0,1,0,0,차대차 - 기타,신호위반,건조,맑음,교차로 - 교차로안,승용,남,62세,상해없음,이륜,남,72세,중상
2018100200100335,2018년 10월 2일 14시,화요일,경기도 수원시 권선구 고색동,중상사고,0,1,0,0,차대차 - 추돌,안전거리미확보,건조,맑음,단일로 - 기타,승용,남,65세,상해없음,자전거,남,61세,중상
2018100200100469,2018년 10월 2일 18시,화요일,경기도 수원시 팔달구 화서동,경상사고,0,0,2,0,차대사람 - 횡단중,보행자보호의무위반,건조,맑음,교차로 - 교차로횡단보도내,승용,남,47세,상해없음,보행자,여,7세,경상