사고번호,사고일시,요일,시군구,사고내용,사망자수,중상자수,경상자수,부상신고자수,사고유형,법규위반,노면상태,기상상태,도로형태,가해운전자 차종,가해운전자 성별,가해운전자 연령,가해운전자 상해정도,피해운전자 차종,피해운전자 성별,피해운전자 연령,피해운전자 상해정도
2018101100100263,2018년 10월 11일 13시,목요일,경기도 수원시 팔달구 우만동,경상사고,0,0,1,0,차대차 - 측면충돌,신호위반,건조,맑음,교차로 - 교차로안,승용,여,22세,상해없음,이륜,남,40세,경상
2018101100100355,2018년 10월 11일 16시,목요일,경기도 수원시 장안구 송죽동,경상사고,0,0,1,0,차대차 - 추돌,안전운전불이행,건조,맑음,교차로 - 교차로부근,승합,남,43세,상해없음,승용,남,70세,경상
2018101100100359,2018년 10월 11일 16시,목요일,경기도 수원시 영통구 매탄동,중상사고,0,1,0,0,차대사람 - 기타,안전운전불이행,건조,맑음,교차로 - 교차로횡단보도내,승용,남,22세,상해없음,보행자,남,15세,중상
2018101100100402,2018년 10월 11일 17시,목요일,경기도 수원시 권선구 권선동,부상신고사고,0,0,0,1,차대차 - 측면충돌,차로위반,건조,맑음,교차로 - 교차로부근,승용,남,46세,상해없음,승용,남,27세,부상신고
2018101100100405,2018년 10월 11일 17시,목요일,경기도 수원시 팔달구 매산로2가,경상사고,0,0,1,1,차대차 - 추돌,안전운전불이행,건조,맑음,단일로 - 기타,승합,남,56세,상해없음,화물,남,56세,기타불명
2018101100100452,2018년 10월 11일 18시,목요일,경기도 수원시 영통구 영통동,중상사고,0,1,0,0,차대차 - 측면충돌,차로위반,건조,맑음,교차로 - 교차로안,승용,남,42세,상해없음,승용,여,31세,중상
2018101100100494,2018년 10월 11일 19시,목요일,경기도 수원시 권선구 권선동,경상사고,0,0,1,0,차대차 - 측면충돌,안전운전불이행,건조,맑음,단일로 - 기타,승용,여,35세,상해없음,원동기,남,43세,경상
2018101100100496,2018년 10월 11일 19시,목요일,경기도 수원시 팔달구 매산로2가,경상사고,0,0,1,0,차대차 - 기타,안전거리미확보,건조,맑음,교차로 - 교차로부근,승용,남,41세,상해없음,이륜,남,27세,경상
2018101100100497,2018년 10월 11일 19시,목요일,경기도 수원시 권선구 고색동,경상사고,0,0,2,0,차대차 - 측면충돌,안전운전불이행,건조,맑음,단일로 - 기타,승용,남,28세,상해없음,승용,남,52세,경상
2018101100100538,2018년 10월 11일 20시,목요일,경기도 수원시 팔달구 인계동,경상사고,0,0,1,0,차대차 - 추돌,안전운전불이행,건조,맑음,교차로 - 교차로안,승용,여,46세,상해없음,이륜,남,17세,경상
2018101100100539,2018년 10월 11일 20시,목요일,경기도 수원시 권선구 호매실동,부상신고사고,0,0,0,1,차대차 - 기타,안전운전불이행,건조,맑음,교차로 - 교차로부근,기타불명,기타불명,미분류,기타불명,자전거,남,81세,부상신고
2018101200100030,2018년 10월 12일 02시,금요일,경기도 수원시 권선구 권선동,중상사고,0,2,0,0,차대차 - 측면충돌,교차로운행방법위반,건조,맑음,교차로 - 교차로부근,승용,남,47세,상해없음,승용,남,24세,중상
2018101200100062,2018년 10월 12일 06시,금요일,경기도 수원시 권선구 권선동,경상사고,0,0,1,0,차대차 - 측면충돌,안전운전불이행,건조,맑음,교차로 - 교차로부근,건설기계,남,44세,상해없음,승합,남,62세,상해없음
2018101200100113,2018년 10월 12일 08시,금요일,경기도 수원시 영통구 이의동,경상사고,0,0,2,0,차대차 - 측면충돌,차로위반,건조,맑음,단일로 - 기타,건설기계,남,61세,경상,승용,남,34세,경상
2018101200100158,2018년 10월 12일 09시,금요일,경기도 수원시 장안구 이목동,경상사고,0,0,1,0,차대차 - 측면충돌,신호위반,건조,맑음,교차로 - 교차로안,승합,남,68세,상해없음,이륜,남,36세,경상
2018101200100253,2018년 10월 12일 12시,금요일,경기도 수원시 장안구 조원동,부상신고사고,0,0,0,1,차대차 - 기타,안전운전불이행,건조,맑음,단일로 - 기타,승용,여,53세,상해없음,승용,남,59세,부상신고
2018101200100466,2018년 10월 12일 17시,금요일,경기도 수원시 권선구 입북동,경상사고,0,0,1,0,차대차 - 측면충돌,안전운전불이행,건조,맑음,교차로 - 교차로안,승용,남,74세,상해없음,승용,남,58세,경상
2018101200100508,2018년 10월 12일 18시,금요일,경기도 수원시 장안구 영화동,중상사고,0,1,0,0,차대차 - 기타,안전운전불이행,건조,맑음,교차로 - 교차로안,승용,남,61세,상해없음,이륜,남,36세,중상
2018101200100516,2018년 10월 12일 18시,금요일,경기도 수원시 팔달구 인계동,중상사고,0,1,0,0,차대차 - 측면충돌,안전운전불이행,건조,맑음,교차로 - 교차로안,승용,남,47세,상해없음,이륜,남,26세,중상
2018101200100573,2018년 10월 12일 19시,금요일,경기도 수원시 장안구 송죽동,중상사고,0,1,0,0,차대차 - 기타,안전운전불이행,건조,맑음,교차로 - 교차로안,이륜,남,38세,중상,승용,남,35세,상해없음
2018101200100574,2018년 10월 12일 19시,금요일,경기도 수원시 팔달구 우만동,중상사고,0,1,0,0,차대차 - 정면충돌,신호위반,건조,맑음,교차로 - 교차로안,승용,남,64세,상해없음,이륜,남,18세,중상
2018101200100575,2018년 10월 12일 19시,금요일,경기도 수원시 장안구 조원동,경상사고,0,0,1,0,차대차 - 측면충돌,안전거리미확보,건조,맑음,단일로 - 기타,승용,남,24세,상해없음,승용,남,52세,경상
2018101200100581,2018년 10월 12일 19시,금요일,경기도 수원시 권선구 세류동,경상사고,0,0,1,0,차대차 - 추돌,안전운전불이행,건조,맑음,단일로 - 기타,승용,남,22세,상해없음,화물,남,34세,경상
2018101200100623,2018년 10월 12일 20시,금요일,경기도 수원시 팔달구 교동,경상사고,0,0,3,0,차대차 - 추돌,안전운전불이행,건조,맑음,교차로 - 교차로부근,승용,남,59세,상해없음,승용,여,35세,경상
2018101200100624,2018년 10월 12일 20시,금요일,경기도 수원시 권선구 고색동,경상사고,0,0,1,0,차대차 - 측면충돌,안전운전불이행,건조,맑음,단일로 - 기타,승용,남,55세,상해없음,승용,남,28세,경상
2018101200100647,2018년 10월 12일 21시,금요일,경기도 수원시 장안구 영화동,경상사고,0,0,1,0,차대차 - 측면충돌,교차로운행방법위반,건조,맑음,교차로 - 교차로안,승용,남,60세,상해없음,승합,남,32세,경상
2018101200100653,2018년 10월 12일 21시,금요일,경기도 수원시 권선구 서둔동,부상신고사고,0,0,0,1,차대차 - 기타,신호위반,건조,맑음,교차로 - 교차로안,이륜,남,32세,부상신고,승용,남,37세,상해없음
2018101300100029,2018년 10월 13일 01시,토요일,경기도 수원시 팔달구 화서동,경상사고,0,0,1,0,차대차 - 추돌,안전운전불이행,건조,맑음,교차로 - 교차로안,이륜,남,17세,경상,승용,남,64세,상해없음
2018101300100091,2018년 10월 13일 06시,토요일,경기도 수원시 영통구 이의동,중상사고,0,6,6,0,차대차 - 측면충돌,신호위반,건조,맑음,교차로 - 교차로안,승합,남,40세,상해없음,화물,남,56세,경상
2018101300100126,2018년 10월 13일 08시,토요일,경기도 수원시 팔달구 우만동,경상사고,0,0,1,0,차대차 - 추돌,안전거리미확보,건조,맑음,단일로 - 기타,화물,남,32세,상해없음,승용,남,72세,경상
2018101300100150,2018년 10월 13일 09시,토요일,경기도 수원시 장안구 파장동,경상사고,0,0,1,0,차대차 - 기타,안전운전불이행,건조,맑음,교차로 - 교차로안,화물,남,69세,기타불명,자전거,남,64세,경상
2018101300100373,2018년 10월 13일 15시,토요일,경기도 수원시 권선구 권선동,경상사고,0,0,3,0,차대차 - 추돌,안전운전불이행,건조,맑음,단일로 - 기타,승합,남,76세,상해없음,승용,남,49세,경상
2018101300100403,2018년 10월 13일 16시,토요일,경기도 수원시 영통구 매탄동,부상신고사고,0,0,0,1,차대차 - 정면충돌,안전운전불이행,건조,맑음,단일로 - 기타,승용,남,30세,부상신고,승합,기타불명,미분류,기타불명
2018101300100437,2018년 10월 13일 17시,토요일,경기도 수원시 장안구 파장동,경상사고,0,0,1,0,차대사람 - 기타,안전운전불이행,건조,맑음,단일로 - 기타,승용,남,63세,상해없음,보행자,남,58세,경상
2018101300100474,2018년 10월 13일 18시,토요일,경기도 수원시 권선구 서둔동,중상사고,0,1,0,0,차대차 - 추돌,안전운전불이행,건조,맑음,교차로 - 교차로부근,승용,남,36세,상해없음,승용,여,55세,중상
2018101300100512,2018년 10월 13일 19시,토요일,경기도 수원시 권선구 권선동,중상사고,0,1,0,0,차대차 - 측면충돌,안전운전불이행,건조,맑음,교차로 - 교차로부근,승용,남,57세,상해없음,자전거,남,12세,중상
2018101300100513,2018년 10월 13일 19시,토요일,경기도 수원시 팔달구 중동,경상사고,0,0,1,0,차량단독 - 기타,안전운전불이행,건조,맑음,기타 - 기타,승합,남,52세,상해없음,,,,
2018101300100597,2018년 10월 13일 22시,토요일,경기도 수원시 영통구 매탄동,중상사고,0,1,0,0,차대차 - 기타,안전운전불이행,건조,맑음,교차로 - 교차로부근,승용,남,29세,상해없음,이륜,남,18세,중상
2018101300100599,2018년 10월 13일 22시,토요일,경기도 수원시 팔달구 매산로3가,중상사고,0,1,0,0,차대차 - 측면충돌,안전거리미확보,건조,맑음,교차로 - 교차로횡단보도내,승용,남,33세,상해없음,이륜,남,44세,중상
2018101400100093,2018년 10월 14일 08시,일요일,경기도 수원시 장안구 영화동,중상사고,0,1,0,0,차대차 - 측면충돌,교차로운행방법위반,건조,맑음,교차로 - 교차로안,승용,남,72세,상해없음,화물,남,39세,중상
2018101400100119,2018년 10월 14일 10시,일요일,경기도 수원시 팔달구 우만동,경상사고,0,0,1,0,차대차 - 기타,직진우회전진행방해,건조,맑음,교차로 - 교차로안,승용,여,58세,상해없음,승용,남,66세,경상
2018101400100123,2018년 10월 14일 10시,일요일,경기도 수원시 권선구 오목천동,경상사고,0,0,1,0,차대차 - 추돌,안전운전불이행,건조,맑음,단일로 - 기타,승용,남,21세,상해없음,승용,여,31세,경상
2018101400100217,2018년 10월 14일 14시,일요일,경기도 수원시 팔달구 교동,중상사고,0,1,0,0,차대사람 - 차도통행중,안전운전불이행,건조,맑음,단일로 - 기타,승용,남,46세,상해없음,보행자,여,73세,중상
2018101400100273,2018년 10월 14일 16시,일요일,경기도 수원시 영통구 원천동,중상사고,0,1,0,0,차대차 - 기타,교차로운행방법위반,건조,맑음,교차로 - 교차로부근,자전거,남,53세,중상,승용,남,27세,상해없음
2018101400100335,2018년 10월 14일 18시,일요일,경기도 수원시 권선구 세류동,중상사고,0,1,0,0,차대사람 - 기타,안전운전불이행,건조,맑음,교차로 - 교차로안,승용,여,52세,상해없음,보행자,여,72세,중상
2018101400100336,2018년 10월 14일 18시,일요일,경기도 수원시 권선구 세류동,경상사고,0,0,1,0,차대사람 - 기타,안전운전불이행,건조,맑음,교차로 - 교차로부근,승용,남,45세,상해없음,보행자,여,52세,경상
2018101400100376,2018년 10월 14일 19시,일요일,경기도 수원시 장안구 정자동,중상사고,0,1,0,0,차대차 - 측면충돌,안전거리미확보,건조,맑음,교차로 - 교차로부근,승용,남,34세,상해없음,이륜,남,21세,중상
2018101400100410,2018년 10월 14일 20시,일요일,경기도 수원시 팔달구 인계동,경상사고,0,0,1,0,차대차 - 측면충돌,안전운전불이행,건조,맑음,교차로 - 교차로안,승용,남,28세,상해없음,승용,남,58세,상해없음
2018101400100431,2018년 10월 14일 21시,일요일,경기도 수원시 권선구 곡반정동,경상사고,0,0,1,0,차대차 - 기타,안전운전불이행,건조,맑음,단일로 - 기타,승용,남,39세,상해없음,승용,여,30세,경상
2018101400100451,2018년 10월 14일 22시,일요일,경기도 수원시 권선구 평동,경상사고,0,0,4,2,차대차 - 측면충돌,안전운전불이행,건조,맑음,교차로 - 교차로안,승용,남,53세,상해없음,승합,남,46세,경상
2018101500100002,2018년 10월 15일 00시,월요일,경기도 수원시 팔달구 우만동,경상사고,0,0,1,0,차대차 - 추돌,안전거리미확보,건조,맑음,교차로 - 교차로부근,승용,여,48세,상해없음,승용,남,57세,경상
2018101500100007,2018년 10월 15일 00시,월요일,경기도 수원시 권선구 고색동,중상사고,0,2,3,0,차대차 - 측면충돌,신호위반,건조,맑음,교차로 - 교차로안,승용,남,58세,상해없음,승용,남,40세,경상
2018101500100123,2018년 10월 15일 09시,월요일,경기도 수원시 팔달구 우만동,경상사고,0,0,1,0,차대차 - 측면충돌,신호위반,건조,맑음,교차로 - 교차로안,승용,남,68세,상해없음,승용,남,60세,경상
2018101500100185,2018년 10월 15일 11시,월요일,경기도 수원시 장안구 송죽동,중상사고,0,1,0,0,차대차 - 기타,안전운전불이행,건조,맑음,교차로 - 교차로안,승용,여,47세,기타불명,이륜,남,47세,중상
2018101500100211,2018년 10월 15일 12시,월요일,경기도 수원시 권선구 평동,경상사고,0,0,1,0,차대사람 - 기타,안전운전불이행,건조,맑음,단일로 - 기타,승용,여,63세,상해없음,보행자,남,56세,경상
2018101500100309,2018년 10월 15일 15시,월요일,경기도 수원시 팔달구 구천동,경상사고,0,0,2,0,차대차 - 측면충돌,신호위반,건조,맑음,교차로 - 교차로안,승용,남,40세,상해없음,승용,여,42세,경상
2018101500100376,2018년 10월 15일 17시,월요일,경기도 수원시 장안구 파장동,경상사고,0,0,1,0,차대사람 - 기타,보행자보호의무위반,건조,맑음,교차로 - 교차로안,승용,여,53세,기타불명,보행자,여,27세,경상
2018101500100383,2018년 10월 15일 17시,월요일,경기도 수원시 영통구 영통동,경상사고,0,0,1,0,차대사람 - 기타,안전운전불이행,건조,맑음,단일로 - 기타,승합,남,73세,상해없음,보행자,남,9세,경상
2018101500100419,2018년 10월 15일 18시,월요일,경기도 수원시 장안구 연무동,중상사고,0,1,0,0,차대차 - 측면충돌,안전운전불이행,건조,맑음,단일로 - 기타,이륜,남,53세,중상,승용,여,49세,상해없음
2018101500100427,2018년 10월 15일 18시,월요일,경기도 수원시 권선구 세류동,중상사고,0,1,0,0,차대차 - 기타,안전거리미확보,건조,맑음,교차로 - 교차로부근,승용,여,44세,상해없음,이륜,남,60세,중상
2018101500100520,2018년 10월 15일 20시,월요일,경기도 수원시 권선구 입북동,경상사고,0,0,4,0,차대차 - 기타,안전거리미확보,건조,맑음,단일로 - 기타,승용,여,50세,경상,승용,여,41세,경상
2018101500100521,2018년 10월 15일 20시,월요일,경기도 수원시 권선구 호매실동,경상사고,0,0,1,0,차대차 - 측면충돌,안전운전불이행,건조,맑음,교차로 - 교차로안,승용,남,61세,상해없음,승용,여,34세,경상
2018101500100566,2018년 10월 15일 22시,월요일,경기도 수원시 장안구 이목동,중상사고,0,1,0,0,차대차 - 기타,안전운전불이행,건조,맑음,기타 - 기타,승용,남,47세,상해없음,승용,남,28세,기타불명
2018101600100026,2018년 10월 16일 02시,화요일,경기도 수원시 장안구 정자동,중상사고,0,2,0,0,차대차 - 측면충돌,신호위반,건조,맑음,교차로 - 교차로안,승용,남,52세,상해없음,이륜,남,20세,중상
2018101600100036,2018년 10월 16일 03시,화요일,경기도 수원시 팔달구 인계동,중상사고,0,1,0,0,차대차 - 측면충돌,차로위반,건조,맑음,단일로 - 기타,승용,남,54세,상해없음,승용,남,45세,중상
2018101600100063,2018년 10월 16일 07시,화요일,경기도 수원시 장안구 연무동,경상사고,0,0,1,0,차대차 - 측면충돌,안전운전불이행,건조,맑음,교차로 - 교차로부근,승용,여,52세,상해없음,승용,여,24세,경상
2018101600100088,2018년 10월 16일 08시,화요일,경기도 수원시 장안구 연무동,경상사고,0,0,1,0,차대사람 - 길가장자리구역통행중,안전운전불이행,건조,맑음,단일로 - 기타,승용,여,60세,상해없음,보행자,여,19세,경상
2018101600100121,2018년 10월 16일 09시,화요일,경기도 수원시 장안구 정자동,경상사고,0,0,1,0,차대사람 - 횡단중,안전운전불이행,건조,맑음,교차로 - 교차로부근,승용,여,75세,상해없음,보행자,남,33세,경상
2018101600100219,2018년 10월 16일 12시,화요일,경기도 수원시 권선구 세류동,중상사고,0,1,0,0,차대차 - 측면충돌,안전운전불이행,건조,맑음,교차로 - 교차로횡단보도내,승용,남,33세,기타불명,자전거,남,77세,중상
2018101600100221,2018년 10월 16일 12시,화요일,경기도 수원시 권선구 호매실동,경상사고,0,0,1,0,차대차 - 추돌,안전운전불이행,건조,맑음,기타 - 기타,화물,남,45세,상해없음,승용,여,59세,경상
2018101600100248,2018년 10월 16일 13시,화요일,경기도 수원시 권선구 권선동,경상사고,0,0,1,0,차대사람 - 기타,안전운전불이행,건조,맑음,교차로 - 교차로안,승용,남,26세,상해없음,보행자,여,53세,경상
2018101600100282,2018년 10월 16일 14시,화요일,경기도 수원시 권선구 권선동,중상사고,0,1,0,0,차대차 - 측면충돌,교차로운행방법위반,건조,맑음,교차로 - 교차로안,승용,남,70세,기타불명,화물,남,69세,상해없음
2018101600100312,2018년 10월 16일 15시,화요일,경기도 수원시 권선구 세류동,경상사고,0,0,1,0,차대사람 - 차도통행중,안전운전불이행,건조,맑음,교차로 - 교차로안,승용,남,68세,상해없음,보행자,남,10세,경상
2018101600100348,2018년 10월 16일 16시,화요일,경기도 수원시 팔달구 우만동,중상사고,0,1,0,0,차대사람 - 기타,안전운전불이행,건조,맑음,단일로 - 기타,승합,남,37세,상해없음,보행자,남,46세,중상
2018101600100349,2018년 10월 16일 16시,화요일,경기도 수원시 장안구 연무동,경상사고,0,0,1,0,차대사람 - 횡단중,안전운전불이행,건조,맑음,단일로 - 기타,승용,남,67세,상해없음,보행자,여,33세,경상
2018101600100355,2018년 10월 16일 16시,화요일,경기도 수원시 권선구 고색동,중상사고,0,1,0,0,차대사람 - 횡단중,안전운전불이행,건조,맑음,단일로 - 기타,승용,여,57세,상해없음,보행자,남,87세,중상
2018101600100356,2018년 10월 16일 16시,화요일,경기도 수원시 권선구 금곡동,경상사고,0,0,1,0,차대차 - 기타,안전거리미확보,건조,맑음,교차로 - 교차로부근,승용,남,51세,상해없음,승합,남,55세,경상
2018101600100399,2018년 10월 16일 17시,화요일,경기도 수원시 권선구 탑동,경상사고,0,0,1,0,차대사람 - 기타,안전운전불이행,건조,맑음,교차로 - 교차로안,승용,남,33세,상해없음,보행자,여,87세,경상
2018101600100445,2018년 10월 16일 18시,화요일,경기도 수원시 권선구 서둔동,경상사고,0,0,1,0,차대차 - 측면충돌,차로위반,건조,맑음,단일로 - 기타,승용,여,51세,상해없음,이륜,남,16세,경상
2018101600100507,2018년 10월 16일 19시,화요일,경기도 수원시 권선구 고색동,경상사고,0,0,1,0,차대차 - 기타,안전운전불이행,건조,맑음,교차로 - 교차로부근,승용,남,58세,상해없음,승용,남,64세,경상
2018101600100572,2018년 10월 16일 21시,화요일,경기도 수원시 권선구 권선동,중상사고,0,1,0,0,차대사람 - 횡단중,안전운전불이행,건조,맑음,단일로 - 기타,승용,남,40세,상해없음,보행자,여,47세,중상
2018101700100014,2018년 10월 17일 01시,수요일,경기도 수원시 권선구 권선동,경상사고,0,0,4,0,차대차 - 측면충돌,안전거리미확보,건조,맑음,교차로 - 교차로부근,승용,남,27세,상해없음,승용,남,24세,경상
2018101700100036,2018년 10월 17일 04시,수요일,경기도 수원시 영통구 매탄동,경상사고,0,0,1,0,차대차 - 기타,안전거리미확보,건조,맑음,기타 - 기타,자전거,남,18세,경상,승합,남,75세,상해없음
2018101700100137,2018년 10월 17일 09시,수요일,경기도 수원시 팔달구 인계동,중상사고,0,1,0,0,차대차 - 측면충돌,안전거리미확보,건조,맑음,단일로 - 기타,승용,여,58세,상해없음,이륜,남,18세,중상
2018101700100197,2018년 10월 17일 11시,수요일,경기도 수원시 팔달구 우만동,중상사고,0,1,1,0,차대차 - 추돌,안전운전불이행,건조,맑음,단일로 - 기타,승용,남,63세,상해없음,승용,남,73세,경상
2018101700100198,2018년 10월 17일 11시,수요일,경기도 수원시 팔달구 우만동,경상사고,0,0,1,0,차대차 - 추돌,안전운전불이행,건조,맑음,단일로 - 기타,승합,여,58세,상해없음,승용,여,61세,경상
2018101700100262,2018년 10월 17일 13시,수요일,경기도 수원시 장안구 송죽동,경상사고,0,0,3,0,차대차 - 추돌,안전운전불이행,건조,맑음,단일로 - 기타,화물,남,57세,기타불명,승용,남,53세,경상
2018101700100269,2018년 10월 17일 13시,수요일,경기도 수원시 권선구 권선동,경상사고,0,0,1,1,차대차 - 추돌,안전거리미확보,건조,맑음,단일로 - 기타,승용,남,64세,상해없음,승용,남,37세,경상
2018101700100323,2018년 10월 17일 14시,수요일,경기도 수원시 영통구 영통동,사망사고,1,0,0,0,차대사람 - 기타,안전운전불이행,건조,맑음,단일로 - 기타,승합,남,47세,상해없음,보행자,남,90세 이상,사망
2018101700100324,2018년 10월 17일 14시,수요일,경기도 수원시 권선구 권선동,경상사고,0,0,1,0,차대사람 - 횡단중,보행자보호의무위반,건조,맑음,교차로 - 교차로횡단보도내,승용,남,58세,상해없음,보행자,여,62세,경상
2018101700100402,2018년 10월 17일 16시,수요일,경기도 수원시 장안구 정자동,중상사고,0,1,0,0,차대사람 - 횡단중,신호위반,건조,맑음,교차로 - 교차로횡단보도내,승용,남,62세,상해없음,보행자,여,66세,중상
2018101700100451,2018년 10월 17일 17시,수요일,경기도 수원시 장안구 파장동,경상사고,0,0,7,0,차대차 - 추돌,안전운전불이행,건조,맑음,교차로 - 교차로부근,승용,여,26세,상해없음,승용,남,32세,경상
2018101700100502,2018년 10월 17일 18시,수요일,경기도 수원시 영통구 이의동,경상사고,0,0,2,0,차량단독 - 기타,안전운전불이행,건조,맑음,단일로 - 기타,승합,남,55세,상해없음,,,,
2018101700100590,2018년 10월 17일 20시,수요일,경기도 수원시 영통구 하동,중상사고,0,1,0,0,차대차 - 측면충돌,안전운전불이행,건조,맑음,단일로 - 기타,자전거,여,53세,상해없음,자전거,남,19세,중상
2018101700100619,2018년 10월 17일 21시,수요일,경기도 수원시 영통구 매탄동,경상사고,0,0,1,0,차대차 - 측면충돌,안전운전불이행,건조,맑음,교차로 - 교차로안,이륜,남,30세,상해없음,승용,남,48세,경상
2018101700100644,2018년 10월 17일 22시,수요일,경기도 수원시 권선구 세류동,중상사고,0,1,0,0,차대사람 - 기타,안전운전불이행,건조,맑음,교차로 - 교차로안,승합,남,49세,상해없음,보행자,여,58세,중상
2018101800100022,2018년 10월 18일 01시,목요일,경기도 수원시 권선구 서둔동,중상사고,0,1,1,0,차대차 - 기타,신호위반,건조,맑음,교차로 - 교차로안,승용,남,66세,상해없음,승용,남,32세,경상
2018101800100052,2018년 10월 18일 06시,목요일,경기도 수원시 팔달구 매산로1가,경상사고,0,0,1,0,차대사람 - 보도통행중,기타,건조,맑음,기타 - 기타,이륜,남,45세,상해없음,보행자,여,33세,경상
2018101800100072,2018년 10월 18일 07시,목요일,경기도 수원시 권선구 고색동,경상사고,0,0,1,0,차량단독 - 기타,안전운전불이행,건조,맑음,단일로 - 기타,화물,남,72세,상해없음,,,,
2018101800100192,2018년 10월 18일 10시,목요일,경기도 수원시 영통구 매탄동,경상사고,0,0,1,0,차량단독 - 기타,안전운전불이행,건조,맑음,단일로 - 기타,승합,남,60세,상해없음,,,,
2018101800100193,2018년 10월 18일 10시,목요일,경기도 수원시 팔달구 매산로1가,경상사고,0,0,1,0,차대사람 - 기타,기타,건조,맑음,단일로 - 기타,승합,남,56세,기타불명,보행자,남,75세,경상
2018101800100276,2018년 10월 18일 13시,목요일,경기도 수원시 팔달구 우만동,경상사고,0,0,2,0,차대차 - 추돌,안전거리미확보,건조,맑음,단일로 - 기타,승용,남,71세,상해없음,승용,남,54세,경상
2018101800100342,2018년 10월 18일 15시,목요일,경기도 수원시 권선구 권선동,경상사고,0,0,1,0,차대차 - 기타,안전운전불이행,젖음/습기,비,교차로 - 교차로부근,승용,여,63세,상해없음,승용,남,47세,경상
2018101800100344,2018년 10월 18일 15시,목요일,경기도 수원시 권선구 금곡동,경상사고,0,0,1,0,차대사람 - 횡단중,안전운전불이행,건조,맑음,단일로 - 기타,승용,여,57세,상해없음,보행자,여,9세,경상
2018101800100393,2018년 10월 18일 16시,목요일,경기도 수원시 권선구 권선동,중상사고,0,1,1,0,차대차 - 기타,신호위반,젖음/습기,비,단일로 - 기타,이륜,남,38세,중상,자전거,남,14세,경상
2018101800100432,2018년 10월 18일 17시,목요일,경기도 수원시 팔달구 남수동,경상사고,0,0,1,0,차대사람 - 기타,보행자보호의무위반,젖음/습기,비,교차로 - 교차로안,화물,남,51세,상해없음,보행자,남,17세,경상
2018101800100438,2018년 10월 18일 17시,목요일,경기도 수원시 영통구 원천동,중상사고,0,1,0,0,차대사람 - 기타,안전운전불이행,건조,맑음,단일로 - 기타,승용,여,52세,상해없음,보행자,여,16세,중상
2018101800100478,2018년 10월 18일 18시,목요일,경기도 수원시 장안구 송죽동,경상사고,0,0,1,0,차량단독 - 기타,기타,젖음/습기,비,교차로 - 교차로안,승합,남,46세,상해없음,,,,
2018101800100598,2018년 10월 18일 20시,목요일,경기도 수원시 영통구 원천동,중상사고,0,1,0,0,차대차 - 측면충돌,중앙선침범,건조,흐림,교차로 - 교차로안,승용,남,30세,상해없음,이륜,남,29세,중상
2018101800100599,2018년 10월 18일 20시,목요일,경기도 수원시 권선구 권선동,경상사고,0,0,1,0,차대차 - 기타,안전운전불이행,건조,맑음,교차로 - 교차로부근,승용,남,27세,상해없음,자전거,남,33세,경상
2018101800100601,2018년 10월 18일 20시,목요일,경기도 수원시 권선구 호매실동,경상사고,0,0,1,0,차대차 - 추돌,안전운전불이행,젖음/습기,흐림,단일로 - 기타,승용,남,65세,상해없음,화물,남,41세,경상
2018101800100658,2018년 10월 18일 22시,목요일,경기도 수원시 팔달구 화서동,경상사고,0,0,1,0,차대차 - 기타,안전운전불이행,건조,맑음,교차로 - 교차로부근,승용,남,58세,상해없음,자전거,여,68세,경상
2018101800100660,2018년 10월 18일 22시,목요일,경기도 수원시 장안구 천천동,경상사고,0,0,1,0,차대사람 - 횡단중,안전운전불이행,건조,맑음,단일로 - 기타,승용,여,27세,상해없음,보행자,남,41세,경상
2018101800100688,2018년 10월 18일 23시,목요일,경기도 수원시 장안구 영화동,경상사고,0,0,1,0,차대사람 - 기타,불법유턴,건조,맑음,교차로 - 교차로안,화물,남,44세,상해없음,보행자,남,50세,경상
2018101900100012,2018년 10월 19일 00시,금요일,경기도 수원시 영통구 이의동,중상사고,0,1,1,0,차대차 - 측면충돌,신호위반,건조,맑음,교차로 - 교차로안,승용,남,28세,상해없음,승용,남,70세,경상
2018101900100013,2018년 10월 19일 00시,금요일,경기도 수원시 권선구 구운동,경상사고,0,0,1,0,차대차 - 추돌,안전운전불이행,건조,맑음,단일로 - 기타,승용,여,29세,상해없음,승용,남,33세,경상
2018101900100024,2018년 10월 19일 01시,금요일,경기도 수원시 장안구 조원동,경상사고,0,0,1,0,차대사람 - 횡단중,안전운전불이행,건조,맑음,단일로 - 기타,이륜,남,18세,상해없음,보행자,남,53세,경상
2018101900100026,2018년 10월 19일 01시,금요일,경기도 수원시 팔달구 인계동,경상사고,0,0,1,0,차대사람 - 길가장자리구역통행중,안전운전불이행,건조,맑음,단일로 - 기타,승용,남,22세,상해없음,보행자,남,50세,경상
2018101900100063,2018년 10월 19일 06시,금요일,경기도 수원시 권선구 권선동,경상사고,0,0,1,0,차대차 - 측면충돌,차로위반,건조,맑음,단일로 - 기타,화물,남,35세,상해없음,승용,남,59세,경상
2018101900100077,2018년 10월 19일 07시,금요일,경기도 수원시 장안구 영화동,경상사고,0,0,1,0,차대차 - 기타,교차로운행방법위반,건조,맑음,교차로 - 교차로안,승용,남,28세,상해없음,승용,남,62세,경상