사고번호,사고일시,요일,시군구,사고내용,사망자수,중상자수,경상자수,부상신고자수,사고유형,법규위반,노면상태,기상상태,도로형태,가해운전자 차종,가해운전자 성별,가해운전자 연령,가해운전자 상해정도,피해운전자 차종,피해운전자 성별,피해운전자 연령,피해운전자 상해정도
2018101900100170,2018년 10월 19일 09시,금요일,경기도 수원시 팔달구 인계동,경상사고,0,0,1,0,차대차 - 측면충돌,안전운전불이행,건조,맑음,교차로 - 교차로횡단보도내,승용,여,78세,상해없음,자전거,남,26세,경상
2018101900100250,2018년 10월 19일 11시,금요일,경기도 수원시 팔달구 매산로1가,경상사고,0,0,7,0,차대차 - 추돌,안전운전불이행,건조,맑음,단일로 - 기타,승합,남,49세,상해없음,승용,남,42세,경상
2018101900100415,2018년 10월 19일 15시,금요일,경기도 수원시 권선구 권선동,부상신고사고,0,0,0,1,차대차 - 측면충돌,안전운전불이행,건조,맑음,교차로 - 교차로안,승용,남,65세,상해없음,승용,남,45세,상해없음
2018101900100460,2018년 10월 19일 16시,금요일,경기도 수원시 장안구 송죽동,경상사고,0,0,1,0,차대차 - 기타,신호위반,건조,맑음,교차로 - 교차로부근,이륜,남,26세,상해없음,자전거,남,12세,경상
2018101900100575,2018년 10월 19일 18시,금요일,경기도 수원시 영통구 망포동,경상사고,0,0,1,0,차대사람 - 횡단중,안전운전불이행,건조,맑음,교차로 - 교차로안,승용,여,55세,상해없음,보행자,남,42세,경상
2018101900100731,2018년 10월 19일 21시,금요일,경기도 수원시 장안구 정자동,중상사고,0,1,0,0,차대차 - 추돌,안전운전불이행,건조,맑음,단일로 - 기타,승용,남,56세,상해없음,이륜,남,42세,중상
2018101900100761,2018년 10월 19일 22시,금요일,경기도 수원시 팔달구 우만동,경상사고,0,0,3,0,차대차 - 추돌,신호위반,건조,맑음,교차로 - 교차로안,승합,남,60세,기타불명,승용,여,50세,경상
2018102000100083,2018년 10월 20일 05시,토요일,경기도 수원시 권선구 권선동,중상사고,0,1,0,0,차대차 - 기타,신호위반,건조,맑음,교차로 - 교차로횡단보도내,승용,남,69세,상해없음,자전거,남,60세,중상
2018102000100084,2018년 10월 20일 05시,토요일,경기도 수원시 팔달구 매교동,중상사고,0,1,0,0,차대차 - 기타,안전거리미확보,건조,맑음,단일로 - 기타,화물,남,55세,상해없음,승용,남,57세,중상
2018102000100098,2018년 10월 20일 06시,토요일,경기도 수원시 장안구 파장동,경상사고,0,0,1,0,차대차 - 추돌,안전운전불이행,건조,맑음,단일로 - 기타,승용,남,69세,상해없음,승용,남,65세,경상
2018102000100140,2018년 10월 20일 08시,토요일,경기도 수원시 팔달구 팔달로1가,중상사고,0,1,0,0,차대사람 - 횡단중,안전운전불이행,건조,맑음,단일로 - 기타,승용,여,53세,상해없음,보행자,여,77세,중상
2018102000100329,2018년 10월 20일 13시,토요일,경기도 수원시 장안구 정자동,부상신고사고,0,0,0,1,차대차 - 측면충돌,교차로운행방법위반,건조,맑음,교차로 - 교차로안,승용,남,48세,상해없음,이륜,남,58세,부상신고
2018102000100469,2018년 10월 20일 16시,토요일,경기도 수원시 권선구 세류동,부상신고사고,0,0,0,1,차대차 - 기타,안전운전불이행,건조,맑음,단일로 - 기타,기타불명,기타불명,미분류,기타불명,자전거,남,74세,부상신고
2018102000100637,2018년 10월 20일 19시,토요일,경기도 수원시 팔달구 화서동,경상사고,0,0,1,1,차대차 - 기타,안전운전불이행,건조,맑음,교차로 - 교차로안,화물,남,58세,상해없음,승용,여,65세,경상
2018102000100638,2018년 10월 20일 19시,토요일,경기도 수원시 팔달구 팔달로2가,경상사고,0,0,1,0,차량단독 - 기타,안전운전불이행,건조,맑음,교차로 - 교차로안,승합,남,53세,상해없음,,,,
2018102000100678,2018년 10월 20일 20시,토요일,경기도 수원시 권선구 호매실동,경상사고,0,0,1,0,차대차 - 기타,안전운전불이행,건조,맑음,교차로 - 교차로안,원동기,남,19세,경상,승용,여,42세,상해없음
2018102000100766,2018년 10월 20일 23시,토요일,경기도 수원시 영통구 매탄동,중상사고,0,1,0,0,차대사람 - 기타,안전운전불이행,건조,맑음,기타 - 기타,승용,남,21세,상해없음,보행자,남,47세,중상
2018102100100023,2018년 10월 21일 01시,일요일,경기도 수원시 팔달구 매산로2가,경상사고,0,0,1,0,차대사람 - 횡단중,과속,건조,맑음,단일로 - 기타,승용,남,37세,상해없음,보행자,여,20세,경상
2018102100100055,2018년 10월 21일 04시,일요일,경기도 수원시 팔달구 우만동,경상사고,0,0,1,0,차대차 - 추돌,안전운전불이행,건조,맑음,단일로 - 기타,승용,남,26세,상해없음,승용,남,27세,경상
2018102100100187,2018년 10월 21일 12시,일요일,경기도 수원시 영통구 원천동,경상사고,0,0,1,0,차량단독 - 기타,안전운전불이행,건조,맑음,교차로 - 교차로부근,자전거,남,27세,경상,,,,
2018102100100219,2018년 10월 21일 13시,일요일,경기도 수원시 장안구 율전동,중상사고,0,1,0,0,차대사람 - 차도통행중,안전운전불이행,건조,맑음,단일로 - 기타,승용,여,45세,상해없음,보행자,여,18세,중상
2018102100100225,2018년 10월 21일 13시,일요일,경기도 수원시 팔달구 매산로1가,경상사고,0,0,1,0,차대차 - 정면충돌,신호위반,건조,맑음,교차로 - 교차로안,승용,남,30세,상해없음,승용,남,47세,경상
2018102100100252,2018년 10월 21일 14시,일요일,경기도 수원시 장안구 조원동,경상사고,0,0,1,0,차대차 - 측면충돌,불법유턴,건조,맑음,단일로 - 기타,승용,여,45세,상해없음,이륜,남,39세,경상
2018102100100259,2018년 10월 21일 14시,일요일,경기도 수원시 영통구 영통동,경상사고,0,0,3,0,차대차 - 측면충돌,신호위반,건조,맑음,교차로 - 교차로안,이륜,남,40세,상해없음,승용,여,41세,경상
2018102100100323,2018년 10월 21일 16시,일요일,경기도 수원시 팔달구 인계동,경상사고,0,0,1,0,차대차 - 측면충돌,교차로운행방법위반,건조,맑음,교차로 - 교차로안,화물,남,66세,상해없음,승용,여,49세,경상
2018102100100325,2018년 10월 21일 16시,일요일,경기도 수원시 팔달구 고등동,경상사고,0,0,1,0,차대사람 - 횡단중,안전운전불이행,건조,맑음,교차로 - 교차로부근,승용,남,55세,상해없음,보행자,남,45세,경상
2018102100100395,2018년 10월 21일 18시,일요일,경기도 수원시 장안구 정자동,부상신고사고,0,0,0,1,차대차 - 기타,안전운전불이행,건조,맑음,교차로 - 교차로부근,이륜,남,35세,부상신고,승용,남,46세,상해없음
2018102100100403,2018년 10월 21일 18시,일요일,경기도 수원시 권선구 금곡동,경상사고,0,0,1,0,차대차 - 기타,안전운전불이행,건조,맑음,단일로 - 기타,승용,남,63세,상해없음,이륜,남,25세,경상
2018102100100542,2018년 10월 21일 22시,일요일,경기도 수원시 팔달구 우만동,중상사고,0,1,2,1,차대차 - 측면충돌,안전거리미확보,건조,맑음,교차로 - 교차로부근,승용,여,21세,상해없음,화물,남,39세,상해없음
2018102100100544,2018년 10월 21일 22시,일요일,경기도 수원시 팔달구 우만동,경상사고,0,0,4,0,차대차 - 기타,안전거리미확보,건조,맑음,단일로 - 기타,승용,여,49세,상해없음,승용,여,52세,경상
2018102100100560,2018년 10월 21일 23시,일요일,경기도 수원시 영통구 원천동,경상사고,0,0,1,0,차대사람 - 기타,안전운전불이행,건조,맑음,단일로 - 기타,승용,남,59세,상해없음,보행자,남,33세,경상
2018102200100054,2018년 10월 22일 07시,월요일,경기도 수원시 영통구 이의동,경상사고,0,0,1,0,차대차 - 기타,안전운전불이행,건조,맑음,단일로 - 기타,기타불명,기타불명,미분류,기타불명,승합,남,57세,상해없음
2018102200100076,2018년 10월 22일 08시,월요일,경기도 수원시 장안구 영화동,중상사고,0,1,0,0,차대차 - 기타,직진우회전진행방해,건조,맑음,교차로 - 교차로안,승용,남,48세,상해없음,승용,남,35세,중상
2018102200100115,2018년 10월 22일 09시,월요일,경기도 수원시 장안구 송죽동,경상사고,0,0,1,0,차대차 - 기타,안전운전불이행,건조,맑음,단일로 - 기타,건설기계,남,59세,상해없음,승용,여,40세,경상
2018102200100116,2018년 10월 22일 09시,월요일,경기도 수원시 팔달구 화서동,중상사고,0,1,0,0,차대차 - 기타,안전운전불이행,건조,맑음,단일로 - 기타,화물,남,45세,상해없음,자전거,여,58세,중상
2018102200100274,2018년 10월 22일 14시,월요일,경기도 수원시 영통구 망포동,경상사고,0,0,1,0,차대사람 - 횡단중,보행자보호의무위반,건조,맑음,교차로 - 교차로횡단보도내,화물,남,61세,상해없음,보행자,남,16세,경상
2018102200100305,2018년 10월 22일 15시,월요일,경기도 수원시 팔달구 남수동,경상사고,0,0,1,0,차대차 - 측면충돌,기타,건조,맑음,교차로 - 교차로안,자전거,남,51세,경상,화물,남,35세,상해없음
2018102200100378,2018년 10월 22일 17시,월요일,경기도 수원시 팔달구 매산로3가,경상사고,0,0,2,0,차대차 - 기타,안전거리미확보,건조,맑음,교차로 - 교차로안,승용,남,53세,상해없음,승합,남,57세,경상
2018102200100421,2018년 10월 22일 18시,월요일,경기도 수원시 장안구 조원동,경상사고,0,0,1,0,차대사람 - 횡단중,보행자보호의무위반,건조,맑음,교차로 - 교차로횡단보도내,승용,여,44세,기타불명,보행자,남,11세,경상
2018102200100422,2018년 10월 22일 18시,월요일,경기도 수원시 팔달구 팔달로3가,중상사고,0,1,0,0,차대사람 - 기타,안전운전불이행,건조,맑음,단일로 - 기타,승용,여,51세,상해없음,보행자,여,60세,중상
2018102200100433,2018년 10월 22일 18시,월요일,경기도 수원시 팔달구 고등동,중상사고,0,1,0,0,차대차 - 기타,교차로운행방법위반,건조,맑음,교차로 - 교차로안,화물,남,58세,상해없음,이륜,남,68세,중상
2018102200100492,2018년 10월 22일 19시,월요일,경기도 수원시 장안구 영화동,중상사고,0,1,0,0,차대사람 - 기타,안전운전불이행,건조,맑음,단일로 - 기타,화물,남,76세,상해없음,보행자,남,63세,중상
2018102200100527,2018년 10월 22일 20시,월요일,경기도 수원시 팔달구 인계동,중상사고,0,1,0,0,차대차 - 기타,교차로운행방법위반,건조,맑음,교차로 - 교차로안,승용,남,27세,상해없음,원동기,남,50세,중상
2018102200100528,2018년 10월 22일 20시,월요일,경기도 수원시 권선구 호매실동,중상사고,0,1,0,0,차대차 - 정면충돌,신호위반,건조,맑음,교차로 - 교차로안,승용,남,34세,상해없음,원동기,남,22세,중상
2018102200100575,2018년 10월 22일 22시,월요일,경기도 수원시 권선구 세류동,중상사고,0,1,0,0,차대차 - 측면충돌,기타,건조,맑음,교차로 - 교차로안,이륜,남,22세,중상,승용,남,41세,상해없음
2018102300100038,2018년 10월 23일 05시,화요일,경기도 수원시 장안구 정자동,중상사고,0,1,0,0,차대사람 - 횡단중,신호위반,건조,맑음,단일로 - 기타,화물,남,51세,상해없음,보행자,남,87세,중상
2018102300100072,2018년 10월 23일 07시,화요일,경기도 수원시 권선구 세류동,중상사고,0,1,0,0,차대차 - 정면충돌,중앙선침범,건조,맑음,단일로 - 기타,승용,남,36세,기타불명,승용,여,51세,중상
2018102300100144,2018년 10월 23일 09시,화요일,경기도 수원시 팔달구 영동,경상사고,0,0,1,0,차대차 - 기타,신호위반,젖음/습기,비,교차로 - 교차로안,화물,남,55세,상해없음,화물,남,51세,경상
2018102300100145,2018년 10월 23일 09시,화요일,경기도 수원시 팔달구 우만동,경상사고,0,0,1,0,차대차 - 추돌,안전운전불이행,젖음/습기,비,단일로 - 기타,승용,여,32세,상해없음,승용,여,54세,경상
2018102300100149,2018년 10월 23일 09시,화요일,경기도 수원시 권선구 세류동,경상사고,0,0,1,0,차대차 - 추돌,안전거리미확보,건조,맑음,단일로 - 기타,화물,남,38세,상해없음,승용,여,40세,경상
2018102300100325,2018년 10월 23일 15시,화요일,경기도 수원시 팔달구 매산로1가,중상사고,0,1,0,0,차대차 - 추돌,안전운전불이행,건조,맑음,교차로 - 교차로부근,건설기계,남,54세,상해없음,승용,남,60세,중상
2018102300100326,2018년 10월 23일 15시,화요일,경기도 수원시 권선구 서둔동,중상사고,0,3,0,0,차대차 - 기타,안전거리미확보,건조,맑음,단일로 - 기타,화물,남,47세,상해없음,승용,여,52세,중상
2018102300100355,2018년 10월 23일 16시,화요일,경기도 수원시 팔달구 우만동,경상사고,0,0,1,0,차대차 - 기타,안전운전불이행,건조,맑음,교차로 - 교차로부근,승용,남,74세,상해없음,승용,남,51세,경상
2018102300100386,2018년 10월 23일 17시,화요일,경기도 수원시 권선구 세류동,경상사고,0,0,1,0,차대사람 - 횡단중,안전운전불이행,건조,맑음,교차로 - 교차로횡단보도내,승용,남,61세,기타불명,보행자,남,8세,경상
2018102300100447,2018년 10월 23일 18시,화요일,경기도 수원시 영통구 이의동,경상사고,0,0,1,0,차대차 - 측면충돌,직진우회전진행방해,건조,맑음,교차로 - 교차로안,승용,여,27세,상해없음,승용,여,52세,경상
2018102300100450,2018년 10월 23일 18시,화요일,경기도 수원시 권선구 구운동,경상사고,0,0,1,0,차대차 - 추돌,안전운전불이행,건조,맑음,단일로 - 기타,승용,남,46세,상해없음,이륜,남,51세,경상
2018102300100571,2018년 10월 23일 21시,화요일,경기도 수원시 영통구 매탄동,경상사고,0,0,1,0,차대사람 - 횡단중,신호위반,건조,맑음,교차로 - 교차로횡단보도내,이륜,남,48세,상해없음,보행자,여,56세,경상
2018102300100574,2018년 10월 23일 21시,화요일,경기도 수원시 권선구 금곡동,경상사고,0,0,1,0,차대차 - 측면충돌,안전운전불이행,건조,맑음,교차로 - 교차로안,승용,남,59세,상해없음,원동기,남,26세,경상
2018102400100035,2018년 10월 24일 05시,수요일,경기도 수원시 팔달구 남수동,중상사고,0,1,0,0,차대사람 - 횡단중,신호위반,건조,맑음,교차로 - 교차로횡단보도내,승용,남,63세,상해없음,보행자,남,76세,중상
2018102400100043,2018년 10월 24일 06시,수요일,경기도 수원시 팔달구 우만동,중상사고,0,1,0,0,차대차 - 기타,안전운전불이행,건조,맑음,단일로 - 기타,승용,남,49세,상해없음,승용,남,42세,상해없음
2018102400100047,2018년 10월 24일 06시,수요일,경기도 수원시 권선구 세류동,경상사고,0,0,1,0,차대차 - 측면충돌,안전거리미확보,건조,맑음,단일로 - 기타,승용,남,29세,경상,승용,남,33세,상해없음
2018102400100106,2018년 10월 24일 08시,수요일,경기도 수원시 장안구 영화동,중상사고,0,1,0,0,차대사람 - 보도통행중,보행자보호의무위반,건조,맑음,교차로 - 교차로부근,승용,남,40세,기타불명,보행자,여,59세,중상
2018102400100113,2018년 10월 24일 08시,수요일,경기도 수원시 권선구 세류동,중상사고,0,1,0,0,차대차 - 기타,안전거리미확보,건조,맑음,기타 - 기타,승용,남,50세,상해없음,이륜,남,17세,중상
2018102400100114,2018년 10월 24일 08시,수요일,경기도 수원시 장안구 파장동,경상사고,0,0,1,0,차대차 - 기타,안전운전불이행,건조,맑음,단일로 - 기타,화물,남,58세,상해없음,승용,여,37세,경상
2018102400100159,2018년 10월 24일 09시,수요일,경기도 수원시 장안구 정자동,중상사고,0,1,0,0,차대차 - 측면충돌,안전운전불이행,건조,맑음,교차로 - 교차로횡단보도내,화물,남,59세,상해없음,자전거,여,54세,중상
2018102400100160,2018년 10월 24일 09시,수요일,경기도 수원시 팔달구 우만동,중상사고,0,1,0,0,차대사람 - 기타,안전운전불이행,건조,맑음,교차로 - 교차로안,승용,남,24세,기타불명,보행자,여,65세,중상
2018102400100258,2018년 10월 24일 12시,수요일,경기도 수원시 장안구 파장동,경상사고,0,0,2,0,차대차 - 추돌,안전운전불이행,건조,맑음,교차로 - 교차로부근,건설기계,남,47세,상해없음,승용,남,37세,경상
2018102400100261,2018년 10월 24일 12시,수요일,경기도 수원시 권선구 세류동,경상사고,0,0,5,0,차대차 - 기타,안전운전불이행,건조,맑음,교차로 - 교차로안,승합,남,63세,상해없음,승용,여,28세,경상
2018102400100298,2018년 10월 24일 13시,수요일,경기도 수원시 팔달구 팔달로2가,경상사고,0,0,1,0,차대차 - 기타,안전거리미확보,건조,맑음,단일로 - 기타,승용,여,68세,상해없음,승합,남,49세,상해없음
2018102400100300,2018년 10월 24일 13시,수요일,경기도 수원시 권선구 권선동,중상사고,0,1,0,0,차대차 - 기타,안전운전불이행,건조,맑음,교차로 - 교차로안,이륜,남,36세,상해없음,승용,여,53세,상해없음
2018102400100351,2018년 10월 24일 14시,수요일,경기도 수원시 영통구 원천동,중상사고,0,2,3,2,차대차 - 추돌,안전운전불이행,건조,맑음,단일로 - 기타,승합,남,51세,상해없음,승합,남,47세,부상신고
2018102400100354,2018년 10월 24일 14시,수요일,경기도 수원시 권선구 서둔동,경상사고,0,0,1,1,차대차 - 추돌,안전운전불이행,건조,맑음,단일로 - 기타,승용,남,32세,상해없음,승용,남,52세,경상
2018102400100392,2018년 10월 24일 15시,수요일,경기도 수원시 권선구 호매실동,경상사고,0,0,1,0,차대차 - 추돌,안전운전불이행,건조,맑음,교차로 - 교차로부근,승용,여,61세,상해없음,승용,남,31세,경상
2018102400100428,2018년 10월 24일 16시,수요일,경기도 수원시 장안구 정자동,경상사고,0,0,1,0,차대차 - 기타,신호위반,건조,맑음,교차로 - 교차로안,승용,여,38세,기타불명,화물,남,28세,상해없음
2018102400100527,2018년 10월 24일 18시,수요일,경기도 수원시 장안구 영화동,중상사고,0,1,0,0,차대사람 - 기타,안전운전불이행,건조,맑음,단일로 - 기타,이륜,남,27세,상해없음,보행자,남,52세,중상
2018102400100539,2018년 10월 24일 18시,수요일,경기도 수원시 영통구 원천동,중상사고,0,1,0,0,차대차 - 추돌,안전운전불이행,건조,맑음,교차로 - 교차로부근,승용,남,24세,상해없음,승용,여,53세,중상
2018102400100600,2018년 10월 24일 19시,수요일,경기도 수원시 영통구 영통동,경상사고,0,0,1,0,차대차 - 기타,안전운전불이행,건조,맑음,단일로 - 기타,승용,남,47세,상해없음,이륜,남,36세,경상
2018102400100703,2018년 10월 24일 22시,수요일,경기도 수원시 장안구 연무동,경상사고,0,0,1,0,차대사람 - 기타,안전운전불이행,건조,맑음,기타 - 기타,승용,남,69세,상해없음,보행자,남,22세,경상
2018102400100713,2018년 10월 24일 22시,수요일,경기도 수원시 권선구 오목천동,경상사고,0,0,4,0,차대차 - 기타,신호위반,건조,맑음,교차로 - 교차로안,승용,남,34세,상해없음,승용,남,37세,경상
2018102400100737,2018년 10월 24일 23시,수요일,경기도 수원시 영통구 이의동,경상사고,0,0,1,0,차대사람 - 횡단중,신호위반,건조,맑음,교차로 - 교차로부근,이륜,남,25세,상해없음,보행자,남,51세,경상
2018102500100031,2018년 10월 25일 03시,목요일,경기도 수원시 장안구 조원동,경상사고,0,0,1,0,차대사람 - 기타,보행자보호의무위반,건조,맑음,교차로 - 교차로안,기타불명,기타불명,미분류,기타불명,보행자,여,23세,경상
2018102500100081,2018년 10월 25일 07시,목요일,경기도 수원시 영통구 원천동,경상사고,0,0,1,0,차대차 - 기타,신호위반,건조,맑음,교차로 - 교차로안,승용,여,85세,상해없음,승용,여,40세,경상
2018102500100082,2018년 10월 25일 07시,목요일,경기도 수원시 권선구 오목천동,중상사고,0,1,1,0,차대차 - 기타,신호위반,건조,맑음,교차로 - 교차로안,승용,여,43세,중상,승용,남,54세,경상
2018102500100127,2018년 10월 25일 08시,목요일,경기도 수원시 권선구 탑동,부상신고사고,0,0,0,1,차대차 - 기타,교차로운행방법위반,건조,맑음,교차로 - 교차로안,승용,여,36세,상해없음,개인형이동수단(PM),남,25세,부상신고
2018102500100173,2018년 10월 25일 09시,목요일,경기도 수원시 권선구 구운동,경상사고,0,0,2,0,차대차 - 추돌,안전거리미확보,건조,맑음,단일로 - 기타,승용,남,56세,상해없음,승용,여,38세,경상
2018102500100241,2018년 10월 25일 11시,목요일,경기도 수원시 장안구 정자동,경상사고,0,0,1,0,차대차 - 기타,신호위반,건조,맑음,교차로 - 교차로안,승용,남,26세,상해없음,승용,여,28세,경상
2018102500100247,2018년 10월 25일 11시,목요일,경기도 수원시 팔달구 매교동,경상사고,0,0,1,0,차대사람 - 기타,안전운전불이행,건조,맑음,교차로 - 교차로부근,승용,남,48세,상해없음,보행자,남,49세,경상
2018102500100282,2018년 10월 25일 12시,목요일,경기도 수원시 권선구 권선동,중상사고,0,1,1,0,차대차 - 추돌,안전운전불이행,건조,맑음,단일로 - 기타,화물,남,25세,상해없음,승용,여,47세,중상
2018102500100379,2018년 10월 25일 15시,목요일,경기도 수원시 장안구 정자동,경상사고,0,0,3,0,차대차 - 측면충돌,과속,건조,맑음,교차로 - 교차로안,승용,남,23세,기타불명,승용,여,40세,경상
2018102500100380,2018년 10월 25일 15시,목요일,경기도 수원시 장안구 정자동,경상사고,0,0,1,0,차대차 - 측면충돌,교차로운행방법위반,젖음/습기,맑음,교차로 - 교차로안,건설기계,남,52세,상해없음,승용,남,41세,상해없음
2018102500100431,2018년 10월 25일 16시,목요일,경기도 수원시 팔달구 우만동,중상사고,0,1,2,0,차대차 - 기타,안전운전불이행,건조,맑음,단일로 - 기타,승용,남,37세,상해없음,승용,여,46세,중상
2018102500100435,2018년 10월 25일 16시,목요일,경기도 수원시 영통구 매탄동,경상사고,0,0,1,0,차대사람 - 기타,안전운전불이행,건조,맑음,단일로 - 기타,이륜,남,19세,상해없음,보행자,남,77세,경상
2018102500100436,2018년 10월 25일 16시,목요일,경기도 수원시 권선구 곡반정동,경상사고,0,0,1,0,차대차 - 측면충돌,직진우회전진행방해,건조,맑음,교차로 - 교차로안,화물,남,29세,상해없음,자전거,남,57세,경상
2018102500100519,2018년 10월 25일 18시,목요일,경기도 수원시 장안구 송죽동,경상사고,0,0,1,0,차대차 - 추돌,안전운전불이행,건조,맑음,교차로 - 교차로안,승용,남,48세,상해없음,이륜,남,22세,경상
2018102500100531,2018년 10월 25일 18시,목요일,경기도 수원시 팔달구 매산로2가,경상사고,0,0,1,0,차대사람 - 기타,안전운전불이행,건조,맑음,단일로 - 기타,승용,남,26세,상해없음,보행자,남,25세,경상
2018102500100585,2018년 10월 25일 19시,목요일,경기도 수원시 팔달구 지동,경상사고,0,0,1,0,차대사람 - 기타,기타,건조,맑음,단일로 - 기타,승용,남,26세,상해없음,보행자,남,46세,경상
2018102500100657,2018년 10월 25일 21시,목요일,경기도 수원시 권선구 호매실동,중상사고,0,1,0,0,차대차 - 정면충돌,직진우회전진행방해,건조,맑음,교차로 - 교차로안,승용,남,47세,상해없음,이륜,남,49세,중상
2018102500100679,2018년 10월 25일 22시,목요일,경기도 수원시 권선구 금곡동,중상사고,0,2,3,0,차대차 - 추돌,신호위반,건조,맑음,교차로 - 교차로안,승용,여,43세,상해없음,승용,남,42세,경상
2018102500100699,2018년 10월 25일 23시,목요일,경기도 수원시 권선구 탑동,경상사고,0,0,1,0,차대차 - 추돌,안전운전불이행,건조,맑음,교차로 - 교차로부근,승용,남,45세,상해없음,승용,남,61세,경상
2018102600100027,2018년 10월 26일 02시,금요일,경기도 수원시 장안구 파장동,경상사고,0,0,1,1,차대차 - 측면충돌,신호위반,건조,맑음,교차로 - 교차로안,승용,남,26세,부상신고,승용,남,66세,경상
2018102600100069,2018년 10월 26일 06시,금요일,경기도 수원시 영통구 영통동,경상사고,0,0,2,0,차대차 - 측면충돌,차로위반,건조,맑음,단일로 - 기타,화물,남,32세,상해없음,승합,남,44세,경상
2018102600100146,2018년 10월 26일 09시,금요일,경기도 수원시 팔달구 남수동,부상신고사고,0,0,0,1,차대차 - 추돌,안전운전불이행,건조,맑음,단일로 - 기타,기타불명,기타불명,미분류,기타불명,자전거,남,76세,부상신고
2018102600100150,2018년 10월 26일 09시,금요일,경기도 수원시 권선구 세류동,경상사고,0,0,2,0,차대차 - 기타,안전거리미확보,건조,맑음,교차로 - 교차로부근,화물,남,65세,경상,승용,남,66세,경상
2018102600100199,2018년 10월 26일 11시,금요일,경기도 수원시 권선구 호매실동,경상사고,0,0,2,0,차대차 - 기타,안전거리미확보,건조,맑음,교차로 - 교차로안,화물,남,66세,상해없음,승용,남,22세,경상
2018102600100292,2018년 10월 26일 14시,금요일,경기도 수원시 영통구 영통동,경상사고,0,0,1,0,차대차 - 측면충돌,중앙선침범,젖음/습기,비,단일로 - 기타,승용,남,54세,상해없음,승용,여,41세,경상
2018102600100294,2018년 10월 26일 14시,금요일,경기도 수원시 권선구 세류동,경상사고,0,0,3,0,차대차 - 측면충돌,직진우회전진행방해,젖음/습기,비,교차로 - 교차로안,이륜,남,22세,경상,승용,여,31세,경상
2018102600100368,2018년 10월 26일 16시,금요일,경기도 수원시 장안구 율전동,경상사고,0,0,2,0,차대차 - 기타,신호위반,건조,맑음,교차로 - 교차로안,승용,남,35세,상해없음,화물,남,65세,경상
2018102600100376,2018년 10월 26일 16시,금요일,경기도 수원시 권선구 권선동,중상사고,0,1,0,0,차대차 - 측면충돌,안전운전불이행,젖음/습기,맑음,교차로 - 교차로안,승합,남,67세,상해없음,이륜,남,32세,중상
2018102600100377,2018년 10월 26일 16시,금요일,경기도 수원시 권선구 세류동,경상사고,0,0,1,0,차대차 - 추돌,안전거리미확보,건조,맑음,교차로 - 교차로부근,승용,여,20세,상해없음,승용,여,47세,경상
2018102600100461,2018년 10월 26일 18시,금요일,경기도 수원시 권선구 호매실동,중상사고,0,1,0,0,차대차 - 추돌,안전운전불이행,젖음/습기,비,교차로 - 교차로부근,승용,남,57세,상해없음,승용,남,63세,중상
2018102600100631,2018년 10월 26일 21시,금요일,경기도 수원시 장안구 정자동,경상사고,0,0,1,0,차대차 - 측면충돌,안전거리미확보,젖음/습기,비,교차로 - 교차로안,승용,남,18세,상해없음,이륜,남,31세,경상
2018102600100632,2018년 10월 26일 21시,금요일,경기도 수원시 팔달구 화서동,경상사고,0,0,1,0,차대차 - 기타,안전운전불이행,건조,맑음,교차로 - 교차로안,승용,남,38세,상해없음,자전거,남,25세,경상
2018102600100670,2018년 10월 26일 22시,금요일,경기도 수원시 권선구 서둔동,경상사고,0,0,1,0,차대차 - 후진중충돌,안전운전불이행,건조,맑음,단일로 - 기타,승용,남,61세,상해없음,승용,남,36세,경상
2018102700100043,2018년 10월 27일 02시,토요일,경기도 수원시 팔달구 인계동,경상사고,0,0,1,0,차대사람 - 기타,안전운전불이행,건조,맑음,단일로 - 기타,승용,남,58세,상해없음,보행자,여,20세,경상
2018102700100060,2018년 10월 27일 03시,토요일,경기도 수원시 팔달구 우만동,경상사고,0,0,1,0,차대차 - 기타,중앙선침범,건조,맑음,교차로 - 교차로부근,승용,남,29세,상해없음,승용,남,44세,경상
2018102700100113,2018년 10월 27일 07시,토요일,경기도 수원시 영통구 하동,경상사고,0,0,1,0,차대차 - 기타,안전거리미확보,건조,맑음,단일로 - 기타,기타불명,기타불명,미분류,기타불명,승용,여,66세,경상
2018102700100174,2018년 10월 27일 09시,토요일,경기도 수원시 영통구 영통동,경상사고,0,0,1,1,차대사람 - 횡단중,보행자보호의무위반,건조,맑음,교차로 - 교차로횡단보도내,화물,남,39세,상해없음,보행자,여,40세,경상
2018102700100271,2018년 10월 27일 12시,토요일,경기도 수원시 팔달구 지동,중상사고,0,1,0,0,차대사람 - 기타,안전운전불이행,건조,맑음,단일로 - 기타,화물,남,49세,기타불명,보행자,여,68세,중상
2018102700100343,2018년 10월 27일 14시,토요일,경기도 수원시 권선구 곡반정동,중상사고,0,1,0,0,차대차 - 기타,안전운전불이행,건조,맑음,단일로 - 기타,이륜,남,16세,중상,이륜,남,16세,상해없음
2018102700100344,2018년 10월 27일 14시,토요일,경기도 수원시 팔달구 매산로1가,경상사고,0,0,3,0,차대차 - 측면충돌,안전거리미확보,건조,맑음,단일로 - 기타,승용,여,55세,경상,승합,남,54세,상해없음