사고번호,사고일시,요일,시군구,사고내용,사망자수,중상자수,경상자수,부상신고자수,사고유형,법규위반,노면상태,기상상태,도로형태,가해운전자 차종,가해운전자 성별,가해운전자 연령,가해운전자 상해정도,피해운전자 차종,피해운전자 성별,피해운전자 연령,피해운전자 상해정도
2018102700100393,2018년 10월 27일 15시,토요일,경기도 수원시 권선구 오목천동,경상사고,0,0,1,0,차대차 - 기타,안전운전불이행,건조,맑음,교차로 - 교차로부근,이륜,남,25세,상해없음,승용,여,29세,경상
2018102700100474,2018년 10월 27일 17시,토요일,경기도 수원시 팔달구 교동,경상사고,0,0,1,0,차대차 - 측면충돌,교차로운행방법위반,건조,맑음,교차로 - 교차로안,승용,여,25세,상해없음,승용,남,62세,경상
2018102700100506,2018년 10월 27일 18시,토요일,경기도 수원시 팔달구 화서동,중상사고,0,1,1,0,차대차 - 추돌,안전운전불이행,건조,맑음,단일로 - 기타,화물,여,49세,상해없음,승용,여,33세,경상
2018102700100514,2018년 10월 27일 18시,토요일,경기도 수원시 팔달구 매산로2가,경상사고,0,0,1,0,차대차 - 측면충돌,안전거리미확보,건조,맑음,단일로 - 기타,이륜,남,61세,경상,승용,남,54세,상해없음
2018102700100515,2018년 10월 27일 18시,토요일,경기도 수원시 권선구 금곡동,경상사고,0,0,1,0,차대차 - 추돌,안전운전불이행,건조,맑음,단일로 - 기타,승용,남,48세,상해없음,승용,여,34세,경상
2018102700100516,2018년 10월 27일 18시,토요일,경기도 수원시 권선구 고색동,중상사고,0,1,0,0,차대차 - 기타,안전운전불이행,건조,맑음,단일로 - 터널,기타불명,기타불명,미분류,기타불명,이륜,남,17세,중상
2018102700100576,2018년 10월 27일 19시,토요일,경기도 수원시 팔달구 화서동,경상사고,0,0,1,0,차대차 - 기타,교차로운행방법위반,건조,맑음,단일로 - 기타,승용,남,67세,상해없음,자전거,남,20세,경상
2018102700100679,2018년 10월 27일 22시,토요일,경기도 수원시 권선구 호매실동,경상사고,0,0,3,0,차대차 - 측면충돌,안전운전불이행,건조,맑음,단일로 - 기타,승용,남,50세,상해없음,승용,남,37세,경상
2018102700100704,2018년 10월 27일 23시,토요일,경기도 수원시 장안구 송죽동,중상사고,0,1,0,0,차대차 - 추돌,신호위반,건조,맑음,단일로 - 기타,승용,여,38세,상해없음,승용,남,30세,중상
2018102800100062,2018년 10월 28일 04시,일요일,경기도 수원시 권선구 권선동,경상사고,0,0,3,0,차대차 - 기타,안전운전불이행,젖음/습기,비,교차로 - 교차로부근,승용,남,55세,상해없음,이륜,남,20세,상해없음
2018102800100100,2018년 10월 28일 07시,일요일,경기도 수원시 권선구 당수동,경상사고,0,0,3,0,차대차 - 측면충돌,신호위반,건조,맑음,교차로 - 교차로안,승용,남,56세,경상,승용,남,44세,경상
2018102800100156,2018년 10월 28일 10시,일요일,경기도 수원시 장안구 정자동,경상사고,0,0,1,0,차대차 - 추돌,안전거리미확보,젖음/습기,비,교차로 - 교차로안,승용,남,38세,상해없음,승용,남,67세,경상
2018102800100162,2018년 10월 28일 10시,일요일,경기도 수원시 팔달구 교동,경상사고,0,0,1,0,차대차 - 후진중충돌,안전운전불이행,건조,맑음,단일로 - 기타,화물,남,52세,상해없음,승용,남,40세,경상
2018102800100190,2018년 10월 28일 11시,일요일,경기도 수원시 영통구 영통동,경상사고,0,0,2,0,차대사람 - 횡단중,안전운전불이행,젖음/습기,비,교차로 - 교차로부근,승용,남,37세,상해없음,보행자,여,23세,경상
2018102800100269,2018년 10월 28일 14시,일요일,경기도 수원시 영통구 영통동,경상사고,0,0,1,0,차대차 - 기타,중앙선침범,건조,맑음,교차로 - 교차로부근,승용,여,30세,상해없음,이륜,남,20세,경상
2018102800100291,2018년 10월 28일 15시,일요일,경기도 수원시 영통구 영통동,경상사고,0,0,1,0,차대차 - 측면충돌,신호위반,건조,맑음,교차로 - 교차로안,승용,남,59세,상해없음,이륜,남,27세,경상
2018102800100354,2018년 10월 28일 17시,일요일,경기도 수원시 영통구 원천동,중상사고,0,1,1,0,차대차 - 측면충돌,안전운전불이행,젖음/습기,비,교차로 - 교차로안,승용,남,64세,상해없음,승용,남,66세,중상
2018102800100355,2018년 10월 28일 17시,일요일,경기도 수원시 영통구 영통동,부상신고사고,0,0,0,1,차대차 - 측면충돌,안전거리미확보,건조,맑음,단일로 - 기타,승용,남,51세,상해없음,이륜,남,20세,부상신고
2018102800100357,2018년 10월 28일 17시,일요일,경기도 수원시 팔달구 매산로1가,경상사고,0,0,2,0,차대차 - 측면충돌,교차로운행방법위반,건조,맑음,교차로 - 교차로안,승용,여,31세,상해없음,승용,남,19세,경상
2018102800100386,2018년 10월 28일 18시,일요일,경기도 수원시 장안구 영화동,경상사고,0,0,1,0,차대차 - 기타,안전운전불이행,건조,맑음,교차로 - 교차로안,이륜,남,31세,경상,승용,남,57세,상해없음
2018102800100387,2018년 10월 28일 18시,일요일,경기도 수원시 장안구 파장동,중상사고,0,1,1,0,차대차 - 기타,신호위반,건조,맑음,교차로 - 교차로안,승용,남,65세,상해없음,승합,남,53세,상해없음
2018102800100391,2018년 10월 28일 18시,일요일,경기도 수원시 권선구 권선동,중상사고,0,4,2,0,차대차 - 측면충돌,안전거리미확보,건조,맑음,단일로 - 고가도로위,승용,남,59세,상해없음,승용,여,52세,경상
2018102800100441,2018년 10월 28일 19시,일요일,경기도 수원시 권선구 평동,경상사고,0,0,2,0,차대차 - 추돌,안전운전불이행,젖음/습기,흐림,교차로 - 교차로부근,승용,남,42세,상해없음,승용,남,35세,경상
2018102800100442,2018년 10월 28일 19시,일요일,경기도 수원시 권선구 금곡동,중상사고,0,1,1,0,차대차 - 정면충돌,신호위반,젖음/습기,흐림,교차로 - 교차로안,이륜,남,18세,경상,이륜,남,17세,중상
2018102800100468,2018년 10월 28일 20시,일요일,경기도 수원시 팔달구 우만동,중상사고,0,1,1,0,차대차 - 추돌,안전운전불이행,젖음/습기,흐림,교차로 - 교차로부근,승용,남,47세,상해없음,승용,남,53세,경상
2018102800100471,2018년 10월 28일 20시,일요일,경기도 수원시 영통구 매탄동,경상사고,0,0,2,0,차대차 - 측면충돌,신호위반,젖음/습기,비,교차로 - 교차로안,승용,여,50세,상해없음,승용,여,27세,경상
2018102800100472,2018년 10월 28일 20시,일요일,경기도 수원시 권선구 오목천동,부상신고사고,0,0,0,1,차대차 - 측면충돌,안전운전불이행,건조,맑음,단일로 - 기타,이륜,남,18세,부상신고,승용,여,52세,상해없음
2018102800100500,2018년 10월 28일 21시,일요일,경기도 수원시 영통구 영통동,경상사고,0,0,1,0,차량단독 - 기타,안전운전불이행,건조,맑음,단일로 - 기타,승합,남,40세,상해없음,,,,
2018102800100531,2018년 10월 28일 23시,일요일,경기도 수원시 영통구 매탄동,경상사고,0,0,2,0,차대차 - 추돌,안전운전불이행,건조,흐림,단일로 - 기타,승용,남,43세,상해없음,승용,남,26세,경상
2018102900100004,2018년 10월 29일 00시,월요일,경기도 수원시 장안구 율전동,경상사고,0,0,1,0,차대차 - 추돌,안전운전불이행,건조,맑음,기타 - 기타,화물,남,23세,상해없음,승용,남,25세,경상
2018102900100016,2018년 10월 29일 02시,월요일,경기도 수원시 장안구 율전동,경상사고,0,0,1,0,차대차 - 측면충돌,안전운전불이행,건조,맑음,교차로 - 교차로안,승용,남,48세,상해없음,승용,남,27세,경상
2018102900100107,2018년 10월 29일 08시,월요일,경기도 수원시 장안구 파장동,경상사고,0,0,1,0,차대사람 - 기타,안전운전불이행,건조,맑음,교차로 - 교차로부근,기타불명,기타불명,미분류,기타불명,보행자,여,25세,경상
2018102900100148,2018년 10월 29일 09시,월요일,경기도 수원시 팔달구 우만동,부상신고사고,0,0,0,1,차대사람 - 횡단중,안전운전불이행,건조,맑음,단일로 - 기타,승용,여,46세,상해없음,보행자,남,66세,부상신고
2018102900100193,2018년 10월 29일 10시,월요일,경기도 수원시 팔달구 우만동,경상사고,0,0,1,0,차대차 - 추돌,안전거리미확보,건조,맑음,교차로 - 교차로안,승용,남,38세,상해없음,승용,여,48세,경상
2018102900100325,2018년 10월 29일 14시,월요일,경기도 수원시 팔달구 고등동,경상사고,0,0,2,0,차대차 - 측면충돌,교차로운행방법위반,건조,맑음,교차로 - 교차로안,승용,여,51세,상해없음,승합,남,53세,경상
2018102900100498,2018년 10월 29일 18시,월요일,경기도 수원시 장안구 파장동,경상사고,0,0,1,0,차대사람 - 기타,불법유턴,건조,맑음,단일로 - 기타,화물,남,50세,상해없음,보행자,남,53세,경상
2018102900100499,2018년 10월 29일 18시,월요일,경기도 수원시 장안구 정자동,부상신고사고,0,0,0,1,차대차 - 기타,교차로운행방법위반,건조,맑음,교차로 - 교차로안,승합,남,70세,상해없음,이륜,남,39세,부상신고
2018102900100500,2018년 10월 29일 18시,월요일,경기도 수원시 장안구 조원동,경상사고,0,0,3,0,차대차 - 기타,안전거리미확보,건조,맑음,단일로 - 기타,승용,남,34세,상해없음,승용,남,21세,경상
2018102900100507,2018년 10월 29일 18시,월요일,경기도 수원시 영통구 망포동,중상사고,0,1,0,0,차대차 - 측면충돌,신호위반,건조,맑음,교차로 - 교차로안,이륜,남,23세,상해없음,자전거,남,15세,중상
2018102900100510,2018년 10월 29일 18시,월요일,경기도 수원시 영통구 이의동,경상사고,0,0,3,0,차대차 - 측면충돌,안전거리미확보,건조,맑음,단일로 - 기타,승용,여,31세,경상,특수,남,34세,경상
2018102900100573,2018년 10월 29일 19시,월요일,경기도 수원시 팔달구 우만동,경상사고,0,0,1,0,차대차 - 기타,불법유턴,건조,맑음,교차로 - 교차로안,화물,남,62세,상해없음,이륜,남,18세,경상
2018102900100574,2018년 10월 29일 19시,월요일,경기도 수원시 장안구 정자동,경상사고,0,0,1,0,차대차 - 측면충돌,신호위반,건조,맑음,교차로 - 교차로안,자전거,남,16세,경상,승용,여,50세,상해없음
2018102900100612,2018년 10월 29일 20시,월요일,경기도 수원시 권선구 평동,중상사고,0,1,1,0,차대차 - 정면충돌,신호위반,건조,맑음,교차로 - 교차로안,승용,남,46세,상해없음,승용,남,54세,중상
2018102900100674,2018년 10월 29일 23시,월요일,경기도 수원시 장안구 송죽동,경상사고,0,0,2,0,차대차 - 기타,안전운전불이행,건조,맑음,단일로 - 기타,승용,남,54세,상해없음,승합,남,53세,경상
2018102900100676,2018년 10월 29일 23시,월요일,경기도 수원시 영통구 원천동,경상사고,0,0,1,0,차대차 - 추돌,안전운전불이행,건조,맑음,단일로 - 기타,승용,남,29세,상해없음,승용,남,30세,경상
2018103000100049,2018년 10월 30일 05시,화요일,경기도 수원시 팔달구 인계동,경상사고,0,0,1,0,차대차 - 측면충돌,안전운전불이행,건조,맑음,교차로 - 교차로횡단보도내,자전거,남,52세,경상,승용,남,74세,상해없음
2018103000100078,2018년 10월 30일 07시,화요일,경기도 수원시 장안구 송죽동,경상사고,0,0,1,0,차대차 - 기타,안전운전불이행,건조,맑음,단일로 - 기타,승용,남,24세,상해없음,자전거,남,49세,경상
2018103000100082,2018년 10월 30일 07시,화요일,경기도 수원시 권선구 입북동,경상사고,0,0,1,0,차대차 - 정면충돌,중앙선침범,건조,맑음,단일로 - 기타,자전거,남,79세,경상,승용,남,58세,상해없음
2018103000100115,2018년 10월 30일 08시,화요일,경기도 수원시 권선구 고색동,경상사고,0,0,1,0,차대차 - 측면충돌,안전운전불이행,건조,맑음,단일로 - 기타,승용,여,24세,상해없음,화물,남,58세,경상
2018103000100204,2018년 10월 30일 10시,화요일,경기도 수원시 권선구 평동,중상사고,0,1,2,1,차대차 - 추돌,안전거리미확보,건조,맑음,교차로 - 교차로부근,승용,남,33세,상해없음,승용,남,56세,중상
2018103000100367,2018년 10월 30일 15시,화요일,경기도 수원시 장안구 정자동,경상사고,0,0,2,0,차대차 - 기타,안전운전불이행,건조,맑음,교차로 - 교차로안,승용,남,21세,상해없음,자전거,여,47세,경상
2018103000100463,2018년 10월 30일 17시,화요일,경기도 수원시 권선구 권선동,경상사고,0,0,1,0,차대차 - 추돌,안전운전불이행,건조,맑음,단일로 - 기타,승용,여,27세,상해없음,승용,여,41세,경상
2018103000100564,2018년 10월 30일 19시,화요일,경기도 수원시 팔달구 지동,경상사고,0,0,1,0,차대차 - 측면충돌,안전운전불이행,건조,맑음,단일로 - 기타,화물,남,41세,상해없음,화물,남,26세,경상
2018103000100611,2018년 10월 30일 20시,화요일,경기도 수원시 장안구 송죽동,경상사고,0,0,1,0,차대차 - 측면충돌,신호위반,건조,맑음,교차로 - 교차로안,승용,남,28세,상해없음,이륜,남,45세,경상
2018103000100696,2018년 10월 30일 23시,화요일,경기도 수원시 권선구 탑동,경상사고,0,0,1,0,차대차 - 추돌,안전운전불이행,건조,맑음,단일로 - 기타,승용,남,39세,상해없음,승용,남,47세,경상
2018103100100059,2018년 10월 31일 06시,수요일,경기도 수원시 팔달구 팔달로3가,사망사고,1,0,0,0,차대사람 - 횡단중,안전운전불이행,건조,맑음,교차로 - 교차로안,승용,남,51세,상해없음,보행자,여,78세,사망
2018103100100064,2018년 10월 31일 06시,수요일,경기도 수원시 권선구 권선동,경상사고,0,0,1,0,차대차 - 기타,안전운전불이행,건조,맑음,단일로 - 기타,승용,남,34세,상해없음,이륜,기타불명,미분류,기타불명
2018103100100065,2018년 10월 31일 06시,수요일,경기도 수원시 팔달구 매산로1가,경상사고,0,0,1,0,차대사람 - 기타,기타,건조,맑음,교차로 - 교차로부근,승용,남,49세,상해없음,보행자,여,65세,경상
2018103100100080,2018년 10월 31일 07시,수요일,경기도 수원시 영통구 매탄동,경상사고,0,0,1,0,차대차 - 측면충돌,안전거리미확보,건조,맑음,교차로 - 교차로부근,승합,남,41세,상해없음,승용,여,41세,경상
2018103100100082,2018년 10월 31일 07시,수요일,경기도 수원시 권선구 고색동,경상사고,0,0,1,0,차대사람 - 기타,기타,건조,맑음,단일로 - 기타,승용,여,37세,상해없음,보행자,여,69세,경상
2018103100100105,2018년 10월 31일 08시,수요일,경기도 수원시 팔달구 우만동,중상사고,0,1,0,0,차대차 - 기타,불법유턴,건조,맑음,교차로 - 교차로안,자전거,여,41세,중상,승용,여,45세,상해없음
2018103100100151,2018년 10월 31일 09시,수요일,경기도 수원시 팔달구 우만동,중상사고,0,1,0,0,차대차 - 기타,직진우회전진행방해,건조,맑음,교차로 - 교차로안,이륜,남,80세,상해없음,승용,남,43세,상해없음
2018103100100152,2018년 10월 31일 09시,수요일,경기도 수원시 장안구 정자동,경상사고,0,0,1,0,차대차 - 측면충돌,교차로운행방법위반,건조,맑음,교차로 - 교차로안,승용,여,48세,상해없음,이륜,남,26세,경상
2018103100100186,2018년 10월 31일 10시,수요일,경기도 수원시 권선구 탑동,경상사고,0,0,1,0,차대사람 - 횡단중,보행자보호의무위반,건조,맑음,교차로 - 교차로횡단보도내,승합,남,51세,상해없음,보행자,여,44세,경상
2018103100100289,2018년 10월 31일 13시,수요일,경기도 수원시 팔달구 인계동,중상사고,0,1,0,0,차대차 - 측면충돌,중앙선침범,건조,맑음,단일로 - 기타,승용,남,64세,상해없음,승용,남,41세,중상
2018103100100323,2018년 10월 31일 14시,수요일,경기도 수원시 팔달구 인계동,경상사고,0,0,1,0,차대차 - 기타,교차로운행방법위반,건조,맑음,교차로 - 교차로안,승용,남,40세,상해없음,승용,남,33세,경상
2018103100100348,2018년 10월 31일 15시,수요일,경기도 수원시 권선구 입북동,경상사고,0,0,1,0,차대차 - 측면충돌,중앙선침범,건조,맑음,단일로 - 기타,승용,남,72세,상해없음,승용,여,53세,경상
2018103100100382,2018년 10월 31일 16시,수요일,경기도 수원시 팔달구 지동,경상사고,0,0,1,0,차대차 - 기타,안전운전불이행,건조,맑음,교차로 - 교차로안,승용,여,43세,상해없음,자전거,남,54세,경상
2018103100100390,2018년 10월 31일 16시,수요일,경기도 수원시 권선구 권선동,부상신고사고,0,0,0,1,차대차 - 측면충돌,안전운전불이행,건조,맑음,교차로 - 교차로부근,승용,남,57세,상해없음,자전거,남,57세,부상신고
2018103100100392,2018년 10월 31일 16시,수요일,경기도 수원시 권선구 탑동,경상사고,0,0,1,0,차대차 - 측면충돌,안전운전불이행,건조,맑음,교차로 - 교차로안,화물,남,69세,상해없음,승용,여,48세,경상
2018103100100435,2018년 10월 31일 17시,수요일,경기도 수원시 팔달구 화서동,경상사고,0,0,1,0,차대차 - 기타,안전거리미확보,건조,맑음,단일로 - 기타,승용,남,28세,상해없음,승용,남,63세,상해없음
2018103100100485,2018년 10월 31일 18시,수요일,경기도 수원시 영통구 영통동,경상사고,0,0,5,0,차대차 - 추돌,안전거리미확보,건조,맑음,단일로 - 고가도로위,화물,남,30세,경상,승용,남,44세,경상
2018103100100486,2018년 10월 31일 18시,수요일,경기도 수원시 팔달구 장안동,경상사고,0,0,3,0,차대차 - 기타,안전거리미확보,건조,맑음,단일로 - 기타,승용,남,70세,경상,승용,여,29세,경상
2018103100100559,2018년 10월 31일 19시,수요일,경기도 수원시 권선구 권선동,경상사고,0,0,3,0,차대차 - 측면충돌,안전거리미확보,건조,맑음,단일로 - 기타,승용,여,29세,상해없음,승용,남,48세,경상
2018103100100599,2018년 10월 31일 20시,수요일,경기도 수원시 권선구 곡반정동,경상사고,0,0,1,0,차대사람 - 기타,안전운전불이행,건조,맑음,단일로 - 기타,승용,남,43세,상해없음,보행자,여,13세,경상
2018103100100648,2018년 10월 31일 22시,수요일,경기도 수원시 장안구 영화동,경상사고,0,0,1,0,차대차 - 측면충돌,안전운전불이행,건조,맑음,단일로 - 기타,승용,남,26세,상해없음,이륜,남,23세,경상
2018110100100112,2018년 11월 1일 08시,목요일,경기도 수원시 팔달구 우만동,중상사고,0,1,0,0,차대차 - 측면충돌,신호위반,건조,맑음,교차로 - 교차로안,승용,남,44세,상해없음,이륜,남,40세,중상
2018110100100167,2018년 11월 1일 09시,목요일,경기도 수원시 팔달구 매산로1가,중상사고,0,1,1,0,차대차 - 기타,교차로운행방법위반,건조,맑음,교차로 - 교차로안,승합,남,71세,상해없음,승합,남,41세,상해없음
2018110100100230,2018년 11월 1일 11시,목요일,경기도 수원시 권선구 세류동,중상사고,0,1,0,0,차대차 - 측면충돌,차로위반,건조,맑음,기타 - 기타,승용,남,79세,상해없음,건설기계,남,37세,중상
2018110100100324,2018년 11월 1일 14시,목요일,경기도 수원시 권선구 입북동,중상사고,0,1,0,0,차대차 - 기타,안전운전불이행,건조,맑음,단일로 - 기타,승용,남,57세,상해없음,자전거,남,57세,중상
2018110100100362,2018년 11월 1일 15시,목요일,경기도 수원시 장안구 율전동,경상사고,0,0,1,0,차대차 - 측면충돌,신호위반,건조,맑음,교차로 - 교차로부근,이륜,남,28세,상해없음,승용,여,34세,경상
2018110100100503,2018년 11월 1일 18시,목요일,경기도 수원시 팔달구 인계동,경상사고,0,0,3,0,차대차 - 측면충돌,신호위반,건조,맑음,교차로 - 교차로부근,승용,남,40세,경상,승용,여,40세,경상
2018110100100505,2018년 11월 1일 18시,목요일,경기도 수원시 팔달구 매산로1가,중상사고,0,1,0,0,차대사람 - 차도통행중,안전운전불이행,건조,맑음,단일로 - 기타,승용,남,51세,상해없음,보행자,남,60세,중상
2018110100100555,2018년 11월 1일 19시,목요일,경기도 수원시 장안구 파장동,중상사고,0,1,0,0,차대차 - 기타,안전운전불이행,건조,맑음,단일로 - 기타,승합,남,63세,상해없음,자전거,남,72세,중상
2018110100100558,2018년 11월 1일 19시,목요일,경기도 수원시 권선구 곡반정동,경상사고,0,0,1,0,차대차 - 측면충돌,교차로운행방법위반,건조,맑음,교차로 - 교차로안,승용,남,32세,상해없음,자전거,남,65세,경상
2018110100100600,2018년 11월 1일 20시,목요일,경기도 수원시 권선구 호매실동,중상사고,0,1,0,0,차대차 - 기타,안전운전불이행,건조,맑음,교차로 - 교차로부근,승용,남,33세,상해없음,이륜,남,18세,중상
2018110100100626,2018년 11월 1일 21시,목요일,경기도 수원시 장안구 천천동,경상사고,0,0,1,0,차대차 - 기타,안전운전불이행,건조,맑음,단일로 - 기타,승용,남,27세,상해없음,자전거,남,20세,경상
2018110100100657,2018년 11월 1일 22시,목요일,경기도 수원시 영통구 매탄동,중상사고,0,2,0,0,차대차 - 추돌,안전운전불이행,건조,맑음,교차로 - 교차로부근,승용,남,36세,상해없음,승합,남,71세,중상
2018110200100032,2018년 11월 2일 02시,금요일,경기도 수원시 권선구 권선동,경상사고,0,0,3,0,차대차 - 측면충돌,안전운전불이행,건조,맑음,교차로 - 교차로안,승용,남,28세,상해없음,승용,남,23세,경상
2018110200100033,2018년 11월 2일 02시,금요일,경기도 수원시 권선구 권선동,경상사고,0,0,1,0,차대차 - 측면충돌,교차로운행방법위반,건조,맑음,교차로 - 교차로안,승용,남,32세,상해없음,승용,남,53세,경상
2018110200100034,2018년 11월 2일 02시,금요일,경기도 수원시 팔달구 매산로1가,중상사고,0,1,0,0,차대사람 - 보도통행중,보행자보호의무위반,건조,맑음,교차로 - 교차로횡단보도내,승용,남,23세,상해없음,보행자,남,31세,중상
2018110200100048,2018년 11월 2일 04시,금요일,경기도 수원시 영통구 매탄동,부상신고사고,0,0,0,1,차량단독 - 기타,안전운전불이행,건조,맑음,교차로 - 교차로부근,승용,남,28세,상해없음,,,,
2018110200100055,2018년 11월 2일 05시,금요일,경기도 수원시 권선구 권선동,중상사고,0,1,2,0,차대차 - 측면충돌,신호위반,건조,맑음,교차로 - 교차로안,이륜,남,61세,중상,승용,여,51세,경상
2018110200100119,2018년 11월 2일 08시,금요일,경기도 수원시 권선구 세류동,경상사고,0,0,1,0,차대차 - 측면충돌,안전운전불이행,건조,맑음,교차로 - 교차로안,이륜,남,17세,상해없음,승용,남,52세,경상
2018110200100170,2018년 11월 2일 09시,금요일,경기도 수원시 팔달구 우만동,경상사고,0,0,1,0,차대차 - 기타,안전운전불이행,건조,맑음,단일로 - 기타,기타불명,기타불명,미분류,기타불명,자전거,남,17세,경상
2018110200100177,2018년 11월 2일 09시,금요일,경기도 수원시 권선구 권선동,경상사고,0,0,1,0,차대차 - 측면충돌,차로위반,건조,맑음,단일로 - 기타,승용,남,57세,상해없음,승용,남,42세,경상
2018110200100210,2018년 11월 2일 10시,금요일,경기도 수원시 팔달구 인계동,경상사고,0,0,1,0,차대차 - 측면충돌,안전운전불이행,건조,맑음,단일로 - 기타,승용,남,54세,상해없음,승용,여,63세,경상
2018110200100338,2018년 11월 2일 13시,금요일,경기도 수원시 권선구 서둔동,경상사고,0,0,1,0,차대사람 - 기타,안전운전불이행,건조,맑음,단일로 - 기타,승합,남,40세,상해없음,보행자,남,18세,경상
2018110200100382,2018년 11월 2일 14시,금요일,경기도 수원시 권선구 고색동,경상사고,0,0,1,0,차대차 - 추돌,안전거리미확보,건조,맑음,교차로 - 교차로부근,승용,여,41세,상해없음,화물,남,50세,경상
2018110200100463,2018년 11월 2일 16시,금요일,경기도 수원시 팔달구 인계동,경상사고,0,0,1,0,차대차 - 후진중충돌,안전운전불이행,건조,맑음,단일로 - 기타,화물,남,46세,상해없음,이륜,남,46세,경상
2018110200100712,2018년 11월 2일 20시,금요일,경기도 수원시 장안구 연무동,중상사고,0,1,0,0,차대사람 - 횡단중,보행자보호의무위반,건조,맑음,교차로 - 교차로안,승용,남,50세,상해없음,보행자,여,64세,중상
2018110200100722,2018년 11월 2일 20시,금요일,경기도 수원시 권선구 오목천동,경상사고,0,0,1,0,차대차 - 추돌,안전운전불이행,건조,맑음,교차로 - 교차로부근,건설기계,남,46세,상해없음,승합,남,60세,경상
2018110200100830,2018년 11월 2일 23시,금요일,경기도 수원시 영통구 이의동,중상사고,0,1,1,0,차대차 - 측면충돌,신호위반,건조,맑음,교차로 - 교차로안,승용,여,27세,중상,승용,남,32세,경상
2018110300100006,2018년 11월 3일 00시,토요일,경기도 수원시 영통구 매탄동,경상사고,0,0,2,0,차대차 - 추돌,안전운전불이행,건조,맑음,교차로 - 교차로안,승용,남,27세,상해없음,승용,남,40세,경상
2018110300100020,2018년 11월 3일 01시,토요일,경기도 수원시 장안구 천천동,경상사고,0,0,1,0,차대사람 - 기타,안전운전불이행,건조,맑음,교차로 - 교차로횡단보도내,승용,여,57세,상해없음,보행자,남,35세,경상
2018110300100079,2018년 11월 3일 06시,토요일,경기도 수원시 장안구 정자동,경상사고,0,0,1,0,차대차 - 측면충돌,신호위반,건조,맑음,교차로 - 교차로안,승합,남,45세,상해없음,승용,남,47세,경상
2018110300100083,2018년 11월 3일 06시,토요일,경기도 수원시 팔달구 고등동,경상사고,0,0,1,0,차대차 - 후진중충돌,불법유턴,건조,맑음,교차로 - 교차로부근,화물,남,42세,상해없음,승용,남,61세,경상
2018110300100117,2018년 11월 3일 08시,토요일,경기도 수원시 팔달구 인계동,경상사고,0,0,1,0,차대사람 - 기타,안전운전불이행,건조,맑음,교차로 - 교차로안,승용,남,62세,상해없음,보행자,여,28세,경상
2018110300100211,2018년 11월 3일 11시,토요일,경기도 수원시 권선구 세류동,경상사고,0,0,1,0,차대차 - 측면충돌,안전운전불이행,건조,맑음,기타 - 기타,승용,남,22세,상해없음,자전거,남,27세,경상
2018110300100258,2018년 11월 3일 12시,토요일,경기도 수원시 팔달구 우만동,경상사고,0,0,1,0,차대차 - 기타,안전운전불이행,건조,맑음,단일로 - 기타,승용,남,26세,상해없음,승용,남,36세,경상
2018110300100298,2018년 11월 3일 13시,토요일,경기도 수원시 팔달구 우만동,경상사고,0,0,1,0,차대차 - 측면충돌,직진우회전진행방해,건조,맑음,교차로 - 교차로안,승용,남,30세,상해없음,이륜,남,43세,경상
2018110300100299,2018년 11월 3일 13시,토요일,경기도 수원시 팔달구 남창동,경상사고,0,0,1,0,차대사람 - 차도통행중,신호위반,건조,맑음,단일로 - 기타,자전거,남,51세,상해없음,보행자,여,1세,경상
2018110300100305,2018년 11월 3일 13시,토요일,경기도 수원시 권선구 세류동,경상사고,0,0,1,0,차대차 - 후진중충돌,안전운전불이행,건조,맑음,단일로 - 기타,이륜,남,33세,상해없음,승용,남,25세,경상
2018110300100342,2018년 11월 3일 14시,토요일,경기도 수원시 팔달구 인계동,경상사고,0,0,1,0,차대차 - 기타,안전운전불이행,건조,맑음,단일로 - 기타,승용,남,26세,상해없음,원동기,남,30세,경상
2018110300100379,2018년 11월 3일 15시,토요일,경기도 수원시 권선구 입북동,경상사고,0,0,1,0,차대차 - 측면충돌,안전운전불이행,건조,맑음,단일로 - 기타,화물,남,52세,상해없음,승용,남,55세,경상
2018110300100416,2018년 11월 3일 16시,토요일,경기도 수원시 권선구 권선동,경상사고,0,0,2,0,차대차 - 측면충돌,교차로운행방법위반,건조,맑음,교차로 - 교차로안,승용,남,43세,상해없음,승용,여,44세,경상
2018110300100418,2018년 11월 3일 16시,토요일,경기도 수원시 권선구 금곡동,경상사고,0,0,1,0,차대차 - 기타,안전운전불이행,건조,맑음,교차로 - 교차로횡단보도내,자전거,남,8세,경상,승용,남,67세,상해없음
2018110300100506,2018년 11월 3일 18시,토요일,경기도 수원시 권선구 입북동,중상사고,0,2,1,0,차대차 - 추돌,안전운전불이행,건조,맑음,단일로 - 기타,화물,남,45세,상해없음,승용,남,43세,중상
2018110300100548,2018년 11월 3일 19시,토요일,경기도 수원시 팔달구 화서동,경상사고,0,0,1,0,차대사람 - 횡단중,안전운전불이행,건조,맑음,단일로 - 기타,승용,남,46세,상해없음,보행자,여,67세,경상
2018110300100555,2018년 11월 3일 19시,토요일,경기도 수원시 권선구 권선동,중상사고,0,1,0,0,차대사람 - 횡단중,신호위반,건조,맑음,단일로 - 기타,승용,남,26세,상해없음,보행자,남,58세,중상