사고번호,사고일시,요일,시군구,사고내용,사망자수,중상자수,경상자수,부상신고자수,사고유형,법규위반,노면상태,기상상태,도로형태,가해운전자 차종,가해운전자 성별,가해운전자 연령,가해운전자 상해정도,피해운전자 차종,피해운전자 성별,피해운전자 연령,피해운전자 상해정도
2018110300100586,2018년 11월 3일 20시,토요일,경기도 수원시 권선구 권선동,경상사고,0,0,1,0,차대차 - 측면충돌,중앙선침범,건조,맑음,단일로 - 기타,승용,남,63세,상해없음,이륜,남,39세,경상
2018110400100021,2018년 11월 4일 01시,일요일,경기도 수원시 권선구 오목천동,경상사고,0,0,2,0,차대차 - 추돌,안전운전불이행,건조,맑음,기타 - 기타,승용,남,31세,기타불명,승용,남,38세,경상
2018110400100038,2018년 11월 4일 02시,일요일,경기도 수원시 팔달구 매산로1가,부상신고사고,0,0,0,1,차대차 - 기타,안전운전불이행,건조,맑음,교차로 - 교차로안,자전거,남,61세,부상신고,승용,남,67세,상해없음
2018110400100046,2018년 11월 4일 03시,일요일,경기도 수원시 장안구 하광교동,중상사고,0,1,0,0,차량단독 - 공작물충돌,안전운전불이행,건조,맑음,단일로 - 기타,이륜,남,35세,중상,,,,
2018110400100055,2018년 11월 4일 04시,일요일,경기도 수원시 권선구 권선동,경상사고,0,0,2,0,차대차 - 측면충돌,신호위반,건조,맑음,교차로 - 교차로안,승용,남,31세,상해없음,승합,여,55세,경상
2018110400100074,2018년 11월 4일 06시,일요일,경기도 수원시 권선구 세류동,경상사고,0,0,2,0,차대차 - 정면충돌,신호위반,건조,맑음,단일로 - 기타,승용,남,66세,상해없음,승용,남,65세,경상
2018110400100093,2018년 11월 4일 08시,일요일,경기도 수원시 권선구 권선동,경상사고,0,0,1,0,차대사람 - 횡단중,안전운전불이행,건조,맑음,교차로 - 교차로부근,승용,여,52세,상해없음,보행자,여,20세,경상
2018110400100108,2018년 11월 4일 09시,일요일,경기도 수원시 영통구 이의동,중상사고,0,2,4,0,차대차 - 측면충돌,안전거리미확보,건조,맑음,단일로 - 기타,승용,남,58세,상해없음,승용,여,48세,중상
2018110400100131,2018년 11월 4일 10시,일요일,경기도 수원시 팔달구 화서동,경상사고,0,0,1,0,차대차 - 기타,안전거리미확보,건조,맑음,단일로 - 기타,승용,여,52세,상해없음,이륜,남,52세,경상
2018110400100132,2018년 11월 4일 10시,일요일,경기도 수원시 장안구 영화동,경상사고,0,0,2,0,차대사람 - 횡단중,보행자보호의무위반,건조,맑음,교차로 - 교차로횡단보도내,화물,남,39세,상해없음,보행자,여,53세,경상
2018110400100133,2018년 11월 4일 10시,일요일,경기도 수원시 장안구 정자동,경상사고,0,0,1,0,차대차 - 기타,신호위반,건조,맑음,교차로 - 교차로안,승합,남,55세,상해없음,이륜,남,33세,경상
2018110400100217,2018년 11월 4일 13시,일요일,경기도 수원시 팔달구 팔달로1가,경상사고,0,0,3,0,차대차 - 기타,안전거리미확보,건조,맑음,단일로 - 기타,승용,남,42세,상해없음,승용,남,40세,경상
2018110400100288,2018년 11월 4일 15시,일요일,경기도 수원시 장안구 영화동,경상사고,0,0,2,0,차대차 - 기타,신호위반,건조,맑음,교차로 - 교차로안,승용,여,60세,상해없음,승용,여,32세,경상
2018110400100289,2018년 11월 4일 15시,일요일,경기도 수원시 팔달구 우만동,경상사고,0,0,2,0,차대차 - 측면충돌,직진우회전진행방해,건조,맑음,교차로 - 교차로안,승합,남,58세,상해없음,승용,남,60세,경상
2018110400100359,2018년 11월 4일 17시,일요일,경기도 수원시 장안구 이목동,경상사고,0,0,1,0,차량단독 - 전도전복 - 전복,안전운전불이행,건조,맑음,단일로 - 기타,승용,남,57세,경상,미분류,미분류,미분류,미분류
2018110400100360,2018년 11월 4일 17시,일요일,경기도 수원시 팔달구 우만동,경상사고,0,0,2,0,차대차 - 기타,안전운전불이행,건조,맑음,교차로 - 교차로안,승용,남,37세,상해없음,승용,남,29세,경상
2018110400100398,2018년 11월 4일 18시,일요일,경기도 수원시 권선구 곡반정동,경상사고,0,0,1,0,차대차 - 측면충돌,안전거리미확보,건조,맑음,기타 - 기타,승용,남,57세,상해없음,승용,남,51세,상해없음
2018110400100399,2018년 11월 4일 18시,일요일,경기도 수원시 팔달구 매산로1가,경상사고,0,0,1,0,차대차 - 측면충돌,안전거리미확보,건조,맑음,교차로 - 교차로부근,승용,남,51세,상해없음,승용,남,44세,경상
2018110400100471,2018년 11월 4일 20시,일요일,경기도 수원시 장안구 정자동,중상사고,0,1,0,0,차대사람 - 횡단중,보행자보호의무위반,건조,맑음,교차로 - 교차로횡단보도내,승용,남,66세,상해없음,보행자,여,78세,중상
2018110400100539,2018년 11월 4일 23시,일요일,경기도 수원시 권선구 오목천동,중상사고,0,2,0,0,차대차 - 측면충돌,신호위반,건조,맑음,교차로 - 교차로안,화물,남,63세,상해없음,승용,여,58세,중상
2018110500100221,2018년 11월 5일 11시,월요일,경기도 수원시 장안구 율전동,경상사고,0,0,1,0,차대차 - 측면충돌,안전운전불이행,건조,맑음,교차로 - 교차로안,승용,남,45세,상해없음,승용,남,21세,경상
2018110500100229,2018년 11월 5일 11시,월요일,경기도 수원시 팔달구 매산로3가,경상사고,0,0,2,0,차대차 - 측면충돌,교차로운행방법위반,건조,맑음,교차로 - 교차로안,이륜,남,37세,경상,승용,여,40세,경상
2018110500100273,2018년 11월 5일 12시,월요일,경기도 수원시 권선구 탑동,중상사고,0,1,0,0,차대사람 - 기타,안전운전불이행,건조,맑음,단일로 - 기타,화물,남,49세,상해없음,보행자,남,77세,중상
2018110500100303,2018년 11월 5일 13시,월요일,경기도 수원시 팔달구 우만동,경상사고,0,0,1,0,차대사람 - 기타,안전운전불이행,건조,맑음,단일로 - 기타,승용,여,53세,기타불명,보행자,여,33세,경상
2018110500100335,2018년 11월 5일 14시,월요일,경기도 수원시 영통구 이의동,중상사고,0,1,0,0,차대차 - 측면충돌,안전거리미확보,건조,맑음,단일로 - 기타,승용,여,54세,상해없음,이륜,남,54세,중상
2018110500100336,2018년 11월 5일 14시,월요일,경기도 수원시 팔달구 인계동,부상신고사고,0,0,0,1,차량단독 - 기타,안전운전불이행,건조,맑음,기타 - 기타,자전거,남,72세,부상신고,,,,
2018110500100368,2018년 11월 5일 15시,월요일,경기도 수원시 팔달구 우만동,경상사고,0,0,2,0,차대차 - 측면충돌,안전거리미확보,건조,맑음,단일로 - 기타,건설기계,남,47세,상해없음,승용,여,59세,경상
2018110500100411,2018년 11월 5일 16시,월요일,경기도 수원시 팔달구 우만동,경상사고,0,0,4,0,차대차 - 추돌,안전운전불이행,건조,흐림,기타 - 기타,승용,여,58세,상해없음,승용,여,47세,경상
2018110500100455,2018년 11월 5일 17시,월요일,경기도 수원시 팔달구 화서동,경상사고,0,0,1,0,차대사람 - 기타,기타,건조,맑음,단일로 - 기타,승합,남,31세,상해없음,보행자,여,67세,경상
2018110500100576,2018년 11월 5일 19시,월요일,경기도 수원시 영통구 영통동,경상사고,0,0,1,0,차대차 - 측면충돌,안전운전불이행,건조,맑음,교차로 - 교차로안,승용,여,55세,상해없음,이륜,남,29세,경상
2018110500100577,2018년 11월 5일 19시,월요일,경기도 수원시 권선구 곡반정동,경상사고,0,0,1,0,차대차 - 기타,안전운전불이행,건조,맑음,단일로 - 기타,승합,남,37세,상해없음,승용,남,37세,경상
2018110500100609,2018년 11월 5일 20시,월요일,경기도 수원시 권선구 세류동,경상사고,0,0,1,0,차대차 - 측면충돌,교차로운행방법위반,건조,맑음,교차로 - 교차로부근,이륜,남,28세,경상,승용,여,45세,상해없음
2018110500100630,2018년 11월 5일 21시,월요일,경기도 수원시 영통구 이의동,경상사고,0,0,1,0,차대차 - 추돌,안전운전불이행,건조,맑음,단일로 - 기타,이륜,남,38세,상해없음,승용,여,26세,경상
2018110500100631,2018년 11월 5일 21시,월요일,경기도 수원시 권선구 세류동,중상사고,0,1,0,0,차대차 - 기타,불법유턴,건조,맑음,단일로 - 기타,개인형이동수단(PM),남,42세,중상,승용,남,64세,상해없음
2018110500100632,2018년 11월 5일 21시,월요일,경기도 수원시 권선구 금곡동,경상사고,0,0,1,0,차대사람 - 기타,안전운전불이행,건조,맑음,교차로 - 교차로부근,승용,남,41세,기타불명,보행자,남,56세,경상
2018110600100036,2018년 11월 6일 05시,화요일,경기도 수원시 권선구 대황교동,경상사고,0,0,1,0,차량단독 - 공작물충돌,안전운전불이행,건조,맑음,교차로 - 교차로부근,승용,여,38세,경상,,,,
2018110600100131,2018년 11월 6일 09시,화요일,경기도 수원시 장안구 이목동,경상사고,0,0,1,0,차대차 - 기타,안전운전불이행,건조,맑음,교차로 - 교차로부근,화물,남,67세,상해없음,승용,여,33세,경상
2018110600100136,2018년 11월 6일 09시,화요일,경기도 수원시 영통구 영통동,경상사고,0,0,1,0,차대차 - 기타,안전거리미확보,건조,맑음,단일로 - 기타,기타불명,기타불명,미분류,기타불명,승합,남,62세,경상
2018110600100137,2018년 11월 6일 09시,화요일,경기도 수원시 영통구 원천동,경상사고,0,0,1,0,차대차 - 후진중충돌,기타,건조,맑음,단일로 - 기타,승용,남,53세,상해없음,승용,남,25세,경상
2018110600100322,2018년 11월 6일 15시,화요일,경기도 수원시 장안구 정자동,경상사고,0,0,1,0,차대차 - 측면충돌,안전운전불이행,건조,맑음,단일로 - 기타,이륜,남,59세,경상,승용,남,51세,상해없음
2018110600100324,2018년 11월 6일 15시,화요일,경기도 수원시 팔달구 북수동,부상신고사고,0,0,0,1,차대차 - 정면충돌,직진우회전진행방해,건조,맑음,교차로 - 교차로안,자전거,여,29세,부상신고,승용,남,58세,기타불명
2018110600100352,2018년 11월 6일 16시,화요일,경기도 수원시 장안구 영화동,경상사고,0,0,1,0,차대사람 - 기타,안전운전불이행,건조,맑음,단일로 - 기타,승용,여,57세,상해없음,보행자,여,50세,경상
2018110600100357,2018년 11월 6일 16시,화요일,경기도 수원시 영통구 망포동,경상사고,0,0,1,0,차대차 - 측면충돌,안전운전불이행,건조,흐림,교차로 - 교차로횡단보도내,승합,남,24세,상해없음,자전거,남,54세,경상
2018110600100447,2018년 11월 6일 18시,화요일,경기도 수원시 권선구 입북동,중상사고,0,2,2,0,차대차 - 추돌,안전운전불이행,건조,맑음,단일로 - 기타,화물,남,35세,경상,승용,남,61세,중상
2018110600100507,2018년 11월 6일 19시,화요일,경기도 수원시 장안구 파장동,경상사고,0,0,2,0,차대차 - 기타,안전운전불이행,건조,흐림,교차로 - 교차로부근,화물,남,58세,상해없음,승용,여,60세,경상
2018110600100547,2018년 11월 6일 20시,화요일,경기도 수원시 장안구 정자동,경상사고,0,0,2,0,차대차 - 측면충돌,신호위반,건조,맑음,교차로 - 교차로부근,승용,여,54세,상해없음,승용,남,20세,경상
2018110600100591,2018년 11월 6일 22시,화요일,경기도 수원시 팔달구 화서동,경상사고,0,0,1,0,차대차 - 측면충돌,신호위반,건조,맑음,단일로 - 기타,승용,남,67세,상해없음,승용,여,26세,경상
2018110600100617,2018년 11월 6일 23시,화요일,경기도 수원시 영통구 영통동,경상사고,0,0,1,0,차대사람 - 길가장자리구역통행중,안전운전불이행,건조,맑음,단일로 - 기타,승용,남,49세,상해없음,보행자,남,47세,경상
2018110700100024,2018년 11월 7일 01시,수요일,경기도 수원시 팔달구 인계동,중상사고,0,1,0,0,차대차 - 측면충돌,안전운전불이행,건조,맑음,단일로 - 기타,승용,남,59세,상해없음,화물,남,53세,중상
2018110700100093,2018년 11월 7일 07시,수요일,경기도 수원시 장안구 파장동,중상사고,0,1,2,0,차대차 - 기타,안전운전불이행,건조,맑음,단일로 - 기타,화물,남,51세,상해없음,승용,남,49세,경상
2018110700100130,2018년 11월 7일 08시,수요일,경기도 수원시 영통구 매탄동,부상신고사고,0,0,0,1,차대차 - 기타,안전운전불이행,건조,맑음,단일로 - 기타,승합,남,59세,상해없음,승용,남,51세,상해없음
2018110700100164,2018년 11월 7일 09시,수요일,경기도 수원시 팔달구 인계동,경상사고,0,0,2,0,차대차 - 측면충돌,직진우회전진행방해,건조,맑음,교차로 - 교차로안,승용,남,63세,상해없음,승용,여,47세,경상
2018110700100285,2018년 11월 7일 13시,수요일,경기도 수원시 팔달구 지동,경상사고,0,0,2,0,차대차 - 측면충돌,안전거리미확보,건조,맑음,단일로 - 기타,승용,여,73세,상해없음,승용,남,62세,경상
2018110700100292,2018년 11월 7일 13시,수요일,경기도 수원시 팔달구 매산로1가,부상신고사고,0,0,0,1,차대사람 - 횡단중,안전운전불이행,건조,맑음,단일로 - 기타,기타불명,기타불명,미분류,기타불명,보행자,남,75세,부상신고
2018110700100349,2018년 11월 7일 15시,수요일,경기도 수원시 권선구 서둔동,경상사고,0,0,1,0,차대차 - 측면충돌,신호위반,건조,맑음,교차로 - 교차로안,승합,남,58세,상해없음,이륜,남,61세,경상
2018110700100488,2018년 11월 7일 18시,수요일,경기도 수원시 장안구 천천동,부상신고사고,0,0,0,1,차대차 - 측면충돌,안전거리미확보,건조,맑음,단일로 - 기타,승합,남,66세,상해없음,승용,남,60세,상해없음
2018110700100499,2018년 11월 7일 18시,수요일,경기도 수원시 권선구 구운동,경상사고,0,0,1,0,차대차 - 측면충돌,안전거리미확보,건조,맑음,단일로 - 기타,승용,여,54세,상해없음,승용,여,51세,경상
2018110700100568,2018년 11월 7일 19시,수요일,경기도 수원시 장안구 조원동,경상사고,0,0,2,0,차대차 - 추돌,안전운전불이행,건조,맑음,단일로 - 기타,승용,여,55세,상해없음,승용,남,45세,상해없음
2018110700100682,2018년 11월 7일 22시,수요일,경기도 수원시 장안구 정자동,경상사고,0,0,1,1,차대사람 - 기타,교차로운행방법위반,건조,맑음,교차로 - 교차로부근,승용,여,55세,상해없음,보행자,남,30세,경상
2018110800100008,2018년 11월 8일 00시,목요일,경기도 수원시 장안구 정자동,사망사고,1,0,0,0,차대사람 - 횡단중,과속,젖음/습기,비,교차로 - 교차로안,승용,남,68세,상해없음,보행자,남,47세,사망
2018110800100043,2018년 11월 8일 02시,목요일,경기도 수원시 팔달구 인계동,경상사고,0,0,1,0,차대사람 - 기타,기타,젖음/습기,비,단일로 - 기타,승용,남,54세,상해없음,보행자,남,23세,경상
2018110800100067,2018년 11월 8일 04시,목요일,경기도 수원시 장안구 영화동,중상사고,0,1,0,0,차대사람 - 횡단중,보행자보호의무위반,젖음/습기,비,단일로 - 기타,승용,남,47세,상해없음,보행자,남,58세,중상
2018110800100157,2018년 11월 8일 08시,목요일,경기도 수원시 권선구 권선동,경상사고,0,0,1,0,차대차 - 측면충돌,신호위반,건조,맑음,교차로 - 교차로안,승용,남,57세,상해없음,승용,남,38세,경상
2018110800100159,2018년 11월 8일 08시,목요일,경기도 수원시 권선구 호매실동,경상사고,0,0,1,0,차대차 - 측면충돌,안전거리미확보,젖음/습기,비,단일로 - 기타,승용,남,42세,상해없음,승용,여,25세,경상
2018110800100187,2018년 11월 8일 09시,목요일,경기도 수원시 팔달구 지동,중상사고,0,1,0,0,차대차 - 추돌,안전거리미확보,건조,맑음,교차로 - 교차로부근,승용,여,41세,상해없음,승용,여,43세,중상
2018110800100214,2018년 11월 8일 10시,목요일,경기도 수원시 장안구 영화동,경상사고,0,0,1,0,차대차 - 기타,교차로운행방법위반,젖음/습기,비,교차로 - 교차로안,화물,남,47세,기타불명,이륜,남,49세,경상
2018110800100219,2018년 11월 8일 10시,목요일,경기도 수원시 영통구 이의동,경상사고,0,0,1,0,차대차 - 기타,안전운전불이행,젖음/습기,비,단일로 - 기타,화물,남,35세,상해없음,승용,남,34세,경상
2018110800100297,2018년 11월 8일 12시,목요일,경기도 수원시 권선구 구운동,경상사고,0,0,1,0,차대차 - 측면충돌,신호위반,젖음/습기,비,교차로 - 교차로안,승용,남,60세,상해없음,승용,여,51세,경상
2018110800100437,2018년 11월 8일 17시,목요일,경기도 수원시 장안구 파장동,경상사고,0,0,1,0,차대차 - 추돌,안전운전불이행,젖음/습기,비,단일로 - 기타,승용,남,48세,상해없음,승용,여,21세,경상
2018110800100502,2018년 11월 8일 18시,목요일,경기도 수원시 팔달구 신풍동,경상사고,0,0,1,0,차대사람 - 기타,보행자보호의무위반,젖음/습기,비,교차로 - 교차로횡단보도내,승용,남,46세,상해없음,보행자,남,23세,경상
2018110800100503,2018년 11월 8일 18시,목요일,경기도 수원시 장안구 정자동,경상사고,0,0,1,0,차대차 - 기타,안전운전불이행,젖음/습기,비,교차로 - 교차로안,승용,여,46세,상해없음,승용,남,37세,경상
2018110800100526,2018년 11월 8일 18시,목요일,경기도 수원시 팔달구 매교동,경상사고,0,0,3,0,차대차 - 후진중충돌,안전운전불이행,젖음/습기,비,교차로 - 교차로부근,승합,남,41세,상해없음,승용,남,31세,경상
2018110800100527,2018년 11월 8일 18시,목요일,경기도 수원시 권선구 금곡동,경상사고,0,0,1,0,차대사람 - 길가장자리구역통행중,신호위반,건조,맑음,단일로 - 기타,승용,남,24세,상해없음,보행자,남,18세,경상
2018110800100528,2018년 11월 8일 18시,목요일,경기도 수원시 권선구 구운동,부상신고사고,0,0,0,1,차대차 - 기타,안전거리미확보,젖음/습기,비,단일로 - 기타,승합,남,35세,상해없음,승용,남,39세,부상신고
2018110800100685,2018년 11월 8일 20시,목요일,경기도 수원시 장안구 조원동,경상사고,0,0,2,0,차대차 - 기타,교차로운행방법위반,건조,맑음,교차로 - 교차로안,승용,남,27세,상해없음,승용,남,65세,경상
2018110800100692,2018년 11월 8일 20시,목요일,경기도 수원시 영통구 이의동,경상사고,0,0,1,0,차대차 - 측면충돌,신호위반,젖음/습기,비,교차로 - 교차로안,승용,남,47세,상해없음,승용,여,38세,경상
2018110800100751,2018년 11월 8일 21시,목요일,경기도 수원시 권선구 고색동,경상사고,0,0,2,0,차대차 - 기타,안전운전불이행,건조,맑음,단일로 - 기타,승합,남,45세,상해없음,승용,남,50세,경상
2018110800100794,2018년 11월 8일 22시,목요일,경기도 수원시 권선구 권선동,중상사고,0,1,2,0,차대차 - 측면충돌,중앙선침범,건조,맑음,교차로 - 교차로안,승용,남,36세,상해없음,승용,남,25세,중상
2018110800100799,2018년 11월 8일 22시,목요일,경기도 수원시 팔달구 매산로2가,경상사고,0,0,1,0,차대차 - 추돌,안전운전불이행,건조,맑음,교차로 - 교차로부근,승용,남,47세,기타불명,승용,남,30세,경상
2018110800100800,2018년 11월 8일 22시,목요일,경기도 수원시 권선구 탑동,경상사고,0,0,1,0,차대차 - 추돌,안전거리미확보,건조,맑음,교차로 - 교차로부근,승용,남,22세,상해없음,승용,남,59세,경상
2018110800100856,2018년 11월 8일 23시,목요일,경기도 수원시 권선구 세류동,중상사고,0,1,1,0,차대차 - 측면충돌,신호위반,건조,맑음,교차로 - 교차로안,승용,남,35세,상해없음,승용,남,57세,경상
2018110900100024,2018년 11월 9일 01시,금요일,경기도 수원시 장안구 영화동,경상사고,0,0,1,0,차대차 - 측면충돌,안전운전불이행,건조,맑음,교차로 - 교차로안,승용,여,21세,상해없음,이륜,남,62세,경상
2018110900100026,2018년 11월 9일 01시,금요일,경기도 수원시 팔달구 인계동,중상사고,0,1,0,0,차대사람 - 횡단중,안전운전불이행,젖음/습기,비,단일로 - 기타,승용,남,44세,상해없음,보행자,여,48세,중상
2018110900100056,2018년 11월 9일 05시,금요일,경기도 수원시 장안구 파장동,중상사고,0,1,1,0,차대차 - 기타,신호위반,건조,맑음,교차로 - 교차로안,승용,남,74세,상해없음,화물,남,65세,중상
2018110900100069,2018년 11월 9일 06시,금요일,경기도 수원시 장안구 연무동,경상사고,0,0,1,0,차대차 - 측면충돌,차로위반,젖음/습기,비,교차로 - 교차로안,화물,남,56세,상해없음,승용,남,48세,경상
2018110900100133,2018년 11월 9일 08시,금요일,경기도 수원시 영통구 이의동,경상사고,0,0,1,0,차대차 - 측면충돌,안전거리미확보,건조,흐림,단일로 - 기타,승용,남,37세,상해없음,승용,남,51세,경상
2018110900100183,2018년 11월 9일 09시,금요일,경기도 수원시 권선구 권선동,경상사고,0,0,1,0,차대차 - 측면충돌,신호위반,건조,맑음,교차로 - 교차로안,승용,여,32세,상해없음,승합,남,52세,경상
2018110900100220,2018년 11월 9일 10시,금요일,경기도 수원시 권선구 권선동,경상사고,0,0,1,0,차대차 - 측면충돌,안전운전불이행,건조,맑음,단일로 - 기타,화물,여,37세,상해없음,승용,남,49세,경상
2018110900100221,2018년 11월 9일 10시,금요일,경기도 수원시 권선구 구운동,경상사고,0,0,2,0,차대차 - 측면충돌,안전거리미확보,건조,맑음,단일로 - 기타,승용,여,20세,상해없음,승용,여,43세,경상
2018110900100315,2018년 11월 9일 13시,금요일,경기도 수원시 장안구 천천동,부상신고사고,0,0,0,1,차대차 - 추돌,안전운전불이행,건조,맑음,단일로 - 기타,승용,남,69세,상해없음,승용,여,50세,부상신고
2018110900100384,2018년 11월 9일 15시,금요일,경기도 수원시 팔달구 매산로1가,중상사고,0,1,1,0,차대차 - 측면충돌,신호위반,건조,맑음,교차로 - 교차로안,승용,여,40세,상해없음,승용,남,55세,중상
2018110900100593,2018년 11월 9일 19시,금요일,경기도 수원시 장안구 천천동,경상사고,0,0,2,0,차대차 - 기타,신호위반,건조,맑음,교차로 - 교차로안,화물,남,50세,상해없음,승용,남,58세,경상
2018110900100646,2018년 11월 9일 20시,금요일,경기도 수원시 권선구 서둔동,경상사고,0,0,2,0,차대차 - 기타,신호위반,건조,맑음,교차로 - 교차로안,승합,남,59세,상해없음,승용,남,53세,경상
2018110900100668,2018년 11월 9일 21시,금요일,경기도 수원시 팔달구 매산로1가,중상사고,0,1,0,0,차대차 - 기타,안전거리미확보,건조,맑음,단일로 - 기타,승용,남,56세,상해없음,승용,남,44세,중상
2018111000100052,2018년 11월 10일 03시,토요일,경기도 수원시 팔달구 인계동,중상사고,0,1,0,0,차량단독 - 기타,안전운전불이행,건조,맑음,단일로 - 기타,이륜,남,39세,중상,,,,
2018111000100064,2018년 11월 10일 04시,토요일,경기도 수원시 영통구 영통동,경상사고,0,0,1,0,차대차 - 측면충돌,신호위반,건조,맑음,교차로 - 교차로안,승용,여,26세,상해없음,승용,남,56세,경상
2018111000100086,2018년 11월 10일 05시,토요일,경기도 수원시 팔달구 매산로2가,부상신고사고,0,0,0,1,차대사람 - 기타,안전운전불이행,건조,맑음,단일로 - 기타,승용,남,63세,상해없음,보행자,남,26세,부상신고
2018111000100100,2018년 11월 10일 06시,토요일,경기도 수원시 장안구 영화동,중상사고,0,1,0,0,차대차 - 기타,불법유턴,건조,맑음,단일로 - 기타,자전거,남,73세,중상,승용,남,63세,상해없음
2018111000100187,2018년 11월 10일 10시,토요일,경기도 수원시 팔달구 인계동,중상사고,0,1,3,0,차대차 - 추돌,안전운전불이행,건조,맑음,단일로 - 고가도로위,승용,여,40세,상해없음,승용,여,38세,경상
2018111000100293,2018년 11월 10일 13시,토요일,경기도 수원시 팔달구 화서동,경상사고,0,0,1,0,차대차 - 기타,안전거리미확보,건조,맑음,교차로 - 교차로안,승용,여,42세,상해없음,승합,남,48세,상해없음
2018111000100339,2018년 11월 10일 14시,토요일,경기도 수원시 장안구 정자동,경상사고,0,0,1,0,차대사람 - 기타,안전운전불이행,건조,맑음,교차로 - 교차로안,화물,남,37세,상해없음,보행자,여,71세,경상
2018111000100340,2018년 11월 10일 14시,토요일,경기도 수원시 장안구 연무동,중상사고,0,1,0,0,차대차 - 기타,신호위반,건조,맑음,교차로 - 교차로안,이륜,남,68세,중상,승용,여,50세,상해없음
2018111000100382,2018년 11월 10일 15시,토요일,경기도 수원시 영통구 이의동,중상사고,0,1,0,0,차대차 - 정면충돌,안전운전불이행,건조,맑음,교차로 - 교차로부근,승합,남,50세,기타불명,승용,남,31세,중상
2018111000100383,2018년 11월 10일 15시,토요일,경기도 수원시 팔달구 우만동,부상신고사고,0,0,0,1,차대차 - 기타,신호위반,건조,맑음,단일로 - 기타,이륜,남,17세,부상신고,승용,여,47세,상해없음
2018111000100398,2018년 11월 10일 15시,토요일,경기도 수원시 팔달구 매산로1가,경상사고,0,0,2,0,차대차 - 기타,안전거리미확보,건조,맑음,단일로 - 기타,승용,여,35세,상해없음,승용,여,27세,경상
2018111000100472,2018년 11월 10일 17시,토요일,경기도 수원시 팔달구 우만동,경상사고,0,0,1,0,차대차 - 기타,안전거리미확보,건조,맑음,단일로 - 기타,자전거,여,48세,경상,승용,남,64세,상해없음
2018111000100473,2018년 11월 10일 17시,토요일,경기도 수원시 팔달구 화서동,경상사고,0,0,1,0,차대사람 - 차도통행중,안전운전불이행,건조,맑음,단일로 - 기타,승용,남,45세,상해없음,보행자,여,47세,경상
2018111000100480,2018년 11월 10일 17시,토요일,경기도 수원시 권선구 권선동,경상사고,0,0,1,0,차대사람 - 차도통행중,안전운전불이행,건조,맑음,교차로 - 교차로부근,기타불명,기타불명,미분류,기타불명,보행자,여,57세,경상
2018111000100530,2018년 11월 10일 18시,토요일,경기도 수원시 권선구 금곡동,중상사고,0,1,0,0,차대사람 - 횡단중,안전운전불이행,건조,맑음,단일로 - 기타,승용,남,52세,상해없음,보행자,남,62세,중상
2018111000100577,2018년 11월 10일 19시,토요일,경기도 수원시 팔달구 매산로1가,경상사고,0,0,2,0,차대차 - 측면충돌,신호위반,건조,맑음,교차로 - 교차로안,승용,여,28세,상해없음,화물,남,56세,경상
2018111000100608,2018년 11월 10일 20시,토요일,경기도 수원시 장안구 조원동,경상사고,0,0,1,0,차대차 - 측면충돌,안전거리미확보,건조,맑음,단일로 - 기타,이륜,여,35세,경상,승용,남,46세,상해없음
2018111000100634,2018년 11월 10일 21시,토요일,경기도 수원시 팔달구 인계동,경상사고,0,0,1,1,차대차 - 측면충돌,안전운전불이행,건조,맑음,교차로 - 교차로부근,승용,남,33세,상해없음,승용,기타불명,미분류,기타불명
2018111000100658,2018년 11월 10일 22시,토요일,경기도 수원시 팔달구 인계동,경상사고,0,0,1,0,차대사람 - 기타,안전운전불이행,건조,맑음,단일로 - 기타,이륜,남,42세,상해없음,보행자,남,18세,경상
2018111000100679,2018년 11월 10일 23시,토요일,경기도 수원시 권선구 탑동,경상사고,0,0,2,0,차대차 - 측면충돌,신호위반,건조,맑음,교차로 - 교차로안,이륜,남,18세,상해없음,승용,남,26세,경상
2018111100100005,2018년 11월 11일 00시,일요일,경기도 수원시 영통구 매탄동,경상사고,0,0,1,0,차대차 - 측면충돌,안전운전불이행,건조,맑음,단일로 - 기타,승용,남,55세,상해없음,승용,남,55세,경상
2018111100100040,2018년 11월 11일 03시,일요일,경기도 수원시 권선구 세류동,중상사고,0,1,1,0,차대차 - 측면충돌,신호위반,건조,맑음,교차로 - 교차로안,승용,남,24세,상해없음,승용,남,56세,중상
2018111100100041,2018년 11월 11일 03시,일요일,경기도 수원시 권선구 고색동,사망사고,1,0,0,0,차대차 - 추돌,안전운전불이행,건조,맑음,단일로 - 기타,승용,남,59세,사망,화물,남,60세,상해없음
2018111100100051,2018년 11월 11일 04시,일요일,경기도 수원시 장안구 율전동,부상신고사고,0,0,0,3,차대차 - 추돌,안전거리미확보,건조,맑음,단일로 - 기타,승용,남,22세,부상신고,승용,남,18세,부상신고
2018111100100052,2018년 11월 11일 04시,일요일,경기도 수원시 권선구 권선동,경상사고,0,0,2,0,차대차 - 측면충돌,안전운전불이행,건조,맑음,단일로 - 기타,기타불명,기타불명,미분류,기타불명,승용,남,46세,경상
2018111100100073,2018년 11월 11일 06시,일요일,경기도 수원시 영통구 영통동,경상사고,0,0,2,0,차대차 - 측면충돌,신호위반,건조,맑음,교차로 - 교차로안,승용,남,64세,상해없음,승용,남,49세,경상