사고번호,사고일시,요일,시군구,사고내용,사망자수,중상자수,경상자수,부상신고자수,사고유형,법규위반,노면상태,기상상태,도로형태,가해운전자 차종,가해운전자 성별,가해운전자 연령,가해운전자 상해정도,피해운전자 차종,피해운전자 성별,피해운전자 연령,피해운전자 상해정도
2018111100100092,2018년 11월 11일 08시,일요일,경기도 수원시 팔달구 영동,중상사고,0,1,1,0,차대차 - 측면충돌,신호위반,건조,맑음,교차로 - 교차로안,승용,여,50세,상해없음,승용,남,63세,중상
2018111100100294,2018년 11월 11일 17시,일요일,경기도 수원시 팔달구 북수동,경상사고,0,0,1,0,차대차 - 측면충돌,안전운전불이행,건조,맑음,교차로 - 교차로안,승용,남,68세,상해없음,이륜,남,28세,경상
2018111100100300,2018년 11월 11일 17시,일요일,경기도 수원시 영통구 영통동,중상사고,0,1,0,0,차대차 - 측면충돌,차로위반,젖음/습기,비,단일로 - 기타,승용,남,47세,상해없음,이륜,남,29세,중상
2018111100100377,2018년 11월 11일 19시,일요일,경기도 수원시 팔달구 팔달로3가,중상사고,0,1,0,0,차량단독 - 기타,기타,건조,맑음,교차로 - 교차로부근,승합,남,49세,상해없음,,,,
2018111100100385,2018년 11월 11일 19시,일요일,경기도 수원시 팔달구 인계동,중상사고,0,1,0,0,차대차 - 측면충돌,중앙선침범,건조,맑음,단일로 - 기타,승용,남,30세,상해없음,이륜,남,38세,중상
2018111100100446,2018년 11월 11일 21시,일요일,경기도 수원시 팔달구 매산로1가,경상사고,0,0,1,0,차대차 - 측면충돌,안전거리미확보,건조,맑음,교차로 - 교차로부근,승용,남,71세,상해없음,승용,남,54세,상해없음
2018111200100028,2018년 11월 12일 05시,월요일,경기도 수원시 팔달구 인계동,경상사고,0,0,2,2,차대차 - 추돌,안전운전불이행,건조,맑음,단일로 - 기타,승용,남,26세,상해없음,승용,남,60세,상해없음
2018111200100046,2018년 11월 12일 06시,월요일,경기도 수원시 팔달구 지동,경상사고,0,0,1,0,차대차 - 측면충돌,안전거리미확보,건조,맑음,단일로 - 기타,승합,남,57세,상해없음,건설기계,남,49세,상해없음
2018111200100072,2018년 11월 12일 07시,월요일,경기도 수원시 팔달구 매산로3가,경상사고,0,0,1,0,차대사람 - 기타,안전운전불이행,건조,맑음,단일로 - 기타,승용,남,36세,상해없음,보행자,여,71세,경상
2018111200100095,2018년 11월 12일 08시,월요일,경기도 수원시 장안구 정자동,경상사고,0,0,1,0,차대사람 - 기타,안전운전불이행,건조,맑음,단일로 - 기타,승합,여,48세,상해없음,보행자,남,10세,경상
2018111200100096,2018년 11월 12일 08시,월요일,경기도 수원시 팔달구 화서동,경상사고,0,0,1,0,차대차 - 측면충돌,안전거리미확보,건조,맑음,단일로 - 기타,승합,남,64세,상해없음,승용,여,24세,경상
2018111200100103,2018년 11월 12일 08시,월요일,경기도 수원시 권선구 구운동,경상사고,0,0,2,0,차대차 - 측면충돌,안전운전불이행,건조,맑음,교차로 - 교차로부근,승용,남,62세,상해없음,승용,남,56세,경상
2018111200100104,2018년 11월 12일 08시,월요일,경기도 수원시 영통구 영통동,경상사고,0,0,1,1,차대차 - 측면충돌,안전운전불이행,건조,맑음,단일로 - 터널,승용,남,37세,상해없음,승용,여,32세,경상
2018111200100198,2018년 11월 12일 11시,월요일,경기도 수원시 팔달구 우만동,경상사고,0,0,1,0,차대사람 - 기타,신호위반,건조,맑음,단일로 - 기타,승용,여,51세,상해없음,보행자,여,72세,경상
2018111200100233,2018년 11월 12일 12시,월요일,경기도 수원시 권선구 세류동,경상사고,0,0,1,0,차대사람 - 기타,안전운전불이행,건조,맑음,단일로 - 기타,승용,남,76세,상해없음,보행자,여,23세,경상
2018111200100292,2018년 11월 12일 14시,월요일,경기도 수원시 팔달구 화서동,중상사고,0,1,1,0,차대차 - 기타,교차로운행방법위반,건조,맑음,교차로 - 교차로부근,승용,여,31세,상해없음,승합,남,55세,상해없음
2018111200100369,2018년 11월 12일 16시,월요일,경기도 수원시 팔달구 인계동,경상사고,0,0,1,0,차대차 - 기타,안전거리미확보,건조,맑음,단일로 - 기타,승용,남,35세,상해없음,이륜,남,35세,경상
2018111200100370,2018년 11월 12일 16시,월요일,경기도 수원시 영통구 원천동,경상사고,0,0,2,0,차대차 - 기타,신호위반,건조,맑음,교차로 - 교차로안,승용,남,53세,경상,승용,남,48세,경상
2018111200100372,2018년 11월 12일 16시,월요일,경기도 수원시 권선구 권선동,경상사고,0,0,1,0,차대사람 - 기타,기타,건조,맑음,단일로 - 기타,승합,남,51세,상해없음,보행자,여,57세,경상
2018111200100515,2018년 11월 12일 19시,월요일,경기도 수원시 영통구 매탄동,경상사고,0,0,1,0,차대차 - 기타,교차로운행방법위반,건조,맑음,교차로 - 교차로안,기타불명,기타불명,미분류,기타불명,승용,여,53세,경상
2018111200100546,2018년 11월 12일 20시,월요일,경기도 수원시 영통구 영통동,경상사고,0,0,1,0,차대차 - 측면충돌,중앙선침범,건조,맑음,단일로 - 기타,이륜,남,24세,상해없음,승용,여,49세,경상
2018111200100611,2018년 11월 12일 23시,월요일,경기도 수원시 장안구 율전동,중상사고,0,1,0,0,차량단독 - 공작물충돌,안전운전불이행,건조,맑음,단일로 - 기타,이륜,남,23세,중상,,,,
2018111300100008,2018년 11월 13일 00시,화요일,경기도 수원시 영통구 망포동,경상사고,0,0,1,0,차대차 - 측면충돌,차로위반,건조,맑음,교차로 - 교차로부근,승용,남,71세,기타불명,승용,여,27세,경상
2018111300100009,2018년 11월 13일 00시,화요일,경기도 수원시 권선구 오목천동,중상사고,0,1,0,0,차대차 - 기타,신호위반,건조,맑음,교차로 - 교차로안,이륜,남,17세,중상,승용,남,38세,상해없음
2018111300100160,2018년 11월 13일 09시,화요일,경기도 수원시 권선구 서둔동,중상사고,0,1,3,0,차대차 - 정면충돌,신호위반,건조,맑음,교차로 - 교차로안,화물,남,60세,상해없음,승합,남,53세,경상
2018111300100287,2018년 11월 13일 13시,화요일,경기도 수원시 팔달구 화서동,부상신고사고,0,0,0,1,차대사람 - 기타,안전운전불이행,건조,맑음,단일로 - 기타,화물,남,29세,상해없음,보행자,남,60세,부상신고
2018111300100349,2018년 11월 13일 15시,화요일,경기도 수원시 권선구 호매실동,경상사고,0,0,1,0,차대차 - 측면충돌,안전운전불이행,건조,맑음,교차로 - 교차로안,승용,여,65세,상해없음,승용,여,37세,경상
2018111300100390,2018년 11월 13일 16시,화요일,경기도 수원시 권선구 세류동,경상사고,0,0,2,0,차대차 - 측면충돌,신호위반,건조,맑음,교차로 - 교차로안,승합,남,48세,상해없음,승합,여,57세,경상
2018111300100421,2018년 11월 13일 17시,화요일,경기도 수원시 장안구 연무동,부상신고사고,0,0,0,1,차량단독 - 기타,기타,건조,맑음,교차로 - 교차로안,승합,남,52세,상해없음,,,,
2018111300100459,2018년 11월 13일 18시,화요일,경기도 수원시 팔달구 화서동,경상사고,0,0,1,0,차대차 - 측면충돌,안전거리미확보,건조,맑음,단일로 - 기타,화물,남,34세,상해없음,승용,여,39세,경상
2018111300100468,2018년 11월 13일 18시,화요일,경기도 수원시 권선구 평동,경상사고,0,0,1,1,차대차 - 측면충돌,안전운전불이행,건조,맑음,단일로 - 기타,승용,남,59세,부상신고,승용,여,62세,경상
2018111300100520,2018년 11월 13일 19시,화요일,경기도 수원시 영통구 이의동,경상사고,0,0,1,0,차대차 - 측면충돌,안전거리미확보,건조,맑음,단일로 - 기타,승용,남,35세,상해없음,이륜,남,36세,경상
2018111400100064,2018년 11월 14일 07시,수요일,경기도 수원시 장안구 율전동,중상사고,0,1,0,1,차대차 - 정면충돌,직진우회전진행방해,건조,맑음,교차로 - 교차로안,승용,여,37세,부상신고,승용,남,32세,중상
2018111400100296,2018년 11월 14일 13시,수요일,경기도 수원시 영통구 매탄동,부상신고사고,0,0,0,1,차대사람 - 기타,보행자보호의무위반,건조,맑음,교차로 - 교차로횡단보도내,기타불명,기타불명,미분류,기타불명,보행자,여,75세,부상신고
2018111400100325,2018년 11월 14일 14시,수요일,경기도 수원시 권선구 권선동,경상사고,0,0,1,0,차대차 - 기타,교차로운행방법위반,건조,맑음,교차로 - 교차로안,이륜,여,68세,경상,승용,여,32세,상해없음
2018111400100354,2018년 11월 14일 15시,수요일,경기도 수원시 장안구 송죽동,경상사고,0,0,4,0,차대차 - 추돌,안전운전불이행,건조,맑음,단일로 - 기타,승합,남,26세,기타불명,승용,남,57세,경상
2018111400100360,2018년 11월 14일 15시,수요일,경기도 수원시 팔달구 인계동,경상사고,0,0,1,0,차대차 - 측면충돌,안전운전불이행,건조,맑음,교차로 - 교차로부근,이륜,남,27세,경상,승용,남,47세,상해없음
2018111400100434,2018년 11월 14일 17시,수요일,경기도 수원시 영통구 망포동,중상사고,0,1,0,0,차대차 - 측면충돌,안전운전불이행,건조,맑음,단일로 - 기타,승합,남,32세,상해없음,자전거,남,54세,중상
2018111400100435,2018년 11월 14일 17시,수요일,경기도 수원시 영통구 영통동,중상사고,0,1,0,0,차대차 - 측면충돌,안전운전불이행,건조,맑음,교차로 - 교차로안,승용,남,47세,상해없음,이륜,남,31세,중상
2018111400100495,2018년 11월 14일 18시,수요일,경기도 수원시 장안구 천천동,경상사고,0,0,4,3,차대차 - 추돌,안전운전불이행,건조,맑음,교차로 - 교차로부근,승용,여,38세,상해없음,승합,남,39세,부상신고
2018111400100506,2018년 11월 14일 18시,수요일,경기도 수원시 권선구 탑동,경상사고,0,0,1,0,차대차 - 기타,교차로운행방법위반,기타,기타,교차로 - 교차로안,화물,남,68세,상해없음,화물,남,32세,경상
2018111400100619,2018년 11월 14일 20시,수요일,경기도 수원시 영통구 망포동,경상사고,0,0,1,0,차대차 - 추돌,안전운전불이행,건조,맑음,교차로 - 교차로부근,승용,남,38세,상해없음,승용,남,32세,경상
2018111400100697,2018년 11월 14일 23시,수요일,경기도 수원시 권선구 곡반정동,중상사고,0,2,0,0,차대차 - 측면충돌,신호위반,건조,맑음,교차로 - 교차로부근,이륜,남,24세,상해없음,승용,남,35세,중상
2018111500100043,2018년 11월 15일 05시,목요일,경기도 수원시 장안구 정자동,경상사고,0,0,2,0,차대차 - 측면충돌,신호위반,건조,맑음,교차로 - 교차로안,승용,여,50세,상해없음,승용,남,73세,경상
2018111500100059,2018년 11월 15일 06시,목요일,경기도 수원시 장안구 영화동,중상사고,0,1,0,1,차대차 - 측면충돌,신호위반,건조,맑음,교차로 - 교차로안,화물,남,42세,부상신고,승용,남,44세,중상
2018111500100086,2018년 11월 15일 07시,목요일,경기도 수원시 권선구 세류동,경상사고,0,0,1,0,차대차 - 측면충돌,안전운전불이행,건조,맑음,교차로 - 교차로부근,승용,남,33세,상해없음,자전거,남,57세,경상
2018111500100211,2018년 11월 15일 11시,목요일,경기도 수원시 권선구 평동,경상사고,0,0,1,0,차대차 - 추돌,안전운전불이행,건조,맑음,단일로 - 기타,화물,남,49세,상해없음,승용,남,59세,상해없음
2018111500100301,2018년 11월 15일 14시,목요일,경기도 수원시 장안구 송죽동,경상사고,0,0,1,0,차대차 - 추돌,신호위반,건조,맑음,교차로 - 교차로안,승용,여,34세,상해없음,이륜,남,41세,경상
2018111500100402,2018년 11월 15일 17시,목요일,경기도 수원시 권선구 오목천동,경상사고,0,0,1,0,차대차 - 기타,중앙선침범,건조,맑음,단일로 - 기타,이륜,남,21세,상해없음,자전거,남,29세,경상
2018111500100520,2018년 11월 15일 19시,목요일,경기도 수원시 권선구 평동,경상사고,0,0,2,0,차대차 - 추돌,안전운전불이행,건조,맑음,교차로 - 교차로부근,승용,남,30세,상해없음,화물,남,45세,경상
2018111500100559,2018년 11월 15일 20시,목요일,경기도 수원시 팔달구 우만동,중상사고,0,1,0,0,차대차 - 기타,안전거리미확보,건조,맑음,단일로 - 기타,승용,남,59세,상해없음,승용,남,25세,중상
2018111500100561,2018년 11월 15일 20시,목요일,경기도 수원시 권선구 세류동,경상사고,0,0,1,0,차대사람 - 차도통행중,안전운전불이행,건조,맑음,교차로 - 교차로부근,기타불명,기타불명,미분류,기타불명,보행자,남,24세,경상
2018111500100563,2018년 11월 15일 20시,목요일,경기도 수원시 권선구 탑동,경상사고,0,0,1,0,차대차 - 측면충돌,안전운전불이행,건조,맑음,교차로 - 교차로부근,이륜,남,28세,상해없음,승용,여,27세,경상
2018111600100009,2018년 11월 16일 00시,금요일,경기도 수원시 팔달구 인계동,경상사고,0,0,1,0,차대사람 - 길가장자리구역통행중,안전운전불이행,건조,맑음,단일로 - 기타,승용,남,30세,상해없음,보행자,남,26세,경상
2018111600100021,2018년 11월 16일 01시,금요일,경기도 수원시 권선구 호매실동,중상사고,0,2,0,0,차대차 - 추돌,안전운전불이행,건조,맑음,단일로 - 기타,승용,남,36세,상해없음,화물,남,27세,중상
2018111600100121,2018년 11월 16일 08시,금요일,경기도 수원시 권선구 세류동,경상사고,0,0,3,0,차대차 - 측면충돌,안전거리미확보,건조,흐림,단일로 - 기타,승용,남,57세,상해없음,승용,여,29세,경상
2018111600100156,2018년 11월 16일 09시,금요일,경기도 수원시 권선구 세류동,경상사고,0,0,1,0,차대사람 - 기타,안전운전불이행,건조,맑음,단일로 - 기타,화물,남,56세,상해없음,보행자,여,59세,경상
2018111600100241,2018년 11월 16일 12시,금요일,경기도 수원시 권선구 세류동,중상사고,0,1,0,0,차대차 - 기타,안전운전불이행,건조,맑음,교차로 - 교차로안,승용,남,51세,상해없음,승용,남,58세,중상
2018111600100463,2018년 11월 16일 18시,금요일,경기도 수원시 권선구 고색동,중상사고,0,1,7,1,차대차 - 측면충돌,기타,건조,맑음,교차로 - 교차로안,승용,남,28세,부상신고,승합,남,58세,상해없음
2018111600100521,2018년 11월 16일 19시,금요일,경기도 수원시 영통구 망포동,경상사고,0,0,1,0,차대차 - 기타,안전거리미확보,건조,맑음,단일로 - 기타,화물,남,61세,상해없음,승용,여,36세,경상
2018111600100606,2018년 11월 16일 21시,금요일,경기도 수원시 영통구 원천동,중상사고,0,1,0,0,차대차 - 추돌,안전거리미확보,건조,맑음,교차로 - 교차로안,화물,남,28세,상해없음,이륜,남,53세,중상
2018111600100637,2018년 11월 16일 22시,금요일,경기도 수원시 장안구 영화동,경상사고,0,0,1,0,차대차 - 측면충돌,안전거리미확보,건조,맑음,단일로 - 기타,화물,남,52세,상해없음,승용,남,22세,경상
2018111700100006,2018년 11월 17일 00시,토요일,경기도 수원시 장안구 연무동,경상사고,0,0,1,0,차대사람 - 기타,안전운전불이행,건조,맑음,교차로 - 교차로안,승용,여,47세,상해없음,보행자,여,59세,경상
2018111700100030,2018년 11월 17일 01시,토요일,경기도 수원시 권선구 서둔동,경상사고,0,0,1,0,차대차 - 기타,안전운전불이행,건조,맑음,단일로 - 기타,승용,남,27세,상해없음,승합,남,53세,경상
2018111700100047,2018년 11월 17일 02시,토요일,경기도 수원시 팔달구 인계동,경상사고,0,0,1,0,차대사람 - 기타,안전운전불이행,건조,맑음,단일로 - 기타,승용,남,38세,상해없음,보행자,남,22세,경상
2018111700100082,2018년 11월 17일 05시,토요일,경기도 수원시 권선구 세류동,사망사고,1,0,0,0,차대사람 - 차도통행중,안전운전불이행,건조,맑음,단일로 - 기타,화물,남,66세,상해없음,보행자,여,63세,사망
2018111700100149,2018년 11월 17일 09시,토요일,경기도 수원시 장안구 조원동,경상사고,0,0,1,0,차대사람 - 기타,보행자보호의무위반,건조,맑음,교차로 - 교차로안,화물,남,56세,상해없음,보행자,여,43세,경상
2018111700100183,2018년 11월 17일 10시,토요일,경기도 수원시 팔달구 우만동,경상사고,0,0,2,0,차대차 - 측면충돌,기타,건조,맑음,교차로 - 교차로안,승용,남,29세,상해없음,승용,남,76세,경상
2018111700100373,2018년 11월 17일 15시,토요일,경기도 수원시 팔달구 화서동,경상사고,0,0,1,0,차대사람 - 기타,기타,건조,맑음,기타 - 기타,승용,남,44세,상해없음,보행자,여,68세,경상
2018111700100414,2018년 11월 17일 16시,토요일,경기도 수원시 권선구 세류동,경상사고,0,0,1,0,차대사람 - 횡단중,안전운전불이행,건조,맑음,단일로 - 기타,승용,남,27세,상해없음,보행자,여,50세,경상
2018111700100498,2018년 11월 17일 18시,토요일,경기도 수원시 권선구 고색동,경상사고,0,0,2,0,차대차 - 기타,중앙선침범,건조,맑음,교차로 - 교차로안,승용,여,53세,경상,승용,남,52세,경상
2018111700100551,2018년 11월 17일 19시,토요일,경기도 수원시 권선구 평동,중상사고,0,1,2,0,차대차 - 측면충돌,차로위반,건조,맑음,교차로 - 교차로안,승용,남,24세,상해없음,승용,여,44세,중상
2018111700100611,2018년 11월 17일 21시,토요일,경기도 수원시 장안구 정자동,사망사고,1,0,0,0,차대차 - 추돌,안전운전불이행,건조,맑음,단일로 - 기타,승용,여,66세,사망,특수,남,46세,상해없음
2018111700100645,2018년 11월 17일 22시,토요일,경기도 수원시 영통구 망포동,경상사고,0,0,1,0,차대사람 - 기타,안전운전불이행,건조,맑음,단일로 - 기타,승용,남,55세,상해없음,보행자,여,38세,경상
2018111700100668,2018년 11월 17일 23시,토요일,경기도 수원시 권선구 호매실동,부상신고사고,0,0,0,1,차량단독 - 기타,안전운전불이행,건조,맑음,단일로 - 기타,이륜,남,42세,부상신고,,,,
2018111800100005,2018년 11월 18일 00시,일요일,경기도 수원시 권선구 권선동,경상사고,0,0,1,1,차대차 - 기타,중앙선침범,건조,맑음,기타 - 기타,승용,남,64세,상해없음,승용,남,55세,경상
2018111800100006,2018년 11월 18일 00시,일요일,경기도 수원시 팔달구 매산로1가,경상사고,0,0,2,0,차대차 - 기타,신호위반,건조,맑음,교차로 - 교차로안,이륜,남,30세,상해없음,승용,남,57세,경상
2018111800100037,2018년 11월 18일 03시,일요일,경기도 수원시 장안구 정자동,사망사고,1,0,0,0,차대차 - 기타,안전거리미확보,건조,맑음,교차로 - 교차로부근,이륜,남,47세,사망,화물,남,45세,상해없음
2018111800100083,2018년 11월 18일 08시,일요일,경기도 수원시 영통구 매탄동,경상사고,0,0,2,0,차대차 - 측면충돌,안전거리미확보,건조,맑음,교차로 - 교차로부근,승용,남,25세,경상,건설기계,남,44세,경상
2018111800100135,2018년 11월 18일 12시,일요일,경기도 수원시 장안구 조원동,경상사고,0,0,1,0,차대차 - 기타,안전운전불이행,건조,맑음,단일로 - 기타,자전거,여,31세,경상,승용,남,28세,상해없음
2018111800100140,2018년 11월 18일 12시,일요일,경기도 수원시 권선구 세류동,경상사고,0,0,1,0,차대차 - 기타,안전거리미확보,건조,맑음,교차로 - 교차로부근,승용,남,40세,상해없음,승합,남,54세,상해없음
2018111800100157,2018년 11월 18일 13시,일요일,경기도 수원시 팔달구 영동,경상사고,0,0,1,0,차대차 - 기타,신호위반,건조,맑음,교차로 - 교차로안,승용,여,64세,상해없음,승합,남,54세,경상
2018111800100179,2018년 11월 18일 14시,일요일,경기도 수원시 장안구 천천동,경상사고,0,0,2,0,차대차 - 측면충돌,안전운전불이행,건조,맑음,단일로 - 기타,이륜,남,41세,경상,승용,남,39세,경상
2018111800100268,2018년 11월 18일 17시,일요일,경기도 수원시 권선구 금곡동,중상사고,0,1,0,0,차대차 - 측면충돌,안전거리미확보,건조,맑음,단일로 - 기타,승용,남,31세,상해없음,원동기,남,18세,중상
2018111800100304,2018년 11월 18일 18시,일요일,경기도 수원시 팔달구 인계동,중상사고,0,1,0,0,차대차 - 측면충돌,신호위반,건조,맑음,교차로 - 교차로안,승용,여,52세,상해없음,이륜,남,26세,중상
2018111800100347,2018년 11월 18일 19시,일요일,경기도 수원시 권선구 오목천동,경상사고,0,0,1,0,차대차 - 기타,직진우회전진행방해,건조,맑음,교차로 - 교차로안,승용,여,55세,상해없음,이륜,남,18세,경상
2018111800100388,2018년 11월 18일 20시,일요일,경기도 수원시 권선구 권선동,경상사고,0,0,3,0,차대차 - 추돌,안전운전불이행,건조,맑음,교차로 - 교차로안,승용,남,53세,상해없음,승용,여,38세,경상
2018111800100389,2018년 11월 18일 20시,일요일,경기도 수원시 영통구 이의동,경상사고,0,0,1,0,차대사람 - 횡단중,신호위반,건조,맑음,교차로 - 교차로안,승용,남,70세,상해없음,보행자,여,47세,경상
2018111800100426,2018년 11월 18일 22시,일요일,경기도 수원시 영통구 망포동,경상사고,0,0,1,0,차대차 - 측면충돌,안전거리미확보,건조,맑음,단일로 - 기타,승용,남,27세,상해없음,이륜,남,17세,경상
2018111900100016,2018년 11월 19일 02시,월요일,경기도 수원시 팔달구 인계동,중상사고,0,1,0,0,차대사람 - 길가장자리구역통행중,안전운전불이행,건조,맑음,단일로 - 기타,기타불명,기타불명,미분류,기타불명,보행자,여,21세,중상
2018111900100126,2018년 11월 19일 09시,월요일,경기도 수원시 권선구 구운동,중상사고,0,1,0,0,차대차 - 기타,안전거리미확보,건조,맑음,단일로 - 기타,승용,여,52세,상해없음,이륜,남,23세,중상
2018111900100127,2018년 11월 19일 09시,월요일,경기도 수원시 권선구 평동,경상사고,0,0,1,0,차대차 - 추돌,안전운전불이행,건조,맑음,교차로 - 교차로부근,화물,남,62세,경상,화물,남,54세,상해없음
2018111900100150,2018년 11월 19일 10시,월요일,경기도 수원시 장안구 정자동,사망사고,1,0,0,0,차대사람 - 기타,안전운전불이행,건조,맑음,단일로 - 기타,승합,남,47세,상해없음,보행자,여,75세,사망
2018111900100182,2018년 11월 19일 11시,월요일,경기도 수원시 장안구 파장동,중상사고,0,1,0,0,차대차 - 기타,신호위반,건조,맑음,교차로 - 교차로안,승용,여,47세,상해없음,이륜,남,55세,중상
2018111900100272,2018년 11월 19일 14시,월요일,경기도 수원시 장안구 영화동,경상사고,0,0,1,0,차대차 - 추돌,안전운전불이행,건조,맑음,교차로 - 교차로안,승용,남,46세,상해없음,승용,남,48세,경상
2018111900100310,2018년 11월 19일 15시,월요일,경기도 수원시 권선구 구운동,경상사고,0,0,1,0,차대차 - 추돌,신호위반,건조,맑음,교차로 - 교차로안,이륜,남,48세,경상,승용,남,70세,상해없음
2018111900100356,2018년 11월 19일 16시,월요일,경기도 수원시 권선구 세류동,경상사고,0,0,1,0,차대사람 - 기타,안전운전불이행,건조,맑음,단일로 - 기타,승합,남,59세,상해없음,보행자,여,21세,경상
2018111900100442,2018년 11월 19일 18시,월요일,경기도 수원시 팔달구 인계동,경상사고,0,0,4,1,차대차 - 기타,차로위반,건조,맑음,단일로 - 기타,승용,여,52세,상해없음,승합,남,48세,상해없음
2018111900100524,2018년 11월 19일 20시,월요일,경기도 수원시 팔달구 화서동,중상사고,0,1,0,0,차대차 - 기타,안전운전불이행,건조,맑음,단일로 - 기타,승용,남,24세,상해없음,이륜,남,26세,중상
2018111900100554,2018년 11월 19일 21시,월요일,경기도 수원시 영통구 이의동,경상사고,0,0,1,0,차대차 - 기타,신호위반,건조,맑음,교차로 - 교차로부근,승용,남,25세,상해없음,승합,남,39세,상해없음
2018111900100579,2018년 11월 19일 22시,월요일,경기도 수원시 권선구 호매실동,경상사고,0,0,2,0,차대차 - 측면충돌,안전거리미확보,건조,맑음,교차로 - 교차로안,승용,남,32세,상해없음,승합,남,42세,상해없음
2018112000100014,2018년 11월 20일 01시,화요일,경기도 수원시 권선구 고색동,경상사고,0,0,1,1,차대차 - 기타,신호위반,건조,맑음,교차로 - 교차로안,이륜,남,19세,부상신고,승용,남,59세,경상
2018112000100044,2018년 11월 20일 06시,화요일,경기도 수원시 권선구 세류동,중상사고,0,2,2,0,차대차 - 추돌,안전거리미확보,건조,맑음,단일로 - 고가도로위,승용,여,46세,상해없음,승용,여,39세,중상
2018112000100061,2018년 11월 20일 07시,화요일,경기도 수원시 권선구 구운동,경상사고,0,0,1,0,차대차 - 기타,신호위반,건조,맑음,교차로 - 교차로안,승용,남,58세,상해없음,이륜,남,29세,경상
2018112000100081,2018년 11월 20일 08시,화요일,경기도 수원시 장안구 영화동,경상사고,0,0,4,0,차대차 - 기타,직진우회전진행방해,건조,맑음,교차로 - 교차로안,승용,여,44세,경상,승용,여,47세,경상
2018112000100090,2018년 11월 20일 08시,화요일,경기도 수원시 영통구 원천동,경상사고,0,0,1,0,차량단독 - 기타,안전운전불이행,건조,맑음,단일로 - 기타,승합,남,59세,상해없음,,,,
2018112000100209,2018년 11월 20일 11시,화요일,경기도 수원시 권선구 권선동,중상사고,0,1,0,0,차대차 - 측면충돌,직진우회전진행방해,건조,맑음,교차로 - 교차로안,이륜,남,43세,중상,승용,남,50세,상해없음
2018112000100261,2018년 11월 20일 13시,화요일,경기도 수원시 팔달구 매산로1가,경상사고,0,0,2,0,차대차 - 측면충돌,안전운전불이행,건조,맑음,교차로 - 교차로안,승용,남,60세,상해없음,승용,여,28세,경상
2018112000100290,2018년 11월 20일 14시,화요일,경기도 수원시 팔달구 인계동,경상사고,0,0,1,0,차대차 - 추돌,안전운전불이행,건조,맑음,교차로 - 교차로부근,승용,남,48세,상해없음,승용,여,24세,경상
2018112000100291,2018년 11월 20일 14시,화요일,경기도 수원시 영통구 매탄동,중상사고,0,1,0,0,차대차 - 기타,불법유턴,건조,맑음,교차로 - 교차로부근,자전거,여,55세,중상,승용,여,33세,상해없음
2018112000100325,2018년 11월 20일 15시,화요일,경기도 수원시 팔달구 매산로1가,중상사고,0,1,1,0,차대차 - 정면충돌,안전운전불이행,건조,맑음,단일로 - 기타,승용,남,47세,상해없음,승용,남,73세,경상
2018112000100366,2018년 11월 20일 16시,화요일,경기도 수원시 장안구 연무동,부상신고사고,0,0,0,1,차대차 - 측면충돌,안전운전불이행,건조,맑음,단일로 - 기타,승용,여,64세,상해없음,승용,여,52세,부상신고
2018112000100419,2018년 11월 20일 17시,화요일,경기도 수원시 팔달구 장안동,중상사고,0,1,0,0,차대사람 - 기타,안전운전불이행,건조,맑음,단일로 - 기타,기타불명,기타불명,미분류,기타불명,보행자,여,24세,중상
2018112000100473,2018년 11월 20일 18시,화요일,경기도 수원시 장안구 영화동,중상사고,0,1,1,0,차대사람 - 횡단중,보행자보호의무위반,건조,흐림,교차로 - 교차로횡단보도내,승용,여,41세,상해없음,보행자,여,17세,중상
2018112000100482,2018년 11월 20일 18시,화요일,경기도 수원시 권선구 탑동,경상사고,0,0,1,0,차대사람 - 횡단중,신호위반,건조,맑음,교차로 - 교차로횡단보도내,이륜,남,39세,상해없음,보행자,남,57세,경상
2018112000100548,2018년 11월 20일 19시,화요일,경기도 수원시 영통구 원천동,경상사고,0,0,1,0,차대사람 - 횡단중,안전운전불이행,건조,맑음,단일로 - 기타,기타불명,기타불명,미분류,기타불명,보행자,여,18세,경상
2018112000100608,2018년 11월 20일 21시,화요일,경기도 수원시 팔달구 우만동,경상사고,0,0,2,0,차대차 - 추돌,안전운전불이행,건조,맑음,단일로 - 기타,승용,남,39세,상해없음,승용,여,37세,경상
2018112000100635,2018년 11월 20일 22시,화요일,경기도 수원시 장안구 이목동,경상사고,0,0,1,0,차대차 - 추돌,신호위반,건조,맑음,교차로 - 교차로안,승용,여,58세,상해없음,승용,남,19세,경상
2018112100100060,2018년 11월 21일 05시,수요일,경기도 수원시 장안구 정자동,중상사고,0,1,0,0,차대차 - 기타,신호위반,건조,맑음,교차로 - 교차로안,화물,남,48세,상해없음,승용,남,54세,중상
2018112100100065,2018년 11월 21일 05시,수요일,경기도 수원시 영통구 매탄동,경상사고,0,0,1,0,차대차 - 기타,신호위반,젖음/습기,비,교차로 - 교차로횡단보도내,승용,여,44세,상해없음,자전거,남,77세,경상
2018112100100313,2018년 11월 21일 15시,수요일,경기도 수원시 영통구 신동,중상사고,0,1,0,0,차대차 - 측면충돌,교차로운행방법위반,건조,맑음,단일로 - 기타,승용,남,55세,상해없음,자전거,남,63세,중상