사고번호,사고일시,요일,시군구,사고내용,사망자수,중상자수,경상자수,부상신고자수,사고유형,법규위반,노면상태,기상상태,도로형태,가해운전자 차종,가해운전자 성별,가해운전자 연령,가해운전자 상해정도,피해운전자 차종,피해운전자 성별,피해운전자 연령,피해운전자 상해정도
2018112100100314,2018년 11월 21일 15시,수요일,경기도 수원시 권선구 권선동,경상사고,0,0,1,0,차대차 - 기타,안전운전불이행,건조,맑음,단일로 - 기타,승용,남,53세,상해없음,승용,여,43세,경상
2018112100100348,2018년 11월 21일 16시,수요일,경기도 수원시 팔달구 인계동,경상사고,0,0,1,0,차대차 - 측면충돌,안전거리미확보,건조,맑음,교차로 - 교차로부근,승용,남,23세,상해없음,원동기,여,46세,경상
2018112100100391,2018년 11월 21일 17시,수요일,경기도 수원시 권선구 세류동,중상사고,0,1,0,0,차대차 - 측면충돌,신호위반,건조,맑음,교차로 - 교차로안,승용,남,70세,상해없음,승용,남,38세,중상
2018112100100559,2018년 11월 21일 21시,수요일,경기도 수원시 팔달구 우만동,경상사고,0,0,1,0,차대사람 - 기타,신호위반,건조,맑음,교차로 - 교차로안,기타불명,기타불명,미분류,기타불명,보행자,남,60세,경상
2018112100100563,2018년 11월 21일 21시,수요일,경기도 수원시 영통구 매탄동,중상사고,0,1,0,0,차대사람 - 기타,안전운전불이행,건조,맑음,기타 - 기타,승용,남,60세,상해없음,보행자,여,71세,중상
2018112200100010,2018년 11월 22일 00시,목요일,경기도 수원시 권선구 서둔동,경상사고,0,0,1,0,차대차 - 추돌,안전운전불이행,건조,맑음,단일로 - 기타,승용,남,31세,상해없음,승용,남,60세,경상
2018112200100034,2018년 11월 22일 04시,목요일,경기도 수원시 팔달구 인계동,사망사고,1,0,0,0,차대사람 - 횡단중,과속,건조,맑음,단일로 - 기타,승용,남,50세,상해없음,보행자,여,78세,사망
2018112200100051,2018년 11월 22일 06시,목요일,경기도 수원시 권선구 오목천동,중상사고,0,1,1,0,차대차 - 측면충돌,신호위반,건조,맑음,교차로 - 교차로안,승용,남,37세,경상,화물,남,32세,중상
2018112200100073,2018년 11월 22일 07시,목요일,경기도 수원시 영통구 원천동,경상사고,0,0,2,0,차량단독 - 기타,안전거리미확보,건조,맑음,교차로 - 교차로부근,승합,남,36세,상해없음,,,,
2018112200100121,2018년 11월 22일 08시,목요일,경기도 수원시 권선구 구운동,경상사고,0,0,1,0,차대차 - 추돌,안전운전불이행,건조,맑음,단일로 - 기타,화물,남,48세,상해없음,승용,남,34세,경상
2018112200100166,2018년 11월 22일 09시,목요일,경기도 수원시 팔달구 화서동,경상사고,0,0,1,0,차대차 - 측면충돌,안전운전불이행,건조,맑음,단일로 - 기타,승용,여,43세,상해없음,승용,남,46세,경상
2018112200100175,2018년 11월 22일 09시,목요일,경기도 수원시 권선구 세류동,경상사고,0,0,1,0,차대차 - 기타,안전운전불이행,건조,맑음,교차로 - 교차로부근,승용,여,36세,상해없음,자전거,여,22세,경상
2018112200100212,2018년 11월 22일 10시,목요일,경기도 수원시 장안구 송죽동,경상사고,0,0,1,0,차대차 - 측면충돌,안전운전불이행,건조,맑음,교차로 - 교차로안,승용,여,66세,상해없음,자전거,여,41세,경상
2018112200100213,2018년 11월 22일 10시,목요일,경기도 수원시 영통구 영통동,경상사고,0,0,1,0,차대차 - 측면충돌,신호위반,건조,맑음,교차로 - 교차로안,승용,여,61세,상해없음,승용,여,50세,경상
2018112200100416,2018년 11월 22일 16시,목요일,경기도 수원시 장안구 파장동,부상신고사고,0,0,0,1,차대차 - 정면충돌,직진우회전진행방해,건조,맑음,교차로 - 교차로안,이륜,남,21세,부상신고,화물,남,52세,상해없음
2018112200100458,2018년 11월 22일 17시,목요일,경기도 수원시 권선구 권선동,경상사고,0,0,2,0,차대차 - 측면충돌,안전거리미확보,건조,맑음,단일로 - 기타,승용,남,29세,상해없음,승용,남,58세,경상
2018112200100459,2018년 11월 22일 17시,목요일,경기도 수원시 영통구 이의동,경상사고,0,0,3,0,차대차 - 기타,안전거리미확보,건조,맑음,단일로 - 기타,승용,여,64세,상해없음,승용,여,36세,경상
2018112200100562,2018년 11월 22일 19시,목요일,경기도 수원시 영통구 원천동,중상사고,0,1,0,0,차대차 - 측면충돌,신호위반,건조,맑음,교차로 - 교차로안,승용,여,41세,상해없음,이륜,남,32세,중상
2018112200100598,2018년 11월 22일 20시,목요일,경기도 수원시 권선구 권선동,경상사고,0,0,2,0,차대차 - 정면충돌,안전운전불이행,건조,맑음,교차로 - 교차로횡단보도내,승용,남,38세,상해없음,승용,여,38세,경상
2018112200100622,2018년 11월 22일 21시,목요일,경기도 수원시 장안구 송죽동,경상사고,0,0,1,0,차대차 - 추돌,안전운전불이행,건조,맑음,교차로 - 교차로부근,승용,남,31세,상해없음,승용,남,33세,경상
2018112200100623,2018년 11월 22일 21시,목요일,경기도 수원시 장안구 조원동,경상사고,0,0,2,0,차대차 - 추돌,안전운전불이행,건조,맑음,교차로 - 교차로부근,승용,남,46세,상해없음,승용,남,33세,경상
2018112200100624,2018년 11월 22일 21시,목요일,경기도 수원시 팔달구 우만동,경상사고,0,0,1,0,차대차 - 측면충돌,신호위반,건조,맑음,교차로 - 교차로안,승용,남,51세,상해없음,승용,여,51세,경상
2018112300100016,2018년 11월 23일 01시,금요일,경기도 수원시 영통구 매탄동,경상사고,0,0,3,0,차대차 - 추돌,안전운전불이행,건조,맑음,단일로 - 기타,승용,남,33세,상해없음,승합,남,41세,경상
2018112300100017,2018년 11월 23일 01시,금요일,경기도 수원시 팔달구 인계동,경상사고,0,0,1,0,차대차 - 측면충돌,안전운전불이행,건조,맑음,단일로 - 기타,승용,남,25세,상해없음,승용,남,53세,경상
2018112300100112,2018년 11월 23일 08시,금요일,경기도 수원시 팔달구 우만동,경상사고,0,0,1,0,차대차 - 기타,안전운전불이행,건조,맑음,교차로 - 교차로안,자전거,남,12세,경상,승용,남,20세,상해없음
2018112300100198,2018년 11월 23일 10시,금요일,경기도 수원시 장안구 영화동,경상사고,0,0,1,0,차량단독 - 기타,안전운전불이행,건조,맑음,단일로 - 기타,승합,남,38세,상해없음,,,,
2018112300100204,2018년 11월 23일 10시,금요일,경기도 수원시 권선구 권선동,경상사고,0,0,1,0,차대차 - 측면충돌,교차로운행방법위반,건조,맑음,교차로 - 교차로안,승용,여,47세,상해없음,자전거,남,63세,경상
2018112300100206,2018년 11월 23일 10시,금요일,경기도 수원시 팔달구 교동,중상사고,0,1,0,0,차대사람 - 횡단중,신호위반,건조,맑음,교차로 - 교차로부근,승용,여,38세,상해없음,보행자,여,66세,중상
2018112300100334,2018년 11월 23일 14시,금요일,경기도 수원시 영통구 망포동,경상사고,0,0,1,0,차대사람 - 기타,안전운전불이행,건조,맑음,기타 - 기타,화물,남,26세,상해없음,보행자,여,66세,경상
2018112300100451,2018년 11월 23일 17시,금요일,경기도 수원시 영통구 매탄동,중상사고,0,1,2,3,차대차 - 측면충돌,기타,건조,맑음,단일로 - 기타,승합,남,68세,상해없음,승용,여,37세,경상
2018112300100452,2018년 11월 23일 17시,금요일,경기도 수원시 권선구 고색동,경상사고,0,0,2,0,차대차 - 기타,중앙선침범,건조,맑음,단일로 - 기타,승용,남,40세,상해없음,특수,남,47세,경상
2018112300100512,2018년 11월 23일 18시,금요일,경기도 수원시 팔달구 화서동,경상사고,0,0,1,0,차대차 - 측면충돌,안전운전불이행,건조,맑음,단일로 - 기타,승용,남,24세,상해없음,승용,남,69세,경상
2018112300100513,2018년 11월 23일 18시,금요일,경기도 수원시 팔달구 우만동,중상사고,0,1,0,0,차대사람 - 횡단중,보행자보호의무위반,건조,맑음,교차로 - 교차로횡단보도내,승용,여,39세,상해없음,보행자,여,36세,중상
2018112300100514,2018년 11월 23일 18시,금요일,경기도 수원시 장안구 영화동,중상사고,0,1,0,0,차대차 - 정면충돌,직진우회전진행방해,건조,맑음,교차로 - 교차로안,승용,남,81세,상해없음,자전거,남,74세,중상
2018112300100515,2018년 11월 23일 18시,금요일,경기도 수원시 팔달구 화서동,중상사고,0,1,0,0,차대차 - 기타,직진우회전진행방해,건조,맑음,교차로 - 교차로안,이륜,남,35세,중상,승용,남,69세,상해없음
2018112300100523,2018년 11월 23일 18시,금요일,경기도 수원시 영통구 매탄동,부상신고사고,0,0,0,1,차대사람 - 보도통행중,기타,건조,맑음,단일로 - 기타,승합,남,62세,상해없음,보행자,여,61세,부상신고
2018112300100644,2018년 11월 23일 20시,금요일,경기도 수원시 권선구 금곡동,중상사고,0,1,0,0,차대차 - 기타,중앙선침범,건조,맑음,교차로 - 교차로안,이륜,남,17세,상해없음,승용,남,35세,중상
2018112300100673,2018년 11월 23일 21시,금요일,경기도 수원시 권선구 탑동,중상사고,0,1,0,0,차대사람 - 기타,보행자보호의무위반,건조,맑음,교차로 - 교차로부근,승합,남,56세,상해없음,보행자,여,87세,중상
2018112400100013,2018년 11월 24일 00시,토요일,경기도 수원시 영통구 매탄동,경상사고,0,0,1,0,차대차 - 측면충돌,안전운전불이행,건조,맑음,단일로 - 기타,승용,남,24세,상해없음,승용,남,43세,상해없음
2018112400100109,2018년 11월 24일 06시,토요일,경기도 수원시 권선구 금곡동,경상사고,0,0,1,0,차대차 - 추돌,안전운전불이행,건조,맑음,교차로 - 교차로부근,승용,남,31세,상해없음,승합,남,53세,경상
2018112400100145,2018년 11월 24일 07시,토요일,경기도 수원시 영통구 이의동,경상사고,0,0,1,0,차대차 - 측면충돌,신호위반,적설,눈,교차로 - 교차로안,승용,남,42세,상해없음,승합,남,50세,경상
2018112400100285,2018년 11월 24일 11시,토요일,경기도 수원시 영통구 망포동,경상사고,0,0,1,0,차대차 - 추돌,안전운전불이행,건조,맑음,교차로 - 교차로안,승용,남,30세,상해없음,승용,남,20세,경상
2018112400100325,2018년 11월 24일 12시,토요일,경기도 수원시 권선구 오목천동,경상사고,0,0,2,1,차대차 - 추돌,안전거리미확보,젖음/습기,비,교차로 - 교차로부근,승용,남,58세,상해없음,승합,남,63세,경상
2018112400100415,2018년 11월 24일 15시,토요일,경기도 수원시 팔달구 우만동,부상신고사고,0,0,0,1,차대사람 - 기타,안전운전불이행,건조,맑음,교차로 - 교차로안,승용,남,47세,상해없음,보행자,여,71세,부상신고
2018112400100416,2018년 11월 24일 15시,토요일,경기도 수원시 장안구 연무동,경상사고,0,0,1,0,차대사람 - 기타,안전운전불이행,건조,맑음,단일로 - 기타,승용,남,45세,상해없음,보행자,여,64세,경상
2018112400100420,2018년 11월 24일 15시,토요일,경기도 수원시 영통구 이의동,경상사고,0,0,1,0,차대차 - 측면충돌,안전운전불이행,건조,맑음,단일로 - 기타,승용,여,48세,상해없음,승용,여,31세,경상
2018112400100477,2018년 11월 24일 17시,토요일,경기도 수원시 팔달구 매산로1가,경상사고,0,0,1,0,차대차 - 기타,신호위반,건조,맑음,단일로 - 기타,승합,남,45세,상해없음,승용,남,61세,경상
2018112400100519,2018년 11월 24일 18시,토요일,경기도 수원시 권선구 금곡동,부상신고사고,0,0,0,1,차대차 - 측면충돌,신호위반,젖음/습기,비,교차로 - 교차로부근,이륜,남,72세,부상신고,승용,여,37세,기타불명
2018112400100520,2018년 11월 24일 18시,토요일,경기도 수원시 권선구 고색동,경상사고,0,0,2,0,차대차 - 추돌,안전운전불이행,건조,맑음,단일로 - 기타,승용,남,54세,상해없음,승용,남,44세,경상
2018112400100562,2018년 11월 24일 19시,토요일,경기도 수원시 장안구 조원동,중상사고,0,1,0,0,차대차 - 기타,안전운전불이행,건조,맑음,단일로 - 기타,승용,남,42세,상해없음,이륜,남,42세,중상
2018112400100630,2018년 11월 24일 21시,토요일,경기도 수원시 장안구 정자동,경상사고,0,0,1,0,차대차 - 정면충돌,신호위반,건조,맑음,교차로 - 교차로안,승용,남,30세,상해없음,이륜,남,43세,경상
2018112400100631,2018년 11월 24일 21시,토요일,경기도 수원시 장안구 정자동,경상사고,0,0,2,0,차대차 - 기타,차로위반,건조,맑음,교차로 - 교차로안,승용,여,28세,경상,승용,남,60세,상해없음
2018112400100635,2018년 11월 24일 21시,토요일,경기도 수원시 권선구 곡반정동,경상사고,0,0,1,0,차대차 - 측면충돌,안전운전불이행,건조,맑음,교차로 - 교차로안,화물,남,65세,상해없음,이륜,남,41세,경상
2018112400100669,2018년 11월 24일 22시,토요일,경기도 수원시 장안구 조원동,경상사고,0,0,1,0,차대차 - 측면충돌,안전운전불이행,건조,맑음,교차로 - 교차로안,승용,남,27세,상해없음,승용,남,26세,경상
2018112400100677,2018년 11월 24일 22시,토요일,경기도 수원시 권선구 세류동,부상신고사고,0,0,0,1,차량단독 - 기타,안전운전불이행,건조,흐림,단일로 - 기타,승용,여,40세,부상신고,,,,
2018112500100076,2018년 11월 25일 07시,일요일,경기도 수원시 영통구 매탄동,경상사고,0,0,1,0,차대차 - 측면충돌,불법유턴,건조,맑음,단일로 - 기타,승용,여,42세,상해없음,이륜,남,48세,경상
2018112500100112,2018년 11월 25일 10시,일요일,경기도 수원시 장안구 영화동,경상사고,0,0,1,0,차대차 - 측면충돌,안전운전불이행,건조,맑음,교차로 - 교차로안,승용,남,67세,상해없음,승용,남,64세,경상
2018112500100179,2018년 11월 25일 13시,일요일,경기도 수원시 권선구 오목천동,중상사고,0,1,1,0,차대차 - 추돌,안전운전불이행,건조,맑음,단일로 - 기타,승용,남,54세,상해없음,승용,남,30세,경상
2018112500100195,2018년 11월 25일 14시,일요일,경기도 수원시 권선구 권선동,경상사고,0,0,1,0,차대사람 - 기타,안전운전불이행,건조,맑음,단일로 - 기타,화물,남,63세,기타불명,보행자,남,19세,경상
2018112500100227,2018년 11월 25일 15시,일요일,경기도 수원시 팔달구 인계동,경상사고,0,0,1,0,차대사람 - 길가장자리구역통행중,안전운전불이행,건조,맑음,단일로 - 기타,승용,남,22세,상해없음,보행자,남,30세,경상
2018112500100258,2018년 11월 25일 16시,일요일,경기도 수원시 장안구 정자동,중상사고,0,1,0,0,차대사람 - 횡단중,보행자보호의무위반,건조,맑음,교차로 - 교차로부근,승용,여,65세,상해없음,보행자,여,4세,중상
2018112500100259,2018년 11월 25일 16시,일요일,경기도 수원시 팔달구 북수동,경상사고,0,0,1,0,차대차 - 추돌,안전운전불이행,건조,맑음,단일로 - 기타,승용,남,52세,상해없음,승용,남,41세,경상
2018112500100261,2018년 11월 25일 16시,일요일,경기도 수원시 권선구 세류동,경상사고,0,0,1,0,차대사람 - 기타,안전운전불이행,건조,맑음,단일로 - 기타,승합,남,47세,상해없음,보행자,남,74세,경상
2018112500100284,2018년 11월 25일 17시,일요일,경기도 수원시 영통구 이의동,중상사고,0,1,0,0,차대차 - 측면충돌,안전거리미확보,건조,맑음,단일로 - 기타,승용,남,24세,상해없음,이륜,남,30세,중상
2018112500100285,2018년 11월 25일 17시,일요일,경기도 수원시 영통구 신동,중상사고,0,4,0,0,차대차 - 추돌,안전거리미확보,건조,맑음,단일로 - 기타,승합,남,55세,상해없음,승용,여,62세,중상
2018112500100316,2018년 11월 25일 18시,일요일,경기도 수원시 영통구 매탄동,중상사고,0,1,0,0,차대사람 - 차도통행중,안전운전불이행,건조,맑음,교차로 - 교차로부근,이륜,남,21세,상해없음,보행자,여,75세,중상
2018112500100399,2018년 11월 25일 21시,일요일,경기도 수원시 팔달구 화서동,경상사고,0,0,1,0,차대차 - 측면충돌,안전운전불이행,건조,맑음,단일로 - 기타,승용,여,19세,기타불명,승합,남,59세,상해없음
2018112600100033,2018년 11월 26일 03시,월요일,경기도 수원시 팔달구 인계동,경상사고,0,0,1,0,차대차 - 측면충돌,안전거리미확보,건조,맑음,단일로 - 기타,승용,남,40세,상해없음,화물,남,55세,상해없음
2018112600100198,2018년 11월 26일 10시,월요일,경기도 수원시 팔달구 매산로1가,경상사고,0,0,2,0,차대차 - 기타,안전거리미확보,건조,맑음,교차로 - 교차로부근,승합,남,46세,상해없음,승용,남,51세,경상
2018112600100247,2018년 11월 26일 12시,월요일,경기도 수원시 장안구 정자동,경상사고,0,0,1,1,차대차 - 기타,안전운전불이행,건조,맑음,교차로 - 교차로부근,승용,여,51세,경상,화물,남,37세,부상신고
2018112600100323,2018년 11월 26일 14시,월요일,경기도 수원시 영통구 원천동,경상사고,0,0,1,0,차대차 - 후진중충돌,안전운전불이행,건조,맑음,단일로 - 기타,승용,남,35세,상해없음,승용,여,37세,경상
2018112600100453,2018년 11월 26일 17시,월요일,경기도 수원시 권선구 구운동,중상사고,0,1,0,0,차량단독 - 기타,안전운전불이행,건조,맑음,교차로 - 교차로부근,원동기,남,74세,중상,,,,
2018112600100497,2018년 11월 26일 18시,월요일,경기도 수원시 영통구 영통동,경상사고,0,0,1,0,차대차 - 측면충돌,차로위반,건조,맑음,단일로 - 기타,화물,남,60세,상해없음,승용,남,45세,경상
2018112600100500,2018년 11월 26일 18시,월요일,경기도 수원시 권선구 고색동,경상사고,0,0,1,0,차대차 - 추돌,안전운전불이행,건조,맑음,교차로 - 교차로부근,승용,남,76세,상해없음,승용,여,29세,경상
2018112600100545,2018년 11월 26일 19시,월요일,경기도 수원시 장안구 정자동,경상사고,0,0,1,0,차대차 - 측면충돌,안전거리미확보,건조,맑음,단일로 - 기타,승합,남,66세,상해없음,승용,여,32세,경상
2018112700100002,2018년 11월 27일 00시,화요일,경기도 수원시 권선구 고색동,경상사고,0,0,1,0,차대차 - 기타,신호위반,건조,맑음,교차로 - 교차로안,승용,여,44세,상해없음,승용,남,26세,경상
2018112700100014,2018년 11월 27일 01시,화요일,경기도 수원시 팔달구 인계동,중상사고,0,1,0,0,차대사람 - 횡단중,안전운전불이행,건조,맑음,교차로 - 교차로안,승용,남,64세,상해없음,보행자,남,26세,중상
2018112700100015,2018년 11월 27일 01시,화요일,경기도 수원시 권선구 세류동,경상사고,0,0,3,0,차대차 - 측면충돌,신호위반,건조,맑음,교차로 - 교차로안,승용,남,26세,상해없음,승용,여,43세,경상
2018112700100016,2018년 11월 27일 01시,화요일,경기도 수원시 영통구 영통동,경상사고,0,0,1,0,차대차 - 기타,교차로운행방법위반,건조,맑음,교차로 - 교차로안,승용,남,41세,상해없음,승용,남,48세,경상
2018112700100072,2018년 11월 27일 07시,화요일,경기도 수원시 장안구 파장동,경상사고,0,0,1,0,차대사람 - 기타,안전운전불이행,건조,맑음,교차로 - 교차로안,승용,남,53세,상해없음,보행자,남,68세,경상
2018112700100105,2018년 11월 27일 08시,화요일,경기도 수원시 영통구 망포동,중상사고,0,1,1,0,차대차 - 측면충돌,불법유턴,건조,맑음,단일로 - 기타,승용,여,40세,상해없음,자전거,남,18세,중상
2018112700100153,2018년 11월 27일 09시,화요일,경기도 수원시 장안구 연무동,경상사고,0,0,1,0,차대차 - 추돌,안전운전불이행,건조,흐림,단일로 - 기타,승용,남,44세,상해없음,승용,남,39세,경상
2018112700100155,2018년 11월 27일 09시,화요일,경기도 수원시 권선구 권선동,경상사고,0,0,1,0,차대차 - 측면충돌,안전운전불이행,건조,맑음,교차로 - 교차로안,이륜,남,79세,상해없음,승용,여,55세,경상
2018112700100206,2018년 11월 27일 11시,화요일,경기도 수원시 권선구 권선동,중상사고,0,1,0,0,차대차 - 기타,안전운전불이행,건조,맑음,단일로 - 기타,화물,남,51세,상해없음,이륜,남,36세,중상
2018112700100229,2018년 11월 27일 12시,화요일,경기도 수원시 장안구 송죽동,중상사고,0,1,1,0,차대차 - 기타,안전거리미확보,건조,맑음,단일로 - 기타,승용,남,36세,상해없음,승합,남,53세,상해없음
2018112700100232,2018년 11월 27일 12시,화요일,경기도 수원시 팔달구 매산로2가,경상사고,0,0,1,0,차대사람 - 기타,안전운전불이행,건조,흐림,단일로 - 기타,화물,남,65세,상해없음,보행자,남,30세,경상
2018112700100233,2018년 11월 27일 12시,화요일,경기도 수원시 권선구 구운동,경상사고,0,0,1,0,차대차 - 측면충돌,안전운전불이행,건조,맑음,교차로 - 교차로안,승용,남,42세,상해없음,원동기,남,36세,경상
2018112700100256,2018년 11월 27일 13시,화요일,경기도 수원시 권선구 권선동,경상사고,0,0,1,0,차대차 - 측면충돌,안전거리미확보,건조,맑음,교차로 - 교차로부근,승용,여,50세,상해없음,승용,남,35세,경상
2018112700100287,2018년 11월 27일 14시,화요일,경기도 수원시 영통구 이의동,경상사고,0,0,1,0,차대차 - 측면충돌,안전운전불이행,건조,맑음,단일로 - 기타,승합,남,49세,상해없음,승용,여,41세,경상
2018112700100315,2018년 11월 27일 15시,화요일,경기도 수원시 권선구 금곡동,경상사고,0,0,2,0,차대차 - 측면충돌,교차로운행방법위반,건조,맑음,교차로 - 교차로안,승용,남,36세,상해없음,승합,남,26세,기타불명
2018112700100496,2018년 11월 27일 19시,화요일,경기도 수원시 권선구 구운동,경상사고,0,0,1,0,차대차 - 추돌,안전운전불이행,건조,맑음,단일로 - 기타,화물,남,46세,상해없음,승용,남,24세,경상
2018112700100524,2018년 11월 27일 20시,화요일,경기도 수원시 권선구 권선동,경상사고,0,0,1,0,차대사람 - 횡단중,중앙선침범,건조,맑음,단일로 - 기타,승용,남,47세,상해없음,보행자,여,65세,경상
2018112700100525,2018년 11월 27일 20시,화요일,경기도 수원시 권선구 당수동,중상사고,0,1,0,0,차대차 - 정면충돌,중앙선침범,건조,맑음,단일로 - 기타,승용,여,54세,상해없음,이륜,남,26세,중상
2018112700100544,2018년 11월 27일 21시,화요일,경기도 수원시 장안구 연무동,경상사고,0,0,1,0,차대차 - 측면충돌,안전운전불이행,건조,맑음,단일로 - 기타,승용,여,37세,상해없음,이륜,남,23세,경상
2018112700100574,2018년 11월 27일 22시,화요일,경기도 수원시 장안구 정자동,경상사고,0,0,1,0,차대차 - 추돌,안전운전불이행,건조,맑음,교차로 - 교차로안,승용,여,48세,상해없음,승합,남,68세,경상
2018112800100021,2018년 11월 28일 01시,수요일,경기도 수원시 영통구 매탄동,중상사고,0,1,0,0,차대차 - 측면충돌,안전거리미확보,건조,맑음,단일로 - 기타,승용,남,34세,상해없음,이륜,남,46세,중상
2018112800100030,2018년 11월 28일 02시,수요일,경기도 수원시 권선구 세류동,중상사고,0,1,3,0,차대차 - 측면충돌,중앙선침범,건조,맑음,단일로 - 기타,이륜,남,32세,상해없음,승용,남,20세,경상
2018112800100038,2018년 11월 28일 04시,수요일,경기도 수원시 장안구 정자동,경상사고,0,0,1,0,차대차 - 추돌,안전운전불이행,건조,맑음,단일로 - 기타,승용,남,20세,상해없음,승용,남,57세,경상
2018112800100074,2018년 11월 28일 07시,수요일,경기도 수원시 권선구 호매실동,경상사고,0,0,1,0,차대차 - 추돌,안전거리미확보,건조,맑음,단일로 - 기타,승용,남,61세,상해없음,화물,남,59세,경상
2018112800100098,2018년 11월 28일 08시,수요일,경기도 수원시 영통구 망포동,중상사고,0,1,2,0,차대차 - 추돌,신호위반,건조,맑음,교차로 - 교차로부근,승용,남,30세,상해없음,승용,남,55세,중상
2018112800100099,2018년 11월 28일 08시,수요일,경기도 수원시 영통구 영통동,중상사고,0,1,0,0,차대사람 - 횡단중,신호위반,건조,맑음,교차로 - 교차로횡단보도내,승용,여,43세,상해없음,보행자,남,30세,중상
2018112800100102,2018년 11월 28일 08시,수요일,경기도 수원시 권선구 탑동,경상사고,0,0,1,0,차대사람 - 기타,안전운전불이행,건조,맑음,단일로 - 기타,승용,여,42세,상해없음,보행자,남,10세,경상
2018112800100182,2018년 11월 28일 10시,수요일,경기도 수원시 팔달구 인계동,경상사고,0,0,3,0,차대차 - 추돌,안전운전불이행,건조,맑음,단일로 - 기타,승용,여,45세,상해없음,승용,남,60세,경상
2018112800100252,2018년 11월 28일 12시,수요일,경기도 수원시 권선구 오목천동,중상사고,0,1,7,0,차대차 - 측면충돌,신호위반,건조,맑음,교차로 - 교차로안,승합,남,45세,기타불명,승용,남,43세,경상
2018112800100253,2018년 11월 28일 12시,수요일,경기도 수원시 장안구 파장동,경상사고,0,0,3,0,차대차 - 측면충돌,안전거리미확보,건조,맑음,단일로 - 기타,화물,남,49세,상해없음,승용,여,52세,경상
2018112800100285,2018년 11월 28일 13시,수요일,경기도 수원시 권선구 호매실동,중상사고,0,1,1,0,차대차 - 기타,교차로운행방법위반,건조,맑음,교차로 - 교차로안,승용,여,54세,경상,화물,남,36세,중상
2018112800100313,2018년 11월 28일 14시,수요일,경기도 수원시 장안구 파장동,부상신고사고,0,0,0,1,차대차 - 측면충돌,안전운전불이행,건조,맑음,교차로 - 교차로안,이륜,남,38세,부상신고,승용,남,56세,상해없음
2018112800100342,2018년 11월 28일 15시,수요일,경기도 수원시 팔달구 우만동,경상사고,0,0,1,1,차대사람 - 기타,교차로운행방법위반,건조,맑음,교차로 - 교차로안,승합,남,64세,상해없음,보행자,여,74세,부상신고
2018112800100419,2018년 11월 28일 17시,수요일,경기도 수원시 권선구 오목천동,중상사고,0,1,0,0,차대차 - 측면충돌,안전거리미확보,건조,맑음,교차로 - 교차로부근,기타불명,기타불명,미분류,기타불명,승용,남,44세,상해없음
2018112800100458,2018년 11월 28일 18시,수요일,경기도 수원시 장안구 조원동,경상사고,0,0,2,0,차대차 - 추돌,안전운전불이행,건조,맑음,단일로 - 기타,승용,여,24세,경상,승용,남,40세,경상
2018112800100466,2018년 11월 28일 18시,수요일,경기도 수원시 영통구 이의동,경상사고,0,0,1,0,차대차 - 추돌,안전거리미확보,건조,맑음,교차로 - 교차로부근,승용,여,58세,상해없음,승용,여,36세,경상
2018112800100515,2018년 11월 28일 19시,수요일,경기도 수원시 장안구 영화동,경상사고,0,0,1,0,차대차 - 기타,안전운전불이행,건조,맑음,단일로 - 기타,승용,남,38세,상해없음,승용,남,33세,경상
2018112800100634,2018년 11월 28일 23시,수요일,경기도 수원시 권선구 세류동,경상사고,0,0,1,0,차대차 - 기타,안전운전불이행,건조,맑음,단일로 - 기타,승용,남,26세,상해없음,승용,여,42세,경상
2018112800100637,2018년 11월 28일 23시,수요일,경기도 수원시 권선구 세류동,경상사고,0,0,1,0,차대차 - 측면충돌,안전운전불이행,건조,맑음,단일로 - 기타,승용,남,44세,상해없음,승용,남,70세,경상
2018112900100005,2018년 11월 29일 00시,목요일,경기도 수원시 팔달구 우만동,경상사고,0,0,1,0,차대차 - 기타,안전거리미확보,건조,맑음,단일로 - 기타,승용,남,68세,상해없음,승용,남,53세,경상
2018112900100006,2018년 11월 29일 00시,목요일,경기도 수원시 권선구 권선동,부상신고사고,0,0,0,1,차대차 - 기타,중앙선침범,건조,맑음,단일로 - 기타,승용,남,46세,상해없음,이륜,남,23세,부상신고
2018112900100007,2018년 11월 29일 00시,목요일,경기도 수원시 영통구 신동,중상사고,0,1,0,0,차대차 - 기타,안전거리미확보,건조,맑음,교차로 - 교차로부근,승용,남,28세,상해없음,승용,남,53세,중상
2018112900100049,2018년 11월 29일 05시,목요일,경기도 수원시 권선구 구운동,경상사고,0,0,1,1,차대차 - 추돌,중앙선침범,건조,맑음,단일로 - 기타,이륜,남,40세,부상신고,승용,남,52세,경상
2018112900100077,2018년 11월 29일 07시,목요일,경기도 수원시 장안구 영화동,중상사고,0,1,0,0,차대차 - 측면충돌,안전운전불이행,건조,맑음,교차로 - 교차로안,특수,남,55세,상해없음,이륜,남,61세,중상
2018112900100101,2018년 11월 29일 08시,목요일,경기도 수원시 장안구 이목동,중상사고,0,1,0,0,차대사람 - 기타,안전운전불이행,건조,맑음,교차로 - 교차로안,승용,여,25세,상해없음,보행자,남,66세,중상