사고번호,사고일시,요일,시군구,사고내용,사망자수,중상자수,경상자수,부상신고자수,사고유형,법규위반,노면상태,기상상태,도로형태,가해운전자 차종,가해운전자 성별,가해운전자 연령,가해운전자 상해정도,피해운전자 차종,피해운전자 성별,피해운전자 연령,피해운전자 상해정도
2018120800100557,2018년 12월 8일 21시,토요일,경기도 수원시 권선구 권선동,중상사고,0,1,1,0,차대차 - 측면충돌,안전거리미확보,건조,맑음,단일로 - 기타,승용,남,29세,상해없음,이륜,남,40세,중상
2018120900100031,2018년 12월 9일 02시,일요일,경기도 수원시 팔달구 인계동,중상사고,0,1,0,0,차량단독 - 공작물충돌,안전운전불이행,건조,맑음,단일로 - 기타,승용,남,30세,상해없음,,,,
2018120900100054,2018년 12월 9일 05시,일요일,경기도 수원시 팔달구 인계동,중상사고,0,1,1,1,차대차 - 추돌,안전거리미확보,건조,맑음,단일로 - 기타,승용,남,59세,상해없음,승용,남,57세,중상
2018120900100085,2018년 12월 9일 09시,일요일,경기도 수원시 팔달구 인계동,경상사고,0,0,1,0,차량단독 - 기타,안전운전불이행,건조,맑음,단일로 - 기타,승합,남,54세,상해없음,,,,
2018120900100096,2018년 12월 9일 10시,일요일,경기도 수원시 팔달구 우만동,경상사고,0,0,1,0,차대차 - 측면충돌,안전운전불이행,건조,맑음,교차로 - 교차로부근,승용,남,70세,상해없음,승용,남,26세,경상
2018120900100103,2018년 12월 9일 10시,일요일,경기도 수원시 팔달구 장안동,부상신고사고,0,0,0,2,차대차 - 기타,안전운전불이행,건조,맑음,단일로 - 기타,승용,여,52세,상해없음,승용,여,55세,부상신고
2018120900100117,2018년 12월 9일 11시,일요일,경기도 수원시 권선구 권선동,경상사고,0,0,1,0,차대차 - 기타,안전거리미확보,건조,맑음,단일로 - 기타,승용,남,54세,상해없음,승용,여,53세,경상
2018120900100172,2018년 12월 9일 14시,일요일,경기도 수원시 권선구 권선동,경상사고,0,0,2,0,차대차 - 추돌,안전운전불이행,건조,맑음,단일로 - 기타,승용,남,47세,상해없음,승용,남,56세,경상
2018120900100244,2018년 12월 9일 17시,일요일,경기도 수원시 영통구 영통동,중상사고,0,1,0,0,차대차 - 측면충돌,안전운전불이행,건조,맑음,교차로 - 교차로안,승용,남,31세,상해없음,이륜,남,39세,중상
2018120900100245,2018년 12월 9일 17시,일요일,경기도 수원시 팔달구 고등동,경상사고,0,0,2,0,차대차 - 측면충돌,신호위반,건조,맑음,교차로 - 교차로횡단보도내,승용,남,63세,상해없음,승용,남,40세,경상
2018120900100272,2018년 12월 9일 18시,일요일,경기도 수원시 장안구 정자동,경상사고,0,0,1,3,차대차 - 추돌,안전운전불이행,건조,맑음,교차로 - 교차로부근,승용,남,46세,상해없음,승용,여,41세,경상
2018120900100273,2018년 12월 9일 18시,일요일,경기도 수원시 장안구 송죽동,사망사고,1,0,1,0,차대사람 - 횡단중,안전운전불이행,건조,맑음,단일로 - 기타,승용,남,63세,상해없음,보행자,여,79세,사망
2018120900100316,2018년 12월 9일 19시,일요일,경기도 수원시 권선구 권선동,경상사고,0,0,1,0,차대차 - 기타,안전거리미확보,건조,맑음,기타 - 기타,승용,남,70세,상해없음,승용,남,57세,상해없음
2018120900100343,2018년 12월 9일 20시,일요일,경기도 수원시 장안구 파장동,경상사고,0,0,1,0,차대차 - 측면충돌,안전거리미확보,건조,맑음,교차로 - 교차로안,이륜,남,35세,경상,승용,남,52세,상해없음
2018120900100367,2018년 12월 9일 21시,일요일,경기도 수원시 영통구 매탄동,경상사고,0,0,1,0,차대차 - 측면충돌,신호위반,건조,맑음,교차로 - 교차로안,승용,남,48세,상해없음,승용,남,24세,경상
2018120900100401,2018년 12월 9일 23시,일요일,경기도 수원시 장안구 정자동,중상사고,0,1,0,0,차대차 - 기타,기타,건조,맑음,단일로 - 기타,승용,남,50세,상해없음,자전거,남,26세,중상
2018121000100017,2018년 12월 10일 02시,월요일,경기도 수원시 권선구 탑동,경상사고,0,0,1,0,차대차 - 기타,교차로운행방법위반,건조,맑음,교차로 - 교차로안,승용,남,23세,상해없음,이륜,남,19세,경상
2018121000100035,2018년 12월 10일 06시,월요일,경기도 수원시 팔달구 매산로1가,경상사고,0,0,1,0,차량단독 - 기타,안전운전불이행,건조,맑음,단일로 - 기타,승합,남,48세,상해없음,,,,
2018121000100111,2018년 12월 10일 09시,월요일,경기도 수원시 팔달구 우만동,경상사고,0,0,1,0,차대차 - 추돌,안전운전불이행,건조,맑음,교차로 - 교차로부근,승용,남,30세,상해없음,승용,여,58세,경상
2018121000100150,2018년 12월 10일 10시,월요일,경기도 수원시 권선구 권선동,경상사고,0,0,1,0,차량단독 - 기타,안전운전불이행,건조,맑음,교차로 - 교차로안,이륜,남,32세,경상,,,,
2018121000100191,2018년 12월 10일 11시,월요일,경기도 수원시 영통구 매탄동,중상사고,0,2,1,0,차대차 - 기타,중앙선침범,건조,맑음,교차로 - 교차로부근,승용,남,23세,경상,승용,남,43세,중상
2018121000100320,2018년 12월 10일 15시,월요일,경기도 수원시 팔달구 팔달로3가,중상사고,0,1,0,0,차량단독 - 기타,안전운전불이행,건조,맑음,교차로 - 교차로안,승합,남,61세,상해없음,,,,
2018121000100324,2018년 12월 10일 15시,월요일,경기도 수원시 권선구 세류동,중상사고,0,1,0,0,차대사람 - 기타,안전운전불이행,건조,맑음,단일로 - 기타,승용,남,66세,상해없음,보행자,여,40세,중상
2018121000100353,2018년 12월 10일 16시,월요일,경기도 수원시 팔달구 화서동,경상사고,0,0,1,0,차대차 - 측면충돌,직진우회전진행방해,건조,맑음,교차로 - 교차로안,승용,남,59세,상해없음,승용,여,31세,경상
2018121000100395,2018년 12월 10일 17시,월요일,경기도 수원시 권선구 세류동,경상사고,0,0,1,0,차대차 - 추돌,안전거리미확보,건조,맑음,기타 - 기타,승합,여,28세,상해없음,승용,여,50세,경상
2018121000100436,2018년 12월 10일 18시,월요일,경기도 수원시 장안구 연무동,경상사고,0,0,1,0,차대차 - 기타,교차로운행방법위반,건조,맑음,교차로 - 교차로안,승용,남,55세,상해없음,자전거,여,42세,경상
2018121000100445,2018년 12월 10일 18시,월요일,경기도 수원시 영통구 매탄동,경상사고,0,0,1,0,차대차 - 측면충돌,중앙선침범,건조,맑음,기타 - 기타,승용,남,45세,상해없음,이륜,남,38세,경상
2018121000100503,2018년 12월 10일 19시,월요일,경기도 수원시 권선구 평동,중상사고,0,1,5,1,차대차 - 추돌,안전운전불이행,건조,맑음,단일로 - 기타,승용,여,48세,경상,승용,남,56세,경상
2018121100100020,2018년 12월 11일 02시,화요일,경기도 수원시 영통구 하동,경상사고,0,0,1,0,차대차 - 추돌,안전운전불이행,건조,맑음,단일로 - 기타,승용,남,36세,상해없음,화물,남,52세,경상
2018121100100073,2018년 12월 11일 07시,화요일,경기도 수원시 권선구 권선동,경상사고,0,0,1,0,차대차 - 측면충돌,안전운전불이행,건조,맑음,교차로 - 교차로안,승용,여,57세,상해없음,자전거,남,78세,경상
2018121100100074,2018년 12월 11일 07시,화요일,경기도 수원시 영통구 망포동,중상사고,0,1,2,0,차대차 - 기타,안전거리미확보,젖음/습기,맑음,단일로 - 기타,특수,남,24세,상해없음,승용,여,52세,중상
2018121100100143,2018년 12월 11일 09시,화요일,경기도 수원시 권선구 탑동,경상사고,0,0,1,0,차대차 - 측면충돌,교차로운행방법위반,건조,맑음,교차로 - 교차로안,승용,여,47세,상해없음,승용,여,62세,경상
2018121100100195,2018년 12월 11일 11시,화요일,경기도 수원시 팔달구 매산로2가,중상사고,0,1,0,0,차대사람 - 기타,안전운전불이행,건조,맑음,교차로 - 교차로부근,화물,남,54세,상해없음,보행자,남,76세,중상
2018121100100319,2018년 12월 11일 15시,화요일,경기도 수원시 장안구 조원동,중상사고,0,1,0,0,차대사람 - 횡단중,안전운전불이행,건조,맑음,단일로 - 기타,승용,여,56세,상해없음,보행자,여,61세,중상
2018121100100388,2018년 12월 11일 17시,화요일,경기도 수원시 장안구 연무동,경상사고,0,0,1,0,차대사람 - 횡단중,보행자보호의무위반,건조,맑음,교차로 - 교차로횡단보도내,승용,여,51세,상해없음,보행자,남,38세,경상
2018121100100446,2018년 12월 11일 18시,화요일,경기도 수원시 장안구 정자동,경상사고,0,0,2,0,차대차 - 기타,안전거리미확보,건조,맑음,교차로 - 교차로부근,승합,남,68세,기타불명,승용,남,23세,경상
2018121100100570,2018년 12월 11일 21시,화요일,경기도 수원시 장안구 파장동,경상사고,0,0,1,0,차대차 - 추돌,안전거리미확보,젖음/습기,흐림,교차로 - 교차로안,승용,남,49세,기타불명,승용,남,39세,경상
2018121100100577,2018년 12월 11일 21시,화요일,경기도 수원시 권선구 구운동,경상사고,0,0,2,0,차대차 - 측면충돌,안전운전불이행,건조,맑음,교차로 - 교차로부근,승용,여,51세,상해없음,승용,남,31세,경상
2018121200100086,2018년 12월 12일 07시,수요일,경기도 수원시 팔달구 매산로2가,경상사고,0,0,1,0,차대사람 - 횡단중,안전운전불이행,건조,맑음,교차로 - 교차로안,승용,남,71세,상해없음,보행자,남,24세,경상
2018121200100087,2018년 12월 12일 07시,수요일,경기도 수원시 권선구 호매실동,경상사고,0,0,1,0,차대차 - 기타,안전거리미확보,건조,맑음,단일로 - 기타,건설기계,남,61세,상해없음,승용,남,26세,경상
2018121200100111,2018년 12월 12일 08시,수요일,경기도 수원시 장안구 파장동,중상사고,0,1,2,0,차대차 - 추돌,안전운전불이행,건조,맑음,교차로 - 교차로부근,승용,남,58세,상해없음,승용,남,64세,중상
2018121200100117,2018년 12월 12일 08시,수요일,경기도 수원시 팔달구 인계동,중상사고,0,1,0,0,차대차 - 기타,교차로운행방법위반,건조,맑음,교차로 - 교차로안,승용,남,44세,상해없음,승용,남,25세,중상
2018121200100249,2018년 12월 12일 12시,수요일,경기도 수원시 팔달구 우만동,부상신고사고,0,0,0,2,차대차 - 측면충돌,차로위반,건조,맑음,단일로 - 기타,승용,여,42세,부상신고,승용,여,56세,부상신고
2018121200100340,2018년 12월 12일 15시,수요일,경기도 수원시 권선구 고색동,경상사고,0,0,3,1,차대차 - 기타,신호위반,건조,맑음,교차로 - 교차로부근,승용,남,55세,상해없음,승용,남,48세,부상신고
2018121200100387,2018년 12월 12일 16시,수요일,경기도 수원시 권선구 권선동,중상사고,0,1,0,0,차대사람 - 횡단중,안전운전불이행,건조,맑음,단일로 - 기타,승용,여,58세,상해없음,보행자,여,53세,중상
2018121200100420,2018년 12월 12일 17시,수요일,경기도 수원시 권선구 서둔동,경상사고,0,0,1,0,차대차 - 측면충돌,신호위반,건조,맑음,단일로 - 지하차도(도로)내,승용,남,49세,상해없음,승용,남,38세,경상
2018121200100455,2018년 12월 12일 18시,수요일,경기도 수원시 장안구 연무동,중상사고,0,1,0,0,차대차 - 기타,교차로운행방법위반,건조,맑음,교차로 - 교차로안,승용,여,66세,상해없음,이륜,남,62세,중상
2018121200100553,2018년 12월 12일 20시,수요일,경기도 수원시 영통구 영통동,경상사고,0,0,1,0,차대차 - 측면충돌,안전운전불이행,건조,맑음,단일로 - 기타,승용,남,34세,상해없음,이륜,남,51세,경상
2018121200100629,2018년 12월 12일 23시,수요일,경기도 수원시 팔달구 우만동,중상사고,0,1,0,0,차대사람 - 횡단중,안전거리미확보,건조,맑음,교차로 - 교차로안,승용,남,48세,상해없음,보행자,남,52세,중상
2018121300100030,2018년 12월 13일 03시,목요일,경기도 수원시 권선구 권선동,경상사고,0,0,1,0,차대차 - 측면충돌,안전거리미확보,건조,맑음,교차로 - 교차로부근,승용,남,37세,상해없음,화물,남,44세,경상
2018121300100080,2018년 12월 13일 07시,목요일,경기도 수원시 권선구 세류동,경상사고,0,0,1,0,차대사람 - 횡단중,안전운전불이행,건조,맑음,단일로 - 기타,화물,남,67세,상해없음,보행자,여,65세,경상
2018121300100112,2018년 12월 13일 08시,목요일,경기도 수원시 영통구 영통동,경상사고,0,0,2,0,차대차 - 기타,안전운전불이행,서리/결빙,눈,교차로 - 교차로부근,화물,남,63세,상해없음,승용,여,35세,경상
2018121300100168,2018년 12월 13일 09시,목요일,경기도 수원시 권선구 권선동,경상사고,0,0,1,0,차대차 - 추돌,안전거리미확보,적설,눈,단일로 - 기타,승용,남,29세,상해없음,승용,남,55세,경상
2018121300100169,2018년 12월 13일 09시,목요일,경기도 수원시 영통구 망포동,경상사고,0,0,1,0,차대차 - 측면충돌,안전운전불이행,적설,눈,교차로 - 교차로안,승용,남,38세,상해없음,승용,남,60세,상해없음
2018121300100170,2018년 12월 13일 09시,목요일,경기도 수원시 영통구 망포동,경상사고,0,0,2,0,차대차 - 기타,안전운전불이행,서리/결빙,맑음,단일로 - 기타,승용,남,38세,상해없음,승용,여,38세,경상
2018121300100171,2018년 12월 13일 09시,목요일,경기도 수원시 영통구 이의동,경상사고,0,0,1,0,차대차 - 추돌,안전거리미확보,적설,눈,단일로 - 기타,승용,여,36세,상해없음,승용,남,20세,경상
2018121300100172,2018년 12월 13일 09시,목요일,경기도 수원시 권선구 권선동,경상사고,0,0,1,0,차대차 - 추돌,안전거리미확보,서리/결빙,눈,교차로 - 교차로부근,승용,여,35세,상해없음,승용,여,28세,경상
2018121300100177,2018년 12월 13일 09시,목요일,경기도 수원시 팔달구 고등동,경상사고,0,0,1,0,차대사람 - 횡단중,안전운전불이행,적설,눈,교차로 - 교차로부근,승용,남,36세,상해없음,보행자,여,68세,경상
2018121300100178,2018년 12월 13일 09시,목요일,경기도 수원시 팔달구 고등동,경상사고,0,0,1,0,차대차 - 추돌,안전운전불이행,서리/결빙,눈,단일로 - 기타,승용,남,41세,기타불명,화물,여,68세,경상
2018121300100258,2018년 12월 13일 11시,목요일,경기도 수원시 권선구 세류동,경상사고,0,0,2,0,차대차 - 추돌,안전운전불이행,적설,눈,단일로 - 기타,화물,남,31세,상해없음,승용,남,58세,경상
2018121300100260,2018년 12월 13일 11시,목요일,경기도 수원시 권선구 금곡동,경상사고,0,0,2,0,차대차 - 추돌,안전운전불이행,서리/결빙,눈,교차로 - 교차로부근,화물,남,49세,상해없음,승용,여,33세,경상
2018121300100314,2018년 12월 13일 13시,목요일,경기도 수원시 팔달구 인계동,경상사고,0,0,1,0,차대차 - 측면충돌,중앙선침범,젖음/습기,맑음,기타 - 기타,승용,남,37세,상해없음,승용,여,59세,경상
2018121300100403,2018년 12월 13일 16시,목요일,경기도 수원시 장안구 송죽동,경상사고,0,0,2,0,차대차 - 정면충돌,중앙선침범,서리/결빙,흐림,단일로 - 기타,화물,남,65세,상해없음,승용,남,21세,경상
2018121300100406,2018년 12월 13일 16시,목요일,경기도 수원시 영통구 이의동,경상사고,0,0,1,0,차대차 - 기타,기타,서리/결빙,맑음,기타 - 기타,승용,여,48세,상해없음,이륜,남,30세,경상
2018121300100439,2018년 12월 13일 17시,목요일,경기도 수원시 영통구 원천동,경상사고,0,0,1,0,차대사람 - 횡단중,안전운전불이행,건조,맑음,기타 - 기타,화물,남,56세,상해없음,보행자,남,26세,경상
2018121300100539,2018년 12월 13일 19시,목요일,경기도 수원시 팔달구 매산로1가,경상사고,0,0,1,0,차대차 - 추돌,안전운전불이행,건조,맑음,단일로 - 기타,승용,남,36세,상해없음,승용,남,59세,경상
2018121300100574,2018년 12월 13일 20시,목요일,경기도 수원시 영통구 영통동,중상사고,0,1,5,0,차대차 - 정면충돌,중앙선침범,건조,맑음,단일로 - 기타,화물,남,34세,상해없음,승용,남,55세,중상
2018121300100575,2018년 12월 13일 20시,목요일,경기도 수원시 영통구 하동,중상사고,0,1,0,0,차대차 - 기타,안전운전불이행,건조,맑음,단일로 - 기타,승용,남,56세,상해없음,승용,남,25세,중상
2018121300100633,2018년 12월 13일 23시,목요일,경기도 수원시 장안구 천천동,경상사고,0,0,2,1,차대차 - 추돌,안전운전불이행,건조,맑음,교차로 - 교차로부근,승용,남,52세,상해없음,승용,남,39세,부상신고
2018121300100636,2018년 12월 13일 23시,목요일,경기도 수원시 영통구 매탄동,경상사고,0,0,4,0,차대차 - 추돌,안전운전불이행,건조,맑음,교차로 - 교차로부근,승용,남,52세,상해없음,승용,남,32세,경상
2018121400100007,2018년 12월 14일 00시,금요일,경기도 수원시 권선구 권선동,중상사고,0,2,1,0,차대차 - 추돌,안전운전불이행,서리/결빙,맑음,교차로 - 교차로부근,승용,남,37세,상해없음,승용,남,57세,경상
2018121400100008,2018년 12월 14일 00시,금요일,경기도 수원시 영통구 영통동,경상사고,0,0,1,0,차대차 - 기타,교차로운행방법위반,서리/결빙,흐림,교차로 - 교차로안,승용,남,48세,기타불명,이륜,남,36세,경상
2018121400100020,2018년 12월 14일 01시,금요일,경기도 수원시 팔달구 인계동,중상사고,0,1,0,0,차대사람 - 보도통행중,안전운전불이행,서리/결빙,맑음,교차로 - 교차로안,승용,남,24세,상해없음,보행자,여,62세,중상
2018121400100167,2018년 12월 14일 10시,금요일,경기도 수원시 권선구 금곡동,경상사고,0,0,1,0,차대차 - 측면충돌,신호위반,젖음/습기,맑음,교차로 - 교차로안,승용,남,29세,상해없음,승용,여,56세,경상
2018121400100442,2018년 12월 14일 17시,금요일,경기도 수원시 장안구 조원동,경상사고,0,0,1,0,차대차 - 정면충돌,신호위반,건조,맑음,교차로 - 교차로안,승용,여,39세,상해없음,이륜,남,51세,경상
2018121400100455,2018년 12월 14일 17시,금요일,경기도 수원시 팔달구 매교동,중상사고,0,1,0,0,차대사람 - 횡단중,보행자보호의무위반,건조,맑음,단일로 - 기타,승용,여,32세,상해없음,보행자,남,57세,중상
2018121400100609,2018년 12월 14일 20시,금요일,경기도 수원시 장안구 천천동,경상사고,0,0,2,0,차대차 - 정면충돌,신호위반,건조,맑음,교차로 - 교차로안,승용,여,46세,경상,승용,여,39세,경상
2018121400100692,2018년 12월 14일 22시,금요일,경기도 수원시 영통구 신동,경상사고,0,0,1,0,차대차 - 기타,안전운전불이행,서리/결빙,맑음,단일로 - 기타,승용,남,29세,상해없음,승용,여,64세,경상
2018121500100010,2018년 12월 15일 00시,토요일,경기도 수원시 영통구 원천동,경상사고,0,0,2,0,차대차 - 기타,교차로운행방법위반,건조,맑음,교차로 - 교차로안,화물,남,31세,상해없음,화물,남,61세,경상
2018121500100012,2018년 12월 15일 00시,토요일,경기도 수원시 권선구 구운동,경상사고,0,0,2,0,차대차 - 추돌,안전운전불이행,건조,맑음,교차로 - 교차로부근,이륜,남,22세,상해없음,승용,남,60세,경상
2018121500100035,2018년 12월 15일 01시,토요일,경기도 수원시 장안구 영화동,경상사고,0,0,1,0,차대차 - 기타,안전운전불이행,건조,맑음,교차로 - 교차로부근,승용,남,27세,상해없음,승용,남,32세,경상
2018121500100040,2018년 12월 15일 01시,토요일,경기도 수원시 영통구 매탄동,중상사고,0,1,0,0,차대차 - 기타,신호위반,건조,맑음,교차로 - 교차로안,승용,남,32세,상해없음,개인형이동수단(PM),남,45세,중상
2018121500100070,2018년 12월 15일 03시,토요일,경기도 수원시 영통구 이의동,경상사고,0,0,1,1,차대차 - 측면충돌,신호위반,건조,맑음,교차로 - 교차로안,승용,남,34세,상해없음,승용,여,62세,경상
2018121500100130,2018년 12월 15일 07시,토요일,경기도 수원시 팔달구 우만동,중상사고,0,1,0,0,차대차 - 기타,신호위반,건조,맑음,교차로 - 교차로안,화물,남,58세,상해없음,화물,남,38세,중상
2018121500100181,2018년 12월 15일 09시,토요일,경기도 수원시 영통구 영통동,경상사고,0,0,2,0,차대차 - 측면충돌,신호위반,건조,맑음,교차로 - 교차로안,승용,여,41세,경상,승합,남,47세,상해없음
2018121500100360,2018년 12월 15일 14시,토요일,경기도 수원시 영통구 망포동,중상사고,0,1,0,0,차대차 - 측면충돌,중앙선침범,건조,맑음,단일로 - 기타,승용,남,42세,상해없음,이륜,남,34세,중상
2018121500100404,2018년 12월 15일 15시,토요일,경기도 수원시 팔달구 인계동,경상사고,0,0,3,0,차대차 - 추돌,안전운전불이행,건조,맑음,단일로 - 기타,승용,남,57세,상해없음,승용,남,30세,경상
2018121500100405,2018년 12월 15일 15시,토요일,경기도 수원시 장안구 정자동,경상사고,0,0,1,0,차대사람 - 길가장자리구역통행중,안전운전불이행,젖음/습기,맑음,단일로 - 기타,승용,남,23세,상해없음,보행자,여,25세,경상
2018121500100444,2018년 12월 15일 16시,토요일,경기도 수원시 권선구 권선동,경상사고,0,0,1,0,차대차 - 측면충돌,안전운전불이행,건조,맑음,단일로 - 기타,승용,남,52세,상해없음,승용,여,50세,경상
2018121500100598,2018년 12월 15일 20시,토요일,경기도 수원시 권선구 오목천동,경상사고,0,0,1,0,차대차 - 측면충돌,안전운전불이행,건조,맑음,교차로 - 교차로안,승용,여,42세,상해없음,이륜,남,16세,경상
2018121600100003,2018년 12월 16일 00시,일요일,경기도 수원시 권선구 권선동,경상사고,0,0,3,0,차대차 - 추돌,안전운전불이행,건조,맑음,교차로 - 교차로부근,승용,남,32세,상해없음,승용,여,45세,경상
2018121600100046,2018년 12월 16일 02시,일요일,경기도 수원시 팔달구 인계동,경상사고,0,0,2,0,차대차 - 후진중충돌,불법유턴,건조,맑음,교차로 - 교차로안,승합,남,50세,상해없음,승용,남,24세,경상
2018121600100064,2018년 12월 16일 03시,일요일,경기도 수원시 팔달구 인계동,경상사고,0,0,1,0,차대사람 - 기타,안전운전불이행,건조,맑음,교차로 - 교차로안,승용,남,26세,상해없음,보행자,남,23세,경상
2018121600100198,2018년 12월 16일 14시,일요일,경기도 수원시 팔달구 매산로1가,경상사고,0,0,1,0,차대차 - 측면충돌,안전운전불이행,건조,흐림,교차로 - 교차로부근,승용,남,46세,상해없음,승용,남,35세,경상
2018121600100240,2018년 12월 16일 16시,일요일,경기도 수원시 장안구 정자동,부상신고사고,0,0,0,1,차량단독 - 전도전복 - 전도,안전운전불이행,건조,흐림,주차장 - 주차장,원동기,남,81세,부상신고,미분류,미분류,미분류,미분류
2018121600100269,2018년 12월 16일 17시,일요일,경기도 수원시 팔달구 고등동,경상사고,0,0,1,0,차대차 - 정면충돌,안전운전불이행,건조,흐림,교차로 - 교차로안,승용,여,55세,상해없음,승용,남,37세,경상
2018121600100270,2018년 12월 16일 17시,일요일,경기도 수원시 팔달구 매산로1가,경상사고,0,0,1,0,차대사람 - 횡단중,안전운전불이행,건조,맑음,단일로 - 기타,승용,남,58세,상해없음,보행자,남,47세,경상
2018121600100297,2018년 12월 16일 18시,일요일,경기도 수원시 팔달구 인계동,경상사고,0,0,1,0,차대사람 - 차도통행중,안전운전불이행,건조,맑음,교차로 - 교차로부근,승합,남,45세,상해없음,보행자,남,65세,경상
2018121600100391,2018년 12월 16일 21시,일요일,경기도 수원시 팔달구 매산로2가,경상사고,0,0,1,0,차대사람 - 기타,안전운전불이행,건조,맑음,교차로 - 교차로부근,승용,남,34세,기타불명,보행자,남,35세,경상
2018121600100413,2018년 12월 16일 22시,일요일,경기도 수원시 팔달구 장안동,경상사고,0,0,1,0,차대차 - 측면충돌,안전거리미확보,건조,맑음,교차로 - 교차로안,승용,여,54세,상해없음,승용,남,44세,경상
2018121700100179,2018년 12월 17일 08시,월요일,경기도 수원시 영통구 매탄동,경상사고,0,0,4,0,차대차 - 추돌,안전거리미확보,건조,맑음,단일로 - 기타,승용,남,62세,상해없음,승용,남,34세,경상
2018121700100249,2018년 12월 17일 09시,월요일,경기도 수원시 팔달구 매교동,중상사고,0,1,0,0,차대사람 - 기타,안전운전불이행,서리/결빙,맑음,단일로 - 기타,승합,남,67세,상해없음,보행자,여,71세,중상
2018121700100427,2018년 12월 17일 15시,월요일,경기도 수원시 장안구 파장동,경상사고,0,0,4,0,차대차 - 기타,안전운전불이행,건조,맑음,교차로 - 교차로부근,승용,남,31세,상해없음,승용,남,33세,경상
2018121700100550,2018년 12월 17일 18시,월요일,경기도 수원시 팔달구 화서동,경상사고,0,0,1,0,차대차 - 측면충돌,신호위반,건조,맑음,교차로 - 교차로안,승용,남,50세,상해없음,승용,남,38세,경상
2018121700100620,2018년 12월 17일 19시,월요일,경기도 수원시 권선구 권선동,경상사고,0,0,2,0,차대차 - 추돌,안전운전불이행,건조,맑음,기타 - 기타,승용,남,34세,상해없음,화물,남,70세,경상
2018121700100652,2018년 12월 17일 20시,월요일,경기도 수원시 권선구 권선동,중상사고,0,1,0,0,차대차 - 측면충돌,안전운전불이행,건조,맑음,교차로 - 교차로안,화물,남,30세,상해없음,이륜,남,27세,중상
2018121700100654,2018년 12월 17일 20시,월요일,경기도 수원시 권선구 고색동,경상사고,0,0,1,0,차대차 - 추돌,안전운전불이행,건조,흐림,교차로 - 교차로부근,승용,남,40세,상해없음,화물,남,52세,경상
2018121700100685,2018년 12월 17일 21시,월요일,경기도 수원시 팔달구 인계동,경상사고,0,0,1,0,차대차 - 측면충돌,신호위반,건조,맑음,교차로 - 교차로안,승용,여,32세,상해없음,승용,여,51세,경상
2018121700100688,2018년 12월 17일 21시,월요일,경기도 수원시 팔달구 매산로1가,경상사고,0,0,1,0,차대차 - 기타,안전운전불이행,건조,맑음,단일로 - 기타,승합,남,45세,상해없음,승합,남,36세,상해없음
2018121700100736,2018년 12월 17일 23시,월요일,경기도 수원시 팔달구 팔달로3가,경상사고,0,0,1,0,차대차 - 기타,안전운전불이행,건조,맑음,교차로 - 교차로안,승용,남,37세,상해없음,승용,남,26세,경상
2018121800100069,2018년 12월 18일 06시,화요일,경기도 수원시 장안구 파장동,경상사고,0,0,1,0,차대차 - 추돌,안전운전불이행,젖음/습기,맑음,단일로 - 기타,화물,남,67세,상해없음,승용,남,45세,경상
2018121800100074,2018년 12월 18일 06시,화요일,경기도 수원시 권선구 서둔동,경상사고,0,0,1,0,차대차 - 측면충돌,신호위반,건조,맑음,교차로 - 교차로안,승용,남,56세,상해없음,이륜,남,30세,경상
2018121800100137,2018년 12월 18일 08시,화요일,경기도 수원시 팔달구 화서동,경상사고,0,0,1,0,차대사람 - 기타,기타,건조,맑음,단일로 - 기타,기타불명,기타불명,미분류,기타불명,보행자,여,26세,경상
2018121800100144,2018년 12월 18일 08시,화요일,경기도 수원시 팔달구 인계동,경상사고,0,0,1,0,차대차 - 기타,안전운전불이행,적설,맑음,교차로 - 교차로부근,승용,여,43세,상해없음,승용,남,51세,경상
2018121800100147,2018년 12월 18일 08시,화요일,경기도 수원시 권선구 세류동,경상사고,0,0,1,0,차대사람 - 기타,안전운전불이행,건조,맑음,단일로 - 기타,승합,남,63세,기타불명,보행자,여,14세,경상
2018121800100190,2018년 12월 18일 09시,화요일,경기도 수원시 장안구 정자동,중상사고,0,1,0,0,차대차 - 기타,교차로운행방법위반,건조,맑음,교차로 - 교차로안,자전거,남,78세,중상,승용,여,47세,상해없음
2018121800100226,2018년 12월 18일 10시,화요일,경기도 수원시 영통구 하동,경상사고,0,0,1,0,차대차 - 기타,신호위반,건조,맑음,단일로 - 터널,화물,남,67세,상해없음,승용,남,35세,경상
2018121800100284,2018년 12월 18일 12시,화요일,경기도 수원시 권선구 평동,경상사고,0,0,1,0,차대차 - 측면충돌,중앙선침범,건조,맑음,단일로 - 기타,이륜,남,20세,경상,승용,남,32세,상해없음
2018121800100404,2018년 12월 18일 16시,화요일,경기도 수원시 장안구 하광교동,경상사고,0,0,1,0,차대차 - 기타,안전운전불이행,건조,맑음,단일로 - 기타,승용,남,31세,상해없음,승용,남,38세,경상
2018121800100447,2018년 12월 18일 17시,화요일,경기도 수원시 권선구 권선동,부상신고사고,0,0,0,1,차대차 - 기타,안전거리미확보,건조,맑음,단일로 - 기타,화물,남,57세,상해없음,승용,남,30세,부상신고