사고번호,사고일시,요일,시군구,사고내용,사망자수,중상자수,경상자수,부상신고자수,사고유형,법규위반,노면상태,기상상태,도로형태,가해운전자 차종,가해운전자 성별,가해운전자 연령,가해운전자 상해정도,피해운전자 차종,피해운전자 성별,피해운전자 연령,피해운전자 상해정도
2018121800100484,2018년 12월 18일 18시,화요일,경기도 수원시 팔달구 우만동,경상사고,0,0,1,0,차대사람 - 기타,교차로운행방법위반,건조,맑음,교차로 - 교차로안,승용,여,42세,상해없음,보행자,여,24세,경상
2018121800100491,2018년 12월 18일 18시,화요일,경기도 수원시 권선구 권선동,경상사고,0,0,2,0,차대차 - 측면충돌,안전운전불이행,건조,맑음,교차로 - 교차로안,승용,여,26세,상해없음,승용,남,30세,경상
2018121900100025,2018년 12월 19일 01시,수요일,경기도 수원시 영통구 영통동,경상사고,0,0,1,0,차대차 - 추돌,안전운전불이행,건조,맑음,교차로 - 교차로부근,승용,남,40세,상해없음,화물,남,57세,경상
2018121900100096,2018년 12월 19일 07시,수요일,경기도 수원시 영통구 영통동,경상사고,0,0,2,0,차대차 - 측면충돌,신호위반,건조,맑음,교차로 - 교차로안,승용,남,26세,상해없음,승용,여,45세,경상
2018121900100097,2018년 12월 19일 07시,수요일,경기도 수원시 권선구 권선동,경상사고,0,0,1,0,차대차 - 측면충돌,차로위반,건조,맑음,단일로 - 기타,승용,남,27세,상해없음,이륜,남,24세,경상
2018121900100194,2018년 12월 19일 10시,수요일,경기도 수원시 팔달구 우만동,경상사고,0,0,1,0,차대차 - 측면충돌,신호위반,건조,맑음,교차로 - 교차로안,화물,여,57세,상해없음,승합,남,57세,상해없음
2018121900100248,2018년 12월 19일 12시,수요일,경기도 수원시 권선구 금곡동,중상사고,0,1,2,0,차대차 - 기타,안전거리미확보,건조,맑음,단일로 - 기타,승용,남,66세,상해없음,승용,여,37세,중상
2018121900100321,2018년 12월 19일 14시,수요일,경기도 수원시 영통구 영통동,경상사고,0,0,1,0,차대차 - 측면충돌,교차로운행방법위반,건조,맑음,교차로 - 교차로안,승용,남,45세,상해없음,승용,남,49세,경상
2018121900100481,2018년 12월 19일 18시,수요일,경기도 수원시 영통구 신동,경상사고,0,0,1,0,차대차 - 측면충돌,차로위반,건조,맑음,단일로 - 기타,화물,남,48세,상해없음,승용,남,29세,경상
2018121900100484,2018년 12월 19일 18시,수요일,경기도 수원시 팔달구 매교동,중상사고,0,1,0,0,차대차 - 측면충돌,안전운전불이행,건조,맑음,교차로 - 교차로안,승용,남,52세,상해없음,이륜,남,46세,중상
2018121900100528,2018년 12월 19일 19시,수요일,경기도 수원시 장안구 율전동,부상신고사고,0,0,0,2,차대차 - 측면충돌,안전운전불이행,건조,맑음,교차로 - 교차로부근,승용,남,50세,부상신고,승용,여,26세,부상신고
2018121900100534,2018년 12월 19일 19시,수요일,경기도 수원시 권선구 호매실동,경상사고,0,0,1,2,차대차 - 측면충돌,차로위반,건조,맑음,단일로 - 기타,승용,남,60세,부상신고,승합,남,50세,경상
2018121900100640,2018년 12월 19일 23시,수요일,경기도 수원시 권선구 권선동,경상사고,0,0,1,0,차대차 - 측면충돌,안전운전불이행,건조,맑음,교차로 - 교차로부근,승용,여,41세,상해없음,이륜,남,34세,경상
2018121900100643,2018년 12월 19일 23시,수요일,경기도 수원시 팔달구 매산로3가,경상사고,0,0,1,0,차대차 - 기타,기타,건조,맑음,교차로 - 교차로부근,승용,남,37세,상해없음,승용,남,19세,경상
2018122000100034,2018년 12월 20일 02시,목요일,경기도 수원시 영통구 영통동,중상사고,0,1,0,0,차대사람 - 횡단중,보행자보호의무위반,건조,맑음,단일로 - 기타,승합,남,34세,상해없음,보행자,남,18세,중상
2018122000100045,2018년 12월 20일 04시,목요일,경기도 수원시 팔달구 인계동,경상사고,0,0,1,0,차대차 - 측면충돌,신호위반,건조,맑음,교차로 - 교차로안,승용,여,23세,상해없음,승용,남,59세,경상
2018122000100068,2018년 12월 20일 06시,목요일,경기도 수원시 권선구 입북동,경상사고,0,0,1,0,차대차 - 기타,기타,건조,맑음,단일로 - 기타,승용,남,53세,상해없음,승용,남,24세,경상
2018122000100255,2018년 12월 20일 13시,목요일,경기도 수원시 팔달구 고등동,경상사고,0,0,1,0,차대차 - 기타,안전운전불이행,건조,맑음,교차로 - 교차로안,승합,여,50세,상해없음,자전거,여,47세,경상
2018122000100276,2018년 12월 20일 14시,목요일,경기도 수원시 팔달구 화서동,경상사고,0,0,2,1,차대차 - 측면충돌,신호위반,건조,맑음,교차로 - 교차로안,승용,남,56세,부상신고,승용,여,55세,경상
2018122000100279,2018년 12월 20일 14시,목요일,경기도 수원시 권선구 권선동,경상사고,0,0,1,0,차대차 - 기타,안전거리미확보,건조,맑음,기타 - 기타,승용,여,44세,상해없음,승용,남,51세,경상
2018122000100311,2018년 12월 20일 15시,목요일,경기도 수원시 팔달구 구천동,중상사고,0,1,0,0,차량단독 - 기타,기타,건조,맑음,단일로 - 기타,승합,남,46세,상해없음,,,,
2018122000100345,2018년 12월 20일 16시,목요일,경기도 수원시 권선구 구운동,경상사고,0,0,2,0,차대차 - 기타,안전운전불이행,건조,맑음,단일로 - 기타,승용,남,71세,상해없음,승합,남,56세,경상
2018122000100370,2018년 12월 20일 17시,목요일,경기도 수원시 팔달구 우만동,경상사고,0,0,2,0,차대차 - 기타,교차로운행방법위반,건조,맑음,교차로 - 교차로안,승용,여,45세,경상,승용,여,41세,경상
2018122000100412,2018년 12월 20일 18시,목요일,경기도 수원시 장안구 율전동,중상사고,0,1,2,0,차대차 - 추돌,안전운전불이행,건조,맑음,단일로 - 기타,승용,여,65세,경상,승용,여,53세,중상
2018122000100413,2018년 12월 20일 18시,목요일,경기도 수원시 장안구 정자동,경상사고,0,0,1,0,차대차 - 추돌,안전거리미확보,건조,맑음,교차로 - 교차로부근,화물,남,21세,상해없음,승용,여,36세,경상
2018122000100509,2018년 12월 20일 20시,목요일,경기도 수원시 장안구 정자동,경상사고,0,0,2,0,차대차 - 추돌,안전운전불이행,건조,맑음,단일로 - 기타,승용,남,46세,상해없음,승용,남,33세,경상
2018122000100510,2018년 12월 20일 20시,목요일,경기도 수원시 팔달구 신풍동,중상사고,0,1,0,0,차대사람 - 횡단중,안전운전불이행,건조,맑음,교차로 - 교차로부근,승용,남,41세,상해없음,보행자,남,52세,중상
2018122000100537,2018년 12월 20일 21시,목요일,경기도 수원시 장안구 조원동,부상신고사고,0,0,0,2,차대사람 - 기타,안전운전불이행,건조,맑음,단일로 - 기타,이륜,남,49세,부상신고,보행자,여,53세,부상신고
2018122000100570,2018년 12월 20일 22시,목요일,경기도 수원시 권선구 금곡동,경상사고,0,0,1,0,차대차 - 추돌,과속,건조,맑음,기타 - 기타,승용,남,24세,상해없음,승용,남,23세,경상
2018122100100081,2018년 12월 21일 06시,금요일,경기도 수원시 장안구 파장동,중상사고,0,1,0,0,차대차 - 기타,불법유턴,건조,맑음,교차로 - 교차로부근,자전거,여,49세,중상,승용,남,54세,상해없음
2018122100100273,2018년 12월 21일 12시,금요일,경기도 수원시 팔달구 인계동,경상사고,0,0,1,0,차대사람 - 기타,안전운전불이행,건조,맑음,단일로 - 기타,승용,남,58세,상해없음,보행자,여,27세,경상
2018122100100274,2018년 12월 21일 12시,금요일,경기도 수원시 영통구 원천동,경상사고,0,0,1,0,차대차 - 측면충돌,차로위반,건조,맑음,기타 - 기타,승합,남,53세,상해없음,승용,남,35세,경상
2018122100100275,2018년 12월 21일 12시,금요일,경기도 수원시 권선구 세류동,경상사고,0,0,1,0,차대차 - 기타,안전거리미확보,건조,맑음,단일로 - 기타,승용,남,75세,상해없음,이륜,남,36세,경상
2018122100100362,2018년 12월 21일 15시,금요일,경기도 수원시 팔달구 교동,경상사고,0,0,1,0,차대차 - 기타,안전거리미확보,건조,맑음,단일로 - 기타,승용,남,63세,상해없음,승합,남,56세,상해없음
2018122100100427,2018년 12월 21일 17시,금요일,경기도 수원시 장안구 송죽동,경상사고,0,0,1,1,차대차 - 추돌,안전운전불이행,건조,맑음,단일로 - 지하차도(도로)내,승용,여,50세,기타불명,화물,남,37세,부상신고
2018122100100492,2018년 12월 21일 18시,금요일,경기도 수원시 영통구 망포동,중상사고,0,2,0,0,차대차 - 측면충돌,신호위반,건조,맑음,교차로 - 교차로부근,이륜,남,32세,중상,자전거,남,16세,중상
2018122100100493,2018년 12월 21일 18시,금요일,경기도 수원시 권선구 권선동,경상사고,0,0,1,0,차대차 - 측면충돌,교차로운행방법위반,건조,맑음,교차로 - 교차로안,승용,남,44세,상해없음,이륜,남,26세,경상
2018122100100614,2018년 12월 21일 21시,금요일,경기도 수원시 장안구 정자동,중상사고,0,1,0,0,차대차 - 추돌,안전운전불이행,건조,맑음,교차로 - 교차로부근,승용,남,50세,상해없음,승용,여,46세,중상
2018122100100618,2018년 12월 21일 21시,금요일,경기도 수원시 권선구 권선동,중상사고,0,1,0,0,차대차 - 측면충돌,안전운전불이행,건조,맑음,교차로 - 교차로안,승용,남,25세,상해없음,이륜,남,61세,중상
2018122200100033,2018년 12월 22일 01시,토요일,경기도 수원시 팔달구 인계동,경상사고,0,0,1,0,차대사람 - 기타,안전운전불이행,건조,맑음,단일로 - 기타,승용,남,22세,상해없음,보행자,여,28세,경상
2018122200100110,2018년 12월 22일 07시,토요일,경기도 수원시 장안구 정자동,경상사고,0,0,1,0,차대차 - 후진중충돌,안전운전불이행,건조,맑음,교차로 - 교차로부근,승용,여,68세,상해없음,승용,남,30세,경상
2018122200100166,2018년 12월 22일 09시,토요일,경기도 수원시 권선구 세류동,부상신고사고,0,0,0,1,차대차 - 추돌,안전운전불이행,건조,맑음,단일로 - 기타,기타불명,기타불명,미분류,기타불명,승용,여,33세,부상신고
2018122200100215,2018년 12월 22일 11시,토요일,경기도 수원시 장안구 조원동,경상사고,0,0,1,1,차대차 - 기타,교차로운행방법위반,건조,맑음,교차로 - 교차로부근,승용,여,48세,상해없음,승용,남,30세,경상
2018122200100262,2018년 12월 22일 12시,토요일,경기도 수원시 팔달구 화서동,부상신고사고,0,0,0,1,차대차 - 기타,안전운전불이행,건조,맑음,단일로 - 기타,승용,남,55세,상해없음,자전거,남,17세,부상신고
2018122200100287,2018년 12월 22일 13시,토요일,경기도 수원시 장안구 연무동,경상사고,0,0,1,0,차대차 - 측면충돌,기타,건조,맑음,교차로 - 교차로안,승용,여,61세,상해없음,화물,남,47세,경상
2018122200100288,2018년 12월 22일 13시,토요일,경기도 수원시 팔달구 지동,경상사고,0,0,1,0,차대사람 - 기타,안전운전불이행,건조,맑음,단일로 - 기타,승용,남,63세,기타불명,보행자,여,38세,경상
2018122200100333,2018년 12월 22일 14시,토요일,경기도 수원시 권선구 금곡동,경상사고,0,0,4,0,차대차 - 추돌,안전운전불이행,건조,맑음,단일로 - 기타,승용,남,59세,상해없음,승용,남,45세,경상
2018122200100334,2018년 12월 22일 14시,토요일,경기도 수원시 팔달구 매산로1가,중상사고,0,1,0,0,차대사람 - 기타,안전운전불이행,건조,맑음,교차로 - 교차로부근,승합,남,45세,상해없음,보행자,여,57세,중상
2018122200100374,2018년 12월 22일 15시,토요일,경기도 수원시 권선구 평동,경상사고,0,0,1,0,차대차 - 기타,안전운전불이행,건조,맑음,기타 - 기타,승용,남,42세,상해없음,승용,남,66세,기타불명
2018122200100438,2018년 12월 22일 17시,토요일,경기도 수원시 팔달구 인계동,경상사고,0,0,1,1,차대차 - 후진중충돌,안전운전불이행,건조,맑음,기타 - 기타,승용,남,59세,상해없음,승용,여,39세,경상
2018122200100440,2018년 12월 22일 17시,토요일,경기도 수원시 팔달구 매산로1가,경상사고,0,0,1,0,차대차 - 측면충돌,안전거리미확보,건조,맑음,교차로 - 교차로부근,승용,남,31세,상해없음,승용,남,59세,상해없음
2018122300100009,2018년 12월 23일 00시,일요일,경기도 수원시 팔달구 인계동,경상사고,0,0,1,0,차대사람 - 차도통행중,안전운전불이행,건조,맑음,단일로 - 기타,승용,여,24세,상해없음,보행자,남,20세,경상
2018122300100070,2018년 12월 23일 04시,일요일,경기도 수원시 팔달구 매산로3가,중상사고,0,1,0,0,차량단독 - 공작물충돌,안전운전불이행,건조,맑음,교차로 - 교차로부근,승용,남,71세,중상,,,,
2018122300100220,2018년 12월 23일 14시,일요일,경기도 수원시 권선구 호매실동,중상사고,0,1,0,0,차대사람 - 횡단중,신호위반,건조,맑음,교차로 - 교차로부근,원동기,남,56세,상해없음,보행자,여,26세,중상
2018122300100248,2018년 12월 23일 15시,일요일,경기도 수원시 권선구 세류동,경상사고,0,0,3,0,차대차 - 기타,안전운전불이행,건조,맑음,단일로 - 기타,승용,남,23세,경상,승용,남,35세,경상
2018122300100324,2018년 12월 23일 18시,일요일,경기도 수원시 장안구 송죽동,경상사고,0,0,1,0,차대차 - 기타,안전운전불이행,건조,맑음,단일로 - 기타,승용,여,23세,상해없음,화물,남,43세,기타불명
2018122300100331,2018년 12월 23일 18시,일요일,경기도 수원시 영통구 영통동,부상신고사고,0,0,0,1,차대차 - 측면충돌,교차로운행방법위반,건조,맑음,교차로 - 교차로안,이륜,남,26세,부상신고,승용,남,39세,상해없음
2018122300100438,2018년 12월 23일 23시,일요일,경기도 수원시 권선구 호매실동,중상사고,0,1,0,0,차대차 - 기타,안전운전불이행,건조,맑음,단일로 - 기타,이륜,남,16세,상해없음,승합,남,37세,상해없음
2018122400100004,2018년 12월 24일 00시,월요일,경기도 수원시 팔달구 인계동,경상사고,0,0,3,0,차대차 - 측면충돌,중앙선침범,건조,맑음,교차로 - 교차로부근,승용,남,37세,상해없음,승용,남,58세,경상
2018122400100005,2018년 12월 24일 00시,월요일,경기도 수원시 권선구 권선동,중상사고,0,1,0,0,차대차 - 측면충돌,신호위반,건조,맑음,교차로 - 교차로부근,승용,남,21세,상해없음,이륜,남,23세,중상
2018122400100006,2018년 12월 24일 00시,월요일,경기도 수원시 권선구 권선동,경상사고,0,0,2,0,차대차 - 측면충돌,신호위반,건조,맑음,교차로 - 교차로안,승용,남,60세,상해없음,승용,여,54세,경상
2018122400100012,2018년 12월 24일 01시,월요일,경기도 수원시 권선구 권선동,경상사고,0,0,2,0,차대차 - 추돌,안전운전불이행,건조,맑음,교차로 - 교차로부근,승용,여,39세,상해없음,승용,여,29세,경상
2018122400100025,2018년 12월 24일 03시,월요일,경기도 수원시 권선구 금곡동,중상사고,0,1,1,0,차대차 - 정면충돌,중앙선침범,건조,맑음,단일로 - 기타,승용,남,20세,상해없음,승용,남,53세,중상
2018122400100053,2018년 12월 24일 06시,월요일,경기도 수원시 영통구 영통동,경상사고,0,0,2,0,차대차 - 측면충돌,신호위반,건조,맑음,교차로 - 교차로안,승용,남,30세,상해없음,승용,남,47세,경상
2018122400100232,2018년 12월 24일 12시,월요일,경기도 수원시 권선구 권선동,경상사고,0,0,1,0,차대차 - 측면충돌,안전운전불이행,건조,맑음,교차로 - 교차로부근,이륜,남,42세,경상,승용,남,62세,상해없음
2018122400100409,2018년 12월 24일 17시,월요일,경기도 수원시 장안구 율전동,경상사고,0,0,1,0,차대사람 - 기타,안전운전불이행,건조,맑음,기타 - 기타,화물,남,56세,상해없음,보행자,여,40세,경상
2018122400100452,2018년 12월 24일 18시,월요일,경기도 수원시 장안구 정자동,부상신고사고,0,0,0,1,차대차 - 측면충돌,교차로운행방법위반,건조,맑음,단일로 - 기타,자전거,남,73세,부상신고,승용,남,61세,상해없음
2018122400100624,2018년 12월 24일 22시,월요일,경기도 수원시 영통구 매탄동,경상사고,0,0,1,0,차대사람 - 횡단중,안전운전불이행,건조,맑음,교차로 - 교차로안,승합,남,33세,상해없음,보행자,여,69세,경상
2018122500100004,2018년 12월 25일 00시,화요일,경기도 수원시 팔달구 고등동,경상사고,0,0,1,0,차대사람 - 횡단중,안전운전불이행,건조,맑음,교차로 - 교차로횡단보도내,승용,남,30세,상해없음,보행자,남,29세,경상
2018122500100022,2018년 12월 25일 01시,화요일,경기도 수원시 장안구 영화동,경상사고,0,0,2,0,차대차 - 측면충돌,차로위반,건조,맑음,교차로 - 교차로부근,승용,남,54세,경상,승합,남,57세,경상
2018122500100038,2018년 12월 25일 02시,화요일,경기도 수원시 장안구 율전동,경상사고,0,0,1,0,차대차 - 측면충돌,교차로운행방법위반,건조,맑음,교차로 - 교차로부근,승용,남,66세,상해없음,승용,남,60세,경상
2018122500100073,2018년 12월 25일 05시,화요일,경기도 수원시 팔달구 인계동,경상사고,0,0,1,0,차대차 - 추돌,안전운전불이행,건조,맑음,교차로 - 교차로부근,승용,남,25세,상해없음,승용,남,23세,기타불명
2018122500100106,2018년 12월 25일 09시,화요일,경기도 수원시 팔달구 매교동,중상사고,0,1,0,0,차대차 - 기타,교차로운행방법위반,건조,맑음,교차로 - 교차로안,승용,남,78세,상해없음,승합,남,47세,중상
2018122500100228,2018년 12월 25일 16시,화요일,경기도 수원시 팔달구 매산로1가,경상사고,0,0,1,0,차대사람 - 기타,기타,건조,맑음,단일로 - 기타,승용,남,50세,상해없음,보행자,남,27세,경상
2018122500100252,2018년 12월 25일 17시,화요일,경기도 수원시 팔달구 인계동,경상사고,0,0,1,0,차대차 - 추돌,안전운전불이행,건조,맑음,교차로 - 교차로부근,승용,여,54세,상해없음,승용,여,50세,경상
2018122500100288,2018년 12월 25일 18시,화요일,경기도 수원시 권선구 금곡동,경상사고,0,0,1,2,차대차 - 추돌,안전운전불이행,젖음/습기,기타,단일로 - 기타,승용,남,26세,상해없음,승용,여,37세,경상
2018122500100348,2018년 12월 25일 20시,화요일,경기도 수원시 장안구 송죽동,경상사고,0,0,1,0,차대차 - 측면충돌,신호위반,건조,맑음,교차로 - 교차로안,이륜,남,17세,경상,승용,여,49세,상해없음
2018122500100352,2018년 12월 25일 20시,화요일,경기도 수원시 권선구 권선동,경상사고,0,0,1,0,차대사람 - 기타,안전운전불이행,건조,맑음,교차로 - 교차로안,기타불명,기타불명,미분류,기타불명,보행자,남,26세,경상
2018122500100400,2018년 12월 25일 22시,화요일,경기도 수원시 권선구 고색동,경상사고,0,0,1,0,차대차 - 추돌,안전운전불이행,건조,맑음,기타 - 기타,승용,남,29세,상해없음,승용,여,62세,경상
2018122600100095,2018년 12월 26일 08시,수요일,경기도 수원시 영통구 원천동,중상사고,0,1,3,0,차대차 - 추돌,안전운전불이행,건조,맑음,단일로 - 터널,건설기계,남,56세,상해없음,승용,남,39세,경상
2018122600100098,2018년 12월 26일 08시,수요일,경기도 수원시 권선구 고색동,경상사고,0,0,2,0,차대차 - 측면충돌,직진우회전진행방해,건조,맑음,교차로 - 교차로안,승용,여,47세,경상,승용,남,40세,경상
2018122600100126,2018년 12월 26일 09시,수요일,경기도 수원시 영통구 매탄동,경상사고,0,0,1,0,차대차 - 측면충돌,교차로운행방법위반,건조,맑음,교차로 - 교차로안,승용,남,63세,상해없음,승용,여,41세,경상
2018122600100148,2018년 12월 26일 10시,수요일,경기도 수원시 권선구 구운동,중상사고,0,1,0,0,차대차 - 측면충돌,중앙선침범,건조,맑음,단일로 - 기타,승용,남,56세,상해없음,이륜,남,72세,중상
2018122600100219,2018년 12월 26일 12시,수요일,경기도 수원시 팔달구 교동,부상신고사고,0,0,0,1,차대사람 - 보도통행중,기타,건조,맑음,기타 - 기타,기타불명,기타불명,미분류,기타불명,보행자,여,66세,부상신고
2018122600100284,2018년 12월 26일 14시,수요일,경기도 수원시 팔달구 영동,경상사고,0,0,1,0,차대사람 - 기타,안전운전불이행,건조,맑음,단일로 - 기타,이륜,여,52세,기타불명,보행자,남,29세,경상
2018122600100290,2018년 12월 26일 14시,수요일,경기도 수원시 영통구 매탄동,경상사고,0,0,1,0,차대차 - 측면충돌,안전거리미확보,건조,맑음,단일로 - 기타,화물,남,61세,상해없음,이륜,남,24세,경상
2018122600100291,2018년 12월 26일 14시,수요일,경기도 수원시 팔달구 인계동,경상사고,0,0,1,1,차대차 - 측면충돌,차로위반,건조,맑음,단일로 - 기타,승용,남,64세,상해없음,승용,남,54세,경상
2018122600100318,2018년 12월 26일 15시,수요일,경기도 수원시 장안구 정자동,중상사고,0,1,0,0,차대차 - 기타,안전운전불이행,건조,맑음,교차로 - 교차로안,승합,남,60세,기타불명,자전거,남,11세,중상
2018122600100351,2018년 12월 26일 16시,수요일,경기도 수원시 장안구 정자동,경상사고,0,0,1,0,차대차 - 기타,안전운전불이행,건조,맑음,단일로 - 기타,승용,남,63세,상해없음,이륜,남,54세,기타불명
2018122600100470,2018년 12월 26일 19시,수요일,경기도 수원시 장안구 파장동,경상사고,0,0,1,0,차대사람 - 기타,안전운전불이행,건조,맑음,단일로 - 기타,승용,남,37세,상해없음,보행자,남,59세,경상
2018122600100507,2018년 12월 26일 20시,수요일,경기도 수원시 권선구 권선동,경상사고,0,0,2,0,차대차 - 측면충돌,신호위반,건조,맑음,교차로 - 교차로안,승용,남,29세,상해없음,승용,남,42세,경상
2018122700100026,2018년 12월 27일 01시,목요일,경기도 수원시 팔달구 인계동,경상사고,0,0,2,0,차대차 - 기타,신호위반,건조,맑음,교차로 - 교차로안,승합,남,46세,상해없음,승용,남,36세,경상
2018122700100048,2018년 12월 27일 02시,목요일,경기도 수원시 팔달구 인계동,경상사고,0,0,1,0,차대사람 - 횡단중,안전운전불이행,건조,맑음,교차로 - 교차로부근,승합,남,54세,상해없음,보행자,남,66세,경상
2018122700100084,2018년 12월 27일 06시,목요일,경기도 수원시 팔달구 매교동,경상사고,0,0,1,0,차대사람 - 기타,안전운전불이행,건조,흐림,단일로 - 기타,기타불명,기타불명,미분류,기타불명,보행자,남,63세,경상
2018122700100119,2018년 12월 27일 08시,목요일,경기도 수원시 장안구 영화동,경상사고,0,0,1,0,차대차 - 추돌,안전운전불이행,건조,맑음,단일로 - 기타,승용,남,73세,상해없음,승용,남,27세,경상
2018122700100148,2018년 12월 27일 09시,목요일,경기도 수원시 팔달구 매산로3가,경상사고,0,0,1,0,차대차 - 추돌,안전거리미확보,건조,맑음,단일로 - 기타,승용,남,22세,상해없음,승용,여,47세,경상
2018122700100315,2018년 12월 27일 15시,목요일,경기도 수원시 장안구 조원동,경상사고,0,0,1,0,차대차 - 기타,신호위반,건조,맑음,교차로 - 교차로안,승용,남,45세,상해없음,이륜,남,24세,경상
2018122700100341,2018년 12월 27일 16시,목요일,경기도 수원시 장안구 파장동,중상사고,0,1,0,0,차대사람 - 횡단중,안전운전불이행,건조,맑음,단일로 - 기타,승용,남,39세,상해없음,보행자,여,65세,중상
2018122700100386,2018년 12월 27일 17시,목요일,경기도 수원시 장안구 조원동,중상사고,0,1,0,0,차대차 - 측면충돌,안전거리미확보,건조,맑음,단일로 - 기타,승용,남,51세,상해없음,이륜,남,23세,중상
2018122700100586,2018년 12월 27일 22시,목요일,경기도 수원시 장안구 천천동,경상사고,0,0,2,0,차대차 - 측면충돌,안전운전불이행,건조,맑음,교차로 - 교차로부근,화물,남,44세,상해없음,승용,남,52세,경상
2018122700100591,2018년 12월 27일 22시,목요일,경기도 수원시 권선구 탑동,경상사고,0,0,1,0,차대사람 - 횡단중,보행자보호의무위반,건조,맑음,교차로 - 교차로부근,이륜,남,44세,상해없음,보행자,여,52세,경상
2018122800100066,2018년 12월 28일 06시,금요일,경기도 수원시 팔달구 인계동,사망사고,1,0,0,0,차대사람 - 횡단중,과속,건조,맑음,교차로 - 교차로부근,승용,남,33세,상해없음,보행자,남,33세,사망
2018122800100081,2018년 12월 28일 07시,금요일,경기도 수원시 권선구 오목천동,경상사고,0,0,2,0,차대차 - 추돌,안전거리미확보,건조,맑음,교차로 - 교차로안,승용,남,52세,경상,승용,여,37세,상해없음
2018122800100100,2018년 12월 28일 08시,금요일,경기도 수원시 권선구 세류동,중상사고,0,1,0,0,차대차 - 측면충돌,안전거리미확보,건조,맑음,기타 - 기타,승용,여,47세,상해없음,승합,남,55세,중상
2018122800100186,2018년 12월 28일 11시,금요일,경기도 수원시 장안구 조원동,중상사고,0,1,0,0,차대사람 - 횡단중,안전운전불이행,건조,맑음,단일로 - 기타,승용,남,39세,상해없음,보행자,남,86세,중상
2018122800100191,2018년 12월 28일 11시,금요일,경기도 수원시 영통구 신동,경상사고,0,0,2,0,차대차 - 측면충돌,신호위반,건조,맑음,교차로 - 교차로안,승용,남,40세,기타불명,승용,남,63세,경상
2018122800100291,2018년 12월 28일 14시,금요일,경기도 수원시 팔달구 고등동,중상사고,0,1,0,0,차대차 - 측면충돌,교차로운행방법위반,건조,맑음,교차로 - 교차로안,승용,여,40세,상해없음,이륜,남,46세,중상
2018122800100377,2018년 12월 28일 16시,금요일,경기도 수원시 팔달구 화서동,경상사고,0,0,1,0,차대사람 - 횡단중,안전운전불이행,건조,맑음,교차로 - 교차로안,승용,여,33세,상해없음,보행자,남,10세,경상
2018122800100411,2018년 12월 28일 17시,금요일,경기도 수원시 팔달구 우만동,경상사고,0,0,2,3,차대차 - 추돌,안전운전불이행,건조,맑음,단일로 - 기타,승용,남,22세,상해없음,승용,여,42세,경상
2018122800100458,2018년 12월 28일 18시,금요일,경기도 수원시 권선구 권선동,중상사고,0,1,0,0,차대차 - 정면충돌,신호위반,건조,맑음,교차로 - 교차로안,승용,여,44세,상해없음,이륜,남,33세,중상
2018122800100461,2018년 12월 28일 18시,금요일,경기도 수원시 권선구 고색동,중상사고,0,1,0,0,차대사람 - 횡단중,안전운전불이행,건조,맑음,교차로 - 교차로부근,승용,남,39세,상해없음,보행자,여,58세,중상
2018122800100549,2018년 12월 28일 20시,금요일,경기도 수원시 권선구 탑동,경상사고,0,0,1,0,차대사람 - 차도통행중,안전운전불이행,건조,맑음,교차로 - 교차로부근,이륜,남,23세,상해없음,보행자,여,43세,경상
2018122800100550,2018년 12월 28일 20시,금요일,경기도 수원시 권선구 당수동,중상사고,0,1,0,0,차대사람 - 횡단중,안전운전불이행,건조,맑음,단일로 - 기타,승용,남,30세,상해없음,보행자,여,25세,중상
2018122800100613,2018년 12월 28일 22시,금요일,경기도 수원시 장안구 파장동,경상사고,0,0,1,0,차대차 - 추돌,안전거리미확보,젖음/습기,맑음,교차로 - 교차로부근,이륜,남,38세,경상,화물,남,52세,상해없음
2018122800100617,2018년 12월 28일 22시,금요일,경기도 수원시 영통구 망포동,경상사고,0,0,1,0,차대사람 - 횡단중,신호위반,건조,맑음,교차로 - 교차로안,승용,남,63세,상해없음,보행자,남,47세,경상
2018122800100618,2018년 12월 28일 22시,금요일,경기도 수원시 영통구 영통동,경상사고,0,0,1,0,차대차 - 기타,교차로운행방법위반,건조,맑음,교차로 - 교차로안,승용,여,44세,상해없음,화물,남,56세,상해없음
2018122800100643,2018년 12월 28일 23시,금요일,경기도 수원시 장안구 연무동,중상사고,0,1,2,2,차대차 - 추돌,안전운전불이행,건조,맑음,단일로 - 기타,승용,남,50세,상해없음,승용,남,57세,경상
2018122900100009,2018년 12월 29일 00시,토요일,경기도 수원시 장안구 영화동,경상사고,0,0,1,0,차대차 - 추돌,안전운전불이행,건조,맑음,교차로 - 교차로안,승용,남,58세,상해없음,승용,남,67세,경상
2018122900100068,2018년 12월 29일 05시,토요일,경기도 수원시 권선구 금곡동,경상사고,0,0,1,0,차대차 - 추돌,안전운전불이행,건조,흐림,단일로 - 기타,승용,남,26세,경상,승용,남,53세,기타불명
2018122900100120,2018년 12월 29일 10시,토요일,경기도 수원시 영통구 원천동,경상사고,0,0,1,1,차대차 - 측면충돌,차로위반,건조,맑음,단일로 - 기타,승용,여,58세,상해없음,승용,남,70세,경상