사고번호,사고일시,요일,시군구,사고내용,사망자수,중상자수,경상자수,부상신고자수,사고유형,법규위반,노면상태,기상상태,도로형태,가해운전자 차종,가해운전자 성별,가해운전자 연령,가해운전자 상해정도,피해운전자 차종,피해운전자 성별,피해운전자 연령,피해운전자 상해정도
2019021100100266,2019년 2월 11일 14시,월요일,경기도 수원시 장안구 파장동,경상사고,0,0,1,0,차대차 - 추돌,안전거리미확보,건조,맑음,단일로 - 기타,승용,남,46세,상해없음,승용,여,52세,경상
2019021100100367,2019년 2월 11일 17시,월요일,경기도 수원시 권선구 곡반정동,중상사고,0,1,0,0,차대사람 - 횡단중,보행자보호의무위반,건조,맑음,교차로 - 교차로부근,화물,남,61세,상해없음,보행자,남,76세,중상
2019021100100394,2019년 2월 11일 18시,월요일,경기도 수원시 권선구 권선동,중상사고,0,1,0,0,차대사람 - 횡단중,안전운전불이행,건조,맑음,교차로 - 교차로안,승용,여,37세,상해없음,보행자,남,83세,중상
2019021100100443,2019년 2월 11일 19시,월요일,경기도 수원시 영통구 영통동,경상사고,0,0,1,0,차대차 - 기타,안전거리미확보,건조,맑음,교차로 - 교차로안,승용,여,42세,상해없음,승합,남,47세,상해없음
2019021100100503,2019년 2월 11일 21시,월요일,경기도 수원시 영통구 이의동,경상사고,0,0,1,0,차대차 - 측면충돌,신호위반,건조,맑음,교차로 - 교차로안,승용,남,60세,상해없음,승용,남,39세,경상
2019021100100546,2019년 2월 11일 23시,월요일,경기도 수원시 팔달구 지동,경상사고,0,0,2,0,차대사람 - 횡단중,안전운전불이행,건조,맑음,단일로 - 기타,승용,남,49세,상해없음,보행자,남,27세,경상
2019021200100021,2019년 2월 12일 00시,화요일,경기도 수원시 장안구 조원동,경상사고,0,0,1,0,차대차 - 측면충돌,신호위반,건조,맑음,교차로 - 교차로안,승용,남,54세,상해없음,승용,남,58세,경상
2019021200100042,2019년 2월 12일 02시,화요일,경기도 수원시 팔달구 인계동,경상사고,0,0,2,0,차대차 - 측면충돌,교차로운행방법위반,건조,맑음,교차로 - 교차로안,승용,남,23세,상해없음,승용,남,28세,경상
2019021200100137,2019년 2월 12일 09시,화요일,경기도 수원시 권선구 권선동,경상사고,0,0,3,0,차대차 - 추돌,안전운전불이행,건조,맑음,단일로 - 기타,승용,남,20세,상해없음,승용,남,23세,경상
2019021200100210,2019년 2월 12일 11시,화요일,경기도 수원시 영통구 영통동,경상사고,0,0,2,0,차대차 - 측면충돌,신호위반,건조,맑음,교차로 - 교차로안,승용,여,45세,경상,승용,여,55세,경상
2019021200100211,2019년 2월 12일 11시,화요일,경기도 수원시 권선구 권선동,경상사고,0,0,2,1,차대차 - 추돌,안전운전불이행,건조,맑음,교차로 - 교차로부근,승용,남,22세,부상신고,화물,남,30세,경상
2019021200100212,2019년 2월 12일 11시,화요일,경기도 수원시 권선구 입북동,경상사고,0,0,2,2,차대차 - 기타,안전거리미확보,건조,맑음,단일로 - 기타,승용,남,28세,상해없음,건설기계,남,56세,상해없음
2019021200100291,2019년 2월 12일 14시,화요일,경기도 수원시 권선구 금곡동,경상사고,0,0,1,0,차대차 - 기타,교차로운행방법위반,건조,맑음,교차로 - 교차로안,승용,여,56세,상해없음,이륜,남,27세,경상
2019021200100304,2019년 2월 12일 15시,화요일,경기도 수원시 장안구 연무동,부상신고사고,0,0,0,1,차대차 - 기타,안전운전불이행,건조,맑음,교차로 - 교차로안,자전거,남,57세,부상신고,승합,여,32세,상해없음
2019021200100405,2019년 2월 12일 18시,화요일,경기도 수원시 팔달구 남수동,경상사고,0,0,2,0,차대차 - 추돌,안전운전불이행,건조,맑음,단일로 - 기타,승용,여,46세,상해없음,승용,여,39세,경상
2019021200100445,2019년 2월 12일 19시,화요일,경기도 수원시 장안구 정자동,중상사고,0,2,3,0,차대차 - 기타,안전운전불이행,건조,맑음,교차로 - 교차로안,승용,남,32세,상해없음,승합,남,63세,경상
2019021200100522,2019년 2월 12일 23시,화요일,경기도 수원시 권선구 오목천동,경상사고,0,0,1,0,차대차 - 측면충돌,안전거리미확보,건조,맑음,단일로 - 기타,승용,남,58세,상해없음,이륜,남,16세,경상
2019021300100078,2019년 2월 13일 06시,수요일,경기도 수원시 장안구 정자동,중상사고,0,1,0,0,차대차 - 기타,안전운전불이행,건조,맑음,단일로 - 기타,승용,남,58세,상해없음,자전거,남,75세,중상
2019021300100350,2019년 2월 13일 16시,수요일,경기도 수원시 영통구 영통동,경상사고,0,0,2,1,차대차 - 기타,신호위반,건조,맑음,교차로 - 교차로안,승용,여,50세,부상신고,화물,남,45세,경상
2019021300100405,2019년 2월 13일 18시,수요일,경기도 수원시 장안구 천천동,경상사고,0,0,1,0,차대사람 - 횡단중,보행자보호의무위반,건조,맑음,교차로 - 교차로횡단보도내,승합,남,52세,상해없음,보행자,여,16세,경상
2019021300100409,2019년 2월 13일 18시,수요일,경기도 수원시 권선구 권선동,경상사고,0,0,1,0,차대차 - 추돌,안전거리미확보,건조,맑음,단일로 - 기타,승용,남,28세,상해없음,승용,남,33세,경상
2019021300100413,2019년 2월 13일 18시,수요일,경기도 수원시 권선구 호매실동,경상사고,0,0,1,0,차대차 - 측면충돌,차로위반,건조,맑음,단일로 - 기타,승용,남,59세,상해없음,원동기,남,38세,경상
2019021300100548,2019년 2월 13일 22시,수요일,경기도 수원시 권선구 권선동,경상사고,0,0,1,0,차대사람 - 횡단중,안전운전불이행,건조,맑음,교차로 - 교차로횡단보도내,승용,남,63세,상해없음,보행자,남,27세,경상
2019021400100031,2019년 2월 14일 01시,목요일,경기도 수원시 장안구 이목동,중상사고,0,3,3,0,차대차 - 기타,안전운전불이행,건조,맑음,교차로 - 교차로부근,승용,여,45세,상해없음,승용,남,63세,중상
2019021400100053,2019년 2월 14일 05시,목요일,경기도 수원시 팔달구 화서동,중상사고,0,1,0,0,차대차 - 기타,교차로운행방법위반,건조,맑음,교차로 - 교차로안,자전거,남,35세,중상,승용,남,29세,기타불명
2019021400100060,2019년 2월 14일 06시,목요일,경기도 수원시 팔달구 우만동,경상사고,0,0,1,0,차대차 - 측면충돌,신호위반,건조,맑음,교차로 - 교차로안,승합,남,53세,상해없음,승용,남,47세,경상
2019021400100079,2019년 2월 14일 07시,목요일,경기도 수원시 영통구 이의동,중상사고,0,1,0,0,차대차 - 추돌,안전거리미확보,건조,맑음,교차로 - 교차로부근,승용,남,44세,상해없음,승용,남,46세,중상
2019021400100081,2019년 2월 14일 07시,목요일,경기도 수원시 팔달구 매산로1가,경상사고,0,0,1,0,차대차 - 기타,교차로운행방법위반,건조,맑음,교차로 - 교차로안,승용,남,32세,상해없음,승용,여,54세,경상
2019021400100103,2019년 2월 14일 08시,목요일,경기도 수원시 영통구 매탄동,경상사고,0,0,3,0,차대차 - 추돌,안전거리미확보,건조,맑음,교차로 - 교차로부근,화물,남,32세,상해없음,승용,남,36세,경상
2019021400100134,2019년 2월 14일 09시,목요일,경기도 수원시 팔달구 북수동,경상사고,0,0,1,0,차대차 - 측면충돌,직진우회전진행방해,건조,맑음,교차로 - 교차로안,이륜,남,57세,상해없음,승용,남,60세,경상
2019021400100339,2019년 2월 14일 16시,목요일,경기도 수원시 장안구 연무동,경상사고,0,0,1,0,차대차 - 측면충돌,교차로운행방법위반,건조,맑음,교차로 - 교차로부근,화물,남,50세,상해없음,승용,여,46세,상해없음
2019021400100375,2019년 2월 14일 17시,목요일,경기도 수원시 권선구 금곡동,경상사고,0,0,1,0,차대차 - 측면충돌,신호위반,건조,맑음,교차로 - 교차로안,승합,남,60세,상해없음,승용,여,60세,경상
2019021400100459,2019년 2월 14일 19시,목요일,경기도 수원시 장안구 정자동,경상사고,0,0,3,0,차대차 - 측면충돌,신호위반,건조,맑음,교차로 - 교차로안,승용,여,50세,상해없음,승용,여,35세,경상
2019021400100467,2019년 2월 14일 19시,목요일,경기도 수원시 권선구 구운동,경상사고,0,0,1,0,차대차 - 후진중충돌,안전운전불이행,건조,흐림,단일로 - 기타,승용,남,47세,상해없음,승용,남,46세,경상
2019021400100494,2019년 2월 14일 20시,목요일,경기도 수원시 장안구 영화동,부상신고사고,0,0,0,1,차대사람 - 기타,안전운전불이행,건조,맑음,단일로 - 기타,승용,남,52세,상해없음,보행자,여,49세,부상신고
2019021400100499,2019년 2월 14일 20시,목요일,경기도 수원시 영통구 매탄동,경상사고,0,0,1,0,차대차 - 추돌,안전운전불이행,건조,맑음,기타 - 기타,승용,여,43세,상해없음,승용,여,58세,경상
2019021500100113,2019년 2월 15일 07시,금요일,경기도 수원시 권선구 세류동,경상사고,0,0,1,1,차대차 - 기타,신호위반,건조,맑음,교차로 - 교차로안,승용,여,44세,상해없음,승용,남,38세,경상
2019021500100207,2019년 2월 15일 09시,금요일,경기도 수원시 팔달구 인계동,경상사고,0,0,1,0,차대차 - 추돌,안전운전불이행,젖음/습기,눈,단일로 - 기타,승용,남,37세,상해없음,승용,여,51세,경상
2019021500100241,2019년 2월 15일 10시,금요일,경기도 수원시 권선구 세류동,경상사고,0,0,3,0,차대차 - 추돌,안전거리미확보,젖음/습기,비,단일로 - 고가도로위,승용,여,50세,경상,승용,남,29세,경상
2019021500100295,2019년 2월 15일 12시,금요일,경기도 수원시 장안구 정자동,부상신고사고,0,0,0,1,차대차 - 기타,안전운전불이행,건조,맑음,단일로 - 기타,이륜,남,46세,부상신고,승용,남,27세,상해없음
2019021500100322,2019년 2월 15일 13시,금요일,경기도 수원시 영통구 망포동,중상사고,0,1,0,0,차대차 - 기타,안전운전불이행,젖음/습기,눈,교차로 - 교차로안,승용,남,54세,상해없음,이륜,남,31세,중상
2019021500100363,2019년 2월 15일 14시,금요일,경기도 수원시 팔달구 인계동,중상사고,0,1,0,0,차대차 - 기타,교차로운행방법위반,건조,맑음,교차로 - 교차로안,이륜,여,47세,중상,승용,남,48세,상해없음
2019021500100365,2019년 2월 15일 14시,금요일,경기도 수원시 권선구 당수동,중상사고,0,1,0,0,차대차 - 측면충돌,신호위반,젖음/습기,눈,교차로 - 교차로안,승용,남,29세,상해없음,이륜,남,34세,중상
2019021500100401,2019년 2월 15일 15시,금요일,경기도 수원시 권선구 세류동,경상사고,0,0,1,0,차대차 - 기타,신호위반,젖음/습기,눈,교차로 - 교차로부근,승용,여,62세,상해없음,승용,여,44세,경상
2019021500100422,2019년 2월 15일 16시,금요일,경기도 수원시 장안구 천천동,중상사고,0,1,1,0,차대사람 - 기타,보행자보호의무위반,젖음/습기,흐림,교차로 - 교차로안,이륜,남,31세,경상,보행자,여,52세,중상
2019021500100455,2019년 2월 15일 17시,금요일,경기도 수원시 장안구 정자동,경상사고,0,0,2,0,차대차 - 추돌,안전운전불이행,젖음/습기,눈,교차로 - 교차로부근,승용,여,60세,상해없음,승용,남,25세,경상
2019021500100456,2019년 2월 15일 17시,금요일,경기도 수원시 팔달구 지동,경상사고,0,0,1,0,차대사람 - 횡단중,보행자보호의무위반,젖음/습기,비,단일로 - 기타,승용,남,61세,상해없음,보행자,여,25세,경상
2019021500100556,2019년 2월 15일 19시,금요일,경기도 수원시 팔달구 매산로1가,경상사고,0,0,2,1,차대차 - 측면충돌,신호위반,젖음/습기,흐림,교차로 - 교차로안,승용,남,27세,상해없음,승용,남,35세,경상
2019021500100557,2019년 2월 15일 19시,금요일,경기도 수원시 권선구 서둔동,경상사고,0,0,2,0,차대차 - 후진중충돌,안전운전불이행,젖음/습기,눈,기타 - 기타,승용,남,61세,상해없음,승용,남,39세,경상
2019021500100600,2019년 2월 15일 20시,금요일,경기도 수원시 장안구 영화동,경상사고,0,0,1,0,차대차 - 측면충돌,안전운전불이행,건조,맑음,단일로 - 기타,승용,여,50세,상해없음,승용,남,49세,경상
2019021600100186,2019년 2월 16일 11시,토요일,경기도 수원시 장안구 정자동,부상신고사고,0,0,0,1,차량단독 - 기타,안전운전불이행,젖음/습기,맑음,교차로 - 교차로안,승용,남,67세,상해없음,,,,
2019021600100213,2019년 2월 16일 12시,토요일,경기도 수원시 장안구 정자동,경상사고,0,0,2,0,차대차 - 추돌,안전거리미확보,건조,맑음,단일로 - 기타,화물,남,35세,상해없음,승용,남,62세,경상
2019021600100219,2019년 2월 16일 12시,토요일,경기도 수원시 장안구 파장동,경상사고,0,0,5,0,차대차 - 기타,안전운전불이행,건조,맑음,단일로 - 기타,승용,남,48세,상해없음,화물,남,41세,경상
2019021600100290,2019년 2월 16일 14시,토요일,경기도 수원시 영통구 영통동,경상사고,0,0,1,0,차대차 - 기타,신호위반,건조,맑음,교차로 - 교차로안,승용,남,66세,상해없음,승용,남,64세,경상
2019021600100319,2019년 2월 16일 15시,토요일,경기도 수원시 영통구 이의동,중상사고,0,1,0,0,차량단독 - 기타,안전운전불이행,건조,맑음,교차로 - 교차로부근,이륜,남,46세,중상,,,,
2019021600100323,2019년 2월 16일 15시,토요일,경기도 수원시 권선구 입북동,경상사고,0,0,4,0,차대차 - 추돌,안전거리미확보,젖음/습기,맑음,단일로 - 기타,승용,여,42세,경상,승용,남,56세,경상
2019021600100324,2019년 2월 16일 15시,토요일,경기도 수원시 권선구 입북동,중상사고,0,2,2,0,차대차 - 추돌,안전거리미확보,건조,맑음,단일로 - 기타,승용,남,52세,상해없음,화물,남,45세,경상
2019021600100325,2019년 2월 16일 15시,토요일,경기도 수원시 권선구 오목천동,경상사고,0,0,1,0,차대차 - 기타,불법유턴,건조,맑음,교차로 - 교차로부근,승용,남,60세,상해없음,승용,남,66세,경상
2019021600100371,2019년 2월 16일 16시,토요일,경기도 수원시 영통구 이의동,경상사고,0,0,2,0,차대차 - 추돌,안전운전불이행,건조,맑음,단일로 - 기타,승용,남,51세,상해없음,승용,남,41세,경상
2019021600100403,2019년 2월 16일 17시,토요일,경기도 수원시 장안구 파장동,경상사고,0,0,1,0,차대차 - 기타,신호위반,건조,맑음,교차로 - 교차로안,승용,여,48세,상해없음,승용,남,26세,경상
2019021600100404,2019년 2월 16일 17시,토요일,경기도 수원시 장안구 영화동,경상사고,0,0,1,0,차대차 - 기타,교차로운행방법위반,건조,맑음,교차로 - 교차로안,승용,남,60세,기타불명,이륜,남,34세,경상
2019021600100410,2019년 2월 16일 17시,토요일,경기도 수원시 팔달구 인계동,경상사고,0,0,4,0,차대차 - 측면충돌,교차로운행방법위반,건조,맑음,교차로 - 교차로안,화물,남,48세,경상,승용,남,56세,경상
2019021600100446,2019년 2월 16일 18시,토요일,경기도 수원시 장안구 조원동,경상사고,0,0,1,0,차대차 - 기타,신호위반,건조,맑음,교차로 - 교차로안,승용,남,47세,상해없음,이륜,남,24세,경상
2019021600100483,2019년 2월 16일 19시,토요일,경기도 수원시 장안구 파장동,경상사고,0,0,1,0,차대차 - 기타,안전운전불이행,건조,맑음,교차로 - 교차로안,승용,남,32세,상해없음,이륜,남,41세,경상
2019021600100559,2019년 2월 16일 21시,토요일,경기도 수원시 권선구 구운동,경상사고,0,0,1,0,차대차 - 기타,신호위반,건조,맑음,단일로 - 기타,화물,남,44세,상해없음,이륜,남,40세,경상
2019021600100601,2019년 2월 16일 23시,토요일,경기도 수원시 장안구 영화동,경상사고,0,0,2,0,차대차 - 기타,교차로운행방법위반,건조,맑음,단일로 - 기타,승용,남,59세,상해없음,승합,남,50세,상해없음
2019021600100602,2019년 2월 16일 23시,토요일,경기도 수원시 장안구 연무동,경상사고,0,0,1,0,차대차 - 기타,안전운전불이행,건조,맑음,교차로 - 교차로안,이륜,남,56세,상해없음,이륜,남,20세,경상
2019021600100604,2019년 2월 16일 23시,토요일,경기도 수원시 권선구 구운동,경상사고,0,0,1,0,차대차 - 추돌,안전거리미확보,건조,맑음,교차로 - 교차로부근,승용,남,59세,기타불명,승용,남,32세,경상
2019021700100055,2019년 2월 17일 01시,일요일,경기도 수원시 권선구 권선동,경상사고,0,0,1,0,차대사람 - 기타,안전운전불이행,건조,맑음,단일로 - 기타,승용,남,52세,상해없음,보행자,여,31세,경상
2019021700100056,2019년 2월 17일 01시,일요일,경기도 수원시 팔달구 인계동,중상사고,0,1,0,0,차대사람 - 기타,안전운전불이행,건조,맑음,교차로 - 교차로부근,승용,남,58세,상해없음,보행자,남,21세,중상
2019021700100085,2019년 2월 17일 03시,일요일,경기도 수원시 장안구 영화동,경상사고,0,0,3,0,차대차 - 추돌,안전거리미확보,건조,맑음,단일로 - 기타,승용,남,48세,상해없음,승용,남,59세,경상
2019021700100133,2019년 2월 17일 09시,일요일,경기도 수원시 팔달구 우만동,경상사고,0,0,1,0,차대차 - 측면충돌,교차로운행방법위반,건조,맑음,교차로 - 교차로안,승용,남,59세,상해없음,이륜,남,45세,경상
2019021700100135,2019년 2월 17일 09시,일요일,경기도 수원시 권선구 서둔동,경상사고,0,0,2,0,차대차 - 측면충돌,신호위반,건조,맑음,교차로 - 교차로안,승용,여,49세,상해없음,승용,남,26세,경상
2019021700100149,2019년 2월 17일 10시,일요일,경기도 수원시 장안구 연무동,중상사고,0,1,0,0,차대차 - 기타,교차로운행방법위반,건조,맑음,교차로 - 교차로안,승용,여,56세,상해없음,승합,남,42세,상해없음
2019021700100150,2019년 2월 17일 10시,일요일,경기도 수원시 장안구 연무동,경상사고,0,0,1,0,차대차 - 측면충돌,안전거리미확보,건조,맑음,교차로 - 교차로안,승용,남,61세,상해없음,이륜,남,41세,경상
2019021700100211,2019년 2월 17일 13시,일요일,경기도 수원시 장안구 정자동,경상사고,0,0,1,0,차대차 - 기타,안전운전불이행,건조,맑음,교차로 - 교차로안,승용,여,45세,상해없음,이륜,남,52세,경상
2019021700100233,2019년 2월 17일 14시,일요일,경기도 수원시 장안구 영화동,부상신고사고,0,0,0,3,차대차 - 측면충돌,교차로운행방법위반,건조,맑음,교차로 - 교차로안,승용,남,33세,상해없음,승용,여,36세,부상신고
2019021700100289,2019년 2월 17일 16시,일요일,경기도 수원시 영통구 영통동,중상사고,0,2,0,0,차대차 - 추돌,안전운전불이행,건조,맑음,단일로 - 기타,승용,남,64세,상해없음,승용,남,46세,중상
2019021700100317,2019년 2월 17일 17시,일요일,경기도 수원시 권선구 권선동,경상사고,0,0,2,0,차대차 - 측면충돌,안전운전불이행,건조,맑음,교차로 - 교차로안,승용,여,51세,기타불명,승용,여,48세,경상
2019021700100318,2019년 2월 17일 17시,일요일,경기도 수원시 권선구 탑동,중상사고,0,1,0,0,차대차 - 측면충돌,안전운전불이행,건조,맑음,단일로 - 기타,승용,남,28세,상해없음,이륜,남,24세,중상
2019021700100343,2019년 2월 17일 18시,일요일,경기도 수원시 장안구 영화동,부상신고사고,0,0,0,1,차대차 - 기타,안전운전불이행,건조,맑음,단일로 - 기타,화물,남,57세,상해없음,이륜,남,27세,부상신고
2019021700100387,2019년 2월 17일 19시,일요일,경기도 수원시 팔달구 매산로3가,중상사고,0,2,0,0,차대차 - 추돌,안전운전불이행,건조,맑음,교차로 - 교차로부근,승용,남,51세,상해없음,승용,여,32세,중상
2019021700100420,2019년 2월 17일 20시,일요일,경기도 수원시 팔달구 구천동,경상사고,0,0,1,0,차대차 - 기타,안전거리미확보,건조,맑음,단일로 - 기타,화물,남,55세,상해없음,승용,남,54세,경상
2019021700100423,2019년 2월 17일 20시,일요일,경기도 수원시 권선구 세류동,중상사고,0,1,0,0,차대차 - 측면충돌,안전거리미확보,건조,맑음,단일로 - 기타,승용,남,44세,상해없음,승합,남,47세,중상
2019021800100027,2019년 2월 18일 00시,월요일,경기도 수원시 팔달구 인계동,경상사고,0,0,1,0,차대사람 - 기타,안전운전불이행,건조,맑음,기타 - 기타,승용,남,21세,상해없음,보행자,남,23세,경상
2019021800100059,2019년 2월 18일 05시,월요일,경기도 수원시 영통구 영통동,사망사고,1,0,0,0,차대사람 - 횡단중,안전운전불이행,건조,맑음,단일로 - 기타,승용,남,76세,상해없음,보행자,여,76세,사망
2019021800100073,2019년 2월 18일 06시,월요일,경기도 수원시 권선구 세류동,중상사고,0,1,0,0,차대사람 - 횡단중,신호위반,건조,맑음,단일로 - 기타,승용,남,27세,상해없음,보행자,여,52세,중상
2019021800100121,2019년 2월 18일 08시,월요일,경기도 수원시 팔달구 신풍동,경상사고,0,0,1,0,차대차 - 정면충돌,안전운전불이행,건조,맑음,교차로 - 교차로안,승용,여,27세,상해없음,승용,남,27세,경상
2019021800100159,2019년 2월 18일 09시,월요일,경기도 수원시 영통구 원천동,경상사고,0,0,1,0,차대차 - 추돌,안전운전불이행,건조,맑음,단일로 - 기타,승합,남,68세,상해없음,화물,남,32세,경상
2019021800100262,2019년 2월 18일 13시,월요일,경기도 수원시 팔달구 팔달로2가,중상사고,0,1,0,0,차대사람 - 횡단중,보행자보호의무위반,건조,맑음,교차로 - 교차로횡단보도내,화물,남,38세,상해없음,보행자,여,75세,중상
2019021800100330,2019년 2월 18일 16시,월요일,경기도 수원시 장안구 정자동,부상신고사고,0,0,0,1,차대차 - 측면충돌,안전운전불이행,건조,맑음,교차로 - 교차로안,승용,여,46세,상해없음,자전거,여,8세,부상신고
2019021800100336,2019년 2월 18일 16시,월요일,경기도 수원시 권선구 오목천동,경상사고,0,0,1,0,차대차 - 측면충돌,신호위반,건조,흐림,교차로 - 교차로안,승용,남,69세,상해없음,화물,남,30세,경상
2019021800100375,2019년 2월 18일 17시,월요일,경기도 수원시 권선구 서둔동,경상사고,0,0,1,0,차대차 - 기타,안전운전불이행,건조,맑음,교차로 - 교차로안,화물,남,64세,상해없음,이륜,남,42세,경상
2019021800100409,2019년 2월 18일 18시,월요일,경기도 수원시 영통구 망포동,경상사고,0,0,1,0,차대차 - 측면충돌,신호위반,건조,맑음,교차로 - 교차로안,승용,남,26세,상해없음,이륜,남,54세,경상
2019021800100532,2019년 2월 18일 22시,월요일,경기도 수원시 영통구 매탄동,경상사고,0,0,1,0,차대차 - 기타,안전운전불이행,건조,맑음,단일로 - 기타,승용,남,50세,상해없음,승용,남,28세,경상
2019021800100560,2019년 2월 18일 23시,월요일,경기도 수원시 장안구 영화동,경상사고,0,0,1,0,차대차 - 기타,직진우회전진행방해,건조,맑음,교차로 - 교차로안,승용,여,58세,기타불명,이륜,남,25세,경상
2019021900100019,2019년 2월 19일 00시,화요일,경기도 수원시 팔달구 매교동,경상사고,0,0,1,0,차대차 - 측면충돌,신호위반,건조,맑음,교차로 - 교차로횡단보도내,승용,남,67세,상해없음,자전거,남,25세,경상
2019021900100062,2019년 2월 19일 03시,화요일,경기도 수원시 팔달구 매산로3가,경상사고,0,0,1,0,차대차 - 측면충돌,신호위반,건조,흐림,교차로 - 교차로안,승용,여,42세,상해없음,승용,여,37세,경상
2019021900100158,2019년 2월 19일 09시,화요일,경기도 수원시 권선구 오목천동,경상사고,0,0,1,0,차대차 - 추돌,안전운전불이행,적설,눈,교차로 - 교차로부근,승용,여,44세,상해없음,승용,남,52세,경상
2019021900100190,2019년 2월 19일 10시,화요일,경기도 수원시 팔달구 매산로1가,중상사고,0,1,2,0,차대차 - 측면충돌,신호위반,젖음/습기,눈,교차로 - 교차로안,승용,여,54세,상해없음,승용,남,37세,중상
2019021900100446,2019년 2월 19일 19시,화요일,경기도 수원시 영통구 망포동,경상사고,0,0,2,0,차대차 - 측면충돌,안전거리미확보,건조,맑음,기타 - 기타,승용,남,57세,상해없음,승용,남,32세,경상
2019021900100448,2019년 2월 19일 19시,화요일,경기도 수원시 권선구 호매실동,경상사고,0,0,1,0,차대차 - 기타,교차로운행방법위반,건조,맑음,교차로 - 교차로부근,화물,남,38세,상해없음,승용,남,27세,경상
2019021900100476,2019년 2월 19일 20시,화요일,경기도 수원시 영통구 영통동,중상사고,0,1,0,0,차대차 - 측면충돌,신호위반,건조,맑음,교차로 - 교차로안,승용,여,55세,상해없음,승용,여,36세,중상
2019022000100018,2019년 2월 20일 00시,수요일,경기도 수원시 장안구 영화동,경상사고,0,0,2,0,차대차 - 측면충돌,신호위반,건조,맑음,교차로 - 교차로안,승용,남,58세,상해없음,승용,남,51세,경상
2019022000100019,2019년 2월 20일 00시,수요일,경기도 수원시 장안구 송죽동,경상사고,0,0,4,0,차대차 - 기타,교차로운행방법위반,건조,맑음,교차로 - 교차로안,승용,남,38세,상해없음,승용,남,18세,경상
2019022000100034,2019년 2월 20일 01시,수요일,경기도 수원시 장안구 송죽동,경상사고,0,0,1,0,차대차 - 추돌,안전운전불이행,건조,맑음,교차로 - 교차로부근,승용,여,38세,상해없음,승합,남,53세,경상
2019022000100036,2019년 2월 20일 01시,수요일,경기도 수원시 팔달구 인계동,경상사고,0,0,1,0,차대차 - 측면충돌,안전운전불이행,건조,맑음,단일로 - 기타,승용,남,36세,상해없음,승용,남,67세,경상
2019022000100058,2019년 2월 20일 05시,수요일,경기도 수원시 장안구 파장동,경상사고,0,0,2,0,차대차 - 측면충돌,신호위반,건조,맑음,교차로 - 교차로안,승용,여,56세,경상,승합,남,51세,경상
2019022000100137,2019년 2월 20일 09시,수요일,경기도 수원시 영통구 영통동,경상사고,0,0,1,0,차대사람 - 횡단중,보행자보호의무위반,건조,맑음,교차로 - 교차로부근,승용,여,31세,상해없음,보행자,남,17세,경상
2019022000100194,2019년 2월 20일 11시,수요일,경기도 수원시 권선구 호매실동,중상사고,0,1,0,0,차대차 - 기타,교차로운행방법위반,건조,맑음,교차로 - 교차로안,승용,여,39세,상해없음,자전거,남,35세,중상
2019022000100252,2019년 2월 20일 13시,수요일,경기도 수원시 영통구 이의동,중상사고,0,1,1,0,차대차 - 측면충돌,중앙선침범,건조,맑음,단일로 - 기타,승용,여,28세,상해없음,승용,여,36세,중상
2019022000100396,2019년 2월 20일 18시,수요일,경기도 수원시 팔달구 중동,경상사고,0,0,1,0,차대사람 - 기타,안전운전불이행,건조,맑음,주차장 - 주차장,승용,남,60세,상해없음,보행자,남,49세,경상
2019022000100443,2019년 2월 20일 19시,수요일,경기도 수원시 장안구 파장동,경상사고,0,0,6,0,차대차 - 추돌,안전거리미확보,건조,맑음,교차로 - 교차로안,승용,여,46세,상해없음,승용,남,60세,경상
2019022000100444,2019년 2월 20일 19시,수요일,경기도 수원시 장안구 파장동,부상신고사고,0,0,0,1,차대사람 - 기타,안전운전불이행,건조,맑음,교차로 - 교차로안,승용,여,57세,상해없음,보행자,남,15세,부상신고
2019022000100483,2019년 2월 20일 20시,수요일,경기도 수원시 장안구 율전동,경상사고,0,0,4,0,차대차 - 측면충돌,교차로운행방법위반,건조,맑음,교차로 - 교차로안,승용,남,35세,경상,승용,남,39세,경상
2019022000100548,2019년 2월 20일 23시,수요일,경기도 수원시 장안구 파장동,경상사고,0,0,5,0,차대차 - 기타,안전운전불이행,건조,맑음,단일로 - 기타,승용,남,50세,상해없음,승용,남,26세,경상
2019022100100094,2019년 2월 21일 07시,목요일,경기도 수원시 권선구 권선동,경상사고,0,0,1,0,차대사람 - 기타,기타,건조,맑음,기타 - 기타,자전거,여,59세,상해없음,보행자,여,78세,경상
2019022100100116,2019년 2월 21일 08시,목요일,경기도 수원시 장안구 율전동,경상사고,0,0,1,0,차대사람 - 횡단중,보행자보호의무위반,건조,맑음,교차로 - 교차로횡단보도내,승합,남,30세,상해없음,보행자,남,70세,경상
2019022100100151,2019년 2월 21일 09시,목요일,경기도 수원시 팔달구 우만동,경상사고,0,0,1,0,차대차 - 추돌,안전운전불이행,건조,맑음,교차로 - 교차로부근,승용,여,56세,상해없음,승용,여,51세,경상
2019022100100157,2019년 2월 21일 09시,목요일,경기도 수원시 영통구 매탄동,경상사고,0,0,3,0,차대차 - 기타,안전거리미확보,건조,맑음,교차로 - 교차로부근,승용,여,51세,상해없음,승용,여,35세,경상
2019022100100211,2019년 2월 21일 11시,목요일,경기도 수원시 영통구 망포동,경상사고,0,0,1,0,차대차 - 측면충돌,신호위반,건조,맑음,교차로 - 교차로안,승용,여,42세,상해없음,승용,여,41세,경상