사고번호,사고일시,요일,시군구,사고내용,사망자수,중상자수,경상자수,부상신고자수,사고유형,법규위반,노면상태,기상상태,도로형태,가해운전자 차종,가해운전자 성별,가해운전자 연령,가해운전자 상해정도,피해운전자 차종,피해운전자 성별,피해운전자 연령,피해운전자 상해정도
2019030200100350,2019년 3월 2일 18시,토요일,경기도 수원시 장안구 영화동,경상사고,0,0,1,0,차대차 - 추돌,안전운전불이행,건조,맑음,단일로 - 기타,승용,남,27세,상해없음,이륜,남,32세,경상
2019030200100398,2019년 3월 2일 19시,토요일,경기도 수원시 권선구 구운동,중상사고,0,1,0,0,차대차 - 정면충돌,신호위반,건조,흐림,교차로 - 교차로안,승용,남,67세,상해없음,이륜,남,33세,중상
2019030200100432,2019년 3월 2일 20시,토요일,경기도 수원시 영통구 망포동,경상사고,0,0,1,0,차량단독 - 기타,안전운전불이행,건조,맑음,단일로 - 기타,승합,남,53세,상해없음,,,,
2019030200100495,2019년 3월 2일 23시,토요일,경기도 수원시 팔달구 지동,경상사고,0,0,2,0,차대차 - 추돌,안전운전불이행,건조,맑음,교차로 - 교차로안,승용,남,24세,경상,승용,남,40세,상해없음
2019030300100022,2019년 3월 3일 00시,일요일,경기도 수원시 장안구 파장동,중상사고,0,1,0,1,차대차 - 정면충돌,신호위반,건조,맑음,교차로 - 교차로안,승용,여,27세,상해없음,승용,남,65세,중상
2019030300100023,2019년 3월 3일 00시,일요일,경기도 수원시 장안구 영화동,중상사고,0,1,0,0,차대사람 - 횡단중,안전운전불이행,건조,맑음,단일로 - 기타,이륜,남,23세,상해없음,보행자,남,71세,중상
2019030300100056,2019년 3월 3일 03시,일요일,경기도 수원시 장안구 율전동,부상신고사고,0,0,0,1,차대사람 - 기타,안전운전불이행,건조,맑음,단일로 - 기타,승용,남,39세,상해없음,보행자,남,26세,부상신고
2019030300100154,2019년 3월 3일 13시,일요일,경기도 수원시 권선구 권선동,경상사고,0,0,6,0,차대차 - 추돌,안전운전불이행,건조,맑음,단일로 - 기타,승합,남,55세,상해없음,승용,남,42세,경상
2019030300100155,2019년 3월 3일 13시,일요일,경기도 수원시 장안구 율전동,경상사고,0,0,1,0,차대차 - 측면충돌,신호위반,건조,맑음,교차로 - 교차로안,승용,남,33세,기타불명,승용,남,59세,경상
2019030300100187,2019년 3월 3일 14시,일요일,경기도 수원시 권선구 서둔동,경상사고,0,0,2,0,차대차 - 추돌,안전운전불이행,건조,맑음,교차로 - 교차로부근,승용,남,49세,상해없음,승용,남,25세,경상
2019030300100252,2019년 3월 3일 17시,일요일,경기도 수원시 권선구 세류동,경상사고,0,0,2,0,차대차 - 기타,안전거리미확보,건조,맑음,교차로 - 교차로부근,승용,남,59세,상해없음,화물,남,35세,경상
2019030400100037,2019년 3월 4일 04시,월요일,경기도 수원시 팔달구 매산로2가,경상사고,0,0,2,0,차대차 - 기타,신호위반,건조,맑음,교차로 - 교차로안,승용,남,21세,상해없음,화물,남,39세,경상
2019030400100087,2019년 3월 4일 08시,월요일,경기도 수원시 팔달구 매산로3가,경상사고,0,0,1,0,차대차 - 측면충돌,교차로운행방법위반,건조,맑음,교차로 - 교차로안,승용,남,51세,상해없음,화물,남,36세,경상
2019030400100134,2019년 3월 4일 10시,월요일,경기도 수원시 팔달구 인계동,부상신고사고,0,0,0,1,차대차 - 기타,기타,건조,맑음,교차로 - 교차로부근,화물,남,47세,상해없음,자전거,남,82세,부상신고
2019030400100157,2019년 3월 4일 11시,월요일,경기도 수원시 장안구 영화동,중상사고,0,1,0,0,차대사람 - 길가장자리구역통행중,안전운전불이행,건조,맑음,기타 - 기타,화물,남,36세,상해없음,보행자,여,56세,중상
2019030400100195,2019년 3월 4일 12시,월요일,경기도 수원시 권선구 탑동,경상사고,0,0,1,0,차대차 - 정면충돌,안전운전불이행,건조,맑음,단일로 - 기타,승용,남,45세,상해없음,화물,남,39세,경상
2019030400100218,2019년 3월 4일 13시,월요일,경기도 수원시 영통구 매탄동,경상사고,0,0,1,0,차대차 - 추돌,안전운전불이행,건조,맑음,단일로 - 기타,승용,여,39세,상해없음,승용,남,33세,경상
2019030400100283,2019년 3월 4일 15시,월요일,경기도 수원시 영통구 원천동,경상사고,0,0,4,0,차대차 - 기타,안전운전불이행,건조,맑음,단일로 - 기타,승용,남,63세,상해없음,승용,남,56세,경상
2019030400100284,2019년 3월 4일 15시,월요일,경기도 수원시 권선구 세류동,경상사고,0,0,1,0,차대차 - 후진중충돌,안전운전불이행,건조,맑음,교차로 - 교차로안,화물,남,46세,상해없음,이륜,남,20세,경상
2019030400100368,2019년 3월 4일 17시,월요일,경기도 수원시 팔달구 매산로1가,경상사고,0,0,2,0,차대사람 - 횡단중,보행자보호의무위반,건조,맑음,단일로 - 기타,승용,여,33세,상해없음,보행자,여,49세,경상
2019030400100400,2019년 3월 4일 18시,월요일,경기도 수원시 장안구 율전동,경상사고,0,0,1,0,차대차 - 측면충돌,신호위반,건조,맑음,교차로 - 교차로안,승용,여,44세,상해없음,이륜,남,34세,경상
2019030400100401,2019년 3월 4일 18시,월요일,경기도 수원시 장안구 송죽동,중상사고,0,1,0,0,차대차 - 측면충돌,안전거리미확보,건조,맑음,기타 - 기타,승용,여,52세,상해없음,화물,여,67세,중상
2019030400100453,2019년 3월 4일 19시,월요일,경기도 수원시 팔달구 우만동,경상사고,0,0,2,0,차대차 - 기타,안전거리미확보,건조,맑음,기타 - 기타,승용,여,43세,상해없음,승용,여,55세,경상
2019030500100073,2019년 3월 5일 06시,화요일,경기도 수원시 권선구 서둔동,중상사고,0,1,0,0,차대사람 - 횡단중,안전운전불이행,건조,맑음,교차로 - 교차로횡단보도내,승용,여,64세,상해없음,보행자,여,77세,중상
2019030500100086,2019년 3월 5일 07시,화요일,경기도 수원시 팔달구 우만동,경상사고,0,0,1,0,차대차 - 측면충돌,직진우회전진행방해,건조,맑음,교차로 - 교차로안,승용,남,30세,상해없음,승용,남,31세,경상
2019030500100111,2019년 3월 5일 08시,화요일,경기도 수원시 장안구 송죽동,경상사고,0,0,1,1,차대차 - 정면충돌,직진우회전진행방해,건조,맑음,교차로 - 교차로안,승용,남,50세,부상신고,승용,여,43세,경상
2019030500100245,2019년 3월 5일 12시,화요일,경기도 수원시 영통구 이의동,경상사고,0,0,3,0,차대차 - 측면충돌,신호위반,건조,맑음,교차로 - 교차로안,화물,남,62세,상해없음,승합,남,42세,경상
2019030500100284,2019년 3월 5일 14시,화요일,경기도 수원시 팔달구 화서동,부상신고사고,0,0,0,1,차대차 - 기타,차로위반,건조,맑음,단일로 - 기타,승용,여,36세,상해없음,이륜,남,61세,부상신고
2019030500100456,2019년 3월 5일 20시,화요일,경기도 수원시 팔달구 화서동,경상사고,0,0,1,0,차대차 - 기타,안전운전불이행,건조,맑음,교차로 - 교차로안,승용,남,48세,상해없음,이륜,남,18세,경상
2019030600100042,2019년 3월 6일 02시,수요일,경기도 수원시 권선구 권선동,경상사고,0,0,1,0,차대차 - 기타,안전운전불이행,건조,맑음,단일로 - 기타,승용,남,51세,상해없음,승용,여,54세,경상
2019030600100047,2019년 3월 6일 03시,수요일,경기도 수원시 팔달구 인계동,경상사고,0,0,1,0,차대차 - 기타,안전운전불이행,건조,맑음,단일로 - 기타,기타불명,기타불명,미분류,기타불명,승용,남,35세,경상
2019030600100117,2019년 3월 6일 08시,수요일,경기도 수원시 장안구 송죽동,경상사고,0,0,1,0,차대차 - 기타,안전운전불이행,건조,맑음,교차로 - 교차로횡단보도내,자전거,남,31세,경상,승합,여,39세,상해없음
2019030600100123,2019년 3월 6일 08시,수요일,경기도 수원시 영통구 영통동,경상사고,0,0,1,0,차량단독 - 기타,안전운전불이행,건조,맑음,기타 - 기타,승합,남,49세,상해없음,,,,
2019030600100124,2019년 3월 6일 08시,수요일,경기도 수원시 권선구 탑동,경상사고,0,0,1,0,차대사람 - 차도통행중,안전운전불이행,건조,맑음,단일로 - 기타,승용,여,61세,기타불명,보행자,남,16세,경상
2019030600100252,2019년 3월 6일 12시,수요일,경기도 수원시 장안구 송죽동,경상사고,0,0,1,0,차대차 - 측면충돌,신호위반,건조,맑음,교차로 - 교차로안,이륜,남,35세,상해없음,승용,남,54세,경상
2019030600100364,2019년 3월 6일 16시,수요일,경기도 수원시 권선구 고색동,경상사고,0,0,1,0,차대차 - 측면충돌,안전운전불이행,건조,맑음,교차로 - 교차로부근,승용,여,50세,상해없음,이륜,남,27세,경상
2019030600100427,2019년 3월 6일 18시,수요일,경기도 수원시 장안구 천천동,경상사고,0,0,1,0,차대차 - 측면충돌,안전거리미확보,건조,맑음,교차로 - 교차로안,승용,여,41세,상해없음,이륜,남,17세,경상
2019030600100431,2019년 3월 6일 18시,수요일,경기도 수원시 권선구 호매실동,중상사고,0,2,1,0,차대차 - 추돌,안전운전불이행,건조,맑음,단일로 - 기타,승용,여,29세,상해없음,승용,남,58세,경상
2019030600100460,2019년 3월 6일 19시,수요일,경기도 수원시 팔달구 우만동,부상신고사고,0,0,0,1,차대사람 - 기타,안전운전불이행,건조,맑음,단일로 - 기타,승용,남,43세,상해없음,보행자,남,51세,부상신고
2019030600100474,2019년 3월 6일 19시,수요일,경기도 수원시 권선구 호매실동,중상사고,0,1,0,0,차대차 - 후진중충돌,안전운전불이행,건조,맑음,교차로 - 교차로부근,승용,여,28세,상해없음,이륜,남,36세,중상
2019030700100121,2019년 3월 7일 08시,목요일,경기도 수원시 권선구 권선동,부상신고사고,0,0,0,1,차대차 - 추돌,안전운전불이행,건조,맑음,단일로 - 지하차도(도로)내,승용,여,28세,상해없음,승용,남,49세,부상신고
2019030700100123,2019년 3월 7일 08시,목요일,경기도 수원시 팔달구 매산로1가,경상사고,0,0,1,0,차대차 - 측면충돌,신호위반,건조,맑음,교차로 - 교차로안,승합,남,71세,상해없음,승용,남,68세,경상
2019030700100167,2019년 3월 7일 09시,목요일,경기도 수원시 영통구 원천동,경상사고,0,0,2,0,차대차 - 추돌,안전운전불이행,건조,맑음,교차로 - 교차로안,승용,남,61세,상해없음,승용,여,49세,경상
2019030700100219,2019년 3월 7일 11시,목요일,경기도 수원시 권선구 권선동,경상사고,0,0,1,0,차대사람 - 횡단중,보행자보호의무위반,건조,맑음,교차로 - 교차로횡단보도내,승용,남,48세,상해없음,보행자,남,75세,경상
2019030700100272,2019년 3월 7일 13시,목요일,경기도 수원시 팔달구 지동,경상사고,0,0,2,0,차대차 - 추돌,안전거리미확보,건조,맑음,단일로 - 기타,화물,남,62세,상해없음,승용,여,38세,경상
2019030700100334,2019년 3월 7일 15시,목요일,경기도 수원시 팔달구 팔달로2가,경상사고,0,0,1,0,차대차 - 정면충돌,신호위반,건조,맑음,교차로 - 교차로안,승용,남,50세,상해없음,승용,여,40세,경상
2019030700100367,2019년 3월 7일 16시,목요일,경기도 수원시 장안구 송죽동,중상사고,0,1,0,0,차대차 - 기타,안전운전불이행,건조,맑음,단일로 - 기타,승합,남,51세,중상,승용,남,27세,상해없음
2019030700100403,2019년 3월 7일 17시,목요일,경기도 수원시 장안구 율전동,경상사고,0,0,1,0,차대차 - 기타,교차로운행방법위반,건조,맑음,교차로 - 교차로안,화물,남,60세,상해없음,승용,여,52세,경상
2019030700100404,2019년 3월 7일 17시,목요일,경기도 수원시 장안구 파장동,중상사고,0,1,0,0,차대사람 - 기타,보행자보호의무위반,건조,맑음,교차로 - 교차로횡단보도내,화물,남,24세,상해없음,보행자,여,48세,중상
2019030700100443,2019년 3월 7일 18시,목요일,경기도 수원시 팔달구 화서동,경상사고,0,0,1,0,차대차 - 기타,교차로운행방법위반,건조,맑음,교차로 - 교차로부근,승용,여,24세,상해없음,승합,남,42세,경상
2019030700100448,2019년 3월 7일 18시,목요일,경기도 수원시 권선구 세류동,경상사고,0,0,1,0,차대차 - 기타,안전운전불이행,건조,맑음,기타 - 기타,승용,남,44세,상해없음,승용,남,37세,경상
2019030700100559,2019년 3월 7일 21시,목요일,경기도 수원시 장안구 정자동,중상사고,0,1,0,0,차대차 - 기타,중앙선침범,건조,맑음,교차로 - 교차로안,자전거,남,16세,중상,승용,남,58세,상해없음
2019030700100560,2019년 3월 7일 21시,목요일,경기도 수원시 장안구 조원동,경상사고,0,0,1,0,차대사람 - 기타,보행자보호의무위반,건조,맑음,교차로 - 교차로안,승용,남,58세,상해없음,보행자,남,8세,경상
2019030800100185,2019년 3월 8일 09시,금요일,경기도 수원시 권선구 오목천동,경상사고,0,0,1,0,차대차 - 측면충돌,차로위반,건조,맑음,교차로 - 교차로부근,건설기계,남,56세,상해없음,승용,여,38세,경상
2019030800100254,2019년 3월 8일 11시,금요일,경기도 수원시 장안구 조원동,경상사고,0,0,1,0,차대차 - 측면충돌,안전거리미확보,건조,맑음,교차로 - 교차로부근,건설기계,남,65세,상해없음,승용,여,31세,경상
2019030800100258,2019년 3월 8일 11시,금요일,경기도 수원시 권선구 서둔동,중상사고,0,1,0,0,차대차 - 추돌,안전운전불이행,건조,맑음,교차로 - 교차로부근,승용,남,45세,상해없음,승용,남,48세,중상
2019030800100295,2019년 3월 8일 12시,금요일,경기도 수원시 권선구 세류동,부상신고사고,0,0,0,1,차대차 - 측면충돌,교차로운행방법위반,건조,맑음,교차로 - 교차로안,이륜,남,28세,부상신고,승용,남,73세,상해없음
2019030800100373,2019년 3월 8일 14시,금요일,경기도 수원시 장안구 영화동,경상사고,0,0,1,0,차대차 - 기타,안전운전불이행,건조,맑음,교차로 - 교차로안,승용,여,58세,상해없음,이륜,여,37세,경상
2019030800100408,2019년 3월 8일 15시,금요일,경기도 수원시 장안구 정자동,경상사고,0,0,1,0,차대사람 - 횡단중,보행자보호의무위반,건조,맑음,교차로 - 교차로안,자전거,여,27세,경상,보행자,남,77세,상해없음
2019030800100484,2019년 3월 8일 17시,금요일,경기도 수원시 팔달구 우만동,경상사고,0,0,1,0,차대차 - 기타,신호위반,건조,맑음,교차로 - 교차로안,승용,남,24세,상해없음,이륜,남,39세,경상
2019030800100492,2019년 3월 8일 17시,금요일,경기도 수원시 권선구 서둔동,경상사고,0,0,4,0,차대차 - 기타,안전거리미확보,건조,맑음,교차로 - 교차로안,승용,남,46세,상해없음,승용,여,46세,상해없음
2019030800100533,2019년 3월 8일 18시,금요일,경기도 수원시 팔달구 우만동,경상사고,0,0,2,0,차대차 - 정면충돌,신호위반,건조,맑음,교차로 - 교차로안,승용,남,31세,상해없음,승용,여,44세,경상
2019030800100538,2019년 3월 8일 18시,금요일,경기도 수원시 권선구 권선동,중상사고,0,1,0,0,차대사람 - 횡단중,보행자보호의무위반,건조,맑음,교차로 - 교차로횡단보도내,승용,남,31세,상해없음,보행자,여,71세,중상
2019030800100543,2019년 3월 8일 18시,금요일,경기도 수원시 영통구 이의동,경상사고,0,0,2,0,차대차 - 측면충돌,안전운전불이행,건조,맑음,단일로 - 기타,화물,남,53세,상해없음,승용,남,41세,경상
2019030800100601,2019년 3월 8일 19시,금요일,경기도 수원시 팔달구 매산로1가,부상신고사고,0,0,0,1,차대차 - 기타,안전운전불이행,건조,맑음,교차로 - 교차로부근,승용,남,38세,상해없음,승용,남,35세,부상신고
2019030900100060,2019년 3월 9일 02시,토요일,경기도 수원시 팔달구 인계동,중상사고,0,1,0,0,차대사람 - 횡단중,안전운전불이행,건조,맑음,단일로 - 기타,승용,남,72세,상해없음,보행자,남,55세,중상
2019030900100061,2019년 3월 9일 02시,토요일,경기도 수원시 권선구 세류동,중상사고,0,1,2,0,차대차 - 기타,신호위반,건조,맑음,교차로 - 교차로안,승용,남,49세,상해없음,승용,남,56세,경상
2019030900100084,2019년 3월 9일 04시,토요일,경기도 수원시 장안구 조원동,경상사고,0,0,1,0,차대차 - 기타,안전운전불이행,건조,맑음,단일로 - 기타,승용,남,29세,상해없음,승용,남,59세,경상
2019030900100105,2019년 3월 9일 06시,토요일,경기도 수원시 팔달구 지동,경상사고,0,0,2,0,차대차 - 기타,신호위반,건조,맑음,교차로 - 교차로부근,승용,남,26세,기타불명,승용,남,33세,경상
2019030900100145,2019년 3월 9일 08시,토요일,경기도 수원시 영통구 원천동,경상사고,0,0,2,0,차대차 - 측면충돌,안전거리미확보,건조,맑음,단일로 - 기타,승용,여,71세,상해없음,승용,남,54세,경상
2019030900100193,2019년 3월 9일 10시,토요일,경기도 수원시 팔달구 화서동,중상사고,0,1,0,0,차대차 - 측면충돌,신호위반,건조,맑음,교차로 - 교차로안,승용,남,50세,상해없음,화물,남,37세,중상
2019030900100229,2019년 3월 9일 11시,토요일,경기도 수원시 영통구 원천동,경상사고,0,0,1,0,차대차 - 측면충돌,안전운전불이행,건조,맑음,단일로 - 기타,화물,남,47세,상해없음,이륜,남,47세,경상
2019030900100230,2019년 3월 9일 11시,토요일,경기도 수원시 권선구 고색동,경상사고,0,0,1,0,차대차 - 추돌,안전운전불이행,건조,맑음,교차로 - 교차로부근,승용,남,48세,상해없음,승용,남,34세,상해없음
2019030900100510,2019년 3월 9일 19시,토요일,경기도 수원시 권선구 곡반정동,경상사고,0,0,1,0,차대차 - 기타,신호위반,건조,맑음,교차로 - 교차로안,기타불명,기타불명,미분류,기타불명,이륜,남,46세,경상
2019030900100512,2019년 3월 9일 19시,토요일,경기도 수원시 권선구 구운동,경상사고,0,0,1,0,차대차 - 추돌,안전운전불이행,건조,맑음,교차로 - 교차로부근,승용,여,54세,상해없음,승용,여,33세,경상
2019030900100595,2019년 3월 9일 21시,토요일,경기도 수원시 권선구 곡반정동,경상사고,0,0,1,0,차대차 - 측면충돌,교차로운행방법위반,건조,맑음,교차로 - 교차로안,화물,남,66세,상해없음,승용,남,48세,상해없음
2019030900100596,2019년 3월 9일 21시,토요일,경기도 수원시 영통구 매탄동,경상사고,0,0,1,0,차대사람 - 기타,신호위반,건조,맑음,단일로 - 기타,기타불명,기타불명,미분류,기타불명,보행자,여,82세,경상
2019031000100051,2019년 3월 10일 02시,일요일,경기도 수원시 팔달구 인계동,중상사고,0,3,1,0,차대차 - 기타,신호위반,건조,맑음,교차로 - 교차로안,승용,남,25세,경상,승용,여,31세,중상
2019031000100052,2019년 3월 10일 02시,일요일,경기도 수원시 영통구 매탄동,경상사고,0,0,1,0,차대차 - 기타,신호위반,건조,맑음,교차로 - 교차로안,이륜,남,29세,경상,승용,남,47세,상해없음
2019031000100068,2019년 3월 10일 03시,일요일,경기도 수원시 팔달구 인계동,경상사고,0,0,1,0,차대사람 - 기타,안전운전불이행,건조,맑음,단일로 - 기타,승용,남,24세,상해없음,보행자,남,28세,경상
2019031000100088,2019년 3월 10일 05시,일요일,경기도 수원시 권선구 세류동,경상사고,0,0,1,0,차대차 - 추돌,안전운전불이행,건조,맑음,교차로 - 교차로부근,승용,남,27세,상해없음,승용,남,26세,경상
2019031000100089,2019년 3월 10일 05시,일요일,경기도 수원시 권선구 권선동,경상사고,0,0,2,0,차대차 - 추돌,안전운전불이행,건조,맑음,단일로 - 지하차도(도로)내,승용,남,27세,상해없음,승용,남,68세,경상
2019031000100099,2019년 3월 10일 06시,일요일,경기도 수원시 팔달구 인계동,중상사고,0,1,0,0,차대사람 - 기타,안전운전불이행,건조,맑음,단일로 - 기타,승용,남,24세,상해없음,보행자,남,27세,중상
2019031000100119,2019년 3월 10일 08시,일요일,경기도 수원시 권선구 세류동,경상사고,0,0,1,0,차대차 - 측면충돌,교차로운행방법위반,건조,흐림,교차로 - 교차로안,화물,남,34세,기타불명,승용,남,37세,경상
2019031000100125,2019년 3월 10일 09시,일요일,경기도 수원시 팔달구 팔달로2가,경상사고,0,0,1,0,차량단독 - 기타,안전운전불이행,건조,맑음,단일로 - 기타,승합,남,56세,기타불명,,,,
2019031000100249,2019년 3월 10일 15시,일요일,경기도 수원시 팔달구 인계동,경상사고,0,0,2,0,차대차 - 측면충돌,안전운전불이행,건조,맑음,기타 - 기타,이륜,남,38세,상해없음,승용,남,38세,경상
2019031000100331,2019년 3월 10일 18시,일요일,경기도 수원시 팔달구 중동,경상사고,0,0,1,0,차대차 - 기타,교차로운행방법위반,건조,맑음,교차로 - 교차로안,승용,남,38세,상해없음,승용,남,55세,경상
2019031000100377,2019년 3월 10일 19시,일요일,경기도 수원시 권선구 세류동,부상신고사고,0,0,0,3,차대차 - 측면충돌,교차로운행방법위반,건조,맑음,교차로 - 교차로안,승용,여,38세,부상신고,특수,남,51세,상해없음
2019031100100059,2019년 3월 11일 06시,월요일,경기도 수원시 영통구 영통동,경상사고,0,0,1,0,차대차 - 추돌,교차로운행방법위반,건조,맑음,교차로 - 교차로부근,승용,여,54세,상해없음,승용,여,59세,경상
2019031100100076,2019년 3월 11일 07시,월요일,경기도 수원시 장안구 송죽동,중상사고,0,1,0,0,차량단독 - 기타,기타,건조,맑음,단일로 - 기타,승합,남,55세,상해없음,,,,
2019031100100112,2019년 3월 11일 08시,월요일,경기도 수원시 장안구 연무동,경상사고,0,0,1,0,차대사람 - 기타,안전운전불이행,건조,맑음,교차로 - 교차로안,화물,남,48세,상해없음,보행자,여,72세,경상
2019031100100113,2019년 3월 11일 08시,월요일,경기도 수원시 팔달구 우만동,경상사고,0,0,1,0,차대차 - 측면충돌,교차로운행방법위반,건조,맑음,교차로 - 교차로안,승용,남,60세,상해없음,승용,여,49세,경상
2019031100100200,2019년 3월 11일 11시,월요일,경기도 수원시 팔달구 인계동,중상사고,0,1,0,0,차대사람 - 기타,기타,건조,맑음,단일로 - 기타,개인형이동수단(PM),여,56세,상해없음,보행자,여,61세,중상
2019031100100226,2019년 3월 11일 12시,월요일,경기도 수원시 권선구 권선동,경상사고,0,0,2,0,차대차 - 측면충돌,안전운전불이행,건조,흐림,기타 - 기타,화물,남,60세,상해없음,승용,여,26세,경상
2019031100100352,2019년 3월 11일 16시,월요일,경기도 수원시 장안구 조원동,중상사고,0,1,0,0,차대사람 - 횡단중,안전운전불이행,건조,흐림,단일로 - 기타,승용,남,50세,상해없음,보행자,여,74세,중상
2019031100100358,2019년 3월 11일 16시,월요일,경기도 수원시 권선구 세류동,부상신고사고,0,0,0,1,차대사람 - 기타,안전운전불이행,건조,맑음,단일로 - 기타,승용,남,33세,상해없음,보행자,남,7세,부상신고
2019031100100428,2019년 3월 11일 18시,월요일,경기도 수원시 권선구 서둔동,경상사고,0,0,1,0,차대차 - 기타,안전거리미확보,젖음/습기,비,단일로 - 기타,승용,남,66세,상해없음,승용,남,38세,경상
2019031100100476,2019년 3월 11일 19시,월요일,경기도 수원시 권선구 권선동,중상사고,0,1,0,0,차대사람 - 횡단중,신호위반,건조,맑음,단일로 - 기타,이륜,남,24세,기타불명,보행자,여,41세,중상
2019031100100477,2019년 3월 11일 19시,월요일,경기도 수원시 권선구 고색동,중상사고,0,1,0,0,차대사람 - 횡단중,신호위반,젖음/습기,비,단일로 - 기타,승용,여,52세,상해없음,보행자,남,50세,중상
2019031100100512,2019년 3월 11일 20시,월요일,경기도 수원시 영통구 망포동,경상사고,0,0,2,0,차대차 - 추돌,안전거리미확보,건조,맑음,교차로 - 교차로부근,승용,여,43세,상해없음,승용,여,33세,경상
2019031100100537,2019년 3월 11일 21시,월요일,경기도 수원시 팔달구 화서동,경상사고,0,0,1,0,차대차 - 측면충돌,안전운전불이행,건조,흐림,단일로 - 기타,승용,남,55세,상해없음,승용,남,44세,경상
2019031100100541,2019년 3월 11일 21시,월요일,경기도 수원시 팔달구 인계동,경상사고,0,0,2,0,차대차 - 추돌,안전운전불이행,젖음/습기,비,교차로 - 교차로부근,승용,여,46세,상해없음,승용,여,42세,경상
2019031100100542,2019년 3월 11일 21시,월요일,경기도 수원시 권선구 권선동,경상사고,0,0,1,0,차대차 - 기타,안전거리미확보,젖음/습기,흐림,단일로 - 기타,승합,남,58세,상해없음,이륜,남,32세,경상
2019031100100544,2019년 3월 11일 21시,월요일,경기도 수원시 팔달구 매산로2가,부상신고사고,0,0,0,1,차대차 - 기타,안전운전불이행,젖음/습기,비,교차로 - 교차로안,승용,남,35세,상해없음,이륜,남,33세,부상신고
2019031100100570,2019년 3월 11일 22시,월요일,경기도 수원시 팔달구 교동,중상사고,0,1,2,0,차대차 - 측면충돌,안전운전불이행,젖음/습기,흐림,교차로 - 교차로부근,승용,여,65세,상해없음,승용,남,68세,중상
2019031200100062,2019년 3월 12일 06시,화요일,경기도 수원시 권선구 권선동,경상사고,0,0,2,0,차대차 - 기타,안전운전불이행,건조,맑음,기타 - 기타,승합,남,59세,상해없음,승용,남,49세,경상
2019031200100103,2019년 3월 12일 08시,화요일,경기도 수원시 영통구 망포동,경상사고,0,0,1,0,차대차 - 측면충돌,신호위반,건조,맑음,교차로 - 교차로안,승용,여,28세,상해없음,승용,남,42세,경상
2019031200100104,2019년 3월 12일 08시,화요일,경기도 수원시 권선구 오목천동,경상사고,0,0,1,0,차대차 - 추돌,안전거리미확보,건조,맑음,교차로 - 교차로부근,화물,남,50세,상해없음,승용,여,47세,경상
2019031200100289,2019년 3월 12일 14시,화요일,경기도 수원시 팔달구 지동,경상사고,0,0,1,0,차대차 - 측면충돌,안전운전불이행,건조,맑음,교차로 - 교차로안,화물,남,56세,상해없음,승용,여,55세,경상
2019031200100351,2019년 3월 12일 16시,화요일,경기도 수원시 장안구 율전동,중상사고,0,1,0,0,차대사람 - 기타,안전운전불이행,건조,맑음,단일로 - 기타,승용,여,58세,상해없음,보행자,남,11세,중상
2019031200100544,2019년 3월 12일 21시,화요일,경기도 수원시 팔달구 인계동,경상사고,0,0,2,0,차대차 - 기타,안전거리미확보,건조,맑음,교차로 - 교차로부근,승용,남,23세,상해없음,승용,남,61세,경상
2019031200100546,2019년 3월 12일 21시,화요일,경기도 수원시 팔달구 고등동,부상신고사고,0,0,0,4,차대차 - 측면충돌,안전운전불이행,건조,맑음,교차로 - 교차로안,승용,남,71세,상해없음,승용,남,27세,부상신고
2019031200100598,2019년 3월 12일 23시,화요일,경기도 수원시 영통구 영통동,경상사고,0,0,1,0,차대차 - 추돌,안전운전불이행,건조,맑음,단일로 - 기타,승용,남,20세,상해없음,승용,여,38세,경상
2019031300100060,2019년 3월 13일 06시,수요일,경기도 수원시 권선구 고색동,사망사고,1,0,0,0,차대사람 - 횡단중,과속,건조,맑음,교차로 - 교차로부근,화물,남,25세,상해없음,보행자,남,55세,사망
2019031300100074,2019년 3월 13일 07시,수요일,경기도 수원시 장안구 이목동,경상사고,0,0,1,0,차대사람 - 횡단중,보행자보호의무위반,건조,맑음,단일로 - 기타,승용,남,34세,상해없음,보행자,여,17세,경상
2019031300100076,2019년 3월 13일 07시,수요일,경기도 수원시 권선구 서둔동,중상사고,0,2,0,0,차대차 - 측면충돌,차로위반,건조,맑음,단일로 - 기타,승용,남,67세,상해없음,승용,남,59세,중상
2019031300100151,2019년 3월 13일 09시,수요일,경기도 수원시 권선구 탑동,경상사고,0,0,1,0,차대차 - 측면충돌,안전거리미확보,건조,맑음,단일로 - 기타,승용,여,47세,기타불명,이륜,남,34세,경상
2019031300100152,2019년 3월 13일 09시,수요일,경기도 수원시 권선구 오목천동,경상사고,0,0,1,0,차대차 - 기타,안전운전불이행,건조,맑음,교차로 - 교차로안,승용,남,37세,상해없음,승용,여,47세,경상
2019031300100189,2019년 3월 13일 10시,수요일,경기도 수원시 권선구 호매실동,경상사고,0,0,1,1,차대차 - 측면충돌,신호위반,건조,맑음,교차로 - 교차로안,승용,남,36세,부상신고,건설기계,남,35세,경상
2019031300100253,2019년 3월 13일 12시,수요일,경기도 수원시 장안구 송죽동,부상신고사고,0,0,0,1,차대차 - 기타,안전운전불이행,건조,맑음,교차로 - 교차로부근,자전거,남,75세,부상신고,화물,남,55세,상해없음
2019031300100326,2019년 3월 13일 14시,수요일,경기도 수원시 권선구 금곡동,경상사고,0,0,1,0,차대차 - 후진중충돌,안전운전불이행,건조,맑음,단일로 - 기타,승용,남,26세,상해없음,이륜,남,40세,경상
2019031300100360,2019년 3월 13일 15시,수요일,경기도 수원시 장안구 영화동,중상사고,0,1,0,0,차대사람 - 횡단중,보행자보호의무위반,건조,맑음,단일로 - 기타,승용,여,58세,상해없음,보행자,남,76세,중상