사고번호,사고일시,요일,시군구,사고내용,사망자수,중상자수,경상자수,부상신고자수,사고유형,법규위반,노면상태,기상상태,도로형태,가해운전자 차종,가해운전자 성별,가해운전자 연령,가해운전자 상해정도,피해운전자 차종,피해운전자 성별,피해운전자 연령,피해운전자 상해정도
2019033000100112,2019년 3월 30일 03시,토요일,경기도 수원시 팔달구 인계동,중상사고,0,1,2,0,차대차 - 기타,신호위반,젖음/습기,비,교차로 - 교차로안,승용,남,35세,중상,승용,남,34세,경상
2019033000100158,2019년 3월 30일 06시,토요일,경기도 수원시 권선구 고색동,경상사고,0,0,1,0,차대차 - 추돌,안전운전불이행,젖음/습기,흐림,단일로 - 기타,승용,남,38세,상해없음,승용,남,59세,경상
2019033000100159,2019년 3월 30일 06시,토요일,경기도 수원시 권선구 고색동,경상사고,0,0,1,0,차대차 - 추돌,안전운전불이행,젖음/습기,흐림,단일로 - 기타,승용,남,23세,상해없음,승용,남,63세,경상
2019033000100168,2019년 3월 30일 07시,토요일,경기도 수원시 권선구 탑동,경상사고,0,0,1,0,차대차 - 추돌,안전운전불이행,건조,맑음,단일로 - 기타,승용,남,58세,상해없음,특수,남,49세,경상
2019033000100192,2019년 3월 30일 08시,토요일,경기도 수원시 영통구 원천동,경상사고,0,0,1,0,차대차 - 정면충돌,안전운전불이행,건조,맑음,기타 - 기타,화물,남,42세,상해없음,자전거,남,58세,경상
2019033000100276,2019년 3월 30일 11시,토요일,경기도 수원시 권선구 권선동,경상사고,0,0,3,0,차대차 - 추돌,안전거리미확보,건조,맑음,단일로 - 기타,승용,남,29세,상해없음,승용,여,41세,경상
2019033000100314,2019년 3월 30일 12시,토요일,경기도 수원시 장안구 연무동,부상신고사고,0,0,0,1,차대사람 - 기타,안전운전불이행,건조,맑음,단일로 - 기타,승용,여,52세,상해없음,보행자,남,24세,부상신고
2019033000100399,2019년 3월 30일 14시,토요일,경기도 수원시 팔달구 화서동,경상사고,0,0,1,0,차대차 - 기타,신호위반,젖음/습기,흐림,단일로 - 기타,승용,남,54세,상해없음,승용,남,64세,경상
2019033000100402,2019년 3월 30일 14시,토요일,경기도 수원시 권선구 구운동,경상사고,0,0,1,0,차대차 - 기타,안전운전불이행,건조,맑음,교차로 - 교차로부근,화물,남,65세,상해없음,승용,여,46세,경상
2019033000100470,2019년 3월 30일 16시,토요일,경기도 수원시 팔달구 우만동,경상사고,0,0,1,0,차대차 - 추돌,안전운전불이행,건조,맑음,교차로 - 교차로부근,승용,남,59세,상해없음,승용,남,54세,상해없음
2019033000100554,2019년 3월 30일 18시,토요일,경기도 수원시 권선구 입북동,경상사고,0,0,1,0,차대차 - 기타,안전거리미확보,건조,맑음,단일로 - 기타,승용,여,51세,상해없음,이륜,남,22세,경상
2019033000100576,2019년 3월 30일 19시,토요일,경기도 수원시 장안구 영화동,중상사고,0,1,0,0,차대사람 - 횡단중,신호위반,젖음/습기,비,교차로 - 교차로횡단보도내,승용,여,28세,상해없음,보행자,남,56세,중상
2019033000100649,2019년 3월 30일 21시,토요일,경기도 수원시 팔달구 인계동,경상사고,0,0,1,0,차대사람 - 기타,중앙선침범,건조,맑음,단일로 - 기타,승용,남,43세,상해없음,보행자,남,45세,경상
2019033100100024,2019년 3월 31일 00시,일요일,경기도 수원시 장안구 율전동,경상사고,0,0,1,0,차대사람 - 횡단중,안전운전불이행,건조,맑음,교차로 - 교차로횡단보도내,승용,남,28세,상해없음,보행자,남,26세,경상
2019033100100046,2019년 3월 31일 01시,일요일,경기도 수원시 장안구 영화동,경상사고,0,0,2,0,차대차 - 측면충돌,안전운전불이행,젖음/습기,비,교차로 - 교차로횡단보도내,이륜,남,26세,경상,승용,여,54세,경상
2019033100100049,2019년 3월 31일 01시,일요일,경기도 수원시 팔달구 인계동,경상사고,0,0,1,0,차대차 - 측면충돌,중앙선침범,젖음/습기,비,단일로 - 기타,승용,남,32세,상해없음,승용,남,57세,경상
2019033100100050,2019년 3월 31일 01시,일요일,경기도 수원시 팔달구 인계동,경상사고,0,0,1,0,차대사람 - 횡단중,신호위반,젖음/습기,비,교차로 - 교차로횡단보도내,승용,남,41세,상해없음,보행자,여,49세,경상
2019033100100098,2019년 3월 31일 07시,일요일,경기도 수원시 팔달구 매교동,중상사고,0,1,1,0,차대차 - 추돌,안전운전불이행,건조,맑음,교차로 - 교차로부근,승용,남,28세,상해없음,승용,남,69세,중상
2019033100100113,2019년 3월 31일 09시,일요일,경기도 수원시 장안구 송죽동,경상사고,0,0,1,0,차대차 - 기타,교차로운행방법위반,건조,맑음,단일로 - 기타,승용,여,35세,상해없음,자전거,여,22세,경상
2019033100100124,2019년 3월 31일 10시,일요일,경기도 수원시 권선구 고색동,경상사고,0,0,2,0,차대차 - 측면충돌,안전운전불이행,건조,맑음,단일로 - 기타,화물,남,64세,상해없음,승용,남,63세,경상
2019033100100145,2019년 3월 31일 11시,일요일,경기도 수원시 권선구 권선동,경상사고,0,0,2,0,차대차 - 기타,교차로운행방법위반,건조,맑음,교차로 - 교차로부근,승용,여,53세,상해없음,승용,남,34세,상해없음
2019033100100174,2019년 3월 31일 12시,일요일,경기도 수원시 영통구 이의동,경상사고,0,0,1,0,차대차 - 기타,신호위반,건조,맑음,교차로 - 교차로안,승용,남,41세,상해없음,승용,여,51세,경상
2019033100100198,2019년 3월 31일 13시,일요일,경기도 수원시 장안구 정자동,경상사고,0,0,1,0,차대차 - 측면충돌,신호위반,건조,맑음,교차로 - 교차로안,승용,남,23세,상해없음,승용,남,35세,경상
2019033100100200,2019년 3월 31일 13시,일요일,경기도 수원시 권선구 권선동,경상사고,0,0,1,0,차대차 - 기타,직진우회전진행방해,건조,맑음,교차로 - 교차로안,이륜,여,55세,경상,승합,남,58세,상해없음
2019033100100201,2019년 3월 31일 13시,일요일,경기도 수원시 영통구 매탄동,경상사고,0,0,1,0,차대차 - 기타,교차로운행방법위반,건조,맑음,교차로 - 교차로안,승용,남,44세,상해없음,자전거,남,63세,경상
2019033100100228,2019년 3월 31일 14시,일요일,경기도 수원시 팔달구 화서동,경상사고,0,0,3,0,차대차 - 추돌,안전운전불이행,건조,맑음,단일로 - 기타,승용,남,26세,상해없음,승용,남,49세,경상
2019033100100229,2019년 3월 31일 14시,일요일,경기도 수원시 영통구 영통동,경상사고,0,0,2,0,차대차 - 기타,안전운전불이행,건조,맑음,교차로 - 교차로부근,승용,여,59세,상해없음,승용,남,50세,경상
2019033100100292,2019년 3월 31일 16시,일요일,경기도 수원시 팔달구 매산로2가,부상신고사고,0,0,0,1,차대차 - 추돌,안전운전불이행,건조,맑음,단일로 - 기타,이륜,남,17세,부상신고,승용,남,60세,상해없음
2019033100100410,2019년 3월 31일 20시,일요일,경기도 수원시 영통구 원천동,중상사고,0,1,0,0,차대차 - 측면충돌,불법유턴,건조,맑음,교차로 - 교차로안,승용,남,56세,상해없음,이륜,남,20세,중상
2019033100100437,2019년 3월 31일 21시,일요일,경기도 수원시 권선구 평동,경상사고,0,0,3,0,차대차 - 추돌,안전거리미확보,건조,맑음,교차로 - 교차로부근,승용,남,33세,상해없음,승용,여,50세,경상
2019040100100138,2019년 4월 1일 08시,월요일,경기도 수원시 영통구 이의동,경상사고,0,0,3,1,차대차 - 측면충돌,안전거리미확보,건조,맑음,교차로 - 교차로부근,승합,남,71세,상해없음,승용,남,38세,경상
2019040100100189,2019년 4월 1일 09시,월요일,경기도 수원시 장안구 정자동,중상사고,0,1,1,0,차대차 - 정면충돌,중앙선침범,건조,맑음,교차로 - 교차로안,승용,여,56세,상해없음,승용,여,35세,경상
2019040100100263,2019년 4월 1일 11시,월요일,경기도 수원시 권선구 권선동,경상사고,0,0,1,0,차대차 - 측면충돌,차로위반,건조,맑음,단일로 - 기타,승용,남,29세,상해없음,승용,여,52세,경상
2019040100100298,2019년 4월 1일 12시,월요일,경기도 수원시 영통구 매탄동,경상사고,0,0,1,0,차대차 - 기타,안전거리미확보,건조,맑음,교차로 - 교차로부근,승용,여,49세,상해없음,승용,여,45세,경상
2019040100100400,2019년 4월 1일 15시,월요일,경기도 수원시 영통구 영통동,경상사고,0,0,3,0,차대차 - 기타,중앙선침범,건조,맑음,교차로 - 교차로부근,승용,여,44세,상해없음,승용,여,59세,경상
2019040100100536,2019년 4월 1일 18시,월요일,경기도 수원시 권선구 서둔동,경상사고,0,0,3,0,차대차 - 기타,안전거리미확보,건조,맑음,단일로 - 교량,승용,남,61세,상해없음,승용,여,25세,경상
2019040100100622,2019년 4월 1일 20시,월요일,경기도 수원시 팔달구 우만동,부상신고사고,0,0,0,1,차대차 - 기타,안전운전불이행,건조,맑음,교차로 - 교차로안,승용,여,61세,상해없음,이륜,남,25세,부상신고
2019040100100626,2019년 4월 1일 20시,월요일,경기도 수원시 영통구 영통동,경상사고,0,0,1,0,차대사람 - 기타,안전운전불이행,건조,맑음,기타 - 기타,자전거,남,13세,상해없음,보행자,여,65세,경상
2019040200100032,2019년 4월 2일 00시,화요일,경기도 수원시 권선구 오목천동,부상신고사고,0,0,0,1,차대차 - 기타,안전운전불이행,건조,맑음,단일로 - 기타,승용,남,41세,부상신고,승합,남,60세,기타불명
2019040200100041,2019년 4월 2일 01시,화요일,경기도 수원시 권선구 세류동,경상사고,0,0,1,0,차대차 - 기타,안전거리미확보,건조,맑음,단일로 - 기타,승용,남,30세,상해없음,승용,남,34세,경상
2019040200100050,2019년 4월 2일 02시,화요일,경기도 수원시 장안구 영화동,경상사고,0,0,2,0,차대차 - 기타,안전운전불이행,건조,맑음,교차로 - 교차로부근,승용,남,37세,상해없음,승용,남,53세,경상
2019040200100100,2019년 4월 2일 07시,화요일,경기도 수원시 영통구 매탄동,중상사고,0,1,0,0,차대차 - 측면충돌,차로위반,건조,맑음,단일로 - 기타,승합,남,53세,상해없음,승용,남,37세,중상
2019040200100142,2019년 4월 2일 08시,화요일,경기도 수원시 장안구 정자동,경상사고,0,0,1,0,차대차 - 측면충돌,직진우회전진행방해,건조,맑음,교차로 - 교차로안,자전거,남,71세,경상,승용,여,59세,상해없음
2019040200100143,2019년 4월 2일 08시,화요일,경기도 수원시 팔달구 북수동,경상사고,0,0,2,0,차대차 - 기타,안전거리미확보,건조,맑음,단일로 - 기타,화물,남,22세,경상,승용,여,38세,경상
2019040200100148,2019년 4월 2일 08시,화요일,경기도 수원시 권선구 세류동,경상사고,0,0,1,0,차대차 - 추돌,안전운전불이행,건조,맑음,단일로 - 기타,승용,남,24세,상해없음,승용,남,37세,경상
2019040200100226,2019년 4월 2일 10시,화요일,경기도 수원시 장안구 율전동,경상사고,0,0,1,0,차대사람 - 횡단중,신호위반,건조,맑음,교차로 - 교차로횡단보도내,승용,여,45세,상해없음,보행자,여,44세,경상
2019040200100264,2019년 4월 2일 11시,화요일,경기도 수원시 팔달구 매산로2가,부상신고사고,0,0,0,1,차대차 - 기타,기타,건조,맑음,교차로 - 교차로안,승용,남,59세,상해없음,자전거,남,49세,부상신고
2019040200100290,2019년 4월 2일 12시,화요일,경기도 수원시 장안구 조원동,부상신고사고,0,0,0,1,차대차 - 추돌,안전운전불이행,건조,맑음,교차로 - 교차로안,승용,남,28세,상해없음,승용,여,51세,부상신고
2019040200100291,2019년 4월 2일 12시,화요일,경기도 수원시 장안구 영화동,경상사고,0,0,1,0,차량단독 - 기타,안전운전불이행,건조,맑음,단일로 - 기타,승합,남,61세,상해없음,,,,
2019040200100331,2019년 4월 2일 13시,화요일,경기도 수원시 장안구 송죽동,부상신고사고,0,0,0,1,차대차 - 측면충돌,교차로운행방법위반,건조,맑음,교차로 - 교차로안,승용,여,61세,상해없음,승용,남,45세,부상신고
2019040200100403,2019년 4월 2일 15시,화요일,경기도 수원시 팔달구 매산로2가,경상사고,0,0,1,0,차대차 - 추돌,안전운전불이행,건조,맑음,교차로 - 교차로부근,승용,남,55세,상해없음,승용,여,33세,경상
2019040200100441,2019년 4월 2일 16시,화요일,경기도 수원시 장안구 하광교동,부상신고사고,0,0,0,1,차대차 - 추돌,안전거리미확보,건조,맑음,단일로 - 기타,승용,남,67세,부상신고,화물,남,67세,상해없음
2019040200100475,2019년 4월 2일 17시,화요일,경기도 수원시 장안구 조원동,중상사고,0,1,0,0,차대사람 - 횡단중,안전운전불이행,건조,맑음,교차로 - 교차로부근,자전거,남,13세,상해없음,보행자,여,73세,중상
2019040200100476,2019년 4월 2일 17시,화요일,경기도 수원시 장안구 송죽동,경상사고,0,0,1,0,차대사람 - 길가장자리구역통행중,안전운전불이행,건조,맑음,단일로 - 기타,승용,여,57세,상해없음,보행자,남,15세,경상
2019040200100524,2019년 4월 2일 18시,화요일,경기도 수원시 권선구 세류동,경상사고,0,0,1,0,차대사람 - 횡단중,신호위반,건조,맑음,교차로 - 교차로안,승용,남,57세,상해없음,보행자,남,6세,경상
2019040200100563,2019년 4월 2일 19시,화요일,경기도 수원시 영통구 신동,경상사고,0,0,1,0,차대차 - 기타,안전거리미확보,건조,맑음,교차로 - 교차로부근,승용,남,38세,상해없음,승합,남,60세,상해없음
2019040200100603,2019년 4월 2일 20시,화요일,경기도 수원시 팔달구 인계동,부상신고사고,0,0,0,1,차대사람 - 기타,안전운전불이행,건조,맑음,단일로 - 기타,이륜,남,16세,상해없음,보행자,남,56세,부상신고
2019040200100632,2019년 4월 2일 21시,화요일,경기도 수원시 팔달구 인계동,중상사고,0,1,1,0,차대차 - 기타,교차로운행방법위반,건조,맑음,교차로 - 교차로안,승용,남,27세,경상,승용,남,37세,중상
2019040300100043,2019년 4월 3일 01시,수요일,경기도 수원시 장안구 송죽동,경상사고,0,0,1,0,차대차 - 추돌,안전운전불이행,건조,맑음,교차로 - 교차로부근,승용,남,65세,상해없음,승용,남,68세,상해없음
2019040300100070,2019년 4월 3일 05시,수요일,경기도 수원시 권선구 권선동,경상사고,0,0,1,0,차대차 - 추돌,안전운전불이행,건조,맑음,교차로 - 교차로부근,승용,남,25세,상해없음,승용,남,64세,경상
2019040300100076,2019년 4월 3일 06시,수요일,경기도 수원시 장안구 연무동,경상사고,0,0,1,0,차대차 - 측면충돌,차로위반,건조,맑음,단일로 - 기타,승용,남,71세,상해없음,승용,남,32세,경상
2019040300100182,2019년 4월 3일 09시,수요일,경기도 수원시 영통구 원천동,경상사고,0,0,2,0,차대차 - 기타,안전운전불이행,건조,맑음,단일로 - 기타,승용,여,46세,상해없음,승용,여,59세,경상
2019040300100319,2019년 4월 3일 14시,수요일,경기도 수원시 권선구 서둔동,경상사고,0,0,1,0,차대차 - 측면충돌,불법유턴,건조,맑음,단일로 - 기타,자전거,남,76세,경상,승합,남,38세,상해없음
2019040300100393,2019년 4월 3일 16시,수요일,경기도 수원시 권선구 권선동,경상사고,0,0,2,0,차대차 - 기타,안전운전불이행,건조,맑음,단일로 - 기타,승용,남,28세,상해없음,승용,남,26세,경상
2019040300100430,2019년 4월 3일 17시,수요일,경기도 수원시 장안구 영화동,경상사고,0,0,3,0,차대차 - 추돌,안전운전불이행,건조,맑음,단일로 - 기타,승용,남,43세,상해없음,승용,남,30세,경상
2019040300100436,2019년 4월 3일 17시,수요일,경기도 수원시 영통구 매탄동,중상사고,0,1,0,0,차대사람 - 기타,안전운전불이행,건조,맑음,교차로 - 교차로부근,승용,남,53세,상해없음,보행자,여,11세,중상
2019040300100439,2019년 4월 3일 17시,수요일,경기도 수원시 권선구 세류동,경상사고,0,0,2,0,차대차 - 기타,안전운전불이행,건조,맑음,교차로 - 교차로부근,승용,남,52세,상해없음,승합,남,67세,상해없음
2019040400100135,2019년 4월 4일 08시,목요일,경기도 수원시 장안구 조원동,경상사고,0,0,1,0,차대차 - 기타,신호위반,건조,맑음,단일로 - 기타,승용,남,30세,상해없음,자전거,남,17세,경상
2019040400100182,2019년 4월 4일 09시,목요일,경기도 수원시 장안구 조원동,경상사고,0,0,1,0,차대사람 - 기타,안전운전불이행,건조,맑음,교차로 - 교차로안,승용,남,47세,상해없음,보행자,여,55세,경상
2019040400100218,2019년 4월 4일 10시,목요일,경기도 수원시 팔달구 북수동,경상사고,0,0,1,0,차대차 - 측면충돌,차로위반,건조,맑음,단일로 - 기타,이륜,남,82세,경상,화물,남,19세,상해없음
2019040400100248,2019년 4월 4일 11시,목요일,경기도 수원시 팔달구 팔달로1가,중상사고,0,1,2,0,차대차 - 기타,중앙선침범,건조,맑음,단일로 - 기타,승합,남,54세,상해없음,화물,남,48세,중상
2019040400100283,2019년 4월 4일 12시,목요일,경기도 수원시 권선구 세류동,경상사고,0,0,2,0,차대차 - 측면충돌,교차로운행방법위반,건조,맑음,교차로 - 교차로안,승용,남,52세,상해없음,승용,남,58세,경상
2019040400100340,2019년 4월 4일 14시,목요일,경기도 수원시 팔달구 팔달로2가,경상사고,0,0,1,0,차대차 - 기타,안전거리미확보,건조,맑음,단일로 - 기타,승용,남,73세,상해없음,승합,여,53세,상해없음
2019040400100443,2019년 4월 4일 17시,목요일,경기도 수원시 팔달구 우만동,중상사고,0,2,0,0,차대차 - 기타,안전운전불이행,건조,맑음,단일로 - 기타,승용,남,51세,상해없음,승용,남,46세,중상
2019040400100498,2019년 4월 4일 18시,목요일,경기도 수원시 팔달구 우만동,경상사고,0,0,1,0,차대차 - 기타,교차로운행방법위반,건조,맑음,교차로 - 교차로안,원동기,남,41세,상해없음,승용,남,43세,경상
2019040400100542,2019년 4월 4일 19시,목요일,경기도 수원시 권선구 평동,중상사고,0,1,0,0,차대차 - 추돌,안전운전불이행,건조,맑음,교차로 - 교차로부근,승용,남,67세,상해없음,승용,여,37세,중상
2019040400100578,2019년 4월 4일 20시,목요일,경기도 수원시 팔달구 인계동,경상사고,0,0,1,0,차대차 - 기타,안전운전불이행,건조,맑음,단일로 - 기타,승용,여,55세,상해없음,이륜,남,55세,경상
2019040400100663,2019년 4월 4일 23시,목요일,경기도 수원시 팔달구 인계동,경상사고,0,0,1,0,차대차 - 측면충돌,교차로운행방법위반,건조,맑음,교차로 - 교차로안,승용,남,26세,상해없음,원동기,남,23세,경상
2019040500100168,2019년 4월 5일 09시,금요일,경기도 수원시 영통구 영통동,부상신고사고,0,0,0,1,차대차 - 기타,안전운전불이행,건조,맑음,교차로 - 교차로부근,이륜,남,48세,부상신고,승용,남,36세,상해없음
2019040500100188,2019년 4월 5일 10시,금요일,경기도 수원시 팔달구 화서동,경상사고,0,0,1,0,차대차 - 기타,안전운전불이행,건조,맑음,교차로 - 교차로안,승용,여,40세,상해없음,승용,남,63세,경상
2019040500100274,2019년 4월 5일 13시,금요일,경기도 수원시 장안구 송죽동,경상사고,0,0,1,0,차대차 - 기타,안전운전불이행,건조,맑음,교차로 - 교차로안,승합,남,62세,상해없음,자전거,여,46세,경상
2019040500100275,2019년 4월 5일 13시,금요일,경기도 수원시 장안구 조원동,경상사고,0,0,4,0,차대차 - 기타,신호위반,건조,맑음,교차로 - 교차로안,승용,여,80세,상해없음,승용,남,32세,경상
2019040500100279,2019년 4월 5일 13시,금요일,경기도 수원시 권선구 고색동,사망사고,1,0,1,0,차량단독 - 전도전복 - 전도,안전운전불이행,건조,맑음,단일로 - 기타,이륜,남,76세,사망,,,,
2019040500100300,2019년 4월 5일 14시,금요일,경기도 수원시 장안구 정자동,경상사고,0,0,2,0,차대차 - 측면충돌,기타,건조,맑음,교차로 - 교차로안,승용,남,59세,경상,승용,여,57세,경상
2019040500100349,2019년 4월 5일 15시,금요일,경기도 수원시 영통구 매탄동,경상사고,0,0,1,0,차대사람 - 기타,신호위반,건조,맑음,교차로 - 교차로횡단보도내,승용,여,73세,상해없음,보행자,여,7세,경상
2019040500100351,2019년 4월 5일 15시,금요일,경기도 수원시 팔달구 매산로1가,경상사고,0,0,1,0,차대차 - 측면충돌,안전거리미확보,건조,맑음,단일로 - 기타,승합,남,58세,상해없음,승용,남,62세,경상
2019040500100385,2019년 4월 5일 16시,금요일,경기도 수원시 장안구 정자동,경상사고,0,0,1,0,차대차 - 추돌,안전거리미확보,건조,맑음,교차로 - 교차로부근,승용,여,51세,상해없음,승용,여,40세,경상
2019040500100386,2019년 4월 5일 16시,금요일,경기도 수원시 장안구 조원동,경상사고,0,0,1,0,차대사람 - 기타,불법유턴,건조,맑음,단일로 - 기타,화물,남,42세,상해없음,보행자,남,68세,경상
2019040500100392,2019년 4월 5일 16시,금요일,경기도 수원시 권선구 서둔동,경상사고,0,0,2,0,차대차 - 측면충돌,기타,건조,맑음,단일로 - 기타,승용,남,60세,경상,승합,남,54세,경상
2019040500100427,2019년 4월 5일 17시,금요일,경기도 수원시 장안구 정자동,경상사고,0,0,1,0,차대사람 - 기타,보행자보호의무위반,건조,맑음,교차로 - 교차로안,승용,여,50세,상해없음,보행자,남,8세,경상
2019040500100482,2019년 4월 5일 18시,금요일,경기도 수원시 팔달구 우만동,경상사고,0,0,1,0,차대차 - 기타,교차로운행방법위반,건조,맑음,단일로 - 기타,이륜,남,29세,경상,승용,남,27세,상해없음
2019040500100540,2019년 4월 5일 19시,금요일,경기도 수원시 장안구 정자동,경상사고,0,0,1,0,차대차 - 기타,신호위반,건조,맑음,교차로 - 교차로안,이륜,남,52세,상해없음,이륜,남,21세,경상
2019040500100600,2019년 4월 5일 20시,금요일,경기도 수원시 장안구 율전동,경상사고,0,0,1,0,차대차 - 측면충돌,신호위반,건조,맑음,교차로 - 교차로부근,승용,남,35세,상해없음,승용,여,53세,경상
2019040500100605,2019년 4월 5일 20시,금요일,경기도 수원시 팔달구 매산로1가,경상사고,0,0,2,2,차대차 - 기타,안전운전불이행,건조,맑음,단일로 - 기타,승용,남,39세,경상,승용,남,19세,부상신고
2019040500100606,2019년 4월 5일 20시,금요일,경기도 수원시 권선구 서둔동,중상사고,0,1,3,0,차대차 - 추돌,신호위반,건조,맑음,교차로 - 교차로부근,승용,남,45세,경상,승용,남,42세,경상
2019040500100707,2019년 4월 5일 23시,금요일,경기도 수원시 권선구 탑동,중상사고,0,1,1,0,차대차 - 기타,신호위반,건조,맑음,교차로 - 교차로안,승용,남,71세,상해없음,승용,남,57세,중상
2019040500100708,2019년 4월 5일 23시,금요일,경기도 수원시 권선구 세류동,사망사고,1,0,0,0,차대사람 - 횡단중,신호위반,건조,맑음,교차로 - 교차로횡단보도내,특수,남,23세,상해없음,보행자,남,35세,사망
2019040600100035,2019년 4월 6일 00시,토요일,경기도 수원시 권선구 평동,경상사고,0,0,1,0,차대차 - 추돌,안전운전불이행,건조,맑음,교차로 - 교차로부근,승용,남,38세,상해없음,승용,남,56세,경상
2019040600100089,2019년 4월 6일 04시,토요일,경기도 수원시 권선구 금곡동,경상사고,0,0,2,0,차대차 - 측면충돌,신호위반,건조,맑음,교차로 - 교차로안,승용,남,53세,상해없음,승용,여,68세,경상
2019040600100133,2019년 4월 6일 08시,토요일,경기도 수원시 장안구 영화동,경상사고,0,0,1,0,차대차 - 측면충돌,신호위반,건조,맑음,교차로 - 교차로안,승용,여,43세,상해없음,승용,남,69세,경상
2019040600100137,2019년 4월 6일 08시,토요일,경기도 수원시 영통구 매탄동,경상사고,0,0,1,0,차대차 - 추돌,안전운전불이행,건조,맑음,단일로 - 기타,승용,남,28세,상해없음,승용,여,50세,경상
2019040600100190,2019년 4월 6일 10시,토요일,경기도 수원시 권선구 곡반정동,경상사고,0,0,1,0,차대차 - 측면충돌,안전운전불이행,건조,맑음,교차로 - 교차로안,승용,여,49세,상해없음,승용,남,35세,경상
2019040600100344,2019년 4월 6일 14시,토요일,경기도 수원시 권선구 권선동,중상사고,0,1,0,0,차대차 - 측면충돌,안전운전불이행,건조,맑음,단일로 - 기타,승용,남,68세,상해없음,승용,남,43세,중상
2019040600100455,2019년 4월 6일 17시,토요일,경기도 수원시 영통구 망포동,경상사고,0,0,1,0,차대차 - 기타,안전거리미확보,건조,맑음,단일로 - 기타,승용,남,46세,상해없음,이륜,남,61세,경상
2019040600100526,2019년 4월 6일 19시,토요일,경기도 수원시 장안구 정자동,경상사고,0,0,1,0,차대차 - 기타,안전운전불이행,건조,맑음,단일로 - 기타,승합,남,50세,상해없음,이륜,남,29세,경상
2019040600100528,2019년 4월 6일 19시,토요일,경기도 수원시 권선구 권선동,중상사고,0,1,1,0,차대차 - 측면충돌,직진우회전진행방해,건조,맑음,교차로 - 교차로안,승용,남,36세,상해없음,승용,남,48세,중상
2019040600100591,2019년 4월 6일 21시,토요일,경기도 수원시 권선구 세류동,중상사고,0,2,2,1,차량단독 - 기타,안전운전불이행,건조,맑음,단일로 - 기타,승합,남,55세,상해없음,,,,
2019040700100047,2019년 4월 7일 01시,일요일,경기도 수원시 영통구 원천동,경상사고,0,0,1,0,차대차 - 추돌,안전운전불이행,건조,맑음,교차로 - 교차로부근,승용,여,31세,상해없음,승용,여,64세,경상
2019040700100048,2019년 4월 7일 01시,일요일,경기도 수원시 팔달구 인계동,경상사고,0,0,3,0,차대차 - 측면충돌,직진우회전진행방해,건조,맑음,교차로 - 교차로안,이륜,남,23세,경상,승용,남,30세,경상
2019040700100225,2019년 4월 7일 13시,일요일,경기도 수원시 장안구 정자동,경상사고,0,0,1,0,차대사람 - 기타,안전운전불이행,건조,맑음,교차로 - 교차로안,기타불명,기타불명,미분류,기타불명,보행자,여,60세,경상
2019040700100298,2019년 4월 7일 15시,일요일,경기도 수원시 팔달구 교동,경상사고,0,0,2,0,차대차 - 추돌,신호위반,건조,맑음,교차로 - 교차로부근,승용,여,61세,상해없음,승용,남,46세,경상
2019040700100333,2019년 4월 7일 16시,일요일,경기도 수원시 장안구 조원동,경상사고,0,0,4,0,차대차 - 기타,안전운전불이행,건조,맑음,단일로 - 기타,승용,남,53세,상해없음,승용,남,41세,경상
2019040700100392,2019년 4월 7일 18시,일요일,경기도 수원시 팔달구 신풍동,경상사고,0,0,1,0,차대사람 - 횡단중,안전운전불이행,건조,맑음,단일로 - 기타,자전거,남,58세,상해없음,보행자,여,61세,경상
2019040700100393,2019년 4월 7일 18시,일요일,경기도 수원시 영통구 매탄동,경상사고,0,0,1,0,차대차 - 후진중충돌,안전운전불이행,건조,맑음,단일로 - 기타,승용,남,34세,상해없음,승용,남,26세,경상
2019040700100451,2019년 4월 7일 20시,일요일,경기도 수원시 장안구 영화동,경상사고,0,0,1,0,차대사람 - 보도통행중,기타,건조,맑음,단일로 - 기타,승용,여,61세,상해없음,보행자,남,55세,경상
2019040700100454,2019년 4월 7일 20시,일요일,경기도 수원시 팔달구 매산로1가,중상사고,0,1,0,0,차량단독 - 기타,기타,건조,맑음,단일로 - 기타,승합,남,61세,상해없음,,,,
2019040800100071,2019년 4월 8일 06시,월요일,경기도 수원시 권선구 입북동,경상사고,0,0,1,0,차대차 - 측면충돌,안전운전불이행,건조,맑음,단일로 - 기타,승용,남,54세,상해없음,자전거,남,41세,경상
2019040800100137,2019년 4월 8일 08시,월요일,경기도 수원시 영통구 매탄동,경상사고,0,0,1,0,차대차 - 기타,직진우회전진행방해,건조,맑음,교차로 - 교차로안,승용,남,70세,상해없음,승용,여,48세,경상
2019040800100140,2019년 4월 8일 08시,월요일,경기도 수원시 권선구 호매실동,경상사고,0,0,1,0,차대차 - 기타,교차로운행방법위반,건조,맑음,교차로 - 교차로안,승용,남,50세,상해없음,승합,남,48세,상해없음
2019040800100187,2019년 4월 8일 09시,월요일,경기도 수원시 영통구 매탄동,경상사고,0,0,1,0,차대차 - 기타,안전운전불이행,건조,맑음,단일로 - 기타,승용,여,29세,상해없음,이륜,여,50세,경상
2019040800100188,2019년 4월 8일 09시,월요일,경기도 수원시 영통구 망포동,중상사고,0,1,0,0,차대차 - 기타,안전운전불이행,건조,맑음,교차로 - 교차로부근,승용,남,58세,상해없음,이륜,남,27세,중상
2019040800100285,2019년 4월 8일 12시,월요일,경기도 수원시 영통구 망포동,경상사고,0,0,1,0,차대차 - 기타,교차로운행방법위반,건조,맑음,교차로 - 교차로안,이륜,남,51세,경상,승합,남,46세,상해없음