사고번호,사고일시,요일,시군구,사고내용,사망자수,중상자수,경상자수,부상신고자수,사고유형,법규위반,노면상태,기상상태,도로형태,가해운전자 차종,가해운전자 성별,가해운전자 연령,가해운전자 상해정도,피해운전자 차종,피해운전자 성별,피해운전자 연령,피해운전자 상해정도
2019042500100528,2019년 4월 25일 19시,목요일,경기도 수원시 영통구 매탄동,경상사고,0,0,1,0,차대차 - 추돌,안전운전불이행,젖음/습기,비,교차로 - 교차로부근,승용,남,47세,상해없음,승용,남,50세,경상
2019042500100575,2019년 4월 25일 20시,목요일,경기도 수원시 권선구 금곡동,경상사고,0,0,1,0,차대차 - 정면충돌,중앙선침범,건조,맑음,단일로 - 기타,승용,남,43세,상해없음,승합,남,47세,경상
2019042500100626,2019년 4월 25일 21시,목요일,경기도 수원시 팔달구 인계동,중상사고,0,1,0,0,차대사람 - 보도통행중,기타,젖음/습기,비,기타 - 기타,이륜,남,24세,상해없음,보행자,여,23세,중상
2019042500100655,2019년 4월 25일 22시,목요일,경기도 수원시 팔달구 인계동,중상사고,0,1,0,0,차대사람 - 횡단중,안전운전불이행,젖음/습기,비,교차로 - 교차로부근,승용,남,27세,상해없음,보행자,여,27세,중상
2019042500100656,2019년 4월 25일 22시,목요일,경기도 수원시 영통구 영통동,경상사고,0,0,4,0,차대차 - 추돌,안전운전불이행,젖음/습기,비,단일로 - 기타,승용,남,71세,상해없음,승용,여,58세,경상
2019042500100686,2019년 4월 25일 23시,목요일,경기도 수원시 팔달구 지동,경상사고,0,0,2,0,차대차 - 기타,안전운전불이행,건조,맑음,단일로 - 기타,이륜,남,25세,상해없음,승용,남,53세,경상
2019042600100077,2019년 4월 26일 02시,금요일,경기도 수원시 장안구 연무동,부상신고사고,0,0,0,1,차대차 - 측면충돌,안전운전불이행,젖음/습기,비,기타 - 기타,승용,여,36세,상해없음,원동기,남,44세,부상신고
2019042600100079,2019년 4월 26일 02시,금요일,경기도 수원시 영통구 매탄동,중상사고,0,1,0,0,차대차 - 측면충돌,교차로운행방법위반,건조,맑음,교차로 - 교차로안,승용,남,61세,상해없음,승용,남,24세,중상
2019042600100102,2019년 4월 26일 05시,금요일,경기도 수원시 팔달구 팔달로2가,중상사고,0,1,0,0,차대사람 - 기타,안전운전불이행,건조,맑음,단일로 - 기타,승용,여,69세,상해없음,보행자,여,73세,중상
2019042600100125,2019년 4월 26일 07시,금요일,경기도 수원시 영통구 매탄동,부상신고사고,0,0,0,1,차량단독 - 기타,안전운전불이행,건조,맑음,단일로 - 기타,승합,남,61세,상해없음,,,,
2019042600100126,2019년 4월 26일 07시,금요일,경기도 수원시 권선구 세류동,경상사고,0,0,1,0,차대차 - 기타,신호위반,건조,맑음,교차로 - 교차로안,승용,남,63세,상해없음,승용,남,51세,경상
2019042600100145,2019년 4월 26일 08시,금요일,경기도 수원시 장안구 송죽동,부상신고사고,0,0,0,1,차대차 - 정면충돌,안전운전불이행,건조,맑음,단일로 - 기타,승용,여,67세,부상신고,승용,남,60세,상해없음
2019042600100152,2019년 4월 26일 08시,금요일,경기도 수원시 팔달구 인계동,경상사고,0,0,3,0,차대차 - 측면충돌,차로위반,건조,맑음,교차로 - 교차로안,화물,남,56세,상해없음,승용,여,50세,경상
2019042600100153,2019년 4월 26일 08시,금요일,경기도 수원시 권선구 호매실동,경상사고,0,0,1,0,차대사람 - 횡단중,안전운전불이행,젖음/습기,비,교차로 - 교차로횡단보도내,승용,여,38세,상해없음,보행자,남,61세,경상
2019042600100199,2019년 4월 26일 09시,금요일,경기도 수원시 권선구 세류동,경상사고,0,0,1,0,차대사람 - 기타,안전운전불이행,건조,맑음,단일로 - 기타,승용,여,45세,상해없음,보행자,남,56세,경상
2019042600100222,2019년 4월 26일 10시,금요일,경기도 수원시 권선구 권선동,중상사고,0,1,0,0,차대사람 - 기타,안전운전불이행,젖음/습기,비,교차로 - 교차로안,화물,남,43세,상해없음,보행자,여,65세,중상
2019042600100278,2019년 4월 26일 12시,금요일,경기도 수원시 팔달구 우만동,경상사고,0,0,1,0,차대사람 - 횡단중,보행자보호의무위반,건조,맑음,교차로 - 교차로횡단보도내,승용,남,52세,상해없음,보행자,남,55세,경상
2019042600100337,2019년 4월 26일 14시,금요일,경기도 수원시 장안구 조원동,경상사고,0,0,1,0,차대차 - 측면충돌,교차로운행방법위반,건조,맑음,교차로 - 교차로안,승용,여,29세,상해없음,승합,남,58세,경상
2019042600100561,2019년 4월 26일 19시,금요일,경기도 수원시 장안구 이목동,경상사고,0,0,1,0,차대차 - 측면충돌,안전운전불이행,건조,맑음,교차로 - 교차로부근,승용,남,50세,상해없음,승합,남,53세,경상
2019042600100566,2019년 4월 26일 19시,금요일,경기도 수원시 팔달구 인계동,경상사고,0,0,1,0,차대차 - 기타,안전운전불이행,건조,맑음,교차로 - 교차로부근,승용,남,47세,상해없음,승용,남,28세,경상
2019042600100568,2019년 4월 26일 19시,금요일,경기도 수원시 권선구 구운동,경상사고,0,0,1,0,차대차 - 추돌,안전운전불이행,건조,맑음,단일로 - 기타,승합,남,43세,상해없음,승용,여,67세,경상
2019042600100608,2019년 4월 26일 20시,금요일,경기도 수원시 장안구 정자동,중상사고,0,1,0,0,차대차 - 기타,신호위반,건조,맑음,교차로 - 교차로안,승용,남,45세,상해없음,이륜,남,71세,중상
2019042600100614,2019년 4월 26일 20시,금요일,경기도 수원시 영통구 이의동,부상신고사고,0,0,0,1,차대차 - 기타,신호위반,건조,맑음,교차로 - 교차로부근,이륜,남,23세,상해없음,자전거,남,14세,부상신고
2019042600100658,2019년 4월 26일 21시,금요일,경기도 수원시 영통구 망포동,중상사고,0,1,2,0,차대차 - 추돌,안전운전불이행,젖음/습기,맑음,단일로 - 기타,승용,남,47세,상해없음,승용,남,64세,중상
2019042600100659,2019년 4월 26일 21시,금요일,경기도 수원시 권선구 권선동,경상사고,0,0,3,0,차대차 - 추돌,안전운전불이행,젖음/습기,흐림,교차로 - 교차로부근,승용,남,43세,상해없음,승용,남,46세,경상
2019042600100660,2019년 4월 26일 21시,금요일,경기도 수원시 팔달구 인계동,경상사고,0,0,1,0,차대사람 - 기타,기타,건조,맑음,단일로 - 기타,화물,남,48세,상해없음,보행자,여,27세,경상
2019042600100719,2019년 4월 26일 23시,금요일,경기도 수원시 권선구 서둔동,경상사고,0,0,2,1,차대차 - 추돌,안전운전불이행,건조,맑음,단일로 - 기타,승용,남,22세,상해없음,승용,남,56세,경상
2019042700100033,2019년 4월 27일 00시,토요일,경기도 수원시 영통구 원천동,경상사고,0,0,1,0,차대차 - 추돌,신호위반,건조,맑음,교차로 - 교차로부근,화물,남,50세,상해없음,승용,남,51세,경상
2019042700100092,2019년 4월 27일 04시,토요일,경기도 수원시 영통구 영통동,중상사고,0,1,0,0,차대사람 - 횡단중,신호위반,건조,맑음,교차로 - 교차로부근,승용,남,23세,상해없음,보행자,여,64세,중상
2019042700100146,2019년 4월 27일 08시,토요일,경기도 수원시 영통구 매탄동,경상사고,0,0,2,0,차대차 - 추돌,안전거리미확보,건조,맑음,교차로 - 교차로부근,승합,남,47세,상해없음,승용,남,33세,경상
2019042700100177,2019년 4월 27일 09시,토요일,경기도 수원시 권선구 세류동,중상사고,0,1,0,0,차대차 - 측면충돌,교차로운행방법위반,건조,맑음,교차로 - 교차로안,승용,남,33세,상해없음,이륜,남,47세,중상
2019042700100211,2019년 4월 27일 10시,토요일,경기도 수원시 장안구 연무동,중상사고,0,1,0,0,차대사람 - 횡단중,안전운전불이행,건조,맑음,교차로 - 교차로안,화물,남,60세,상해없음,보행자,여,51세,중상
2019042700100250,2019년 4월 27일 11시,토요일,경기도 수원시 장안구 영화동,경상사고,0,0,1,0,차대차 - 기타,차로위반,건조,맑음,단일로 - 기타,화물,남,29세,상해없음,승용,남,59세,경상
2019042700100312,2019년 4월 27일 12시,토요일,경기도 수원시 팔달구 인계동,경상사고,0,0,1,1,차대차 - 측면충돌,직진우회전진행방해,건조,맑음,교차로 - 교차로안,승용,남,25세,부상신고,승용,여,37세,경상
2019042700100578,2019년 4월 27일 19시,토요일,경기도 수원시 장안구 조원동,경상사고,0,0,1,2,차대차 - 기타,신호위반,건조,맑음,교차로 - 교차로부근,승용,남,25세,부상신고,이륜,남,25세,경상
2019042800100043,2019년 4월 28일 02시,일요일,경기도 수원시 영통구 영통동,경상사고,0,0,1,0,차대차 - 측면충돌,안전운전불이행,건조,맑음,교차로 - 교차로안,승용,남,29세,상해없음,승용,남,50세,경상
2019042800100044,2019년 4월 28일 02시,일요일,경기도 수원시 팔달구 인계동,경상사고,0,0,1,0,차대사람 - 기타,안전운전불이행,건조,맑음,교차로 - 교차로안,승용,남,25세,상해없음,보행자,남,31세,경상
2019042800100056,2019년 4월 28일 03시,일요일,경기도 수원시 영통구 신동,경상사고,0,0,1,0,차대차 - 추돌,안전운전불이행,건조,맑음,단일로 - 기타,승용,남,29세,상해없음,승용,남,58세,경상
2019042800100058,2019년 4월 28일 03시,일요일,경기도 수원시 권선구 금곡동,경상사고,0,0,1,0,차대사람 - 기타,안전운전불이행,건조,맑음,교차로 - 교차로부근,승용,남,54세,상해없음,보행자,여,23세,경상
2019042800100215,2019년 4월 28일 13시,일요일,경기도 수원시 권선구 구운동,경상사고,0,0,1,0,차대차 - 기타,신호위반,건조,맑음,교차로 - 교차로안,승용,남,63세,상해없음,승용,남,26세,경상
2019042800100274,2019년 4월 28일 15시,일요일,경기도 수원시 팔달구 지동,경상사고,0,0,1,0,차대사람 - 기타,안전운전불이행,건조,맑음,단일로 - 기타,승용,남,66세,상해없음,보행자,여,64세,경상
2019042800100336,2019년 4월 28일 17시,일요일,경기도 수원시 팔달구 팔달로1가,경상사고,0,0,1,0,차대사람 - 기타,안전운전불이행,건조,맑음,단일로 - 기타,승용,남,51세,상해없음,보행자,남,75세,경상
2019042800100373,2019년 4월 28일 18시,일요일,경기도 수원시 권선구 구운동,경상사고,0,0,2,0,차대사람 - 기타,안전운전불이행,건조,맑음,교차로 - 교차로안,승용,남,62세,상해없음,보행자,남,58세,경상
2019042800100441,2019년 4월 28일 21시,일요일,경기도 수원시 팔달구 우만동,중상사고,0,1,0,0,차대사람 - 횡단중,안전운전불이행,건조,맑음,단일로 - 기타,승용,남,30세,상해없음,보행자,남,52세,중상
2019042800100491,2019년 4월 28일 23시,일요일,경기도 수원시 권선구 세류동,중상사고,0,1,0,0,차대차 - 기타,차로위반,건조,맑음,단일로 - 기타,승용,남,58세,상해없음,이륜,남,43세,중상
2019042900100167,2019년 4월 29일 09시,월요일,경기도 수원시 영통구 이의동,중상사고,0,1,0,0,차대차 - 기타,안전운전불이행,건조,맑음,단일로 - 기타,기타불명,기타불명,미분류,기타불명,승합,남,48세,상해없음
2019042900100237,2019년 4월 29일 11시,월요일,경기도 수원시 팔달구 우만동,경상사고,0,0,1,0,차대차 - 추돌,안전운전불이행,건조,맑음,교차로 - 교차로안,승용,여,53세,상해없음,승용,여,39세,경상
2019042900100238,2019년 4월 29일 11시,월요일,경기도 수원시 팔달구 장안동,중상사고,0,1,0,0,차대차 - 기타,신호위반,건조,맑음,교차로 - 교차로안,자전거,남,71세,중상,승용,남,64세,상해없음
2019042900100303,2019년 4월 29일 13시,월요일,경기도 수원시 장안구 율전동,경상사고,0,0,1,0,차대차 - 측면충돌,안전운전불이행,건조,맑음,교차로 - 교차로안,승용,남,44세,상해없음,승용,남,39세,경상
2019042900100409,2019년 4월 29일 16시,월요일,경기도 수원시 장안구 영화동,경상사고,0,0,1,0,차대사람 - 기타,안전운전불이행,젖음/습기,비,단일로 - 기타,자전거,여,59세,상해없음,보행자,여,80세,경상
2019042900100510,2019년 4월 29일 18시,월요일,경기도 수원시 권선구 권선동,경상사고,0,0,4,0,차대차 - 기타,교차로운행방법위반,건조,맑음,교차로 - 교차로안,승용,남,32세,경상,승용,여,34세,경상
2019042900100543,2019년 4월 29일 19시,월요일,경기도 수원시 영통구 영통동,경상사고,0,0,1,0,차대차 - 기타,신호위반,건조,맑음,교차로 - 교차로안,승용,여,33세,상해없음,승용,여,64세,경상
2019043000100024,2019년 4월 30일 00시,화요일,경기도 수원시 권선구 권선동,경상사고,0,0,1,0,차대차 - 측면충돌,안전운전불이행,건조,맑음,기타 - 기타,승용,남,35세,상해없음,승용,남,51세,경상
2019043000100073,2019년 4월 30일 06시,화요일,경기도 수원시 팔달구 인계동,부상신고사고,0,0,0,1,차대사람 - 기타,안전운전불이행,건조,맑음,단일로 - 기타,화물,남,41세,상해없음,보행자,남,29세,부상신고
2019043000100090,2019년 4월 30일 07시,화요일,경기도 수원시 팔달구 우만동,경상사고,0,0,1,0,차대차 - 추돌,안전거리미확보,건조,맑음,교차로 - 교차로안,승용,남,53세,상해없음,승용,남,34세,경상
2019043000100114,2019년 4월 30일 08시,화요일,경기도 수원시 팔달구 우만동,중상사고,0,1,0,0,차대사람 - 횡단중,중앙선침범,건조,맑음,교차로 - 교차로횡단보도내,자전거,남,14세,상해없음,보행자,여,23세,중상
2019043000100118,2019년 4월 30일 08시,화요일,경기도 수원시 팔달구 인계동,경상사고,0,0,3,0,차대차 - 후진중충돌,안전운전불이행,건조,맑음,단일로 - 기타,승용,남,19세,상해없음,승합,여,47세,경상
2019043000100121,2019년 4월 30일 08시,화요일,경기도 수원시 팔달구 교동,경상사고,0,0,1,0,차대차 - 기타,불법유턴,건조,맑음,단일로 - 기타,자전거,여,34세,경상,승용,남,48세,상해없음
2019043000100159,2019년 4월 30일 09시,화요일,경기도 수원시 팔달구 지동,경상사고,0,0,1,0,차대차 - 기타,안전거리미확보,건조,맑음,단일로 - 기타,승용,여,59세,상해없음,이륜,남,20세,경상
2019043000100225,2019년 4월 30일 11시,화요일,경기도 수원시 장안구 정자동,경상사고,0,0,1,0,차대사람 - 기타,안전운전불이행,건조,맑음,교차로 - 교차로안,승용,여,66세,상해없음,보행자,여,76세,경상
2019043000100260,2019년 4월 30일 12시,화요일,경기도 수원시 장안구 송죽동,경상사고,0,0,1,0,차대차 - 추돌,안전운전불이행,건조,맑음,교차로 - 교차로안,승용,여,62세,상해없음,이륜,남,27세,경상
2019043000100263,2019년 4월 30일 12시,화요일,경기도 수원시 팔달구 인계동,경상사고,0,0,1,0,차대사람 - 기타,안전운전불이행,건조,맑음,단일로 - 기타,승용,여,65세,상해없음,보행자,남,24세,경상
2019043000100264,2019년 4월 30일 12시,화요일,경기도 수원시 영통구 원천동,경상사고,0,0,1,0,차대사람 - 기타,안전운전불이행,건조,맑음,교차로 - 교차로부근,승용,여,60세,상해없음,보행자,남,17세,경상
2019043000100288,2019년 4월 30일 13시,화요일,경기도 수원시 팔달구 인계동,경상사고,0,0,1,0,차대차 - 측면충돌,안전운전불이행,건조,맑음,교차로 - 교차로부근,승용,여,36세,상해없음,이륜,남,35세,경상
2019043000100315,2019년 4월 30일 14시,화요일,경기도 수원시 장안구 영화동,부상신고사고,0,0,0,1,차량단독 - 기타,기타,건조,맑음,단일로 - 기타,승합,남,58세,상해없음,,,,
2019043000100318,2019년 4월 30일 14시,화요일,경기도 수원시 권선구 탑동,중상사고,0,1,0,0,차대사람 - 기타,안전운전불이행,건조,맑음,단일로 - 기타,승용,남,28세,상해없음,보행자,여,81세,중상
2019043000100387,2019년 4월 30일 16시,화요일,경기도 수원시 권선구 권선동,경상사고,0,0,1,0,차대사람 - 횡단중,안전운전불이행,건조,맑음,단일로 - 기타,화물,남,51세,상해없음,보행자,여,58세,경상
2019043000100389,2019년 4월 30일 16시,화요일,경기도 수원시 권선구 서둔동,경상사고,0,0,1,0,차대차 - 측면충돌,안전거리미확보,건조,맑음,교차로 - 교차로안,화물,남,50세,상해없음,승용,남,25세,경상
2019043000100473,2019년 4월 30일 18시,화요일,경기도 수원시 장안구 송죽동,중상사고,0,1,0,0,차대차 - 기타,안전운전불이행,건조,맑음,단일로 - 기타,자전거,남,22세,중상,기타불명,기타불명,미분류,기타불명
2019043000100480,2019년 4월 30일 18시,화요일,경기도 수원시 영통구 이의동,중상사고,0,1,0,0,차대차 - 기타,안전운전불이행,건조,맑음,기타 - 기타,승용,남,69세,상해없음,승용,여,40세,중상
2019043000100481,2019년 4월 30일 18시,화요일,경기도 수원시 팔달구 고등동,중상사고,0,1,2,0,차대차 - 기타,중앙선침범,건조,맑음,단일로 - 기타,승용,남,64세,상해없음,승용,남,41세,상해없음
2019043000100541,2019년 4월 30일 20시,화요일,경기도 수원시 팔달구 화서동,부상신고사고,0,0,0,1,차대차 - 기타,기타,건조,맑음,교차로 - 교차로안,승용,남,63세,상해없음,자전거,남,7세,부상신고
2019043000100571,2019년 4월 30일 21시,화요일,경기도 수원시 장안구 정자동,경상사고,0,0,1,0,차대차 - 기타,안전거리미확보,건조,맑음,기타 - 기타,승용,여,41세,상해없음,승용,여,43세,경상
2019043000100634,2019년 4월 30일 23시,화요일,경기도 수원시 권선구 권선동,경상사고,0,0,1,0,차대차 - 기타,기타,건조,맑음,단일로 - 기타,화물,남,69세,상해없음,승용,남,46세,경상
2019050100100035,2019년 5월 1일 00시,수요일,경기도 수원시 영통구 영통동,중상사고,0,1,0,0,차대사람 - 기타,과속,건조,맑음,단일로 - 기타,승용,남,40세,상해없음,보행자,남,46세,중상
2019050100100063,2019년 5월 1일 02시,수요일,경기도 수원시 장안구 이목동,경상사고,0,0,2,0,차대차 - 추돌,안전운전불이행,건조,맑음,교차로 - 교차로부근,승용,남,39세,상해없음,승용,남,68세,경상
2019050100100078,2019년 5월 1일 03시,수요일,경기도 수원시 팔달구 인계동,경상사고,0,0,1,0,차대사람 - 기타,안전운전불이행,건조,맑음,단일로 - 기타,승용,남,21세,상해없음,보행자,남,41세,경상
2019050100100232,2019년 5월 1일 12시,수요일,경기도 수원시 팔달구 매산로2가,경상사고,0,0,1,0,차대사람 - 기타,안전운전불이행,건조,맑음,단일로 - 기타,승용,여,35세,상해없음,보행자,여,29세,경상
2019050100100344,2019년 5월 1일 15시,수요일,경기도 수원시 권선구 서둔동,경상사고,0,0,1,2,차대차 - 기타,안전운전불이행,건조,맑음,단일로 - 기타,승용,여,66세,상해없음,승용,여,54세,경상
2019050100100455,2019년 5월 1일 18시,수요일,경기도 수원시 장안구 영화동,경상사고,0,0,1,0,차대차 - 추돌,안전운전불이행,건조,맑음,단일로 - 기타,이륜,남,21세,경상,승합,남,51세,상해없음
2019050100100485,2019년 5월 1일 19시,수요일,경기도 수원시 영통구 매탄동,경상사고,0,0,1,0,차대차 - 정면충돌,중앙선침범,건조,맑음,단일로 - 기타,승용,여,45세,상해없음,승용,남,47세,경상
2019050200100036,2019년 5월 2일 01시,목요일,경기도 수원시 팔달구 인계동,부상신고사고,0,0,0,1,차대차 - 측면충돌,교차로운행방법위반,건조,맑음,교차로 - 교차로안,승용,남,43세,부상신고,승용,남,38세,상해없음
2019050200100061,2019년 5월 2일 06시,목요일,경기도 수원시 권선구 구운동,경상사고,0,0,2,0,차대차 - 측면충돌,신호위반,건조,맑음,교차로 - 교차로안,승용,남,51세,상해없음,승합,여,50세,경상
2019050200100182,2019년 5월 2일 09시,목요일,경기도 수원시 영통구 영통동,경상사고,0,0,1,0,차대차 - 측면충돌,안전거리미확보,건조,맑음,단일로 - 기타,승용,여,47세,상해없음,특수,남,47세,경상
2019050200100349,2019년 5월 2일 14시,목요일,경기도 수원시 장안구 영화동,경상사고,0,0,1,0,차대사람 - 횡단중,보행자보호의무위반,건조,맑음,교차로 - 교차로횡단보도내,승용,여,54세,기타불명,보행자,남,9세,경상
2019050200100397,2019년 5월 2일 15시,목요일,경기도 수원시 권선구 곡반정동,중상사고,0,1,0,0,차대사람 - 기타,안전운전불이행,건조,맑음,단일로 - 기타,승용,남,28세,상해없음,보행자,여,66세,중상
2019050200100433,2019년 5월 2일 16시,목요일,경기도 수원시 권선구 권선동,경상사고,0,0,1,0,차대차 - 기타,안전운전불이행,건조,맑음,단일로 - 기타,승용,여,46세,상해없음,승용,남,71세,경상
2019050200100526,2019년 5월 2일 18시,목요일,경기도 수원시 팔달구 인계동,경상사고,0,0,1,0,차대사람 - 기타,안전운전불이행,건조,맑음,교차로 - 교차로부근,승용,여,39세,상해없음,보행자,남,19세,경상
2019050200100530,2019년 5월 2일 18시,목요일,경기도 수원시 권선구 금곡동,경상사고,0,0,1,0,차대차 - 추돌,안전운전불이행,건조,맑음,단일로 - 기타,이륜,남,39세,상해없음,이륜,남,27세,경상
2019050200100678,2019년 5월 2일 22시,목요일,경기도 수원시 장안구 영화동,경상사고,0,0,1,0,차대차 - 추돌,안전운전불이행,건조,맑음,교차로 - 교차로부근,승용,남,33세,상해없음,승용,남,44세,경상
2019050200100709,2019년 5월 2일 23시,목요일,경기도 수원시 권선구 구운동,경상사고,0,0,1,0,차대차 - 정면충돌,신호위반,건조,맑음,교차로 - 교차로안,승용,남,44세,상해없음,이륜,남,20세,경상
2019050300100040,2019년 5월 3일 00시,금요일,경기도 수원시 팔달구 고등동,중상사고,0,1,1,0,차대차 - 측면충돌,신호위반,건조,맑음,교차로 - 교차로안,승용,남,24세,상해없음,승용,남,62세,중상
2019050300100059,2019년 5월 3일 02시,금요일,경기도 수원시 영통구 원천동,중상사고,0,1,0,0,차대차 - 측면충돌,과속,건조,맑음,단일로 - 기타,승용,남,55세,상해없음,승용,남,56세,상해없음
2019050300100064,2019년 5월 3일 03시,금요일,경기도 수원시 권선구 구운동,사망사고,1,0,0,0,차대사람 - 횡단중,과속,건조,맑음,교차로 - 교차로부근,승용,남,29세,상해없음,보행자,남,29세,사망
2019050300100374,2019년 5월 3일 14시,금요일,경기도 수원시 권선구 세류동,경상사고,0,0,1,0,차대차 - 기타,안전거리미확보,건조,맑음,기타 - 기타,승용,여,27세,상해없음,승용,여,44세,상해없음
2019050300100455,2019년 5월 3일 16시,금요일,경기도 수원시 장안구 연무동,경상사고,0,0,1,0,차대사람 - 기타,안전운전불이행,건조,맑음,단일로 - 기타,승용,여,56세,상해없음,보행자,남,53세,경상
2019050300100519,2019년 5월 3일 17시,금요일,경기도 수원시 권선구 호매실동,경상사고,0,0,1,0,차대차 - 기타,안전운전불이행,건조,맑음,교차로 - 교차로안,화물,남,29세,상해없음,승합,남,48세,경상
2019050300100578,2019년 5월 3일 18시,금요일,경기도 수원시 권선구 세류동,중상사고,0,1,0,0,차대사람 - 횡단중,보행자보호의무위반,건조,맑음,단일로 - 기타,승용,여,56세,상해없음,보행자,남,70세,중상
2019050300100579,2019년 5월 3일 18시,금요일,경기도 수원시 영통구 신동,경상사고,0,0,1,0,차대사람 - 횡단중,신호위반,건조,맑음,교차로 - 교차로횡단보도내,승용,남,28세,상해없음,보행자,여,18세,경상
2019050300100620,2019년 5월 3일 19시,금요일,경기도 수원시 권선구 권선동,경상사고,0,0,1,0,차대차 - 추돌,안전거리미확보,건조,맑음,교차로 - 교차로부근,승용,남,47세,상해없음,승용,여,49세,경상
2019050300100692,2019년 5월 3일 21시,금요일,경기도 수원시 팔달구 매산로2가,중상사고,0,1,0,0,차대사람 - 기타,보행자보호의무위반,건조,맑음,교차로 - 교차로부근,승용,남,52세,상해없음,보행자,여,46세,중상
2019050300100693,2019년 5월 3일 21시,금요일,경기도 수원시 권선구 탑동,경상사고,0,0,1,0,차대차 - 측면충돌,신호위반,건조,맑음,교차로 - 교차로안,승용,여,59세,상해없음,이륜,남,17세,경상
2019050400100035,2019년 5월 4일 00시,토요일,경기도 수원시 장안구 영화동,경상사고,0,0,1,0,차대사람 - 횡단중,신호위반,건조,맑음,교차로 - 교차로횡단보도내,승용,남,59세,상해없음,보행자,남,51세,경상
2019050400100058,2019년 5월 4일 01시,토요일,경기도 수원시 영통구 영통동,경상사고,0,0,1,0,차대차 - 기타,안전운전불이행,건조,맑음,단일로 - 기타,화물,여,49세,상해없음,자전거,여,30세,경상
2019050400100059,2019년 5월 4일 01시,토요일,경기도 수원시 권선구 권선동,경상사고,0,0,2,0,차대차 - 기타,신호위반,건조,맑음,교차로 - 교차로부근,승용,남,21세,상해없음,승용,남,59세,경상
2019050400100069,2019년 5월 4일 02시,토요일,경기도 수원시 팔달구 우만동,경상사고,0,0,3,0,차대차 - 추돌,안전운전불이행,건조,맑음,단일로 - 기타,승용,남,33세,상해없음,승용,남,60세,경상
2019050400100081,2019년 5월 4일 03시,토요일,경기도 수원시 권선구 세류동,경상사고,0,0,1,0,차대사람 - 기타,안전운전불이행,건조,맑음,교차로 - 교차로횡단보도내,승용,남,60세,상해없음,보행자,여,34세,경상
2019050400100093,2019년 5월 4일 04시,토요일,경기도 수원시 팔달구 우만동,중상사고,0,1,1,0,차대차 - 추돌,안전운전불이행,건조,맑음,단일로 - 기타,승용,남,22세,상해없음,승용,여,62세,경상
2019050400100100,2019년 5월 4일 05시,토요일,경기도 수원시 장안구 파장동,경상사고,0,0,2,0,차대차 - 기타,신호위반,건조,맑음,단일로 - 기타,화물,남,50세,상해없음,승용,여,51세,경상
2019050400100145,2019년 5월 4일 08시,토요일,경기도 수원시 권선구 입북동,경상사고,0,0,2,3,차대차 - 추돌,안전거리미확보,건조,맑음,단일로 - 기타,승용,남,23세,상해없음,승용,여,36세,경상
2019050400100235,2019년 5월 4일 11시,토요일,경기도 수원시 장안구 조원동,부상신고사고,0,0,0,1,차대차 - 추돌,안전거리미확보,건조,맑음,단일로 - 기타,이륜,남,17세,부상신고,승용,남,42세,상해없음
2019050400100407,2019년 5월 4일 15시,토요일,경기도 수원시 팔달구 화서동,경상사고,0,0,1,0,차대사람 - 길가장자리구역통행중,안전운전불이행,건조,맑음,단일로 - 기타,화물,남,55세,상해없음,보행자,여,87세,경상
2019050400100458,2019년 5월 4일 16시,토요일,경기도 수원시 권선구 당수동,경상사고,0,0,3,0,차대차 - 측면충돌,신호위반,건조,맑음,단일로 - 기타,승용,여,59세,경상,승용,남,40세,경상
2019050400100488,2019년 5월 4일 17시,토요일,경기도 수원시 장안구 파장동,경상사고,0,0,2,2,차대차 - 기타,안전운전불이행,건조,맑음,교차로 - 교차로안,승용,남,30세,상해없음,승용,남,44세,경상
2019050400100532,2019년 5월 4일 18시,토요일,경기도 수원시 팔달구 인계동,경상사고,0,0,2,0,차대차 - 추돌,안전거리미확보,건조,맑음,교차로 - 교차로부근,승용,남,25세,상해없음,승용,남,37세,경상
2019050400100662,2019년 5월 4일 22시,토요일,경기도 수원시 장안구 율전동,중상사고,0,1,0,0,차대사람 - 횡단중,안전운전불이행,건조,맑음,교차로 - 교차로안,승용,남,51세,상해없음,보행자,여,29세,중상
2019050400100664,2019년 5월 4일 22시,토요일,경기도 수원시 권선구 권선동,경상사고,0,0,1,0,차대차 - 기타,안전운전불이행,건조,맑음,교차로 - 교차로횡단보도내,이륜,남,27세,경상,승용,남,41세,상해없음
2019050500100038,2019년 5월 5일 01시,일요일,경기도 수원시 팔달구 인계동,경상사고,0,0,1,0,차대차 - 추돌,안전운전불이행,건조,맑음,교차로 - 교차로부근,승용,남,28세,상해없음,승용,남,63세,경상
2019050500100058,2019년 5월 5일 02시,일요일,경기도 수원시 팔달구 매산로2가,경상사고,0,0,2,0,차대차 - 기타,신호위반,건조,맑음,교차로 - 교차로안,이륜,남,22세,상해없음,승용,남,26세,경상
2019050500100203,2019년 5월 5일 12시,일요일,경기도 수원시 장안구 파장동,경상사고,0,0,1,0,차대차 - 정면충돌,교차로운행방법위반,건조,맑음,교차로 - 교차로안,승용,남,57세,상해없음,승용,남,50세,경상
2019050500100290,2019년 5월 5일 14시,일요일,경기도 수원시 권선구 권선동,경상사고,0,0,3,0,차대차 - 측면충돌,신호위반,건조,맑음,교차로 - 교차로부근,승용,남,46세,상해없음,승용,남,28세,경상