사고번호,사고일시,요일,시군구,사고내용,사망자수,중상자수,경상자수,부상신고자수,사고유형,법규위반,노면상태,기상상태,도로형태,가해운전자 차종,가해운전자 성별,가해운전자 연령,가해운전자 상해정도,피해운전자 차종,피해운전자 성별,피해운전자 연령,피해운전자 상해정도
2019051400100451,2019년 5월 14일 17시,화요일,경기도 수원시 팔달구 지동,중상사고,0,1,0,0,차대사람 - 기타,불법유턴,건조,맑음,교차로 - 교차로부근,승용,남,36세,상해없음,보행자,여,74세,중상
2019051400100458,2019년 5월 14일 17시,화요일,경기도 수원시 권선구 탑동,경상사고,0,0,2,0,차대사람 - 횡단중,안전운전불이행,건조,맑음,교차로 - 교차로안,승용,여,35세,상해없음,보행자,여,17세,경상
2019051400100590,2019년 5월 14일 20시,화요일,경기도 수원시 장안구 정자동,중상사고,0,1,0,0,차대사람 - 횡단중,신호위반,건조,맑음,교차로 - 교차로횡단보도내,승합,남,63세,상해없음,보행자,여,50세,중상
2019051400100594,2019년 5월 14일 20시,화요일,경기도 수원시 팔달구 인계동,경상사고,0,0,1,0,차대차 - 측면충돌,안전운전불이행,건조,맑음,교차로 - 교차로부근,승용,남,24세,상해없음,자전거,여,54세,경상
2019051400100632,2019년 5월 14일 21시,화요일,경기도 수원시 권선구 고색동,중상사고,0,1,0,0,차대사람 - 횡단중,신호위반,건조,맑음,교차로 - 교차로횡단보도내,개인형이동수단(PM),남,40세,상해없음,보행자,여,10세,중상
2019051400100661,2019년 5월 14일 22시,화요일,경기도 수원시 영통구 망포동,중상사고,0,1,0,0,차대차 - 기타,안전거리미확보,건조,맑음,단일로 - 기타,승용,남,20세,상해없음,승합,남,60세,상해없음
2019051500100063,2019년 5월 15일 03시,수요일,경기도 수원시 팔달구 화서동,경상사고,0,0,2,0,차대차 - 측면충돌,신호위반,건조,맑음,교차로 - 교차로안,기타불명,남,29세,상해없음,승용,남,50세,경상
2019051500100064,2019년 5월 15일 03시,수요일,경기도 수원시 영통구 원천동,중상사고,0,3,0,0,차대차 - 기타,신호위반,건조,맑음,기타 - 기타,승용,남,59세,중상,승용,남,52세,중상
2019051500100137,2019년 5월 15일 08시,수요일,경기도 수원시 장안구 연무동,중상사고,0,2,0,0,차대차 - 기타,교차로운행방법위반,건조,맑음,교차로 - 교차로안,승용,여,51세,상해없음,승용,여,46세,중상
2019051500100138,2019년 5월 15일 08시,수요일,경기도 수원시 장안구 영화동,경상사고,0,0,1,0,차대차 - 측면충돌,안전거리미확보,건조,맑음,단일로 - 기타,승용,여,62세,상해없음,승용,남,34세,경상
2019051500100179,2019년 5월 15일 09시,수요일,경기도 수원시 팔달구 교동,경상사고,0,0,1,0,차대차 - 기타,안전거리미확보,건조,맑음,단일로 - 기타,승용,여,60세,상해없음,승합,남,50세,상해없음
2019051500100215,2019년 5월 15일 10시,수요일,경기도 수원시 팔달구 지동,경상사고,0,0,1,0,차대사람 - 횡단중,중앙선침범,건조,맑음,단일로 - 기타,화물,남,54세,상해없음,보행자,남,70세,경상
2019051500100219,2019년 5월 15일 10시,수요일,경기도 수원시 팔달구 교동,중상사고,0,1,0,0,차량단독 - 기타,안전운전불이행,건조,맑음,단일로 - 기타,승합,남,56세,상해없음,,,,
2019051500100287,2019년 5월 15일 12시,수요일,경기도 수원시 장안구 정자동,경상사고,0,0,1,0,차대사람 - 횡단중,보행자보호의무위반,건조,맑음,교차로 - 교차로횡단보도내,승용,남,44세,상해없음,보행자,남,6세,경상
2019051500100333,2019년 5월 15일 13시,수요일,경기도 수원시 팔달구 인계동,경상사고,0,0,2,0,차대차 - 추돌,안전운전불이행,건조,맑음,교차로 - 교차로안,승용,여,25세,상해없음,승용,남,56세,경상
2019051500100408,2019년 5월 15일 15시,수요일,경기도 수원시 권선구 권선동,중상사고,0,1,0,0,차대차 - 측면충돌,안전운전불이행,건조,맑음,단일로 - 기타,승용,여,55세,상해없음,이륜,남,30세,중상
2019051500100540,2019년 5월 15일 18시,수요일,경기도 수원시 권선구 권선동,경상사고,0,0,1,0,차대사람 - 기타,안전운전불이행,건조,맑음,단일로 - 기타,승용,여,58세,상해없음,보행자,남,8세,경상
2019051500100587,2019년 5월 15일 19시,수요일,경기도 수원시 권선구 곡반정동,경상사고,0,0,1,0,차대차 - 기타,교차로운행방법위반,건조,맑음,교차로 - 교차로안,승용,남,32세,상해없음,승용,남,25세,경상
2019051500100680,2019년 5월 15일 22시,수요일,경기도 수원시 권선구 세류동,경상사고,0,0,2,0,차대차 - 추돌,안전운전불이행,건조,맑음,교차로 - 교차로부근,승용,남,27세,기타불명,승용,여,47세,경상
2019051500100681,2019년 5월 15일 22시,수요일,경기도 수원시 권선구 호매실동,경상사고,0,0,2,0,차대차 - 측면충돌,신호위반,건조,맑음,교차로 - 교차로안,원동기,남,23세,상해없음,승용,남,41세,경상
2019051500100702,2019년 5월 15일 23시,수요일,경기도 수원시 장안구 연무동,경상사고,0,0,1,0,차대차 - 기타,중앙선침범,건조,맑음,단일로 - 교량,기타불명,기타불명,미분류,기타불명,화물,남,27세,경상
2019051600100043,2019년 5월 16일 00시,목요일,경기도 수원시 영통구 영통동,경상사고,0,0,1,0,차대사람 - 기타,안전운전불이행,건조,맑음,교차로 - 교차로횡단보도내,승합,남,41세,상해없음,보행자,남,51세,경상
2019051600100044,2019년 5월 16일 00시,목요일,경기도 수원시 권선구 권선동,경상사고,0,0,1,0,차량단독 - 기타,안전운전불이행,건조,맑음,기타 - 기타,이륜,남,56세,경상,,,,
2019051600100076,2019년 5월 16일 03시,목요일,경기도 수원시 영통구 영통동,중상사고,0,2,1,0,차대차 - 추돌,안전운전불이행,건조,맑음,단일로 - 기타,승용,남,34세,중상,화물,남,58세,경상
2019051600100092,2019년 5월 16일 05시,목요일,경기도 수원시 팔달구 인계동,중상사고,0,1,0,0,차대차 - 기타,안전운전불이행,건조,맑음,교차로 - 교차로부근,승용,여,27세,상해없음,이륜,남,51세,중상
2019051600100106,2019년 5월 16일 06시,목요일,경기도 수원시 권선구 구운동,중상사고,0,1,4,0,차대차 - 추돌,안전운전불이행,건조,맑음,교차로 - 교차로부근,승용,남,67세,상해없음,승용,남,48세,경상
2019051600100117,2019년 5월 16일 07시,목요일,경기도 수원시 장안구 조원동,경상사고,0,0,1,0,차대차 - 측면충돌,안전운전불이행,건조,맑음,교차로 - 교차로횡단보도내,승용,남,29세,상해없음,자전거,남,23세,경상
2019051600100163,2019년 5월 16일 08시,목요일,경기도 수원시 영통구 이의동,경상사고,0,0,1,0,차대차 - 측면충돌,교차로운행방법위반,건조,맑음,교차로 - 교차로안,승용,남,58세,상해없음,승용,남,40세,경상
2019051600100358,2019년 5월 16일 13시,목요일,경기도 수원시 권선구 권선동,중상사고,0,1,0,0,차대차 - 측면충돌,안전거리미확보,건조,맑음,단일로 - 기타,건설기계,남,49세,상해없음,승용,여,35세,중상
2019051600100418,2019년 5월 16일 15시,목요일,경기도 수원시 장안구 정자동,중상사고,0,1,0,0,차대차 - 측면충돌,직진우회전진행방해,건조,맑음,교차로 - 교차로안,승용,남,33세,상해없음,자전거,남,81세,중상
2019051600100453,2019년 5월 16일 16시,목요일,경기도 수원시 장안구 정자동,경상사고,0,0,3,0,차대차 - 추돌,안전거리미확보,건조,맑음,교차로 - 교차로안,승용,남,19세,상해없음,승용,여,60세,경상
2019051600100454,2019년 5월 16일 16시,목요일,경기도 수원시 장안구 정자동,부상신고사고,0,0,0,1,차대차 - 정면충돌,신호위반,건조,맑음,교차로 - 교차로안,이륜,남,19세,부상신고,화물,남,53세,상해없음
2019051600100501,2019년 5월 16일 17시,목요일,경기도 수원시 장안구 영화동,경상사고,0,0,1,0,차대사람 - 보도통행중,기타,건조,맑음,기타 - 기타,개인형이동수단(PM),남,38세,상해없음,보행자,남,61세,경상
2019051600100511,2019년 5월 16일 17시,목요일,경기도 수원시 권선구 구운동,경상사고,0,0,3,0,차대차 - 기타,신호위반,건조,맑음,교차로 - 교차로안,승용,여,45세,상해없음,승용,남,60세,경상
2019051600100512,2019년 5월 16일 17시,목요일,경기도 수원시 권선구 고색동,경상사고,0,0,1,0,차대사람 - 기타,기타,건조,맑음,단일로 - 기타,승합,남,47세,상해없음,보행자,남,31세,경상
2019051600100553,2019년 5월 16일 18시,목요일,경기도 수원시 장안구 정자동,경상사고,0,0,1,0,차대차 - 측면충돌,안전거리미확보,건조,맑음,교차로 - 교차로부근,승용,여,58세,상해없음,승용,여,54세,경상
2019051600100560,2019년 5월 16일 18시,목요일,경기도 수원시 영통구 이의동,경상사고,0,0,1,0,차대사람 - 기타,안전운전불이행,건조,맑음,기타 - 기타,자전거,남,52세,상해없음,보행자,남,39세,경상
2019051600100605,2019년 5월 16일 19시,목요일,경기도 수원시 팔달구 인계동,경상사고,0,0,1,0,차대사람 - 차도통행중,안전운전불이행,건조,맑음,교차로 - 교차로부근,승용,남,38세,상해없음,보행자,남,46세,경상
2019051600100606,2019년 5월 16일 19시,목요일,경기도 수원시 권선구 권선동,경상사고,0,0,1,0,차대차 - 기타,중앙선침범,건조,맑음,교차로 - 교차로부근,이륜,남,34세,상해없음,이륜,남,53세,경상
2019051600100668,2019년 5월 16일 21시,목요일,경기도 수원시 팔달구 장안동,경상사고,0,0,2,0,차대차 - 기타,안전운전불이행,건조,맑음,교차로 - 교차로안,승합,여,58세,상해없음,승용,여,50세,경상
2019051600100726,2019년 5월 16일 23시,목요일,경기도 수원시 영통구 신동,경상사고,0,0,1,0,차대차 - 추돌,안전운전불이행,건조,맑음,단일로 - 기타,승용,남,36세,상해없음,승용,남,33세,경상
2019051700100027,2019년 5월 17일 00시,금요일,경기도 수원시 팔달구 매산로2가,경상사고,0,0,1,0,차대차 - 측면충돌,안전운전불이행,건조,맑음,단일로 - 기타,승용,여,34세,상해없음,승용,남,43세,경상
2019051700100066,2019년 5월 17일 04시,금요일,경기도 수원시 영통구 원천동,중상사고,0,1,1,0,차대차 - 기타,신호위반,건조,맑음,교차로 - 교차로안,이륜,남,36세,중상,승용,남,45세,경상
2019051700100139,2019년 5월 17일 08시,금요일,경기도 수원시 권선구 구운동,중상사고,0,2,0,0,차대차 - 측면충돌,차로위반,건조,맑음,단일로 - 기타,승용,여,32세,상해없음,승용,여,51세,중상
2019051700100172,2019년 5월 17일 09시,금요일,경기도 수원시 장안구 파장동,경상사고,0,0,2,0,차대차 - 추돌,안전운전불이행,건조,맑음,단일로 - 기타,승용,남,24세,상해없음,승용,남,45세,경상
2019051700100343,2019년 5월 17일 14시,금요일,경기도 수원시 권선구 금곡동,중상사고,0,1,0,0,차대차 - 기타,신호위반,건조,맑음,교차로 - 교차로안,승용,남,81세,상해없음,화물,남,47세,중상
2019051700100376,2019년 5월 17일 15시,금요일,경기도 수원시 팔달구 지동,중상사고,0,1,0,0,차대사람 - 기타,기타,건조,맑음,단일로 - 기타,승합,남,49세,상해없음,보행자,여,81세,중상
2019051700100413,2019년 5월 17일 16시,금요일,경기도 수원시 권선구 호매실동,경상사고,0,0,1,0,차대차 - 기타,직진우회전진행방해,건조,맑음,교차로 - 교차로안,승용,여,27세,상해없음,이륜,남,45세,경상
2019051700100454,2019년 5월 17일 17시,금요일,경기도 수원시 장안구 연무동,경상사고,0,0,1,0,차대차 - 기타,안전운전불이행,건조,맑음,단일로 - 기타,승용,남,46세,경상,승합,남,59세,상해없음
2019051700100459,2019년 5월 17일 17시,금요일,경기도 수원시 권선구 세류동,중상사고,0,1,0,0,차대사람 - 횡단중,안전운전불이행,건조,맑음,단일로 - 기타,승용,여,54세,상해없음,보행자,여,7세,중상
2019051700100460,2019년 5월 17일 17시,금요일,경기도 수원시 영통구 영통동,경상사고,0,0,1,0,차대사람 - 보도통행중,보행자보호의무위반,건조,맑음,교차로 - 교차로횡단보도내,승용,여,72세,상해없음,보행자,남,16세,경상
2019051700100645,2019년 5월 17일 21시,금요일,경기도 수원시 팔달구 매산로2가,경상사고,0,0,1,0,차대사람 - 기타,기타,건조,맑음,단일로 - 기타,승합,남,57세,상해없음,보행자,남,72세,경상
2019051800100066,2019년 5월 18일 01시,토요일,경기도 수원시 권선구 구운동,중상사고,0,2,1,0,차대차 - 측면충돌,신호위반,건조,맑음,교차로 - 교차로안,승용,남,28세,상해없음,화물,남,48세,경상
2019051800100068,2019년 5월 18일 01시,토요일,경기도 수원시 영통구 하동,중상사고,0,1,1,0,차대차 - 추돌,안전운전불이행,건조,맑음,단일로 - 기타,화물,남,46세,중상,화물,남,55세,경상
2019051800100122,2019년 5월 18일 04시,토요일,경기도 수원시 영통구 이의동,부상신고사고,0,0,0,1,차대차 - 추돌,안전운전불이행,건조,맑음,단일로 - 기타,특수,남,59세,상해없음,승용,남,29세,부상신고
2019051800100221,2019년 5월 18일 10시,토요일,경기도 수원시 팔달구 화서동,경상사고,0,0,1,0,차량단독 - 기타,안전운전불이행,건조,맑음,단일로 - 기타,승합,남,45세,상해없음,,,,
2019051800100225,2019년 5월 18일 10시,토요일,경기도 수원시 권선구 오목천동,경상사고,0,0,1,0,차대차 - 측면충돌,신호위반,건조,맑음,교차로 - 교차로부근,자전거,남,9세,경상,승용,여,24세,상해없음
2019051800100265,2019년 5월 18일 11시,토요일,경기도 수원시 권선구 권선동,경상사고,0,0,1,0,차대차 - 기타,교차로운행방법위반,건조,맑음,교차로 - 교차로부근,승용,남,70세,상해없음,이륜,남,41세,경상
2019051800100266,2019년 5월 18일 11시,토요일,경기도 수원시 영통구 매탄동,경상사고,0,0,2,0,차대차 - 후진중충돌,안전운전불이행,건조,맑음,교차로 - 교차로안,승용,여,53세,상해없음,승용,남,27세,경상
2019051800100267,2019년 5월 18일 11시,토요일,경기도 수원시 권선구 호매실동,경상사고,0,0,1,0,차대차 - 기타,신호위반,건조,맑음,교차로 - 교차로안,화물,남,50세,상해없음,승용,남,34세,경상
2019051800100301,2019년 5월 18일 12시,토요일,경기도 수원시 팔달구 우만동,중상사고,0,1,0,0,차대사람 - 기타,보행자보호의무위반,건조,맑음,교차로 - 교차로안,승용,남,73세,상해없음,보행자,남,62세,중상
2019051800100424,2019년 5월 18일 15시,토요일,경기도 수원시 팔달구 화서동,경상사고,0,0,1,0,차대사람 - 기타,안전운전불이행,건조,맑음,단일로 - 기타,화물,남,61세,상해없음,보행자,남,75세,경상
2019051800100431,2019년 5월 18일 15시,토요일,경기도 수원시 권선구 탑동,경상사고,0,0,8,0,차대차 - 추돌,안전운전불이행,건조,맑음,교차로 - 교차로부근,승합,남,61세,상해없음,승합,남,56세,경상
2019051800100495,2019년 5월 18일 17시,토요일,경기도 수원시 장안구 율전동,경상사고,0,0,2,0,차대차 - 후진중충돌,안전운전불이행,건조,맑음,단일로 - 기타,승용,남,82세,상해없음,승용,남,30세,경상
2019051800100534,2019년 5월 18일 18시,토요일,경기도 수원시 팔달구 매산로1가,경상사고,0,0,1,0,차대차 - 측면충돌,신호위반,건조,흐림,교차로 - 교차로안,승용,남,67세,상해없음,승용,여,36세,경상
2019051800100631,2019년 5월 18일 21시,토요일,경기도 수원시 권선구 오목천동,경상사고,0,0,1,0,차대차 - 측면충돌,신호위반,건조,흐림,교차로 - 교차로횡단보도내,기타불명,기타불명,미분류,기타불명,자전거,남,55세,경상
2019051800100632,2019년 5월 18일 21시,토요일,경기도 수원시 영통구 이의동,중상사고,0,1,1,0,차대차 - 측면충돌,안전운전불이행,건조,맑음,단일로 - 터널,승용,여,43세,상해없음,승용,남,43세,중상
2019051800100682,2019년 5월 18일 23시,토요일,경기도 수원시 권선구 탑동,중상사고,0,1,1,0,차대차 - 추돌,안전운전불이행,건조,맑음,교차로 - 교차로부근,화물,남,48세,상해없음,승용,여,33세,경상
2019051900100032,2019년 5월 19일 00시,일요일,경기도 수원시 권선구 구운동,부상신고사고,0,0,0,1,차대차 - 측면충돌,신호위반,건조,맑음,교차로 - 교차로부근,이륜,남,27세,부상신고,승합,남,53세,상해없음
2019051900100082,2019년 5월 19일 04시,일요일,경기도 수원시 팔달구 인계동,경상사고,0,0,2,0,차대차 - 측면충돌,안전운전불이행,젖음/습기,비,단일로 - 기타,승용,남,24세,기타불명,승용,남,27세,경상
2019051900100146,2019년 5월 19일 09시,일요일,경기도 수원시 장안구 파장동,경상사고,0,0,2,0,차대차 - 기타,안전운전불이행,젖음/습기,비,단일로 - 기타,승합,남,25세,상해없음,승용,남,50세,경상
2019051900100306,2019년 5월 19일 15시,일요일,경기도 수원시 영통구 망포동,경상사고,0,0,1,0,차대차 - 기타,안전거리미확보,젖음/습기,비,교차로 - 교차로부근,승용,여,39세,상해없음,이륜,남,35세,경상
2019051900100450,2019년 5월 19일 19시,일요일,경기도 수원시 영통구 이의동,경상사고,0,0,1,0,차대차 - 측면충돌,안전운전불이행,젖음/습기,비,교차로 - 교차로안,승용,남,40세,상해없음,승용,남,47세,경상
2019051900100526,2019년 5월 19일 21시,일요일,경기도 수원시 장안구 율전동,경상사고,0,0,2,0,차대사람 - 기타,안전운전불이행,건조,맑음,단일로 - 기타,화물,남,40세,상해없음,보행자,남,55세,경상
2019051900100561,2019년 5월 19일 22시,일요일,경기도 수원시 팔달구 매산로3가,경상사고,0,0,1,0,차대차 - 기타,교차로운행방법위반,젖음/습기,흐림,교차로 - 교차로안,이륜,남,39세,경상,승용,남,47세,상해없음
2019052000100050,2019년 5월 20일 03시,월요일,경기도 수원시 팔달구 인계동,경상사고,0,0,1,0,차대사람 - 기타,안전운전불이행,젖음/습기,비,교차로 - 교차로부근,승용,남,28세,상해없음,보행자,남,45세,경상
2019052000100068,2019년 5월 20일 06시,월요일,경기도 수원시 팔달구 화서동,경상사고,0,0,2,0,차대차 - 추돌,안전운전불이행,건조,맑음,단일로 - 기타,승용,남,29세,상해없음,승용,남,50세,경상
2019052000100083,2019년 5월 20일 07시,월요일,경기도 수원시 권선구 구운동,중상사고,0,1,0,0,차량단독 - 기타,안전운전불이행,건조,맑음,단일로 - 기타,화물,남,40세,상해없음,,,,
2019052000100114,2019년 5월 20일 08시,월요일,경기도 수원시 팔달구 우만동,중상사고,0,1,4,0,차대차 - 추돌,안전운전불이행,건조,맑음,단일로 - 기타,승용,여,60세,상해없음,승용,여,39세,경상
2019052000100115,2019년 5월 20일 08시,월요일,경기도 수원시 장안구 조원동,경상사고,0,0,1,0,차대사람 - 기타,기타,건조,맑음,단일로 - 기타,자전거,남,14세,상해없음,보행자,남,8세,경상
2019052000100127,2019년 5월 20일 08시,월요일,경기도 수원시 장안구 파장동,경상사고,0,0,1,0,차대차 - 기타,안전운전불이행,건조,맑음,기타 - 기타,승용,여,26세,상해없음,승용,남,27세,경상
2019052000100234,2019년 5월 20일 11시,월요일,경기도 수원시 영통구 원천동,중상사고,0,2,1,0,차대차 - 측면충돌,과속,건조,맑음,교차로 - 교차로부근,승용,남,22세,기타불명,승합,남,62세,상해없음
2019052000100235,2019년 5월 20일 11시,월요일,경기도 수원시 팔달구 인계동,경상사고,0,0,1,0,차대차 - 측면충돌,교차로운행방법위반,건조,맑음,교차로 - 교차로안,승용,남,69세,상해없음,승용,남,50세,경상
2019052000100238,2019년 5월 20일 11시,월요일,경기도 수원시 권선구 오목천동,경상사고,0,0,1,0,차대차 - 측면충돌,안전운전불이행,건조,맑음,교차로 - 교차로부근,화물,남,34세,상해없음,승용,남,79세,경상
2019052000100269,2019년 5월 20일 12시,월요일,경기도 수원시 권선구 세류동,중상사고,0,1,2,0,차대차 - 측면충돌,불법유턴,건조,맑음,교차로 - 교차로부근,승용,여,26세,상해없음,이륜,남,27세,중상
2019052000100423,2019년 5월 20일 16시,월요일,경기도 수원시 영통구 원천동,경상사고,0,0,1,0,차대차 - 측면충돌,안전거리미확보,건조,맑음,단일로 - 기타,화물,남,60세,상해없음,승용,남,68세,상해없음
2019052000100482,2019년 5월 20일 17시,월요일,경기도 수원시 팔달구 북수동,경상사고,0,0,1,0,차대차 - 기타,안전운전불이행,건조,맑음,단일로 - 기타,이륜,남,17세,경상,승용,남,59세,상해없음
2019052000100542,2019년 5월 20일 18시,월요일,경기도 수원시 영통구 신동,경상사고,0,0,2,0,차대차 - 기타,신호위반,건조,맑음,교차로 - 교차로안,승용,남,33세,경상,승용,여,58세,경상
2019052000100585,2019년 5월 20일 19시,월요일,경기도 수원시 영통구 원천동,경상사고,0,0,1,0,차대차 - 측면충돌,교차로운행방법위반,건조,맑음,교차로 - 교차로부근,승용,남,19세,상해없음,승용,여,32세,경상
2019052000100616,2019년 5월 20일 20시,월요일,경기도 수원시 팔달구 팔달로1가,경상사고,0,0,1,0,차대차 - 기타,안전거리미확보,건조,맑음,교차로 - 교차로안,화물,남,61세,상해없음,승합,남,43세,상해없음
2019052000100618,2019년 5월 20일 20시,월요일,경기도 수원시 영통구 매탄동,경상사고,0,0,1,0,차대사람 - 차도통행중,안전운전불이행,건조,맑음,주차장 - 주차장,승용,남,27세,기타불명,보행자,남,16세,경상
2019052100100040,2019년 5월 21일 00시,화요일,경기도 수원시 장안구 영화동,경상사고,0,0,1,0,차대차 - 기타,신호위반,건조,맑음,교차로 - 교차로안,자전거,남,17세,경상,화물,남,62세,상해없음
2019052100100075,2019년 5월 21일 03시,화요일,경기도 수원시 영통구 영통동,경상사고,0,0,1,0,차대차 - 측면충돌,안전운전불이행,건조,맑음,단일로 - 기타,승용,남,67세,상해없음,화물,남,37세,기타불명
2019052100100340,2019년 5월 21일 13시,화요일,경기도 수원시 팔달구 팔달로3가,경상사고,0,0,1,0,차대차 - 기타,안전운전불이행,건조,맑음,단일로 - 기타,승용,남,47세,상해없음,이륜,남,33세,상해없음
2019052100100486,2019년 5월 21일 17시,화요일,경기도 수원시 팔달구 우만동,중상사고,0,1,0,0,차대사람 - 횡단중,신호위반,건조,맑음,단일로 - 기타,승용,여,59세,상해없음,보행자,남,14세,중상
2019052100100641,2019년 5월 21일 20시,화요일,경기도 수원시 권선구 탑동,경상사고,0,0,1,1,차대차 - 측면충돌,안전운전불이행,건조,맑음,단일로 - 기타,이륜,남,34세,부상신고,승용,남,38세,경상
2019052100100672,2019년 5월 21일 21시,화요일,경기도 수원시 팔달구 우만동,경상사고,0,0,2,0,차대차 - 측면충돌,안전거리미확보,건조,맑음,단일로 - 기타,화물,남,46세,상해없음,승용,남,56세,경상
2019052100100704,2019년 5월 21일 22시,화요일,경기도 수원시 영통구 영통동,경상사고,0,0,1,0,차대차 - 측면충돌,안전거리미확보,건조,맑음,단일로 - 기타,승용,남,39세,상해없음,이륜,남,21세,경상
2019052100100705,2019년 5월 21일 22시,화요일,경기도 수원시 팔달구 매산로1가,경상사고,0,0,1,0,차대차 - 추돌,안전운전불이행,건조,맑음,기타 - 기타,승용,남,32세,상해없음,승합,남,56세,상해없음
2019052100100706,2019년 5월 21일 22시,화요일,경기도 수원시 팔달구 매산로1가,중상사고,0,1,0,0,차대사람 - 기타,안전운전불이행,건조,맑음,교차로 - 교차로부근,승합,남,41세,상해없음,보행자,여,18세,중상
2019052100100738,2019년 5월 21일 23시,화요일,경기도 수원시 권선구 권선동,경상사고,0,0,2,0,차대차 - 측면충돌,신호위반,건조,맑음,교차로 - 교차로안,이륜,남,21세,상해없음,승용,남,66세,경상
2019052100100740,2019년 5월 21일 23시,화요일,경기도 수원시 팔달구 매교동,중상사고,0,2,0,0,차대차 - 추돌,안전운전불이행,건조,맑음,교차로 - 교차로부근,승용,남,32세,상해없음,승용,여,42세,중상
2019052200100028,2019년 5월 22일 00시,수요일,경기도 수원시 권선구 세류동,경상사고,0,0,2,0,차대사람 - 횡단중,신호위반,건조,맑음,교차로 - 교차로횡단보도내,승용,남,22세,상해없음,보행자,남,54세,경상
2019052200100077,2019년 5월 22일 06시,수요일,경기도 수원시 팔달구 우만동,경상사고,0,0,1,0,차대차 - 기타,직진우회전진행방해,건조,맑음,교차로 - 교차로안,특수,남,38세,상해없음,승용,여,58세,경상
2019052200100145,2019년 5월 22일 08시,수요일,경기도 수원시 팔달구 팔달로2가,중상사고,0,1,0,0,차대사람 - 보도통행중,안전운전불이행,건조,맑음,기타 - 기타,승용,여,43세,상해없음,보행자,남,47세,중상
2019052200100157,2019년 5월 22일 08시,수요일,경기도 수원시 권선구 서둔동,경상사고,0,0,1,0,차대차 - 정면충돌,안전운전불이행,건조,맑음,단일로 - 기타,승용,남,48세,상해없음,승용,여,41세,경상
2019052200100204,2019년 5월 22일 09시,수요일,경기도 수원시 장안구 정자동,경상사고,0,0,1,0,차대사람 - 횡단중,보행자보호의무위반,건조,맑음,교차로 - 교차로횡단보도내,승용,남,62세,상해없음,보행자,여,47세,경상
2019052200100242,2019년 5월 22일 10시,수요일,경기도 수원시 장안구 정자동,경상사고,0,0,1,0,차대차 - 측면충돌,안전거리미확보,건조,맑음,단일로 - 기타,승합,남,78세,상해없음,승용,남,57세,경상
2019052200100378,2019년 5월 22일 14시,수요일,경기도 수원시 영통구 영통동,경상사고,0,0,1,0,차대사람 - 기타,기타,건조,맑음,기타 - 기타,승용,남,47세,상해없음,보행자,남,27세,경상
2019052200100381,2019년 5월 22일 14시,수요일,경기도 수원시 권선구 오목천동,경상사고,0,0,1,0,차대차 - 측면충돌,신호위반,건조,맑음,교차로 - 교차로안,승용,여,62세,상해없음,승용,남,49세,경상
2019052200100551,2019년 5월 22일 18시,수요일,경기도 수원시 권선구 고색동,중상사고,0,1,3,0,차대차 - 후진중충돌,기타,건조,맑음,기타 - 기타,승합,남,69세,중상,승용,남,25세,경상
2019052200100590,2019년 5월 22일 19시,수요일,경기도 수원시 영통구 매탄동,경상사고,0,0,1,0,차대차 - 추돌,안전운전불이행,건조,맑음,단일로 - 기타,승용,여,38세,상해없음,승용,남,36세,경상
2019052200100591,2019년 5월 22일 19시,수요일,경기도 수원시 팔달구 인계동,경상사고,0,0,1,0,차대차 - 기타,안전거리미확보,건조,맑음,단일로 - 기타,승용,남,73세,상해없음,승합,남,48세,상해없음
2019052200100682,2019년 5월 22일 22시,수요일,경기도 수원시 권선구 고색동,중상사고,0,1,0,0,차대차 - 측면충돌,신호위반,건조,맑음,교차로 - 교차로안,승용,여,47세,상해없음,이륜,남,26세,중상
2019052200100709,2019년 5월 22일 23시,수요일,경기도 수원시 장안구 정자동,경상사고,0,0,1,0,차대차 - 기타,교차로운행방법위반,건조,맑음,교차로 - 교차로안,승합,여,54세,상해없음,이륜,남,38세,경상
2019052300100049,2019년 5월 23일 01시,목요일,경기도 수원시 장안구 정자동,경상사고,0,0,2,0,차대차 - 추돌,안전운전불이행,건조,맑음,교차로 - 교차로부근,승용,남,45세,상해없음,승용,남,44세,경상
2019052300100050,2019년 5월 23일 01시,목요일,경기도 수원시 팔달구 인계동,경상사고,0,0,1,0,차대차 - 측면충돌,신호위반,건조,맑음,교차로 - 교차로안,승용,남,26세,상해없음,화물,남,47세,경상
2019052300100105,2019년 5월 23일 07시,목요일,경기도 수원시 장안구 파장동,경상사고,0,0,1,0,차대차 - 기타,직진우회전진행방해,건조,맑음,교차로 - 교차로안,승용,남,32세,상해없음,화물,남,64세,경상
2019052300100146,2019년 5월 23일 08시,목요일,경기도 수원시 팔달구 매교동,경상사고,0,0,4,0,차대차 - 측면충돌,신호위반,건조,맑음,교차로 - 교차로안,승용,남,30세,상해없음,승용,남,59세,경상
2019052300100147,2019년 5월 23일 08시,목요일,경기도 수원시 권선구 금곡동,경상사고,0,0,3,0,차대차 - 기타,안전거리미확보,건조,맑음,단일로 - 기타,승용,남,28세,경상,승용,남,37세,경상
2019052300100300,2019년 5월 23일 12시,목요일,경기도 수원시 장안구 율전동,경상사고,0,0,1,0,차대사람 - 기타,직진우회전진행방해,건조,맑음,교차로 - 교차로안,화물,남,39세,상해없음,보행자,남,25세,경상