사고번호,사고일시,요일,시군구,사고내용,사망자수,중상자수,경상자수,부상신고자수,사고유형,법규위반,노면상태,기상상태,도로형태,가해운전자 차종,가해운전자 성별,가해운전자 연령,가해운전자 상해정도,피해운전자 차종,피해운전자 성별,피해운전자 연령,피해운전자 상해정도
2019053100100778,2019년 5월 31일 23시,금요일,경기도 수원시 장안구 파장동,경상사고,0,0,2,0,차대차 - 기타,안전운전불이행,건조,맑음,단일로 - 기타,승용,남,54세,상해없음,화물,남,56세,경상
2019053100100782,2019년 5월 31일 23시,금요일,경기도 수원시 영통구 하동,중상사고,0,1,0,0,차대차 - 측면충돌,안전거리미확보,건조,맑음,기타 - 기타,승용,여,41세,상해없음,승합,여,45세,중상
2019060100100029,2019년 6월 1일 00시,토요일,경기도 수원시 팔달구 인계동,경상사고,0,0,1,0,차대사람 - 기타,안전운전불이행,건조,맑음,단일로 - 기타,승용,남,25세,상해없음,보행자,남,25세,경상
2019060100100065,2019년 6월 1일 02시,토요일,경기도 수원시 영통구 원천동,경상사고,0,0,2,0,차대차 - 측면충돌,안전운전불이행,건조,맑음,교차로 - 교차로부근,승용,남,23세,상해없음,승용,여,51세,경상
2019060100100089,2019년 6월 1일 04시,토요일,경기도 수원시 권선구 세류동,중상사고,0,3,0,0,차대차 - 기타,신호위반,건조,맑음,교차로 - 교차로안,승용,남,39세,상해없음,승용,남,47세,중상
2019060100100096,2019년 6월 1일 05시,토요일,경기도 수원시 권선구 평동,경상사고,0,0,1,0,차대차 - 추돌,안전운전불이행,건조,맑음,교차로 - 교차로부근,승용,남,32세,상해없음,승용,남,57세,경상
2019060100100217,2019년 6월 1일 11시,토요일,경기도 수원시 장안구 영화동,경상사고,0,0,1,0,차대사람 - 횡단중,보행자보호의무위반,건조,맑음,교차로 - 교차로안,이륜,남,21세,상해없음,보행자,여,5세,경상
2019060100100260,2019년 6월 1일 12시,토요일,경기도 수원시 영통구 매탄동,경상사고,0,0,4,0,차대차 - 기타,직진우회전진행방해,건조,맑음,교차로 - 교차로안,승용,남,27세,상해없음,승용,여,43세,경상
2019060100100296,2019년 6월 1일 13시,토요일,경기도 수원시 권선구 세류동,경상사고,0,0,1,0,차대사람 - 차도통행중,안전운전불이행,건조,맑음,교차로 - 교차로안,화물,남,56세,상해없음,보행자,남,39세,경상
2019060100100336,2019년 6월 1일 14시,토요일,경기도 수원시 권선구 세류동,경상사고,0,0,1,0,차대사람 - 길가장자리구역통행중,안전운전불이행,건조,맑음,단일로 - 기타,화물,남,54세,상해없음,보행자,여,82세,경상
2019060100100414,2019년 6월 1일 16시,토요일,경기도 수원시 권선구 서둔동,경상사고,0,0,1,0,차대차 - 추돌,안전운전불이행,건조,맑음,단일로 - 기타,승용,여,32세,상해없음,승용,남,31세,경상
2019060100100505,2019년 6월 1일 19시,토요일,경기도 수원시 팔달구 구천동,중상사고,0,1,0,0,차대사람 - 기타,안전운전불이행,건조,맑음,단일로 - 기타,승합,남,50세,상해없음,보행자,남,31세,중상
2019060100100509,2019년 6월 1일 19시,토요일,경기도 수원시 권선구 당수동,경상사고,0,0,1,0,차대차 - 측면충돌,안전운전불이행,건조,맑음,단일로 - 기타,승용,여,48세,기타불명,승합,여,26세,상해없음
2019060100100529,2019년 6월 1일 20시,토요일,경기도 수원시 팔달구 인계동,중상사고,0,1,0,0,차대사람 - 횡단중,안전운전불이행,건조,맑음,단일로 - 기타,승용,남,47세,상해없음,보행자,여,60세,중상
2019060100100530,2019년 6월 1일 20시,토요일,경기도 수원시 영통구 매탄동,경상사고,0,0,1,0,차대차 - 기타,안전운전불이행,건조,맑음,교차로 - 교차로안,기타불명,기타불명,미분류,기타불명,승합,남,46세,상해없음
2019060100100584,2019년 6월 1일 22시,토요일,경기도 수원시 장안구 영화동,경상사고,0,0,2,0,차대차 - 추돌,안전거리미확보,건조,맑음,단일로 - 기타,이륜,남,26세,상해없음,승용,남,47세,경상
2019060100100620,2019년 6월 1일 23시,토요일,경기도 수원시 권선구 당수동,경상사고,0,0,1,0,차대사람 - 기타,안전운전불이행,건조,맑음,단일로 - 기타,승용,남,58세,상해없음,보행자,여,22세,경상
2019060200100141,2019년 6월 2일 10시,일요일,경기도 수원시 영통구 매탄동,경상사고,0,0,2,0,차대차 - 측면충돌,중앙선침범,건조,맑음,교차로 - 교차로부근,승용,남,25세,상해없음,승용,남,47세,경상
2019060200100174,2019년 6월 2일 12시,일요일,경기도 수원시 팔달구 팔달로2가,경상사고,0,0,1,0,차대차 - 추돌,안전운전불이행,건조,맑음,교차로 - 교차로안,승용,남,44세,상해없음,승용,남,59세,상해없음
2019060200100198,2019년 6월 2일 13시,일요일,경기도 수원시 장안구 조원동,경상사고,0,0,1,0,차대차 - 기타,교차로운행방법위반,건조,맑음,교차로 - 교차로안,승용,남,67세,상해없음,승용,여,59세,경상
2019060200100229,2019년 6월 2일 14시,일요일,경기도 수원시 팔달구 우만동,중상사고,0,1,0,0,차량단독 - 기타,안전운전불이행,건조,맑음,기타 - 기타,승합,남,41세,상해없음,,,,
2019060200100230,2019년 6월 2일 14시,일요일,경기도 수원시 팔달구 매산로3가,중상사고,0,1,2,0,차대차 - 정면충돌,신호위반,건조,맑음,교차로 - 교차로안,승용,여,32세,상해없음,승용,남,63세,경상
2019060200100231,2019년 6월 2일 14시,일요일,경기도 수원시 팔달구 매교동,중상사고,0,1,0,0,차대차 - 측면충돌,직진우회전진행방해,건조,맑음,교차로 - 교차로안,승용,남,51세,상해없음,이륜,남,75세,중상
2019060200100296,2019년 6월 2일 16시,일요일,경기도 수원시 팔달구 화서동,경상사고,0,0,1,0,차대차 - 기타,교차로운행방법위반,건조,맑음,교차로 - 교차로안,승용,남,27세,상해없음,승합,남,55세,상해없음
2019060200100297,2019년 6월 2일 16시,일요일,경기도 수원시 장안구 천천동,경상사고,0,0,1,0,차대차 - 기타,차로위반,건조,맑음,교차로 - 교차로부근,승용,여,46세,기타불명,승용,여,43세,경상
2019060200100338,2019년 6월 2일 17시,일요일,경기도 수원시 팔달구 인계동,중상사고,0,1,0,0,차대사람 - 기타,안전운전불이행,건조,맑음,단일로 - 기타,승용,여,27세,상해없음,보행자,여,27세,중상
2019060200100339,2019년 6월 2일 17시,일요일,경기도 수원시 팔달구 인계동,경상사고,0,0,1,0,차대차 - 측면충돌,기타,건조,맑음,단일로 - 기타,승용,남,50세,상해없음,승용,남,42세,경상
2019060200100428,2019년 6월 2일 20시,일요일,경기도 수원시 권선구 평동,경상사고,0,0,1,0,차대차 - 기타,안전거리미확보,건조,흐림,단일로 - 기타,기타불명,기타불명,미분류,기타불명,승용,남,74세,상해없음
2019060200100451,2019년 6월 2일 21시,일요일,경기도 수원시 장안구 율전동,경상사고,0,0,3,0,차대차 - 측면충돌,안전운전불이행,건조,맑음,단일로 - 기타,승용,남,70세,상해없음,승용,남,30세,경상
2019060200100455,2019년 6월 2일 21시,일요일,경기도 수원시 팔달구 인계동,경상사고,0,0,2,0,차대차 - 측면충돌,안전운전불이행,건조,맑음,단일로 - 기타,승용,남,43세,상해없음,승용,남,31세,경상
2019060300100039,2019년 6월 3일 00시,월요일,경기도 수원시 팔달구 매산로2가,경상사고,0,0,1,0,차대차 - 기타,안전운전불이행,건조,맑음,교차로 - 교차로부근,승용,남,21세,상해없음,이륜,여,66세,기타불명
2019060300100046,2019년 6월 3일 01시,월요일,경기도 수원시 장안구 정자동,경상사고,0,0,1,0,차대차 - 기타,안전운전불이행,건조,맑음,단일로 - 기타,승용,남,26세,상해없음,승용,남,63세,상해없음
2019060300100216,2019년 6월 3일 10시,월요일,경기도 수원시 영통구 영통동,경상사고,0,0,1,0,차량단독 - 공작물충돌,안전운전불이행,건조,맑음,단일로 - 기타,승용,남,74세,상해없음,,,,
2019060300100314,2019년 6월 3일 13시,월요일,경기도 수원시 장안구 하광교동,경상사고,0,0,1,0,차대차 - 기타,안전운전불이행,건조,맑음,단일로 - 기타,승용,남,60세,상해없음,승용,남,41세,경상
2019060300100343,2019년 6월 3일 14시,월요일,경기도 수원시 영통구 원천동,경상사고,0,0,1,0,차대차 - 후진중충돌,안전운전불이행,건조,맑음,교차로 - 교차로부근,화물,남,50세,상해없음,승용,남,32세,경상
2019060300100346,2019년 6월 3일 14시,월요일,경기도 수원시 권선구 호매실동,경상사고,0,0,1,0,차대사람 - 기타,안전운전불이행,건조,맑음,기타 - 기타,개인형이동수단(PM),남,10세,상해없음,보행자,남,10세,경상
2019060300100491,2019년 6월 3일 18시,월요일,경기도 수원시 영통구 원천동,경상사고,0,0,1,0,차대사람 - 차도통행중,안전운전불이행,건조,맑음,단일로 - 기타,승용,여,34세,상해없음,보행자,남,43세,경상
2019060300100527,2019년 6월 3일 19시,월요일,경기도 수원시 권선구 권선동,부상신고사고,0,0,0,1,차대차 - 기타,안전거리미확보,건조,맑음,교차로 - 교차로부근,승합,남,42세,상해없음,승합,남,52세,상해없음
2019060300100547,2019년 6월 3일 20시,월요일,경기도 수원시 팔달구 인계동,중상사고,0,1,0,0,차대차 - 측면충돌,안전거리미확보,건조,맑음,단일로 - 기타,승용,여,45세,상해없음,이륜,남,36세,중상
2019060300100597,2019년 6월 3일 22시,월요일,경기도 수원시 장안구 연무동,경상사고,0,0,1,0,차대사람 - 기타,안전운전불이행,건조,맑음,단일로 - 기타,승용,남,25세,상해없음,보행자,남,28세,경상
2019060300100598,2019년 6월 3일 22시,월요일,경기도 수원시 장안구 영화동,경상사고,0,0,1,0,차대차 - 기타,기타,건조,맑음,단일로 - 기타,승용,여,44세,상해없음,승용,여,60세,경상
2019060400100173,2019년 6월 4일 09시,화요일,경기도 수원시 영통구 이의동,중상사고,0,3,0,0,차대차 - 측면충돌,안전운전불이행,건조,맑음,교차로 - 교차로안,승합,남,30세,상해없음,승용,남,47세,중상
2019060400100312,2019년 6월 4일 13시,화요일,경기도 수원시 권선구 당수동,경상사고,0,0,2,0,차대차 - 측면충돌,안전거리미확보,건조,맑음,단일로 - 기타,화물,남,52세,경상,승용,남,43세,경상
2019060400100412,2019년 6월 4일 16시,화요일,경기도 수원시 권선구 고색동,경상사고,0,0,1,0,차대차 - 측면충돌,차로위반,건조,맑음,단일로 - 기타,화물,남,62세,상해없음,화물,남,69세,경상
2019060400100459,2019년 6월 4일 17시,화요일,경기도 수원시 장안구 송죽동,부상신고사고,0,0,0,1,차대차 - 측면충돌,안전거리미확보,건조,맑음,단일로 - 기타,이륜,남,25세,부상신고,승용,남,31세,상해없음
2019060400100469,2019년 6월 4일 17시,화요일,경기도 수원시 권선구 권선동,경상사고,0,0,3,0,차대차 - 측면충돌,신호위반,건조,맑음,교차로 - 교차로안,승용,여,33세,상해없음,승용,여,36세,경상
2019060400100470,2019년 6월 4일 17시,화요일,경기도 수원시 영통구 원천동,경상사고,0,0,1,0,차량단독 - 기타,안전운전불이행,건조,맑음,단일로 - 기타,승합,남,35세,상해없음,,,,
2019060400100526,2019년 6월 4일 18시,화요일,경기도 수원시 팔달구 인계동,경상사고,0,0,3,0,차대차 - 측면충돌,안전거리미확보,건조,맑음,단일로 - 기타,승용,남,22세,상해없음,승용,여,43세,경상
2019060400100530,2019년 6월 4일 18시,화요일,경기도 수원시 권선구 탑동,경상사고,0,0,1,0,차대차 - 기타,안전운전불이행,건조,맑음,단일로 - 기타,승용,남,55세,상해없음,이륜,남,49세,경상
2019060400100569,2019년 6월 4일 19시,화요일,경기도 수원시 영통구 이의동,중상사고,0,1,0,0,차대차 - 측면충돌,신호위반,건조,맑음,단일로 - 기타,승용,여,19세,상해없음,자전거,남,37세,중상
2019060400100659,2019년 6월 4일 22시,화요일,경기도 수원시 권선구 권선동,경상사고,0,0,1,0,차대차 - 측면충돌,신호위반,건조,맑음,교차로 - 교차로안,승용,여,36세,상해없음,승용,여,56세,경상
2019060400100660,2019년 6월 4일 22시,화요일,경기도 수원시 권선구 권선동,경상사고,0,0,2,3,차대차 - 추돌,안전운전불이행,건조,맑음,단일로 - 기타,승용,남,28세,상해없음,승용,남,21세,부상신고
2019060500100219,2019년 6월 5일 10시,수요일,경기도 수원시 권선구 세류동,경상사고,0,0,1,0,차량단독 - 기타,안전운전불이행,건조,맑음,단일로 - 기타,승합,남,58세,상해없음,,,,
2019060500100275,2019년 6월 5일 12시,수요일,경기도 수원시 장안구 율전동,경상사고,0,0,1,0,차대차 - 기타,안전운전불이행,건조,맑음,교차로 - 교차로안,승용,남,30세,기타불명,승용,여,51세,경상
2019060500100431,2019년 6월 5일 16시,수요일,경기도 수원시 영통구 매탄동,경상사고,0,0,2,0,차대차 - 추돌,안전거리미확보,건조,맑음,교차로 - 교차로부근,승용,남,31세,상해없음,승용,남,34세,경상
2019060500100498,2019년 6월 5일 17시,수요일,경기도 수원시 권선구 서둔동,경상사고,0,0,1,2,차대차 - 기타,신호위반,건조,맑음,교차로 - 교차로안,승용,남,28세,상해없음,승합,남,47세,상해없음
2019060500100499,2019년 6월 5일 17시,수요일,경기도 수원시 권선구 호매실동,경상사고,0,0,1,0,차대차 - 추돌,안전운전불이행,건조,맑음,단일로 - 기타,화물,남,26세,상해없음,승용,남,62세,경상
2019060500100548,2019년 6월 5일 18시,수요일,경기도 수원시 권선구 권선동,부상신고사고,0,0,0,1,차대차 - 측면충돌,직진우회전진행방해,건조,맑음,교차로 - 교차로안,자전거,남,18세,부상신고,승용,남,59세,상해없음
2019060500100553,2019년 6월 5일 18시,수요일,경기도 수원시 권선구 세류동,경상사고,0,0,2,0,차대차 - 기타,차로위반,건조,맑음,단일로 - 기타,승용,여,41세,상해없음,승용,여,35세,경상
2019060500100606,2019년 6월 5일 19시,수요일,경기도 수원시 팔달구 남수동,중상사고,0,1,0,0,차대차 - 측면충돌,교차로운행방법위반,건조,맑음,교차로 - 교차로안,승합,남,65세,상해없음,승용,남,26세,중상
2019060500100680,2019년 6월 5일 21시,수요일,경기도 수원시 팔달구 화서동,부상신고사고,0,0,0,1,차대차 - 기타,중앙선침범,건조,맑음,교차로 - 교차로부근,이륜,남,17세,부상신고,승용,남,46세,상해없음
2019060500100718,2019년 6월 5일 22시,수요일,경기도 수원시 영통구 매탄동,중상사고,0,1,0,0,차대차 - 기타,신호위반,건조,맑음,교차로 - 교차로안,승용,남,45세,상해없음,이륜,남,38세,중상
2019060500100761,2019년 6월 5일 23시,수요일,경기도 수원시 영통구 원천동,중상사고,0,1,2,0,차대차 - 측면충돌,신호위반,건조,맑음,교차로 - 교차로안,승용,남,54세,상해없음,승용,남,52세,중상
2019060600100113,2019년 6월 6일 06시,목요일,경기도 수원시 권선구 권선동,경상사고,0,0,1,0,차대차 - 측면충돌,안전거리미확보,건조,맑음,교차로 - 교차로부근,승용,여,56세,상해없음,승용,남,34세,경상
2019060600100255,2019년 6월 6일 13시,목요일,경기도 수원시 권선구 탑동,경상사고,0,0,2,1,차대차 - 측면충돌,교차로운행방법위반,건조,맑음,교차로 - 교차로안,승용,남,39세,상해없음,승용,여,48세,경상
2019060600100324,2019년 6월 6일 15시,목요일,경기도 수원시 영통구 신동,경상사고,0,0,1,0,차대차 - 측면충돌,직진우회전진행방해,건조,맑음,교차로 - 교차로안,승용,남,20세,상해없음,이륜,남,57세,경상
2019060600100325,2019년 6월 6일 15시,목요일,경기도 수원시 팔달구 인계동,경상사고,0,0,1,0,차대사람 - 기타,안전운전불이행,건조,맑음,단일로 - 기타,승용,남,27세,기타불명,보행자,남,26세,경상
2019060600100549,2019년 6월 6일 21시,목요일,경기도 수원시 권선구 구운동,경상사고,0,0,4,1,차대차 - 기타,신호위반,젖음/습기,비,교차로 - 교차로안,승용,남,32세,상해없음,승합,남,48세,상해없음
2019060600100631,2019년 6월 6일 23시,목요일,경기도 수원시 권선구 권선동,경상사고,0,0,3,0,차대차 - 추돌,안전운전불이행,젖음/습기,흐림,단일로 - 기타,승용,남,36세,상해없음,승용,남,31세,경상
2019060600100632,2019년 6월 6일 23시,목요일,경기도 수원시 팔달구 인계동,경상사고,0,0,1,0,차대사람 - 기타,안전운전불이행,젖음/습기,비,단일로 - 기타,승용,남,24세,상해없음,보행자,남,52세,경상
2019060700100078,2019년 6월 7일 04시,금요일,경기도 수원시 장안구 율전동,부상신고사고,0,0,0,1,차대차 - 측면충돌,안전운전불이행,젖음/습기,비,교차로 - 교차로안,승용,여,31세,상해없음,승용,남,52세,부상신고
2019060700100099,2019년 6월 7일 06시,금요일,경기도 수원시 권선구 세류동,부상신고사고,0,0,0,1,차대차 - 기타,안전운전불이행,젖음/습기,비,교차로 - 교차로안,기타불명,기타불명,미분류,기타불명,자전거,남,68세,부상신고
2019060700100141,2019년 6월 7일 08시,금요일,경기도 수원시 장안구 송죽동,경상사고,0,0,1,0,차대차 - 기타,신호위반,건조,맑음,교차로 - 교차로부근,승용,남,40세,상해없음,승용,남,28세,경상
2019060700100179,2019년 6월 7일 09시,금요일,경기도 수원시 영통구 신동,부상신고사고,0,0,0,1,차대차 - 추돌,안전운전불이행,건조,맑음,단일로 - 기타,승용,여,27세,상해없음,승용,여,59세,부상신고
2019060700100272,2019년 6월 7일 12시,금요일,경기도 수원시 권선구 탑동,중상사고,0,1,0,0,차대사람 - 기타,기타,건조,맑음,기타 - 기타,승합,남,67세,상해없음,보행자,여,69세,중상
2019060700100490,2019년 6월 7일 18시,금요일,경기도 수원시 장안구 파장동,경상사고,0,0,1,0,차대사람 - 횡단중,안전운전불이행,건조,맑음,단일로 - 기타,승용,여,45세,상해없음,보행자,남,52세,경상
2019060700100495,2019년 6월 7일 18시,금요일,경기도 수원시 권선구 곡반정동,경상사고,0,0,1,0,차대사람 - 차도통행중,안전운전불이행,건조,맑음,교차로 - 교차로안,승용,남,40세,상해없음,보행자,여,27세,경상
2019060700100538,2019년 6월 7일 19시,금요일,경기도 수원시 권선구 고색동,경상사고,0,0,1,0,차대차 - 후진중충돌,안전운전불이행,건조,맑음,단일로 - 기타,승용,남,64세,상해없음,승용,남,39세,경상
2019060700100562,2019년 6월 7일 20시,금요일,경기도 수원시 장안구 율전동,경상사고,0,0,1,0,차대사람 - 기타,안전운전불이행,건조,맑음,미분류 - 미분류,승용,남,72세,상해없음,보행자,남,21세,경상
2019060700100607,2019년 6월 7일 21시,금요일,경기도 수원시 권선구 구운동,경상사고,0,0,1,0,차대차 - 추돌,안전운전불이행,건조,맑음,교차로 - 교차로부근,승용,남,38세,상해없음,승용,남,44세,경상
2019060700100667,2019년 6월 7일 23시,금요일,경기도 수원시 영통구 매탄동,경상사고,0,0,1,0,차대차 - 측면충돌,차로위반,건조,맑음,단일로 - 기타,승용,남,41세,기타불명,승용,남,28세,경상
2019060800100079,2019년 6월 8일 04시,토요일,경기도 수원시 영통구 영통동,중상사고,0,1,0,1,차대차 - 기타,안전운전불이행,건조,맑음,단일로 - 기타,화물,남,35세,부상신고,화물,남,50세,중상
2019060800100086,2019년 6월 8일 05시,토요일,경기도 수원시 팔달구 매교동,경상사고,0,0,2,0,차대차 - 추돌,안전운전불이행,건조,맑음,교차로 - 교차로부근,승용,남,43세,상해없음,승용,남,35세,경상
2019060800100114,2019년 6월 8일 07시,토요일,경기도 수원시 팔달구 인계동,경상사고,0,0,6,0,차대차 - 측면충돌,안전운전불이행,건조,맑음,교차로 - 교차로부근,승용,남,25세,상해없음,승용,남,37세,경상
2019060800100130,2019년 6월 8일 08시,토요일,경기도 수원시 장안구 파장동,경상사고,0,0,1,0,차대차 - 기타,차로위반,건조,맑음,단일로 - 기타,승용,남,23세,상해없음,승용,남,30세,경상
2019060800100257,2019년 6월 8일 12시,토요일,경기도 수원시 장안구 하광교동,경상사고,0,0,2,1,차대차 - 추돌,안전거리미확보,건조,맑음,단일로 - 기타,승용,남,32세,경상,승용,여,61세,경상
2019060800100300,2019년 6월 8일 13시,토요일,경기도 수원시 권선구 권선동,경상사고,0,0,1,0,차대차 - 기타,안전운전불이행,건조,맑음,단일로 - 기타,화물,남,27세,상해없음,이륜,남,29세,경상
2019060800100301,2019년 6월 8일 13시,토요일,경기도 수원시 팔달구 인계동,경상사고,0,0,3,0,차대차 - 측면충돌,교차로운행방법위반,건조,맑음,교차로 - 교차로횡단보도내,승용,여,36세,상해없음,승합,남,45세,경상
2019060800100302,2019년 6월 8일 13시,토요일,경기도 수원시 영통구 하동,경상사고,0,0,1,0,차대차 - 측면충돌,신호위반,건조,맑음,교차로 - 교차로안,자전거,남,78세,경상,승용,여,35세,상해없음
2019060800100304,2019년 6월 8일 13시,토요일,경기도 수원시 권선구 탑동,경상사고,0,0,1,0,차대차 - 추돌,안전운전불이행,건조,맑음,교차로 - 교차로부근,화물,남,61세,상해없음,승용,여,37세,경상
2019060800100352,2019년 6월 8일 14시,토요일,경기도 수원시 팔달구 우만동,경상사고,0,0,2,0,차대차 - 기타,안전거리미확보,건조,맑음,교차로 - 교차로부근,승용,여,58세,상해없음,화물,남,41세,경상
2019060800100357,2019년 6월 8일 14시,토요일,경기도 수원시 권선구 권선동,경상사고,0,0,1,0,차대차 - 측면충돌,교차로운행방법위반,건조,맑음,교차로 - 교차로안,승용,남,64세,상해없음,승용,남,28세,경상
2019060800100401,2019년 6월 8일 15시,토요일,경기도 수원시 권선구 세류동,부상신고사고,0,0,0,1,차대차 - 측면충돌,안전운전불이행,건조,맑음,교차로 - 교차로부근,이륜,남,35세,부상신고,화물,남,64세,상해없음
2019060800100519,2019년 6월 8일 19시,토요일,경기도 수원시 권선구 탑동,경상사고,0,0,1,0,차대사람 - 기타,안전운전불이행,건조,맑음,기타 - 기타,승용,남,30세,상해없음,보행자,남,10세,경상
2019060800100554,2019년 6월 8일 20시,토요일,경기도 수원시 팔달구 인계동,경상사고,0,0,1,2,차대차 - 측면충돌,신호위반,건조,맑음,단일로 - 기타,승용,남,65세,상해없음,승용,여,45세,경상
2019060800100555,2019년 6월 8일 20시,토요일,경기도 수원시 영통구 매탄동,경상사고,0,0,2,0,차대차 - 추돌,안전운전불이행,젖음/습기,흐림,단일로 - 기타,이륜,남,24세,상해없음,이륜,남,18세,경상
2019060800100585,2019년 6월 8일 21시,토요일,경기도 수원시 권선구 세류동,경상사고,0,0,1,0,차대사람 - 기타,안전운전불이행,건조,맑음,교차로 - 교차로횡단보도내,승합,남,50세,상해없음,보행자,여,48세,경상
2019060800100647,2019년 6월 8일 23시,토요일,경기도 수원시 팔달구 인계동,경상사고,0,0,1,0,차대사람 - 기타,안전운전불이행,건조,맑음,기타 - 기타,이륜,남,47세,상해없음,보행자,남,25세,경상
2019060900100022,2019년 6월 9일 00시,일요일,경기도 수원시 영통구 하동,경상사고,0,0,1,0,차대차 - 추돌,안전운전불이행,건조,맑음,교차로 - 교차로부근,승용,남,38세,상해없음,승용,여,46세,경상
2019060900100117,2019년 6월 9일 08시,일요일,경기도 수원시 영통구 매탄동,부상신고사고,0,0,0,1,차대사람 - 기타,안전운전불이행,건조,맑음,기타 - 기타,자전거,기타불명,미분류,기타불명,보행자,남,49세,부상신고
2019060900100178,2019년 6월 9일 11시,일요일,경기도 수원시 팔달구 인계동,경상사고,0,0,1,0,차대차 - 후진중충돌,안전운전불이행,건조,맑음,기타 - 기타,승용,남,42세,상해없음,이륜,남,50세,경상
2019060900100195,2019년 6월 9일 12시,일요일,경기도 수원시 팔달구 우만동,경상사고,0,0,2,0,차대차 - 추돌,안전운전불이행,건조,맑음,교차로 - 교차로부근,승용,남,51세,상해없음,승용,여,20세,경상
2019060900100270,2019년 6월 9일 15시,일요일,경기도 수원시 장안구 영화동,경상사고,0,0,1,0,차대차 - 기타,안전거리미확보,건조,맑음,단일로 - 기타,승합,남,55세,기타불명,자전거,남,18세,경상
2019060900100311,2019년 6월 9일 16시,일요일,경기도 수원시 권선구 구운동,경상사고,0,0,1,0,차대차 - 추돌,안전거리미확보,건조,맑음,단일로 - 기타,승용,남,28세,상해없음,승합,남,72세,상해없음
2019060900100408,2019년 6월 9일 20시,일요일,경기도 수원시 영통구 이의동,경상사고,0,0,1,0,차대차 - 측면충돌,신호위반,건조,맑음,교차로 - 교차로안,승용,남,61세,상해없음,승용,남,55세,경상
2019060900100428,2019년 6월 9일 21시,일요일,경기도 수원시 권선구 권선동,경상사고,0,0,1,0,차대사람 - 기타,안전운전불이행,젖음/습기,비,교차로 - 교차로부근,화물,남,51세,상해없음,보행자,남,65세,경상
2019061000100031,2019년 6월 10일 00시,월요일,경기도 수원시 권선구 권선동,부상신고사고,0,0,0,1,차대차 - 측면충돌,안전거리미확보,젖음/습기,비,단일로 - 기타,승용,남,31세,상해없음,승용,남,61세,부상신고
2019061000100143,2019년 6월 10일 08시,월요일,경기도 수원시 권선구 고색동,중상사고,0,1,0,0,차대사람 - 횡단중,안전운전불이행,건조,맑음,교차로 - 교차로부근,화물,남,59세,상해없음,보행자,남,57세,중상
2019061000100236,2019년 6월 10일 11시,월요일,경기도 수원시 팔달구 매교동,경상사고,0,0,1,0,차량단독 - 전도전복 - 전도,안전운전불이행,건조,흐림,단일로 - 기타,이륜,남,67세,경상,,,,
2019061000100430,2019년 6월 10일 16시,월요일,경기도 수원시 권선구 오목천동,경상사고,0,0,1,0,차대차 - 추돌,안전운전불이행,건조,맑음,단일로 - 기타,승용,남,29세,상해없음,승용,남,33세,경상
2019061000100470,2019년 6월 10일 17시,월요일,경기도 수원시 영통구 영통동,경상사고,0,0,1,0,차대사람 - 횡단중,신호위반,건조,맑음,교차로 - 교차로횡단보도내,화물,남,69세,상해없음,보행자,남,10세,경상
2019061000100471,2019년 6월 10일 17시,월요일,경기도 수원시 영통구 원천동,부상신고사고,0,0,0,1,차대차 - 측면충돌,차로위반,건조,맑음,단일로 - 기타,승용,남,58세,상해없음,승용,여,48세,상해없음
2019061000100510,2019년 6월 10일 18시,월요일,경기도 수원시 영통구 매탄동,중상사고,0,1,0,0,차대차 - 측면충돌,안전운전불이행,건조,맑음,단일로 - 기타,승합,남,57세,상해없음,자전거,남,13세,중상
2019061000100635,2019년 6월 10일 22시,월요일,경기도 수원시 권선구 금곡동,경상사고,0,0,1,0,차대차 - 기타,안전운전불이행,건조,맑음,단일로 - 기타,승용,남,54세,상해없음,자전거,남,35세,경상
2019061000100655,2019년 6월 10일 23시,월요일,경기도 수원시 권선구 고색동,중상사고,0,1,0,0,차대차 - 기타,안전운전불이행,건조,맑음,단일로 - 기타,승합,남,74세,상해없음,승용,남,60세,중상
2019061100100045,2019년 6월 11일 01시,화요일,경기도 수원시 장안구 조원동,경상사고,0,0,1,0,차량단독 - 기타,안전운전불이행,건조,맑음,단일로 - 기타,이륜,남,45세,경상,,,,
2019061100100054,2019년 6월 11일 02시,화요일,경기도 수원시 권선구 권선동,경상사고,0,0,2,0,차대차 - 측면충돌,안전운전불이행,건조,맑음,교차로 - 교차로안,화물,남,54세,상해없음,승용,남,51세,경상
2019061100100063,2019년 6월 11일 04시,화요일,경기도 수원시 장안구 정자동,부상신고사고,0,0,0,4,차대차 - 추돌,안전거리미확보,건조,맑음,단일로 - 기타,승용,남,25세,부상신고,화물,남,55세,부상신고
2019061100100080,2019년 6월 11일 06시,화요일,경기도 수원시 영통구 이의동,경상사고,0,0,1,0,차대차 - 측면충돌,안전운전불이행,건조,맑음,단일로 - 기타,승용,남,35세,상해없음,승용,남,72세,경상
2019061100100107,2019년 6월 11일 07시,화요일,경기도 수원시 권선구 평동,경상사고,0,0,1,0,차대차 - 측면충돌,신호위반,건조,맑음,교차로 - 교차로안,승용,남,51세,상해없음,승용,여,45세,경상
2019061100100137,2019년 6월 11일 08시,화요일,경기도 수원시 팔달구 영동,중상사고,0,1,1,0,차대차 - 기타,신호위반,건조,맑음,교차로 - 교차로안,승용,남,50세,상해없음,승용,남,42세,경상
2019061100100193,2019년 6월 11일 09시,화요일,경기도 수원시 권선구 세류동,경상사고,0,0,1,0,차대차 - 측면충돌,안전운전불이행,건조,맑음,단일로 - 기타,자전거,여,27세,경상,승용,남,46세,상해없음