사고번호,사고일시,요일,시군구,사고내용,사망자수,중상자수,경상자수,부상신고자수,사고유형,법규위반,노면상태,기상상태,도로형태,가해운전자 차종,가해운전자 성별,가해운전자 연령,가해운전자 상해정도,피해운전자 차종,피해운전자 성별,피해운전자 연령,피해운전자 상해정도
2019061100100306,2019년 6월 11일 13시,화요일,경기도 수원시 팔달구 우만동,경상사고,0,0,1,0,차대차 - 기타,신호위반,건조,맑음,교차로 - 교차로안,이륜,남,19세,경상,승용,남,40세,상해없음
2019061100100309,2019년 6월 11일 13시,화요일,경기도 수원시 팔달구 인계동,경상사고,0,0,1,0,차대차 - 측면충돌,안전운전불이행,건조,맑음,단일로 - 기타,승용,남,62세,상해없음,승용,남,67세,경상
2019061100100420,2019년 6월 11일 16시,화요일,경기도 수원시 영통구 매탄동,경상사고,0,0,1,0,차대차 - 기타,신호위반,건조,맑음,교차로 - 교차로횡단보도내,승용,여,53세,상해없음,자전거,여,50세,경상
2019061100100635,2019년 6월 11일 23시,화요일,경기도 수원시 팔달구 지동,경상사고,0,0,1,0,차량단독 - 기타,안전운전불이행,건조,맑음,단일로 - 기타,승합,남,50세,상해없음,,,,
2019061200100028,2019년 6월 12일 00시,수요일,경기도 수원시 권선구 세류동,경상사고,0,0,3,0,차대차 - 추돌,안전운전불이행,건조,맑음,단일로 - 기타,승용,남,47세,상해없음,승용,남,23세,경상
2019061200100039,2019년 6월 12일 01시,수요일,경기도 수원시 팔달구 구천동,경상사고,0,0,2,0,차대차 - 기타,불법유턴,건조,맑음,단일로 - 기타,승용,남,54세,상해없음,승용,여,39세,경상
2019061200100075,2019년 6월 12일 06시,수요일,경기도 수원시 권선구 세류동,경상사고,0,0,2,0,차대차 - 측면충돌,직진우회전진행방해,건조,맑음,교차로 - 교차로안,승용,여,54세,상해없음,승용,남,51세,경상
2019061200100117,2019년 6월 12일 08시,수요일,경기도 수원시 장안구 영화동,경상사고,0,0,1,0,차대사람 - 기타,안전운전불이행,건조,맑음,단일로 - 기타,승용,남,47세,상해없음,보행자,여,50세,경상
2019061200100128,2019년 6월 12일 08시,수요일,경기도 수원시 권선구 권선동,경상사고,0,0,1,0,차대차 - 측면충돌,안전거리미확보,건조,맑음,단일로 - 기타,승용,여,39세,상해없음,승용,여,40세,경상
2019061200100161,2019년 6월 12일 09시,수요일,경기도 수원시 권선구 입북동,경상사고,0,0,1,0,차대차 - 정면충돌,중앙선침범,건조,맑음,교차로 - 교차로안,승용,여,38세,상해없음,승용,여,40세,경상
2019061200100229,2019년 6월 12일 11시,수요일,경기도 수원시 권선구 세류동,경상사고,0,0,2,0,차대차 - 측면충돌,신호위반,건조,맑음,교차로 - 교차로안,화물,남,61세,상해없음,승용,남,63세,경상
2019061200100230,2019년 6월 12일 11시,수요일,경기도 수원시 권선구 호매실동,중상사고,0,1,0,0,차대사람 - 횡단중,안전운전불이행,건조,맑음,교차로 - 교차로부근,승합,남,50세,상해없음,보행자,여,71세,중상
2019061200100231,2019년 6월 12일 11시,수요일,경기도 수원시 권선구 서둔동,경상사고,0,0,1,0,차대차 - 측면충돌,안전거리미확보,건조,맑음,단일로 - 기타,승용,여,31세,상해없음,승용,여,51세,경상
2019061200100268,2019년 6월 12일 12시,수요일,경기도 수원시 영통구 매탄동,경상사고,0,0,2,0,차대차 - 기타,신호위반,건조,맑음,기타 - 기타,이륜,남,28세,경상,이륜,남,26세,경상
2019061200100318,2019년 6월 12일 14시,수요일,경기도 수원시 장안구 파장동,경상사고,0,0,1,0,차대차 - 기타,기타,건조,맑음,교차로 - 교차로안,자전거,남,32세,경상,승용,여,60세,상해없음
2019061200100320,2019년 6월 12일 14시,수요일,경기도 수원시 권선구 고색동,경상사고,0,0,1,0,차대차 - 추돌,안전거리미확보,건조,맑음,교차로 - 교차로부근,승합,남,51세,상해없음,승용,여,50세,경상
2019061200100457,2019년 6월 12일 18시,수요일,경기도 수원시 장안구 조원동,경상사고,0,0,1,0,차대사람 - 기타,안전운전불이행,건조,맑음,기타 - 기타,자전거,기타불명,미분류,기타불명,보행자,남,8세,경상
2019061200100461,2019년 6월 12일 18시,수요일,경기도 수원시 팔달구 매산로1가,경상사고,0,0,1,0,차대차 - 측면충돌,안전운전불이행,건조,맑음,단일로 - 기타,승합,남,64세,상해없음,승용,남,30세,경상
2019061200100537,2019년 6월 12일 20시,수요일,경기도 수원시 영통구 매탄동,경상사고,0,0,1,0,차대차 - 측면충돌,신호위반,건조,맑음,교차로 - 교차로안,승용,여,21세,상해없음,승용,여,54세,경상
2019061200100594,2019년 6월 12일 22시,수요일,경기도 수원시 장안구 송죽동,중상사고,0,1,1,0,차대차 - 측면충돌,신호위반,건조,맑음,단일로 - 기타,승용,남,30세,상해없음,승합,남,49세,중상
2019061300100026,2019년 6월 13일 00시,목요일,경기도 수원시 장안구 파장동,경상사고,0,0,2,0,차대차 - 추돌,안전운전불이행,건조,맑음,단일로 - 기타,승용,남,28세,상해없음,승합,남,54세,경상
2019061300100047,2019년 6월 13일 02시,목요일,경기도 수원시 영통구 이의동,경상사고,0,0,2,0,차대차 - 추돌,안전운전불이행,건조,맑음,교차로 - 교차로부근,승용,남,33세,상해없음,승용,남,53세,경상
2019061300100056,2019년 6월 13일 04시,목요일,경기도 수원시 권선구 곡반정동,중상사고,0,1,0,0,차대차 - 기타,안전운전불이행,건조,맑음,단일로 - 기타,승용,남,65세,상해없음,이륜,남,29세,중상
2019061300100082,2019년 6월 13일 07시,목요일,경기도 수원시 권선구 고색동,경상사고,0,0,1,0,차대사람 - 기타,안전운전불이행,건조,맑음,교차로 - 교차로안,기타불명,기타불명,미분류,기타불명,보행자,남,24세,경상
2019061300100111,2019년 6월 13일 08시,목요일,경기도 수원시 장안구 정자동,중상사고,0,1,0,0,차대차 - 추돌,안전운전불이행,건조,맑음,교차로 - 교차로안,승용,여,53세,상해없음,자전거,남,27세,중상
2019061300100292,2019년 6월 13일 13시,목요일,경기도 수원시 장안구 연무동,부상신고사고,0,0,0,1,차대차 - 추돌,안전거리미확보,건조,맑음,단일로 - 기타,승용,여,45세,상해없음,승용,남,48세,상해없음
2019061300100324,2019년 6월 13일 14시,목요일,경기도 수원시 권선구 세류동,경상사고,0,0,1,0,차대차 - 측면충돌,안전운전불이행,건조,맑음,교차로 - 교차로안,기타불명,기타불명,미분류,기타불명,승용,여,35세,경상
2019061300100359,2019년 6월 13일 15시,목요일,경기도 수원시 영통구 이의동,경상사고,0,0,1,0,차대사람 - 횡단중,보행자보호의무위반,건조,맑음,교차로 - 교차로횡단보도내,승합,남,54세,상해없음,보행자,여,23세,경상
2019061300100394,2019년 6월 13일 16시,목요일,경기도 수원시 팔달구 우만동,경상사고,0,0,1,0,차대차 - 기타,직진우회전진행방해,건조,맑음,교차로 - 교차로안,자전거,남,12세,경상,승용,남,31세,상해없음
2019061300100432,2019년 6월 13일 17시,목요일,경기도 수원시 팔달구 우만동,경상사고,0,0,1,0,차대차 - 기타,기타,건조,맑음,교차로 - 교차로안,승용,여,46세,상해없음,승용,남,63세,경상
2019061300100484,2019년 6월 13일 18시,목요일,경기도 수원시 권선구 권선동,경상사고,0,0,1,0,차대차 - 추돌,안전운전불이행,건조,맑음,교차로 - 교차로부근,승용,남,54세,상해없음,승용,남,31세,상해없음
2019061300100485,2019년 6월 13일 18시,목요일,경기도 수원시 팔달구 인계동,경상사고,0,0,1,0,차대차 - 기타,안전거리미확보,건조,맑음,교차로 - 교차로안,승합,남,72세,상해없음,승용,여,41세,경상
2019061300100514,2019년 6월 13일 19시,목요일,경기도 수원시 장안구 영화동,중상사고,0,1,0,0,차대차 - 기타,신호위반,건조,맑음,교차로 - 교차로안,승용,남,27세,상해없음,자전거,여,58세,중상
2019061300100552,2019년 6월 13일 20시,목요일,경기도 수원시 권선구 고색동,경상사고,0,0,1,0,차대차 - 측면충돌,차로위반,건조,맑음,단일로 - 기타,승용,남,18세,상해없음,승용,남,29세,경상
2019061300100553,2019년 6월 13일 20시,목요일,경기도 수원시 권선구 입북동,경상사고,0,0,1,0,차대차 - 측면충돌,안전운전불이행,건조,맑음,단일로 - 기타,승용,남,68세,상해없음,이륜,남,33세,경상
2019061300100585,2019년 6월 13일 21시,목요일,경기도 수원시 권선구 금곡동,경상사고,0,0,1,0,차대차 - 측면충돌,불법유턴,건조,맑음,교차로 - 교차로안,자전거,남,49세,경상,승용,남,62세,상해없음
2019061300100586,2019년 6월 13일 21시,목요일,경기도 수원시 팔달구 매산로1가,경상사고,0,0,1,0,차대사람 - 기타,안전운전불이행,건조,맑음,교차로 - 교차로부근,승합,남,62세,상해없음,보행자,여,30세,경상
2019061300100608,2019년 6월 13일 22시,목요일,경기도 수원시 영통구 영통동,중상사고,0,1,0,0,차대사람 - 횡단중,신호위반,건조,맑음,교차로 - 교차로안,승용,남,51세,상해없음,보행자,남,23세,중상
2019061400100048,2019년 6월 14일 01시,금요일,경기도 수원시 권선구 권선동,경상사고,0,0,2,0,차대차 - 추돌,안전운전불이행,건조,맑음,교차로 - 교차로부근,승용,남,30세,상해없음,승용,여,26세,경상
2019061400100079,2019년 6월 14일 06시,금요일,경기도 수원시 영통구 원천동,중상사고,0,1,0,0,차대사람 - 횡단중,안전운전불이행,건조,맑음,단일로 - 기타,승용,남,53세,상해없음,보행자,여,39세,중상
2019061400100080,2019년 6월 14일 06시,금요일,경기도 수원시 영통구 원천동,중상사고,0,1,0,0,차대차 - 측면충돌,안전운전불이행,건조,맑음,교차로 - 교차로횡단보도내,승합,여,54세,상해없음,자전거,남,42세,중상
2019061400100169,2019년 6월 14일 09시,금요일,경기도 수원시 권선구 호매실동,경상사고,0,0,2,0,차대차 - 측면충돌,안전운전불이행,건조,맑음,교차로 - 교차로부근,승용,여,37세,상해없음,승용,여,52세,경상
2019061400100263,2019년 6월 14일 12시,금요일,경기도 수원시 팔달구 지동,중상사고,0,1,1,0,차대차 - 측면충돌,안전거리미확보,건조,맑음,교차로 - 교차로안,승용,남,38세,상해없음,이륜,남,61세,경상
2019061400100264,2019년 6월 14일 12시,금요일,경기도 수원시 팔달구 인계동,경상사고,0,0,1,0,차대차 - 측면충돌,안전거리미확보,건조,맑음,단일로 - 기타,승용,남,42세,상해없음,이륜,남,33세,경상
2019061400100333,2019년 6월 14일 14시,금요일,경기도 수원시 권선구 권선동,경상사고,0,0,1,0,차대차 - 측면충돌,교차로운행방법위반,건조,맑음,교차로 - 교차로안,화물,남,59세,상해없음,승용,남,23세,경상
2019061400100334,2019년 6월 14일 14시,금요일,경기도 수원시 영통구 하동,중상사고,0,1,0,0,차대차 - 측면충돌,안전운전불이행,건조,맑음,기타 - 기타,화물,남,61세,상해없음,승용,여,30세,중상
2019061400100376,2019년 6월 14일 15시,금요일,경기도 수원시 팔달구 매산로1가,경상사고,0,0,1,0,차대차 - 측면충돌,안전운전불이행,건조,맑음,단일로 - 기타,건설기계,남,34세,상해없음,승용,남,58세,경상
2019061400100453,2019년 6월 14일 17시,금요일,경기도 수원시 팔달구 북수동,경상사고,0,0,1,0,차대차 - 측면충돌,안전운전불이행,건조,맑음,교차로 - 교차로안,승용,남,23세,상해없음,승합,남,54세,경상
2019061400100464,2019년 6월 14일 17시,금요일,경기도 수원시 영통구 원천동,경상사고,0,0,1,0,차대차 - 추돌,안전운전불이행,건조,맑음,단일로 - 기타,승합,남,49세,상해없음,승합,남,47세,경상
2019061400100513,2019년 6월 14일 18시,금요일,경기도 수원시 장안구 연무동,중상사고,0,2,0,0,차대차 - 추돌,안전운전불이행,건조,맑음,기타 - 기타,승용,남,65세,상해없음,화물,남,57세,중상
2019061400100521,2019년 6월 14일 18시,금요일,경기도 수원시 팔달구 인계동,경상사고,0,0,1,0,차대차 - 측면충돌,안전운전불이행,건조,맑음,교차로 - 교차로안,승용,남,42세,상해없음,이륜,남,26세,경상
2019061400100524,2019년 6월 14일 18시,금요일,경기도 수원시 팔달구 매교동,경상사고,0,0,1,0,차대차 - 기타,신호위반,건조,맑음,교차로 - 교차로안,승용,남,42세,상해없음,이륜,남,34세,경상
2019061400100563,2019년 6월 14일 19시,금요일,경기도 수원시 장안구 정자동,경상사고,0,0,1,0,차대차 - 측면충돌,교차로운행방법위반,건조,맑음,교차로 - 교차로안,이륜,남,18세,경상,승용,남,48세,상해없음
2019061400100565,2019년 6월 14일 19시,금요일,경기도 수원시 팔달구 교동,경상사고,0,0,2,0,차대차 - 측면충돌,안전운전불이행,건조,맑음,교차로 - 교차로안,승용,남,62세,상해없음,승용,남,57세,경상
2019061500100042,2019년 6월 15일 01시,토요일,경기도 수원시 영통구 이의동,경상사고,0,0,1,0,차대차 - 측면충돌,안전운전불이행,건조,맑음,단일로 - 기타,화물,남,35세,상해없음,화물,남,53세,경상
2019061500100110,2019년 6월 15일 06시,토요일,경기도 수원시 권선구 세류동,경상사고,0,0,3,0,차대차 - 기타,안전운전불이행,건조,맑음,교차로 - 교차로부근,승용,여,35세,상해없음,승용,여,41세,경상
2019061500100123,2019년 6월 15일 07시,토요일,경기도 수원시 팔달구 인계동,경상사고,0,0,1,0,차대차 - 기타,안전운전불이행,건조,맑음,교차로 - 교차로안,승용,남,21세,상해없음,승용,남,35세,경상
2019061500100163,2019년 6월 15일 09시,토요일,경기도 수원시 팔달구 인계동,부상신고사고,0,0,0,1,차대차 - 기타,안전운전불이행,건조,맑음,단일로 - 기타,승용,남,26세,상해없음,승용,남,24세,부상신고
2019061500100164,2019년 6월 15일 09시,토요일,경기도 수원시 영통구 망포동,경상사고,0,0,1,0,차대차 - 기타,안전운전불이행,건조,맑음,교차로 - 교차로부근,승용,남,43세,상해없음,자전거,여,29세,경상
2019061500100189,2019년 6월 15일 10시,토요일,경기도 수원시 팔달구 북수동,경상사고,0,0,1,0,차대차 - 정면충돌,신호위반,건조,맑음,교차로 - 교차로안,승용,여,27세,상해없음,이륜,남,26세,경상
2019061500100195,2019년 6월 15일 10시,토요일,경기도 수원시 영통구 망포동,중상사고,0,1,0,0,차대사람 - 횡단중,보행자보호의무위반,건조,맑음,단일로 - 기타,승용,남,29세,상해없음,보행자,남,10세,중상
2019061500100196,2019년 6월 15일 10시,토요일,경기도 수원시 팔달구 인계동,중상사고,0,1,0,0,차대차 - 측면충돌,안전운전불이행,건조,맑음,교차로 - 교차로횡단보도내,승용,여,31세,상해없음,자전거,남,72세,중상
2019061500100233,2019년 6월 15일 11시,토요일,경기도 수원시 장안구 조원동,경상사고,0,0,2,0,차대차 - 기타,안전운전불이행,건조,맑음,단일로 - 기타,승용,남,68세,상해없음,승용,남,54세,경상
2019061500100243,2019년 6월 15일 11시,토요일,경기도 수원시 권선구 세류동,경상사고,0,0,2,0,차대차 - 추돌,안전운전불이행,건조,맑음,교차로 - 교차로부근,승용,남,30세,상해없음,승용,남,38세,상해없음
2019061500100283,2019년 6월 15일 12시,토요일,경기도 수원시 권선구 권선동,경상사고,0,0,1,0,차대차 - 측면충돌,안전운전불이행,건조,맑음,교차로 - 교차로안,이륜,여,63세,상해없음,승용,여,54세,경상
2019061500100331,2019년 6월 15일 13시,토요일,경기도 수원시 영통구 매탄동,중상사고,0,1,0,0,차대사람 - 횡단중,보행자보호의무위반,건조,맑음,교차로 - 교차로부근,승합,남,59세,상해없음,보행자,여,72세,중상
2019061500100464,2019년 6월 15일 16시,토요일,경기도 수원시 권선구 권선동,경상사고,0,0,1,0,차대차 - 추돌,교차로운행방법위반,건조,맑음,교차로 - 교차로안,승용,여,46세,상해없음,승용,여,31세,경상
2019061500100465,2019년 6월 15일 16시,토요일,경기도 수원시 팔달구 인계동,사망사고,1,0,1,0,차대차 - 추돌,안전거리미확보,건조,맑음,단일로 - 기타,이륜,남,75세,사망,승용,여,27세,경상
2019061500100555,2019년 6월 15일 18시,토요일,경기도 수원시 영통구 영통동,중상사고,0,1,1,0,차대차 - 측면충돌,교차로운행방법위반,건조,맑음,교차로 - 교차로안,승용,여,52세,상해없음,승용,여,57세,경상
2019061500100627,2019년 6월 15일 20시,토요일,경기도 수원시 팔달구 매산로1가,경상사고,0,0,1,0,차대차 - 기타,안전운전불이행,건조,맑음,교차로 - 교차로부근,승용,남,64세,상해없음,승용,남,71세,경상
2019061500100664,2019년 6월 15일 21시,토요일,경기도 수원시 영통구 하동,경상사고,0,0,1,0,차대차 - 측면충돌,신호위반,건조,맑음,교차로 - 교차로안,승합,여,51세,상해없음,이륜,남,25세,경상
2019061500100724,2019년 6월 15일 23시,토요일,경기도 수원시 팔달구 매산로1가,경상사고,0,0,1,0,차대차 - 추돌,안전운전불이행,건조,맑음,교차로 - 교차로부근,승용,남,30세,상해없음,승용,여,56세,경상
2019061600100031,2019년 6월 16일 00시,일요일,경기도 수원시 팔달구 우만동,경상사고,0,0,1,0,차대차 - 추돌,안전운전불이행,건조,맑음,교차로 - 교차로부근,승용,남,35세,상해없음,승용,여,61세,경상
2019061600100047,2019년 6월 16일 01시,일요일,경기도 수원시 팔달구 화서동,중상사고,0,2,1,0,차대차 - 기타,신호위반,건조,맑음,교차로 - 교차로안,이륜,남,20세,중상,승용,남,27세,중상
2019061600100048,2019년 6월 16일 01시,일요일,경기도 수원시 영통구 매탄동,경상사고,0,0,1,1,차대차 - 추돌,안전운전불이행,건조,맑음,교차로 - 교차로부근,원동기,남,40세,부상신고,화물,남,45세,경상
2019061600100090,2019년 6월 16일 04시,일요일,경기도 수원시 팔달구 우만동,경상사고,0,0,1,0,차대차 - 기타,안전운전불이행,건조,맑음,교차로 - 교차로부근,승용,남,58세,상해없음,자전거,남,21세,경상
2019061600100118,2019년 6월 16일 07시,일요일,경기도 수원시 팔달구 인계동,경상사고,0,0,4,0,차대차 - 측면충돌,신호위반,건조,맑음,교차로 - 교차로안,승용,남,25세,경상,승용,남,37세,경상
2019061600100144,2019년 6월 16일 09시,일요일,경기도 수원시 영통구 이의동,경상사고,0,0,1,0,차대차 - 측면충돌,차로위반,건조,맑음,단일로 - 기타,승용,여,27세,상해없음,승용,여,34세,경상
2019061600100145,2019년 6월 16일 09시,일요일,경기도 수원시 권선구 고색동,중상사고,0,1,0,0,차대차 - 측면충돌,신호위반,건조,맑음,교차로 - 교차로안,승용,남,65세,상해없음,이륜,남,44세,중상
2019061600100188,2019년 6월 16일 11시,일요일,경기도 수원시 영통구 이의동,경상사고,0,0,1,0,차대차 - 측면충돌,교차로운행방법위반,건조,맑음,교차로 - 교차로안,승용,남,18세,기타불명,승용,여,35세,경상
2019061600100189,2019년 6월 16일 11시,일요일,경기도 수원시 권선구 오목천동,경상사고,0,0,1,0,차대사람 - 횡단중,안전운전불이행,건조,맑음,기타 - 기타,승용,남,39세,상해없음,보행자,여,52세,경상
2019061600100213,2019년 6월 16일 12시,일요일,경기도 수원시 팔달구 우만동,부상신고사고,0,0,0,1,차대차 - 측면충돌,교차로운행방법위반,건조,맑음,교차로 - 교차로안,승용,남,38세,부상신고,승용,남,66세,상해없음
2019061600100427,2019년 6월 16일 19시,일요일,경기도 수원시 장안구 정자동,경상사고,0,0,1,0,차대차 - 추돌,신호위반,건조,맑음,교차로 - 교차로안,이륜,남,18세,상해없음,이륜,남,17세,경상
2019061600100447,2019년 6월 16일 20시,일요일,경기도 수원시 영통구 망포동,경상사고,0,0,2,0,차대차 - 측면충돌,신호위반,건조,맑음,교차로 - 교차로안,승합,남,56세,상해없음,승용,남,56세,경상
2019061600100449,2019년 6월 16일 20시,일요일,경기도 수원시 팔달구 매산로1가,경상사고,0,0,3,0,차대차 - 추돌,안전운전불이행,건조,맑음,단일로 - 기타,승합,남,45세,상해없음,승용,남,56세,경상
2019061600100498,2019년 6월 16일 22시,일요일,경기도 수원시 팔달구 인계동,경상사고,0,0,1,0,차대사람 - 기타,안전운전불이행,건조,맑음,교차로 - 교차로안,승용,남,35세,상해없음,보행자,남,67세,경상
2019061600100509,2019년 6월 16일 23시,일요일,경기도 수원시 장안구 정자동,중상사고,0,1,1,0,차대차 - 정면충돌,신호위반,건조,맑음,교차로 - 교차로안,승용,남,54세,상해없음,승용,남,59세,경상
2019061700100031,2019년 6월 17일 02시,월요일,경기도 수원시 권선구 권선동,경상사고,0,0,1,0,차대차 - 측면충돌,안전거리미확보,건조,맑음,단일로 - 기타,화물,남,54세,상해없음,승용,남,21세,경상
2019061700100048,2019년 6월 17일 05시,월요일,경기도 수원시 권선구 서둔동,중상사고,0,1,0,1,차대차 - 측면충돌,과속,건조,맑음,단일로 - 교량,승용,남,30세,부상신고,이륜,남,76세,중상
2019061700100057,2019년 6월 17일 06시,월요일,경기도 수원시 권선구 평동,중상사고,0,1,0,0,차대차 - 기타,안전거리미확보,건조,맑음,단일로 - 기타,화물,남,53세,상해없음,승용,남,32세,중상
2019061700100080,2019년 6월 17일 07시,월요일,경기도 수원시 팔달구 지동,경상사고,0,0,2,0,차대차 - 기타,신호위반,건조,맑음,교차로 - 교차로안,승용,남,28세,경상,승합,남,59세,경상
2019061700100291,2019년 6월 17일 13시,월요일,경기도 수원시 장안구 영화동,중상사고,0,1,0,0,차대차 - 측면충돌,안전운전불이행,건조,맑음,단일로 - 기타,승용,여,56세,상해없음,이륜,남,36세,중상
2019061700100292,2019년 6월 17일 13시,월요일,경기도 수원시 장안구 영화동,경상사고,0,0,1,0,차대사람 - 기타,안전운전불이행,건조,맑음,단일로 - 기타,승용,남,58세,상해없음,보행자,여,65세,경상
2019061700100332,2019년 6월 17일 14시,월요일,경기도 수원시 팔달구 우만동,경상사고,0,0,2,0,차대차 - 측면충돌,안전운전불이행,건조,맑음,단일로 - 기타,승용,남,59세,상해없음,승용,여,34세,경상
2019061700100333,2019년 6월 17일 14시,월요일,경기도 수원시 장안구 송죽동,중상사고,0,1,1,0,차대차 - 추돌,안전운전불이행,건조,맑음,단일로 - 기타,승용,여,54세,상해없음,승용,남,61세,중상
2019061700100334,2019년 6월 17일 14시,월요일,경기도 수원시 권선구 권선동,경상사고,0,0,1,0,차대차 - 추돌,안전운전불이행,건조,맑음,교차로 - 교차로부근,화물,남,50세,상해없음,화물,남,55세,경상
2019061700100427,2019년 6월 17일 16시,월요일,경기도 수원시 장안구 연무동,경상사고,0,0,1,0,차대차 - 기타,안전거리미확보,건조,맑음,교차로 - 교차로안,건설기계,남,60세,상해없음,승용,남,37세,경상
2019061700100436,2019년 6월 17일 16시,월요일,경기도 수원시 영통구 이의동,경상사고,0,0,2,2,차대차 - 기타,신호위반,건조,맑음,교차로 - 교차로부근,승용,남,42세,상해없음,승용,여,36세,경상
2019061700100437,2019년 6월 17일 16시,월요일,경기도 수원시 권선구 세류동,부상신고사고,0,0,0,1,차대사람 - 기타,안전운전불이행,건조,맑음,교차로 - 교차로안,기타불명,기타불명,미분류,기타불명,보행자,여,76세,부상신고
2019061700100481,2019년 6월 17일 17시,월요일,경기도 수원시 팔달구 인계동,중상사고,0,1,0,0,차대차 - 후진중충돌,안전운전불이행,건조,맑음,미분류 - 미분류,승용,여,38세,중상,승용,여,30세,상해없음
2019061700100570,2019년 6월 17일 19시,월요일,경기도 수원시 영통구 영통동,부상신고사고,0,0,0,1,차대차 - 기타,안전거리미확보,건조,맑음,교차로 - 교차로부근,이륜,남,62세,부상신고,승용,남,46세,상해없음
2019061700100571,2019년 6월 17일 19시,월요일,경기도 수원시 팔달구 인계동,경상사고,0,0,1,0,차대차 - 기타,안전운전불이행,건조,맑음,단일로 - 기타,개인형이동수단(PM),남,37세,경상,이륜,남,39세,상해없음
2019061700100572,2019년 6월 17일 19시,월요일,경기도 수원시 영통구 원천동,경상사고,0,0,1,1,차대차 - 기타,중앙선침범,건조,맑음,교차로 - 교차로부근,이륜,남,39세,부상신고,승합,남,47세,경상
2019061700100574,2019년 6월 17일 19시,월요일,경기도 수원시 권선구 서둔동,경상사고,0,0,1,0,차대차 - 기타,안전운전불이행,건조,맑음,교차로 - 교차로안,자전거,남,9세,경상,승용,남,48세,상해없음
2019061700100634,2019년 6월 17일 21시,월요일,경기도 수원시 권선구 세류동,경상사고,0,0,1,0,차대차 - 기타,안전거리미확보,건조,맑음,교차로 - 교차로부근,승용,남,32세,상해없음,이륜,남,31세,경상
2019061700100680,2019년 6월 17일 23시,월요일,경기도 수원시 권선구 서둔동,경상사고,0,0,1,0,차대차 - 측면충돌,신호위반,건조,맑음,교차로 - 교차로안,승용,남,67세,상해없음,이륜,여,28세,경상
2019061800100060,2019년 6월 18일 03시,화요일,경기도 수원시 팔달구 매산로2가,경상사고,0,0,1,0,차량단독 - 기타,안전운전불이행,젖음/습기,흐림,단일로 - 기타,이륜,남,22세,경상,,,,
2019061800100141,2019년 6월 18일 08시,화요일,경기도 수원시 장안구 영화동,경상사고,0,0,1,0,차대차 - 기타,안전운전불이행,건조,맑음,단일로 - 기타,기타불명,기타불명,미분류,기타불명,승합,남,36세,경상
2019061800100187,2019년 6월 18일 09시,화요일,경기도 수원시 팔달구 지동,중상사고,0,1,0,0,차량단독 - 기타,안전운전불이행,건조,맑음,교차로 - 교차로부근,자전거,남,61세,중상,,,,
2019061800100190,2019년 6월 18일 09시,화요일,경기도 수원시 팔달구 교동,경상사고,0,0,1,0,차대차 - 기타,교차로운행방법위반,건조,맑음,교차로 - 교차로안,승용,여,35세,상해없음,승용,여,53세,경상
2019061800100305,2019년 6월 18일 13시,화요일,경기도 수원시 장안구 영화동,경상사고,0,0,1,0,차대사람 - 기타,안전운전불이행,건조,맑음,단일로 - 기타,승용,남,63세,상해없음,보행자,남,29세,경상
2019061800100344,2019년 6월 18일 14시,화요일,경기도 수원시 영통구 매탄동,경상사고,0,0,1,0,차대사람 - 횡단중,안전운전불이행,건조,흐림,교차로 - 교차로부근,승용,남,25세,상해없음,보행자,여,41세,경상
2019061800100369,2019년 6월 18일 15시,화요일,경기도 수원시 장안구 파장동,경상사고,0,0,1,0,차대사람 - 길가장자리구역통행중,안전운전불이행,건조,맑음,단일로 - 기타,승용,여,49세,상해없음,보행자,남,45세,경상
2019061800100402,2019년 6월 18일 16시,화요일,경기도 수원시 장안구 정자동,중상사고,0,1,0,0,차대사람 - 기타,기타,건조,맑음,단일로 - 기타,승합,남,58세,상해없음,보행자,여,80세,중상
2019061800100404,2019년 6월 18일 16시,화요일,경기도 수원시 권선구 구운동,경상사고,0,0,1,0,차대사람 - 기타,안전운전불이행,건조,맑음,기타 - 기타,자전거,남,12세,상해없음,보행자,여,14세,경상
2019061800100433,2019년 6월 18일 17시,화요일,경기도 수원시 팔달구 장안동,부상신고사고,0,0,0,1,차대차 - 추돌,안전운전불이행,건조,맑음,단일로 - 기타,자전거,남,66세,부상신고,승합,남,27세,상해없음
2019061800100465,2019년 6월 18일 18시,화요일,경기도 수원시 팔달구 우만동,중상사고,0,1,4,0,차대차 - 추돌,안전운전불이행,건조,맑음,단일로 - 기타,승용,남,55세,상해없음,승용,남,64세,중상
2019061800100472,2019년 6월 18일 18시,화요일,경기도 수원시 권선구 권선동,경상사고,0,0,1,0,차대차 - 측면충돌,신호위반,건조,맑음,교차로 - 교차로안,이륜,남,22세,상해없음,승용,남,66세,경상
2019061800100525,2019년 6월 18일 19시,화요일,경기도 수원시 영통구 망포동,경상사고,0,0,1,0,차대사람 - 횡단중,안전운전불이행,젖음/습기,흐림,교차로 - 교차로안,화물,남,58세,상해없음,보행자,여,16세,경상
2019061800100593,2019년 6월 18일 21시,화요일,경기도 수원시 팔달구 인계동,경상사고,0,0,1,0,차대차 - 측면충돌,안전거리미확보,젖음/습기,비,교차로 - 교차로부근,승용,기타불명,미분류,기타불명,승용,남,29세,경상
2019061800100594,2019년 6월 18일 21시,화요일,경기도 수원시 팔달구 인계동,경상사고,0,0,1,0,차대차 - 기타,안전운전불이행,건조,맑음,단일로 - 기타,승용,남,26세,기타불명,승용,남,63세,경상