사고번호,사고일시,요일,시군구,사고내용,사망자수,중상자수,경상자수,부상신고자수,사고유형,법규위반,노면상태,기상상태,도로형태,가해운전자 차종,가해운전자 성별,가해운전자 연령,가해운전자 상해정도,피해운전자 차종,피해운전자 성별,피해운전자 연령,피해운전자 상해정도
2019061900100070,2019년 6월 19일 04시,수요일,경기도 수원시 팔달구 우만동,중상사고,0,1,0,0,차대차 - 측면충돌,안전운전불이행,건조,맑음,교차로 - 교차로안,승합,남,65세,상해없음,자전거,남,46세,중상
2019061900100235,2019년 6월 19일 11시,수요일,경기도 수원시 장안구 연무동,경상사고,0,0,1,0,차대차 - 기타,교차로운행방법위반,건조,맑음,교차로 - 교차로안,이륜,남,62세,경상,화물,남,35세,상해없음
2019061900100238,2019년 6월 19일 11시,수요일,경기도 수원시 영통구 매탄동,경상사고,0,0,1,0,차대사람 - 횡단중,보행자보호의무위반,건조,맑음,교차로 - 교차로부근,승용,여,44세,상해없음,보행자,여,47세,경상
2019061900100239,2019년 6월 19일 11시,수요일,경기도 수원시 팔달구 인계동,경상사고,0,0,1,0,차대차 - 측면충돌,교차로운행방법위반,건조,맑음,교차로 - 교차로안,승용,여,50세,상해없음,승용,여,32세,경상
2019061900100240,2019년 6월 19일 11시,수요일,경기도 수원시 팔달구 매산로1가,중상사고,0,1,0,0,차대사람 - 기타,안전운전불이행,건조,맑음,단일로 - 기타,승용,여,50세,상해없음,보행자,남,29세,중상
2019061900100268,2019년 6월 19일 12시,수요일,경기도 수원시 권선구 고색동,중상사고,0,1,7,1,차대차 - 추돌,안전운전불이행,건조,맑음,교차로 - 교차로부근,승합,남,69세,상해없음,건설기계,남,56세,중상
2019061900100435,2019년 6월 19일 17시,수요일,경기도 수원시 팔달구 매산로2가,경상사고,0,0,1,0,차대사람 - 기타,안전운전불이행,건조,맑음,교차로 - 교차로안,승용,남,48세,상해없음,보행자,여,82세,경상
2019061900100471,2019년 6월 19일 18시,수요일,경기도 수원시 팔달구 북수동,경상사고,0,0,7,0,차대차 - 추돌,안전거리미확보,건조,맑음,단일로 - 기타,승합,남,47세,기타불명,승합,남,30세,경상
2019061900100482,2019년 6월 19일 18시,수요일,경기도 수원시 영통구 매탄동,부상신고사고,0,0,0,1,차대차 - 측면충돌,직진우회전진행방해,건조,맑음,교차로 - 교차로안,이륜,남,53세,부상신고,승용,여,37세,상해없음
2019061900100484,2019년 6월 19일 18시,수요일,경기도 수원시 권선구 당수동,중상사고,0,1,2,0,차대차 - 추돌,안전운전불이행,건조,맑음,단일로 - 기타,승용,남,30세,상해없음,승용,남,54세,경상
2019061900100522,2019년 6월 19일 19시,수요일,경기도 수원시 권선구 권선동,경상사고,0,0,1,0,차대차 - 측면충돌,안전거리미확보,건조,맑음,단일로 - 기타,이륜,남,16세,경상,승합,남,50세,상해없음
2019061900100523,2019년 6월 19일 19시,수요일,경기도 수원시 영통구 신동,경상사고,0,0,1,0,차량단독 - 기타,안전운전불이행,건조,맑음,기타 - 기타,승합,남,45세,상해없음,,,,
2019062000100068,2019년 6월 20일 03시,목요일,경기도 수원시 권선구 당수동,중상사고,0,1,0,0,차대차 - 기타,안전운전불이행,건조,맑음,단일로 - 터널,승용,남,27세,상해없음,화물,남,63세,중상
2019062000100075,2019년 6월 20일 05시,목요일,경기도 수원시 권선구 호매실동,부상신고사고,0,0,0,1,차량단독 - 전도전복 - 전도,안전운전불이행,건조,맑음,기타 - 기타,원동기,남,18세,부상신고,,,,
2019062000100101,2019년 6월 20일 07시,목요일,경기도 수원시 팔달구 우만동,경상사고,0,0,1,0,차대사람 - 보도통행중,보행자보호의무위반,건조,맑음,교차로 - 교차로안,승합,남,64세,상해없음,보행자,남,37세,경상
2019062000100140,2019년 6월 20일 08시,목요일,경기도 수원시 권선구 서둔동,경상사고,0,0,2,0,차대차 - 정면충돌,중앙선침범,건조,맑음,교차로 - 교차로부근,승용,남,44세,상해없음,승용,남,45세,경상
2019062000100217,2019년 6월 20일 10시,목요일,경기도 수원시 팔달구 인계동,부상신고사고,0,0,0,1,차대차 - 측면충돌,직진우회전진행방해,건조,맑음,교차로 - 교차로안,자전거,남,27세,부상신고,승용,남,70세,상해없음
2019062000100218,2019년 6월 20일 10시,목요일,경기도 수원시 권선구 권선동,경상사고,0,0,1,0,차대차 - 기타,안전운전불이행,건조,맑음,교차로 - 교차로횡단보도내,승용,남,47세,상해없음,자전거,여,22세,경상
2019062000100370,2019년 6월 20일 15시,목요일,경기도 수원시 권선구 권선동,부상신고사고,0,0,0,1,차대차 - 기타,안전운전불이행,건조,맑음,교차로 - 교차로안,이륜,남,44세,부상신고,승용,남,21세,상해없음
2019062000100409,2019년 6월 20일 16시,목요일,경기도 수원시 장안구 영화동,경상사고,0,0,1,0,차대차 - 측면충돌,안전운전불이행,건조,맑음,교차로 - 교차로안,승용,남,54세,상해없음,이륜,남,47세,경상
2019062000100413,2019년 6월 20일 16시,목요일,경기도 수원시 권선구 세류동,경상사고,0,0,1,0,차대사람 - 기타,안전운전불이행,건조,맑음,교차로 - 교차로안,승용,남,50세,상해없음,보행자,남,67세,경상
2019062000100582,2019년 6월 20일 20시,목요일,경기도 수원시 영통구 망포동,경상사고,0,0,1,0,차대차 - 측면충돌,안전거리미확보,건조,맑음,단일로 - 기타,승용,남,21세,상해없음,이륜,남,34세,경상
2019062000100647,2019년 6월 20일 22시,목요일,경기도 수원시 영통구 영통동,경상사고,0,0,1,0,차대사람 - 횡단중,안전운전불이행,건조,맑음,교차로 - 교차로부근,승용,남,65세,상해없음,보행자,남,59세,경상
2019062000100666,2019년 6월 20일 23시,목요일,경기도 수원시 팔달구 인계동,경상사고,0,0,1,0,차대사람 - 기타,안전운전불이행,건조,맑음,단일로 - 기타,승용,남,22세,상해없음,보행자,남,25세,경상
2019062000100667,2019년 6월 20일 23시,목요일,경기도 수원시 영통구 영통동,경상사고,0,0,3,0,차대차 - 측면충돌,차로위반,건조,맑음,단일로 - 기타,승용,남,67세,경상,승용,남,28세,경상
2019062100100061,2019년 6월 21일 04시,금요일,경기도 수원시 장안구 정자동,경상사고,0,0,1,0,차대사람 - 차도통행중,안전운전불이행,건조,맑음,교차로 - 교차로부근,화물,남,39세,기타불명,보행자,남,44세,경상
2019062100100087,2019년 6월 21일 07시,금요일,경기도 수원시 장안구 이목동,경상사고,0,0,1,1,차대차 - 측면충돌,교차로운행방법위반,건조,맑음,교차로 - 교차로안,승용,남,56세,부상신고,승용,남,24세,경상
2019062100100124,2019년 6월 21일 08시,금요일,경기도 수원시 영통구 영통동,경상사고,0,0,1,0,차대차 - 측면충돌,교차로운행방법위반,건조,맑음,교차로 - 교차로안,승용,여,30세,상해없음,승용,여,50세,경상
2019062100100162,2019년 6월 21일 09시,금요일,경기도 수원시 권선구 세류동,경상사고,0,0,1,0,차대차 - 추돌,안전운전불이행,건조,맑음,단일로 - 기타,승용,여,23세,기타불명,화물,남,26세,경상
2019062100100163,2019년 6월 21일 09시,금요일,경기도 수원시 권선구 고색동,경상사고,0,0,2,0,차대차 - 기타,차로위반,건조,맑음,단일로 - 기타,승용,남,32세,상해없음,승용,남,29세,경상
2019062100100251,2019년 6월 21일 12시,금요일,경기도 수원시 장안구 정자동,경상사고,0,0,1,0,차대사람 - 횡단중,보행자보호의무위반,건조,흐림,교차로 - 교차로횡단보도내,화물,남,58세,상해없음,보행자,여,43세,경상
2019062100100283,2019년 6월 21일 13시,금요일,경기도 수원시 장안구 연무동,경상사고,0,0,1,0,차대차 - 추돌,안전거리미확보,건조,맑음,교차로 - 교차로안,승용,남,33세,상해없음,승용,남,50세,상해없음
2019062100100319,2019년 6월 21일 14시,금요일,경기도 수원시 장안구 정자동,경상사고,0,0,2,0,차대차 - 기타,안전운전불이행,건조,맑음,단일로 - 기타,승합,여,42세,경상,승용,여,58세,경상
2019062100100362,2019년 6월 21일 15시,금요일,경기도 수원시 권선구 세류동,중상사고,0,4,7,2,차대차 - 추돌,안전운전불이행,건조,맑음,단일로 - 기타,화물,남,44세,상해없음,승용,남,71세,중상
2019062100100456,2019년 6월 21일 17시,금요일,경기도 수원시 권선구 금곡동,경상사고,0,0,1,0,차대차 - 기타,안전운전불이행,건조,맑음,교차로 - 교차로부근,화물,남,60세,상해없음,이륜,남,40세,경상
2019062100100567,2019년 6월 21일 19시,금요일,경기도 수원시 팔달구 고등동,경상사고,0,0,1,0,차대차 - 기타,직진우회전진행방해,건조,맑음,교차로 - 교차로안,승용,여,34세,상해없음,이륜,남,18세,경상
2019062100100648,2019년 6월 21일 21시,금요일,경기도 수원시 장안구 영화동,경상사고,0,0,2,1,차대차 - 기타,신호위반,건조,맑음,교차로 - 교차로안,승합,남,32세,상해없음,승용,남,25세,경상
2019062100100649,2019년 6월 21일 21시,금요일,경기도 수원시 장안구 정자동,경상사고,0,0,1,0,차대차 - 정면충돌,신호위반,건조,맑음,교차로 - 교차로안,승용,여,31세,상해없음,승합,남,29세,경상
2019062100100698,2019년 6월 21일 22시,금요일,경기도 수원시 팔달구 인계동,부상신고사고,0,0,0,1,차대차 - 기타,교차로운행방법위반,건조,맑음,교차로 - 교차로안,승용,남,38세,상해없음,이륜,남,45세,부상신고
2019062100100699,2019년 6월 21일 22시,금요일,경기도 수원시 팔달구 인계동,경상사고,0,0,1,0,차대사람 - 기타,안전운전불이행,건조,맑음,교차로 - 교차로부근,승용,남,53세,상해없음,보행자,여,20세,경상
2019062100100731,2019년 6월 21일 23시,금요일,경기도 수원시 팔달구 우만동,경상사고,0,0,2,0,차대차 - 기타,안전거리미확보,건조,맑음,교차로 - 교차로부근,승용,여,24세,상해없음,승용,여,25세,경상
2019062100100734,2019년 6월 21일 23시,금요일,경기도 수원시 팔달구 인계동,중상사고,0,1,0,0,차대차 - 기타,안전거리미확보,건조,맑음,단일로 - 기타,승용,남,30세,상해없음,이륜,여,25세,중상
2019062200100040,2019년 6월 22일 00시,토요일,경기도 수원시 영통구 영통동,중상사고,0,1,0,0,차량단독 - 기타,기타,건조,맑음,단일로 - 기타,승합,남,59세,상해없음,,,,
2019062200100061,2019년 6월 22일 01시,토요일,경기도 수원시 영통구 매탄동,경상사고,0,0,1,0,차대차 - 측면충돌,안전운전불이행,건조,맑음,단일로 - 기타,승용,남,62세,상해없음,승용,남,58세,경상
2019062200100102,2019년 6월 22일 03시,토요일,경기도 수원시 권선구 권선동,경상사고,0,0,1,0,차대차 - 측면충돌,신호위반,건조,맑음,교차로 - 교차로안,승용,남,39세,상해없음,승용,남,32세,경상
2019062200100114,2019년 6월 22일 04시,토요일,경기도 수원시 팔달구 인계동,중상사고,0,2,0,0,차대사람 - 길가장자리구역통행중,안전운전불이행,건조,맑음,단일로 - 기타,승용,남,22세,상해없음,보행자,여,25세,중상
2019062200100115,2019년 6월 22일 04시,토요일,경기도 수원시 권선구 세류동,부상신고사고,0,0,0,1,차대차 - 기타,안전거리미확보,건조,맑음,단일로 - 기타,승용,남,32세,상해없음,승용,남,50세,부상신고
2019062200100129,2019년 6월 22일 05시,토요일,경기도 수원시 팔달구 인계동,경상사고,0,0,1,0,차대차 - 기타,안전운전불이행,건조,맑음,기타 - 기타,자전거,남,26세,상해없음,자전거,남,80세,경상
2019062200100143,2019년 6월 22일 06시,토요일,경기도 수원시 영통구 이의동,경상사고,0,0,1,0,차량단독 - 공작물충돌,안전운전불이행,건조,맑음,단일로 - 기타,승용,여,48세,경상,,,,
2019062200100152,2019년 6월 22일 07시,토요일,경기도 수원시 권선구 세류동,중상사고,0,1,1,0,차대차 - 기타,안전거리미확보,건조,맑음,단일로 - 기타,승용,남,62세,상해없음,승합,남,51세,상해없음
2019062200100209,2019년 6월 22일 10시,토요일,경기도 수원시 팔달구 고등동,경상사고,0,0,1,0,차대차 - 측면충돌,안전거리미확보,건조,맑음,단일로 - 기타,승용,남,71세,상해없음,이륜,남,61세,경상
2019062200100245,2019년 6월 22일 11시,토요일,경기도 수원시 팔달구 신풍동,경상사고,0,0,1,0,차대차 - 정면충돌,안전운전불이행,건조,맑음,단일로 - 기타,승용,여,67세,상해없음,승용,남,61세,경상
2019062200100296,2019년 6월 22일 12시,토요일,경기도 수원시 영통구 영통동,경상사고,0,0,1,0,차대차 - 기타,기타,건조,맑음,기타 - 기타,화물,남,48세,상해없음,승용,남,55세,경상
2019062200100342,2019년 6월 22일 13시,토요일,경기도 수원시 팔달구 인계동,경상사고,0,0,1,0,차대차 - 측면충돌,차로위반,건조,맑음,단일로 - 기타,승용,여,36세,상해없음,승용,남,59세,경상
2019062200100376,2019년 6월 22일 14시,토요일,경기도 수원시 장안구 정자동,경상사고,0,0,1,0,차대차 - 기타,안전운전불이행,건조,맑음,단일로 - 기타,승용,남,52세,상해없음,이륜,남,49세,경상
2019062200100418,2019년 6월 22일 15시,토요일,경기도 수원시 장안구 연무동,경상사고,0,0,1,0,차대차 - 기타,안전운전불이행,건조,맑음,단일로 - 기타,건설기계,남,65세,상해없음,이륜,남,35세,경상
2019062200100423,2019년 6월 22일 15시,토요일,경기도 수원시 권선구 권선동,경상사고,0,0,2,0,차대차 - 측면충돌,안전거리미확보,건조,맑음,단일로 - 기타,승용,남,33세,상해없음,승용,여,35세,상해없음
2019062200100470,2019년 6월 22일 16시,토요일,경기도 수원시 권선구 탑동,경상사고,0,0,1,0,차대사람 - 기타,안전운전불이행,건조,맑음,단일로 - 기타,승용,남,78세,상해없음,보행자,남,30세,경상
2019062200100512,2019년 6월 22일 17시,토요일,경기도 수원시 권선구 권선동,부상신고사고,0,0,0,1,차대차 - 측면충돌,안전거리미확보,건조,맑음,단일로 - 기타,화물,남,41세,상해없음,승용,남,37세,상해없음
2019062200100514,2019년 6월 22일 17시,토요일,경기도 수원시 팔달구 매산로1가,경상사고,0,0,1,0,차대차 - 기타,교차로운행방법위반,건조,맑음,교차로 - 교차로안,승용,남,58세,상해없음,이륜,남,54세,경상
2019062200100548,2019년 6월 22일 18시,토요일,경기도 수원시 팔달구 매향동,경상사고,0,0,3,0,차대차 - 측면충돌,안전거리미확보,젖음/습기,맑음,교차로 - 교차로안,승용,여,49세,상해없음,승용,남,45세,경상
2019062200100549,2019년 6월 22일 18시,토요일,경기도 수원시 장안구 연무동,경상사고,0,0,1,0,차대차 - 측면충돌,안전거리미확보,건조,맑음,단일로 - 기타,승용,남,31세,기타불명,승용,여,44세,경상
2019062200100553,2019년 6월 22일 18시,토요일,경기도 수원시 팔달구 인계동,경상사고,0,0,1,0,차대사람 - 길가장자리구역통행중,안전운전불이행,건조,맑음,단일로 - 기타,승용,여,70세,상해없음,보행자,남,60세,경상
2019062200100587,2019년 6월 22일 19시,토요일,경기도 수원시 권선구 입북동,경상사고,0,0,2,0,차대차 - 후진중충돌,안전운전불이행,건조,맑음,단일로 - 기타,승용,여,55세,상해없음,승용,남,27세,경상
2019062200100608,2019년 6월 22일 20시,토요일,경기도 수원시 장안구 정자동,경상사고,0,0,1,1,차대차 - 측면충돌,차로위반,건조,맑음,단일로 - 기타,이륜,남,21세,부상신고,승용,남,72세,경상
2019062200100611,2019년 6월 22일 20시,토요일,경기도 수원시 권선구 권선동,부상신고사고,0,0,0,1,차대차 - 측면충돌,안전운전불이행,건조,맑음,교차로 - 교차로부근,이륜,남,46세,부상신고,승용,남,60세,상해없음
2019062200100612,2019년 6월 22일 20시,토요일,경기도 수원시 권선구 오목천동,경상사고,0,0,1,0,차대차 - 기타,직진우회전진행방해,건조,맑음,교차로 - 교차로안,화물,남,56세,상해없음,이륜,남,31세,경상
2019062200100657,2019년 6월 22일 21시,토요일,경기도 수원시 팔달구 중동,중상사고,0,1,0,0,차대차 - 기타,안전운전불이행,건조,맑음,교차로 - 교차로안,승용,남,32세,상해없음,자전거,여,59세,중상
2019062200100721,2019년 6월 22일 23시,토요일,경기도 수원시 권선구 세류동,경상사고,0,0,1,0,차대사람 - 기타,안전운전불이행,건조,맑음,단일로 - 기타,승합,남,55세,상해없음,보행자,남,33세,경상
2019062300100062,2019년 6월 23일 02시,일요일,경기도 수원시 영통구 매탄동,부상신고사고,0,0,0,1,차대차 - 기타,안전운전불이행,건조,맑음,단일로 - 기타,이륜,남,15세,상해없음,승용,남,29세,상해없음
2019062300100175,2019년 6월 23일 10시,일요일,경기도 수원시 권선구 고색동,경상사고,0,0,1,0,차대차 - 측면충돌,신호위반,건조,맑음,교차로 - 교차로안,화물,남,58세,상해없음,화물,남,47세,경상
2019062300100224,2019년 6월 23일 12시,일요일,경기도 수원시 영통구 매탄동,부상신고사고,0,0,0,1,차대차 - 측면충돌,안전거리미확보,건조,맑음,기타 - 기타,승용,남,33세,상해없음,이륜,남,28세,부상신고
2019062300100259,2019년 6월 23일 13시,일요일,경기도 수원시 권선구 권선동,경상사고,0,0,1,0,차량단독 - 기타,안전운전불이행,건조,맑음,단일로 - 기타,승합,남,37세,상해없음,,,,
2019062300100261,2019년 6월 23일 13시,일요일,경기도 수원시 권선구 금곡동,부상신고사고,0,0,0,1,차대차 - 기타,신호위반,건조,맑음,교차로 - 교차로부근,이륜,남,27세,부상신고,승용,남,48세,상해없음
2019062300100306,2019년 6월 23일 14시,일요일,경기도 수원시 팔달구 인계동,경상사고,0,0,1,0,차대차 - 측면충돌,직진우회전진행방해,건조,맑음,교차로 - 교차로안,자전거,남,58세,경상,승용,남,57세,상해없음
2019062300100333,2019년 6월 23일 15시,일요일,경기도 수원시 장안구 조원동,중상사고,0,1,0,0,차대차 - 기타,교차로운행방법위반,건조,맑음,교차로 - 교차로안,승용,남,62세,상해없음,이륜,남,47세,중상
2019062300100416,2019년 6월 23일 17시,일요일,경기도 수원시 장안구 파장동,경상사고,0,0,1,0,차대사람 - 기타,기타,건조,맑음,교차로 - 교차로안,승용,남,60세,상해없음,보행자,남,51세,경상
2019062300100418,2019년 6월 23일 17시,일요일,경기도 수원시 영통구 이의동,경상사고,0,0,2,0,차대차 - 추돌,안전운전불이행,건조,맑음,단일로 - 기타,승합,남,52세,상해없음,승용,남,44세,경상
2019062300100420,2019년 6월 23일 17시,일요일,경기도 수원시 권선구 호매실동,경상사고,0,0,5,1,차대차 - 기타,안전운전불이행,건조,맑음,교차로 - 교차로부근,승용,남,41세,경상,승용,남,40세,경상
2019062300100457,2019년 6월 23일 18시,일요일,경기도 수원시 권선구 탑동,경상사고,0,0,1,0,차대차 - 기타,신호위반,건조,맑음,교차로 - 교차로안,승용,남,29세,상해없음,이륜,남,38세,경상
2019062300100458,2019년 6월 23일 18시,일요일,경기도 수원시 팔달구 매산로1가,경상사고,0,0,2,0,차대차 - 추돌,안전운전불이행,젖음/습기,비,교차로 - 교차로부근,승용,남,65세,상해없음,승용,남,27세,경상
2019062400100056,2019년 6월 24일 05시,월요일,경기도 수원시 권선구 고색동,경상사고,0,0,1,0,차대차 - 기타,안전운전불이행,건조,맑음,단일로 - 기타,승합,남,71세,상해없음,승용,여,49세,경상
2019062400100133,2019년 6월 24일 08시,월요일,경기도 수원시 권선구 세류동,경상사고,0,0,2,0,차대차 - 기타,안전운전불이행,건조,맑음,교차로 - 교차로안,승용,남,51세,상해없음,건설기계,남,60세,경상
2019062400100179,2019년 6월 24일 09시,월요일,경기도 수원시 장안구 정자동,경상사고,0,0,1,0,차대차 - 측면충돌,안전거리미확보,건조,맑음,교차로 - 교차로부근,승용,남,66세,기타불명,화물,남,55세,경상
2019062400100187,2019년 6월 24일 09시,월요일,경기도 수원시 영통구 매탄동,중상사고,0,1,0,0,차량단독 - 기타,안전운전불이행,건조,맑음,교차로 - 교차로부근,승합,남,60세,상해없음,,,,
2019062400100258,2019년 6월 24일 11시,월요일,경기도 수원시 영통구 원천동,경상사고,0,0,4,0,차대차 - 기타,교차로운행방법위반,건조,맑음,교차로 - 교차로안,승용,여,32세,상해없음,승합,남,45세,경상
2019062400100295,2019년 6월 24일 12시,월요일,경기도 수원시 장안구 정자동,경상사고,0,0,1,0,차대차 - 기타,신호위반,건조,맑음,교차로 - 교차로안,기타불명,기타불명,미분류,기타불명,자전거,남,20세,경상
2019062400100391,2019년 6월 24일 15시,월요일,경기도 수원시 팔달구 우만동,경상사고,0,0,2,0,차대사람 - 기타,안전운전불이행,건조,맑음,단일로 - 기타,화물,남,42세,경상,보행자,여,35세,경상
2019062400100397,2019년 6월 24일 15시,월요일,경기도 수원시 권선구 당수동,중상사고,0,1,0,0,차대차 - 측면충돌,교차로운행방법위반,건조,맑음,교차로 - 교차로부근,승용,여,67세,상해없음,자전거,남,71세,중상
2019062400100444,2019년 6월 24일 16시,월요일,경기도 수원시 권선구 고색동,경상사고,0,0,1,0,차대차 - 기타,불법유턴,건조,맑음,단일로 - 기타,자전거,남,63세,경상,승용,남,68세,상해없음
2019062400100445,2019년 6월 24일 16시,월요일,경기도 수원시 권선구 평동,경상사고,0,0,2,0,차대차 - 기타,안전거리미확보,건조,맑음,단일로 - 기타,승용,남,55세,상해없음,승용,남,57세,경상
2019062400100537,2019년 6월 24일 18시,월요일,경기도 수원시 장안구 영화동,경상사고,0,0,2,0,차대차 - 기타,안전운전불이행,건조,맑음,교차로 - 교차로안,승용,남,51세,경상,승용,남,35세,경상
2019062400100547,2019년 6월 24일 18시,월요일,경기도 수원시 권선구 호매실동,경상사고,0,0,4,1,차대차 - 추돌,안전운전불이행,건조,맑음,단일로 - 기타,승용,남,42세,상해없음,승용,여,51세,경상
2019062400100548,2019년 6월 24일 18시,월요일,경기도 수원시 권선구 평동,경상사고,0,0,1,0,차대차 - 측면충돌,안전운전불이행,건조,맑음,단일로 - 기타,승용,여,52세,상해없음,승용,남,28세,경상
2019062400100601,2019년 6월 24일 19시,월요일,경기도 수원시 장안구 정자동,경상사고,0,0,1,0,차대차 - 측면충돌,신호위반,건조,맑음,교차로 - 교차로안,화물,남,52세,상해없음,승용,남,67세,경상
2019062400100606,2019년 6월 24일 19시,월요일,경기도 수원시 권선구 호매실동,경상사고,0,0,1,2,차대차 - 측면충돌,교차로운행방법위반,건조,맑음,교차로 - 교차로안,승용,남,35세,경상,승용,남,66세,기타불명
2019062400100631,2019년 6월 24일 20시,월요일,경기도 수원시 팔달구 화서동,중상사고,0,1,0,0,차대사람 - 횡단중,보행자보호의무위반,건조,맑음,교차로 - 교차로안,승합,남,62세,상해없음,보행자,남,44세,중상
2019062400100632,2019년 6월 24일 20시,월요일,경기도 수원시 권선구 세류동,중상사고,0,1,0,0,차대차 - 측면충돌,안전운전불이행,건조,맑음,단일로 - 기타,화물,남,45세,상해없음,이륜,남,34세,중상
2019062400100690,2019년 6월 24일 22시,월요일,경기도 수원시 팔달구 우만동,부상신고사고,0,0,0,1,차대차 - 후진중충돌,안전운전불이행,건조,맑음,교차로 - 교차로안,승용,남,57세,상해없음,이륜,남,34세,부상신고
2019062400100694,2019년 6월 24일 22시,월요일,경기도 수원시 권선구 권선동,경상사고,0,0,1,0,차대차 - 기타,중앙선침범,건조,맑음,단일로 - 기타,승용,남,66세,상해없음,이륜,남,42세,경상
2019062500100248,2019년 6월 25일 11시,화요일,경기도 수원시 영통구 원천동,부상신고사고,0,0,0,1,차대사람 - 길가장자리구역통행중,안전운전불이행,건조,맑음,단일로 - 기타,승합,남,39세,기타불명,보행자,남,62세,부상신고
2019062500100276,2019년 6월 25일 12시,화요일,경기도 수원시 팔달구 화서동,경상사고,0,0,2,0,차대차 - 측면충돌,안전운전불이행,건조,맑음,교차로 - 교차로부근,승합,남,61세,상해없음,승용,여,58세,경상
2019062500100305,2019년 6월 25일 13시,화요일,경기도 수원시 영통구 영통동,중상사고,0,1,0,0,차량단독 - 기타,기타,건조,맑음,단일로 - 기타,승합,남,45세,상해없음,,,,
2019062500100347,2019년 6월 25일 14시,화요일,경기도 수원시 장안구 송죽동,부상신고사고,0,0,0,2,차대차 - 추돌,안전거리미확보,건조,맑음,단일로 - 기타,화물,남,27세,상해없음,승용,남,38세,부상신고
2019062500100350,2019년 6월 25일 14시,화요일,경기도 수원시 영통구 매탄동,경상사고,0,0,2,1,차대차 - 측면충돌,신호위반,건조,맑음,교차로 - 교차로안,승합,남,30세,상해없음,승합,남,42세,기타불명
2019062500100352,2019년 6월 25일 14시,화요일,경기도 수원시 권선구 탑동,중상사고,0,1,0,0,차대차 - 측면충돌,불법유턴,건조,맑음,교차로 - 교차로부근,자전거,남,71세,중상,승용,남,80세,상해없음
2019062500100388,2019년 6월 25일 15시,화요일,경기도 수원시 장안구 정자동,경상사고,0,0,1,0,차대차 - 측면충돌,안전운전불이행,건조,맑음,교차로 - 교차로부근,기타불명,기타불명,미분류,기타불명,자전거,여,53세,경상
2019062500100389,2019년 6월 25일 15시,화요일,경기도 수원시 팔달구 인계동,경상사고,0,0,1,0,차대차 - 후진중충돌,안전운전불이행,건조,맑음,교차로 - 교차로부근,승용,남,53세,상해없음,이륜,남,71세,경상
2019062500100434,2019년 6월 25일 16시,화요일,경기도 수원시 영통구 매탄동,경상사고,0,0,1,0,차대차 - 기타,교차로운행방법위반,건조,맑음,교차로 - 교차로안,승용,여,31세,상해없음,승용,남,76세,경상
2019062500100609,2019년 6월 25일 19시,화요일,경기도 수원시 팔달구 우만동,부상신고사고,0,0,0,1,차대차 - 측면충돌,불법유턴,건조,맑음,교차로 - 교차로부근,이륜,남,37세,부상신고,승용,여,46세,상해없음
2019062600100066,2019년 6월 26일 06시,수요일,경기도 수원시 장안구 파장동,경상사고,0,0,1,0,차대차 - 기타,안전운전불이행,건조,맑음,교차로 - 교차로안,자전거,남,62세,경상,승용,남,53세,상해없음
2019062600100227,2019년 6월 26일 11시,수요일,경기도 수원시 권선구 세류동,중상사고,0,1,2,0,차대차 - 추돌,안전운전불이행,건조,맑음,교차로 - 교차로안,승합,남,51세,상해없음,화물,남,72세,경상
2019062600100267,2019년 6월 26일 12시,수요일,경기도 수원시 팔달구 북수동,경상사고,0,0,1,0,차대사람 - 기타,안전운전불이행,건조,맑음,교차로 - 교차로안,승용,남,65세,상해없음,보행자,남,57세,경상
2019062600100377,2019년 6월 26일 15시,수요일,경기도 수원시 팔달구 고등동,중상사고,0,1,0,0,차량단독 - 기타,안전운전불이행,건조,맑음,교차로 - 교차로부근,승합,남,45세,상해없음,,,,
2019062600100422,2019년 6월 26일 16시,수요일,경기도 수원시 권선구 오목천동,경상사고,0,0,1,0,차대차 - 측면충돌,안전운전불이행,건조,맑음,교차로 - 교차로부근,승용,남,58세,상해없음,승용,여,57세,경상
2019062600100521,2019년 6월 26일 18시,수요일,경기도 수원시 권선구 권선동,경상사고,0,0,1,0,차대차 - 측면충돌,안전거리미확보,건조,맑음,기타 - 기타,화물,남,26세,상해없음,승용,여,51세,경상
2019062600100525,2019년 6월 26일 18시,수요일,경기도 수원시 권선구 평리동,중상사고,0,1,0,0,차대사람 - 기타,기타,건조,맑음,단일로 - 기타,승합,남,74세,상해없음,보행자,남,90세 이상,중상
2019062600100616,2019년 6월 26일 20시,수요일,경기도 수원시 영통구 영통동,경상사고,0,0,1,0,차대차 - 기타,신호위반,건조,맑음,교차로 - 교차로안,승용,남,43세,상해없음,승용,남,34세,경상
2019062600100679,2019년 6월 26일 22시,수요일,경기도 수원시 장안구 영화동,부상신고사고,0,0,0,1,차대사람 - 기타,안전운전불이행,건조,맑음,단일로 - 기타,승용,남,59세,상해없음,보행자,남,49세,부상신고
2019062600100681,2019년 6월 26일 22시,수요일,경기도 수원시 권선구 권선동,경상사고,0,0,3,0,차대차 - 기타,교차로운행방법위반,젖음/습기,비,교차로 - 교차로부근,승용,남,59세,상해없음,승용,남,25세,경상
2019062700100091,2019년 6월 27일 07시,목요일,경기도 수원시 장안구 송죽동,경상사고,0,0,1,0,차대차 - 기타,안전운전불이행,건조,맑음,교차로 - 교차로부근,승용,남,70세,상해없음,자전거,여,77세,경상