사고번호,사고일시,요일,시군구,사고내용,사망자수,중상자수,경상자수,부상신고자수,사고유형,법규위반,노면상태,기상상태,도로형태,가해운전자 차종,가해운전자 성별,가해운전자 연령,가해운전자 상해정도,피해운전자 차종,피해운전자 성별,피해운전자 연령,피해운전자 상해정도
2019062700100093,2019년 6월 27일 07시,목요일,경기도 수원시 영통구 매탄동,경상사고,0,0,1,0,차대차 - 측면충돌,안전운전불이행,건조,맑음,교차로 - 교차로안,승용,여,55세,상해없음,승용,여,36세,경상
2019062700100133,2019년 6월 27일 08시,목요일,경기도 수원시 권선구 호매실동,경상사고,0,0,1,0,차대차 - 측면충돌,안전운전불이행,건조,맑음,단일로 - 기타,승용,남,35세,상해없음,승용,남,39세,경상
2019062700100177,2019년 6월 27일 09시,목요일,경기도 수원시 장안구 조원동,경상사고,0,0,1,0,차대사람 - 기타,불법유턴,건조,맑음,교차로 - 교차로안,승용,여,42세,상해없음,보행자,남,57세,경상
2019062700100183,2019년 6월 27일 09시,목요일,경기도 수원시 권선구 구운동,중상사고,0,1,0,0,차대차 - 측면충돌,신호위반,건조,흐림,교차로 - 교차로안,승용,남,37세,상해없음,승용,여,61세,중상
2019062700100336,2019년 6월 27일 14시,목요일,경기도 수원시 영통구 영통동,경상사고,0,0,1,0,차대차 - 측면충돌,중앙선침범,건조,맑음,단일로 - 기타,화물,남,40세,상해없음,승용,여,51세,경상
2019062700100376,2019년 6월 27일 15시,목요일,경기도 수원시 팔달구 화서동,경상사고,0,0,2,0,차대차 - 기타,중앙선침범,건조,맑음,단일로 - 기타,승용,남,22세,상해없음,승용,여,49세,경상
2019062700100377,2019년 6월 27일 15시,목요일,경기도 수원시 팔달구 북수동,경상사고,0,0,2,0,차대차 - 측면충돌,안전거리미확보,건조,맑음,단일로 - 기타,승용,여,45세,상해없음,승합,남,43세,상해없음
2019062700100466,2019년 6월 27일 17시,목요일,경기도 수원시 팔달구 인계동,중상사고,0,1,0,0,차대차 - 기타,안전운전불이행,건조,맑음,기타 - 기타,승용,남,49세,상해없음,승용,남,23세,중상
2019062700100468,2019년 6월 27일 17시,목요일,경기도 수원시 권선구 호매실동,경상사고,0,0,1,0,차대차 - 측면충돌,안전운전불이행,건조,맑음,교차로 - 교차로안,승용,남,61세,상해없음,승합,남,51세,상해없음
2019062700100469,2019년 6월 27일 17시,목요일,경기도 수원시 권선구 금곡동,경상사고,0,0,1,0,차대사람 - 기타,안전운전불이행,건조,맑음,단일로 - 기타,승용,여,25세,상해없음,보행자,여,26세,경상
2019062700100507,2019년 6월 27일 18시,목요일,경기도 수원시 팔달구 매산로1가,부상신고사고,0,0,0,1,차량단독 - 기타,안전운전불이행,건조,맑음,단일로 - 기타,승합,남,46세,상해없음,,,,
2019062700100508,2019년 6월 27일 18시,목요일,경기도 수원시 권선구 입북동,경상사고,0,0,1,0,차대사람 - 차도통행중,안전운전불이행,건조,맑음,교차로 - 교차로안,이륜,남,21세,상해없음,보행자,여,47세,경상
2019062700100509,2019년 6월 27일 18시,목요일,경기도 수원시 권선구 고색동,경상사고,0,0,1,0,차량단독 - 기타,안전운전불이행,건조,맑음,단일로 - 기타,승합,남,47세,상해없음,,,,
2019062700100548,2019년 6월 27일 19시,목요일,경기도 수원시 권선구 권선동,경상사고,0,0,1,0,차대차 - 측면충돌,안전운전불이행,건조,맑음,기타 - 기타,이륜,남,55세,상해없음,승용,여,58세,경상
2019062700100549,2019년 6월 27일 19시,목요일,경기도 수원시 팔달구 인계동,경상사고,0,0,1,0,차대차 - 기타,안전거리미확보,건조,맑음,기타 - 기타,승용,남,25세,상해없음,승용,여,44세,경상
2019062700100572,2019년 6월 27일 20시,목요일,경기도 수원시 영통구 이의동,경상사고,0,0,1,0,차대차 - 기타,교차로운행방법위반,건조,맑음,교차로 - 교차로안,승합,남,64세,상해없음,승용,남,30세,경상
2019062800100096,2019년 6월 28일 07시,금요일,경기도 수원시 팔달구 우만동,경상사고,0,0,1,0,차대차 - 추돌,안전운전불이행,건조,맑음,교차로 - 교차로부근,승용,여,44세,상해없음,승용,남,39세,경상
2019062800100128,2019년 6월 28일 08시,금요일,경기도 수원시 영통구 영통동,중상사고,0,1,0,0,차대차 - 추돌,안전거리미확보,건조,맑음,단일로 - 기타,승용,남,41세,상해없음,승용,여,58세,중상
2019062800100130,2019년 6월 28일 08시,금요일,경기도 수원시 영통구 영통동,경상사고,0,0,2,0,차대차 - 측면충돌,안전거리미확보,건조,맑음,단일로 - 기타,화물,남,41세,경상,승용,남,42세,경상
2019062800100275,2019년 6월 28일 12시,금요일,경기도 수원시 장안구 파장동,경상사고,0,0,1,0,차대사람 - 횡단중,기타,건조,맑음,단일로 - 기타,승용,남,26세,상해없음,보행자,여,52세,경상
2019062800100278,2019년 6월 28일 12시,금요일,경기도 수원시 권선구 세류동,경상사고,0,0,1,0,차대차 - 추돌,안전운전불이행,건조,맑음,단일로 - 고가도로위,승용,남,35세,상해없음,승용,남,29세,경상
2019062800100483,2019년 6월 28일 17시,금요일,경기도 수원시 팔달구 인계동,경상사고,0,0,1,0,차대사람 - 보도통행중,기타,건조,맑음,기타 - 기타,이륜,남,50세,상해없음,보행자,남,30세,경상
2019062800100484,2019년 6월 28일 17시,금요일,경기도 수원시 권선구 호매실동,경상사고,0,0,1,0,차량단독 - 기타,안전운전불이행,건조,맑음,단일로 - 기타,승합,남,49세,상해없음,,,,
2019062800100643,2019년 6월 28일 21시,금요일,경기도 수원시 장안구 정자동,경상사고,0,0,1,0,차대차 - 기타,교차로운행방법위반,건조,맑음,교차로 - 교차로안,화물,남,50세,상해없음,이륜,여,53세,경상
2019062800100686,2019년 6월 28일 22시,금요일,경기도 수원시 권선구 구운동,경상사고,0,0,1,0,차대차 - 후진중충돌,안전운전불이행,건조,흐림,단일로 - 기타,승용,남,48세,상해없음,승용,남,61세,경상
2019062900100033,2019년 6월 29일 00시,토요일,경기도 수원시 영통구 영통동,중상사고,0,1,2,0,차대차 - 추돌,과속,건조,맑음,기타 - 기타,승용,남,33세,중상,승용,남,56세,상해없음
2019062900100056,2019년 6월 29일 01시,토요일,경기도 수원시 팔달구 인계동,경상사고,0,0,1,0,차대사람 - 기타,안전운전불이행,젖음/습기,비,단일로 - 기타,승용,남,39세,기타불명,보행자,여,31세,경상
2019062900100057,2019년 6월 29일 01시,토요일,경기도 수원시 팔달구 인계동,경상사고,0,0,1,0,차대차 - 기타,안전운전불이행,젖음/습기,비,단일로 - 기타,승용,남,32세,상해없음,승용,남,62세,상해없음
2019062900100076,2019년 6월 29일 02시,토요일,경기도 수원시 영통구 매탄동,경상사고,0,0,1,0,차대차 - 추돌,안전운전불이행,건조,맑음,교차로 - 교차로부근,승합,남,49세,상해없음,승용,남,36세,경상
2019062900100099,2019년 6월 29일 04시,토요일,경기도 수원시 팔달구 우만동,부상신고사고,0,0,0,1,차대차 - 추돌,안전거리미확보,젖음/습기,비,교차로 - 교차로부근,승용,여,27세,상해없음,화물,남,56세,부상신고
2019062900100100,2019년 6월 29일 04시,토요일,경기도 수원시 권선구 곡반정동,경상사고,0,0,1,0,차대차 - 추돌,안전운전불이행,젖음/습기,비,단일로 - 기타,승용,남,35세,상해없음,승용,남,30세,경상
2019062900100113,2019년 6월 29일 05시,토요일,경기도 수원시 장안구 파장동,경상사고,0,0,1,0,차대차 - 추돌,안전운전불이행,젖음/습기,비,교차로 - 교차로부근,승용,남,41세,상해없음,승용,여,38세,경상
2019062900100126,2019년 6월 29일 06시,토요일,경기도 수원시 권선구 권선동,경상사고,0,0,1,0,차대차 - 추돌,안전운전불이행,젖음/습기,흐림,교차로 - 교차로부근,승용,남,25세,상해없음,승용,남,52세,경상
2019062900100220,2019년 6월 29일 11시,토요일,경기도 수원시 영통구 매탄동,중상사고,0,1,0,0,차량단독 - 기타,기타,건조,맑음,단일로 - 기타,승합,남,59세,상해없음,,,,
2019062900100221,2019년 6월 29일 11시,토요일,경기도 수원시 팔달구 인계동,경상사고,0,0,2,0,차대차 - 추돌,안전운전불이행,건조,맑음,교차로 - 교차로안,승용,남,25세,상해없음,승용,남,29세,경상
2019062900100295,2019년 6월 29일 13시,토요일,경기도 수원시 장안구 정자동,경상사고,0,0,2,0,차대차 - 기타,불법유턴,건조,맑음,기타 - 기타,승용,여,25세,상해없음,승용,여,33세,경상
2019062900100300,2019년 6월 29일 13시,토요일,경기도 수원시 팔달구 매교동,경상사고,0,0,1,0,차대차 - 측면충돌,안전거리미확보,건조,맑음,단일로 - 기타,승용,남,76세,상해없음,승용,여,54세,경상
2019062900100462,2019년 6월 29일 17시,토요일,경기도 수원시 영통구 신동,경상사고,0,0,1,0,차대차 - 측면충돌,안전운전불이행,건조,맑음,교차로 - 교차로안,이륜,남,18세,경상,승용,남,26세,상해없음
2019062900100463,2019년 6월 29일 17시,토요일,경기도 수원시 팔달구 인계동,경상사고,0,0,2,0,차대차 - 측면충돌,안전거리미확보,건조,맑음,단일로 - 기타,승용,남,68세,상해없음,승용,남,27세,경상
2019062900100532,2019년 6월 29일 19시,토요일,경기도 수원시 팔달구 팔달로3가,경상사고,0,0,2,0,차대차 - 측면충돌,안전거리미확보,건조,맑음,단일로 - 기타,승용,여,54세,경상,승용,남,38세,경상
2019062900100641,2019년 6월 29일 23시,토요일,경기도 수원시 권선구 권선동,중상사고,0,1,1,0,차대차 - 정면충돌,중앙선침범,건조,맑음,교차로 - 교차로부근,승용,여,37세,상해없음,승용,남,31세,경상
2019063000100073,2019년 6월 30일 04시,일요일,경기도 수원시 장안구 정자동,경상사고,0,0,1,0,차대차 - 기타,교차로운행방법위반,건조,맑음,교차로 - 교차로안,화물,남,34세,상해없음,승용,남,51세,경상
2019063000100088,2019년 6월 30일 06시,일요일,경기도 수원시 팔달구 인계동,경상사고,0,0,1,0,차대차 - 기타,신호위반,건조,맑음,교차로 - 교차로안,이륜,남,32세,기타불명,승용,남,25세,상해없음
2019063000100157,2019년 6월 30일 11시,일요일,경기도 수원시 영통구 이의동,경상사고,0,0,1,0,차대차 - 측면충돌,안전거리미확보,건조,흐림,기타 - 기타,승용,여,46세,상해없음,이륜,남,20세,경상
2019063000100180,2019년 6월 30일 12시,일요일,경기도 수원시 장안구 연무동,중상사고,0,2,0,0,차대차 - 측면충돌,안전운전불이행,건조,맑음,단일로 - 기타,승합,남,49세,상해없음,승용,여,47세,중상
2019063000100241,2019년 6월 30일 14시,일요일,경기도 수원시 팔달구 신풍동,중상사고,0,1,0,0,차대차 - 정면충돌,안전운전불이행,건조,맑음,단일로 - 기타,승용,남,22세,상해없음,승용,남,57세,중상
2019063000100265,2019년 6월 30일 15시,일요일,경기도 수원시 장안구 파장동,경상사고,0,0,5,0,차대차 - 추돌,안전운전불이행,건조,맑음,교차로 - 교차로부근,승용,여,72세,경상,승용,여,31세,경상
2019063000100268,2019년 6월 30일 15시,일요일,경기도 수원시 권선구 금곡동,경상사고,0,0,2,0,차대차 - 측면충돌,직진우회전진행방해,건조,맑음,교차로 - 교차로안,승용,여,40세,상해없음,승용,남,44세,경상
2019063000100323,2019년 6월 30일 17시,일요일,경기도 수원시 장안구 정자동,경상사고,0,0,1,0,차대차 - 측면충돌,교차로운행방법위반,건조,맑음,교차로 - 교차로안,이륜,남,68세,경상,승용,남,62세,상해없음
2019063000100327,2019년 6월 30일 17시,일요일,경기도 수원시 권선구 금곡동,경상사고,0,0,1,0,차대차 - 측면충돌,안전운전불이행,건조,맑음,단일로 - 기타,원동기,남,23세,경상,승용,남,18세,상해없음
2019063000100354,2019년 6월 30일 18시,일요일,경기도 수원시 권선구 세류동,경상사고,0,0,1,0,차대차 - 추돌,안전거리미확보,건조,맑음,단일로 - 기타,승용,남,24세,상해없음,승용,남,44세,경상
2019063000100411,2019년 6월 30일 21시,일요일,경기도 수원시 장안구 송죽동,중상사고,0,1,0,0,차대차 - 추돌,안전운전불이행,건조,맑음,단일로 - 기타,승용,남,26세,상해없음,이륜,남,18세,중상
2019070100100046,2019년 7월 1일 02시,월요일,경기도 수원시 장안구 율전동,경상사고,0,0,1,0,차대차 - 기타,교차로운행방법위반,건조,맑음,단일로 - 기타,기타불명,기타불명,미분류,기타불명,자전거,남,46세,경상
2019070100100048,2019년 7월 1일 02시,월요일,경기도 수원시 팔달구 인계동,경상사고,0,0,4,0,차대차 - 기타,교차로운행방법위반,건조,맑음,교차로 - 교차로부근,화물,남,53세,상해없음,승용,남,19세,경상
2019070100100128,2019년 7월 1일 08시,월요일,경기도 수원시 권선구 고색동,경상사고,0,0,1,0,차대차 - 추돌,안전운전불이행,건조,맑음,교차로 - 교차로부근,승용,여,28세,상해없음,승용,남,37세,경상
2019070100100255,2019년 7월 1일 11시,월요일,경기도 수원시 권선구 권선동,경상사고,0,0,1,0,차대사람 - 기타,안전운전불이행,건조,맑음,단일로 - 기타,승용,남,24세,상해없음,보행자,여,58세,경상
2019070100100344,2019년 7월 1일 14시,월요일,경기도 수원시 팔달구 인계동,경상사고,0,0,1,0,차대차 - 측면충돌,안전운전불이행,건조,맑음,기타 - 기타,승용,남,66세,상해없음,승용,남,29세,경상
2019070100100468,2019년 7월 1일 17시,월요일,경기도 수원시 장안구 영화동,경상사고,0,0,3,0,차대차 - 기타,안전거리미확보,건조,맑음,단일로 - 기타,승용,여,48세,상해없음,승용,여,48세,경상
2019070100100475,2019년 7월 1일 17시,월요일,경기도 수원시 영통구 이의동,경상사고,0,0,1,0,차대차 - 기타,안전운전불이행,건조,맑음,기타 - 기타,승용,여,56세,상해없음,승용,남,24세,경상
2019070100100476,2019년 7월 1일 17시,월요일,경기도 수원시 팔달구 매산로3가,경상사고,0,0,1,0,차대차 - 추돌,안전거리미확보,건조,맑음,교차로 - 교차로부근,승합,남,50세,상해없음,승합,남,36세,상해없음
2019070100100522,2019년 7월 1일 18시,월요일,경기도 수원시 영통구 하동,경상사고,0,0,1,0,차량단독 - 기타,안전운전불이행,건조,맑음,단일로 - 기타,승합,남,57세,상해없음,,,,
2019070100100636,2019년 7월 1일 21시,월요일,경기도 수원시 팔달구 지동,중상사고,0,1,0,0,차대사람 - 기타,안전운전불이행,건조,맑음,단일로 - 기타,승용,여,51세,상해없음,보행자,여,64세,중상
2019070100100637,2019년 7월 1일 21시,월요일,경기도 수원시 팔달구 인계동,경상사고,0,0,3,0,차대차 - 측면충돌,안전운전불이행,건조,맑음,단일로 - 기타,승용,남,29세,상해없음,승용,남,29세,경상
2019070100100639,2019년 7월 1일 21시,월요일,경기도 수원시 팔달구 매산로1가,경상사고,0,0,3,0,차대차 - 측면충돌,안전거리미확보,건조,맑음,교차로 - 교차로부근,승용,여,23세,상해없음,승용,여,43세,경상
2019070100100669,2019년 7월 1일 23시,월요일,경기도 수원시 권선구 오목천동,중상사고,0,1,0,0,차대차 - 측면충돌,신호위반,건조,맑음,교차로 - 교차로안,승용,여,48세,상해없음,승용,남,37세,중상
2019070200100072,2019년 7월 2일 05시,화요일,경기도 수원시 권선구 호매실동,부상신고사고,0,0,0,1,차대사람 - 기타,안전운전불이행,건조,맑음,단일로 - 기타,승합,남,61세,상해없음,보행자,여,51세,부상신고
2019070200100084,2019년 7월 2일 06시,화요일,경기도 수원시 권선구 고색동,경상사고,0,0,1,0,차대차 - 기타,안전거리미확보,건조,맑음,단일로 - 기타,승용,남,62세,상해없음,승용,남,31세,경상
2019070200100094,2019년 7월 2일 07시,화요일,경기도 수원시 장안구 조원동,중상사고,0,1,0,0,차대사람 - 횡단중,신호위반,건조,맑음,교차로 - 교차로안,승용,남,45세,상해없음,보행자,여,50세,중상
2019070200100099,2019년 7월 2일 07시,화요일,경기도 수원시 권선구 고색동,경상사고,0,0,1,0,차대사람 - 횡단중,안전운전불이행,건조,맑음,교차로 - 교차로안,승용,남,40세,상해없음,보행자,여,17세,경상
2019070200100135,2019년 7월 2일 08시,화요일,경기도 수원시 권선구 권선동,경상사고,0,0,1,0,차대차 - 측면충돌,신호위반,건조,맑음,교차로 - 교차로횡단보도내,이륜,남,60세,상해없음,이륜,남,25세,경상
2019070200100180,2019년 7월 2일 09시,화요일,경기도 수원시 권선구 곡반정동,중상사고,0,1,1,0,차대차 - 측면충돌,안전운전불이행,건조,맑음,교차로 - 교차로안,승용,남,36세,상해없음,이륜,남,71세,중상
2019070200100211,2019년 7월 2일 10시,화요일,경기도 수원시 장안구 율전동,경상사고,0,0,1,0,차대차 - 측면충돌,안전거리미확보,건조,맑음,교차로 - 교차로안,건설기계,남,42세,상해없음,승용,여,34세,경상
2019070200100215,2019년 7월 2일 10시,화요일,경기도 수원시 영통구 매탄동,경상사고,0,0,1,0,차대차 - 측면충돌,신호위반,건조,맑음,교차로 - 교차로안,승용,남,21세,상해없음,승용,여,44세,경상
2019070200100236,2019년 7월 2일 11시,화요일,경기도 수원시 권선구 금곡동,경상사고,0,0,2,0,차대차 - 후진중충돌,안전운전불이행,건조,맑음,단일로 - 기타,승용,남,67세,상해없음,승용,남,30세,경상
2019070200100330,2019년 7월 2일 14시,화요일,경기도 수원시 팔달구 인계동,중상사고,0,1,1,0,차대차 - 기타,안전거리미확보,건조,맑음,교차로 - 교차로부근,이륜,여,49세,경상,승용,남,32세,상해없음
2019070200100331,2019년 7월 2일 14시,화요일,경기도 수원시 영통구 이의동,경상사고,0,0,2,0,차대차 - 기타,안전거리미확보,건조,맑음,기타 - 기타,승용,남,29세,상해없음,승용,여,26세,경상
2019070200100558,2019년 7월 2일 20시,화요일,경기도 수원시 권선구 고색동,경상사고,0,0,1,0,차대차 - 기타,안전운전불이행,건조,맑음,단일로 - 기타,승용,남,23세,상해없음,승용,남,34세,경상
2019070300100110,2019년 7월 3일 08시,수요일,경기도 수원시 장안구 천천동,경상사고,0,0,1,1,차대차 - 추돌,안전운전불이행,건조,흐림,교차로 - 교차로안,승용,여,28세,상해없음,승용,여,51세,경상
2019070300100182,2019년 7월 3일 10시,수요일,경기도 수원시 장안구 율전동,경상사고,0,0,3,0,차대차 - 측면충돌,직진우회전진행방해,건조,맑음,교차로 - 교차로안,승용,남,26세,경상,승용,여,42세,경상
2019070300100187,2019년 7월 3일 10시,수요일,경기도 수원시 영통구 매탄동,경상사고,0,0,2,0,차대차 - 추돌,안전운전불이행,건조,맑음,교차로 - 교차로안,승용,남,63세,상해없음,승용,남,52세,경상
2019070300100275,2019년 7월 3일 13시,수요일,경기도 수원시 영통구 신동,경상사고,0,0,2,0,차대차 - 측면충돌,안전운전불이행,건조,맑음,단일로 - 기타,화물,남,40세,상해없음,승용,여,49세,경상
2019070300100432,2019년 7월 3일 17시,수요일,경기도 수원시 팔달구 매산로3가,중상사고,0,1,1,0,차대차 - 기타,안전거리미확보,건조,맑음,교차로 - 교차로부근,승용,남,28세,경상,승용,남,23세,중상
2019070300100480,2019년 7월 3일 18시,수요일,경기도 수원시 팔달구 팔달로3가,중상사고,0,1,2,0,차대차 - 기타,안전거리미확보,건조,맑음,교차로 - 교차로안,화물,남,56세,상해없음,승용,남,65세,경상
2019070300100511,2019년 7월 3일 19시,수요일,경기도 수원시 장안구 정자동,경상사고,0,0,2,0,차대사람 - 횡단중,신호위반,건조,맑음,교차로 - 교차로안,이륜,남,37세,상해없음,보행자,남,71세,경상
2019070300100597,2019년 7월 3일 22시,수요일,경기도 수원시 권선구 오목천동,중상사고,0,1,1,0,차대차 - 측면충돌,안전운전불이행,건조,맑음,교차로 - 교차로횡단보도내,승용,남,20세,상해없음,화물,여,24세,경상
2019070400100124,2019년 7월 4일 08시,목요일,경기도 수원시 권선구 권선동,중상사고,0,1,2,0,차대차 - 측면충돌,신호위반,건조,맑음,교차로 - 교차로안,승용,여,56세,경상,승용,여,61세,경상
2019070400100318,2019년 7월 4일 13시,목요일,경기도 수원시 영통구 원천동,경상사고,0,0,1,0,차대차 - 측면충돌,중앙선침범,건조,맑음,기타 - 기타,승용,남,45세,상해없음,이륜,남,46세,경상
2019070400100321,2019년 7월 4일 13시,목요일,경기도 수원시 권선구 세류동,경상사고,0,0,1,0,차대사람 - 기타,안전운전불이행,건조,맑음,단일로 - 기타,승용,여,67세,상해없음,보행자,여,54세,경상
2019070400100389,2019년 7월 4일 15시,목요일,경기도 수원시 권선구 금곡동,경상사고,0,0,2,0,차대차 - 측면충돌,안전운전불이행,건조,맑음,교차로 - 교차로부근,승용,남,56세,상해없음,승용,남,26세,경상
2019070400100465,2019년 7월 4일 17시,목요일,경기도 수원시 장안구 조원동,경상사고,0,0,1,0,차대차 - 기타,직진우회전진행방해,건조,맑음,교차로 - 교차로안,승용,남,61세,상해없음,승용,여,58세,경상
2019070400100475,2019년 7월 4일 17시,목요일,경기도 수원시 권선구 당수동,경상사고,0,0,3,0,차대차 - 기타,안전운전불이행,건조,맑음,단일로 - 기타,승합,남,64세,경상,승합,남,60세,경상
2019070400100515,2019년 7월 4일 18시,목요일,경기도 수원시 권선구 권선동,중상사고,0,1,1,0,차대차 - 측면충돌,신호위반,건조,맑음,교차로 - 교차로안,승용,남,66세,경상,이륜,남,45세,중상
2019070400100519,2019년 7월 4일 18시,목요일,경기도 수원시 팔달구 매산로2가,경상사고,0,0,1,0,차대차 - 기타,신호위반,건조,맑음,단일로 - 기타,승용,남,36세,상해없음,화물,남,35세,경상
2019070400100580,2019년 7월 4일 20시,목요일,경기도 수원시 장안구 연무동,경상사고,0,0,2,1,차대차 - 측면충돌,신호위반,건조,맑음,교차로 - 교차로안,승용,남,24세,상해없음,승용,남,46세,경상
2019070500100063,2019년 7월 5일 04시,금요일,경기도 수원시 권선구 권선동,경상사고,0,0,2,0,차대차 - 측면충돌,직진우회전진행방해,건조,맑음,교차로 - 교차로안,화물,남,41세,상해없음,화물,남,46세,경상
2019070500100128,2019년 7월 5일 08시,금요일,경기도 수원시 장안구 영화동,중상사고,0,1,1,0,차대차 - 기타,안전운전불이행,건조,맑음,단일로 - 기타,자전거,남,50세,경상,자전거,남,80세,중상
2019070500100211,2019년 7월 5일 10시,금요일,경기도 수원시 장안구 율전동,경상사고,0,0,1,0,차대차 - 기타,안전운전불이행,건조,맑음,단일로 - 기타,승용,남,56세,상해없음,이륜,남,48세,경상
2019070500100274,2019년 7월 5일 12시,금요일,경기도 수원시 장안구 천천동,경상사고,0,0,1,0,차대차 - 측면충돌,안전거리미확보,건조,맑음,교차로 - 교차로부근,이륜,남,36세,경상,승용,여,50세,상해없음
2019070500100347,2019년 7월 5일 14시,금요일,경기도 수원시 팔달구 팔달로2가,경상사고,0,0,1,0,차대사람 - 기타,보행자보호의무위반,건조,맑음,교차로 - 교차로횡단보도내,화물,남,58세,상해없음,보행자,여,46세,경상
2019070500100348,2019년 7월 5일 14시,금요일,경기도 수원시 권선구 세류동,경상사고,0,0,1,0,차대차 - 추돌,안전운전불이행,건조,맑음,교차로 - 교차로부근,승용,남,27세,상해없음,승용,남,39세,경상
2019070500100421,2019년 7월 5일 16시,금요일,경기도 수원시 장안구 천천동,경상사고,0,0,1,0,차대차 - 기타,안전거리미확보,건조,맑음,단일로 - 기타,승용,여,51세,상해없음,승합,남,47세,상해없음
2019070500100426,2019년 7월 5일 16시,금요일,경기도 수원시 팔달구 매산로3가,경상사고,0,0,1,0,차대차 - 측면충돌,안전운전불이행,건조,맑음,단일로 - 기타,이륜,남,27세,경상,승용,여,29세,상해없음
2019070500100476,2019년 7월 5일 17시,금요일,경기도 수원시 영통구 원천동,경상사고,0,0,1,0,차대차 - 측면충돌,안전운전불이행,건조,맑음,단일로 - 기타,원동기,남,38세,경상,승용,남,51세,상해없음
2019070500100583,2019년 7월 5일 19시,금요일,경기도 수원시 영통구 매탄동,경상사고,0,0,1,0,차대사람 - 횡단중,보행자보호의무위반,건조,맑음,교차로 - 교차로횡단보도내,승용,남,29세,상해없음,보행자,남,58세,경상
2019070500100638,2019년 7월 5일 21시,금요일,경기도 수원시 팔달구 우만동,경상사고,0,0,3,1,차대차 - 추돌,안전거리미확보,건조,맑음,단일로 - 기타,승합,남,70세,상해없음,승용,남,45세,부상신고
2019070600100056,2019년 7월 6일 01시,토요일,경기도 수원시 권선구 권선동,경상사고,0,0,2,0,차대사람 - 차도통행중,안전운전불이행,건조,맑음,단일로 - 기타,승용,남,59세,상해없음,보행자,남,40세,경상
2019070600100144,2019년 7월 6일 07시,토요일,경기도 수원시 권선구 오목천동,경상사고,0,0,1,0,차대차 - 기타,안전운전불이행,건조,맑음,교차로 - 교차로부근,승용,남,65세,상해없음,자전거,남,71세,경상
2019070600100307,2019년 7월 6일 12시,토요일,경기도 수원시 영통구 매탄동,경상사고,0,0,1,0,차대차 - 기타,중앙선침범,건조,맑음,단일로 - 기타,승용,남,64세,상해없음,이륜,남,20세,경상
2019070600100308,2019년 7월 6일 12시,토요일,경기도 수원시 권선구 탑동,경상사고,0,0,1,0,차대차 - 측면충돌,안전운전불이행,건조,맑음,교차로 - 교차로부근,승용,남,26세,상해없음,승용,여,54세,경상
2019070600100429,2019년 7월 6일 15시,토요일,경기도 수원시 권선구 고색동,경상사고,0,0,1,0,차대차 - 추돌,안전운전불이행,건조,맑음,교차로 - 교차로안,승합,여,59세,상해없음,이륜,남,26세,경상
2019070600100434,2019년 7월 6일 15시,토요일,경기도 수원시 영통구 신동,경상사고,0,0,1,0,차대차 - 측면충돌,신호위반,건조,맑음,교차로 - 교차로안,승용,여,36세,상해없음,승용,남,35세,경상
2019070600100436,2019년 7월 6일 15시,토요일,경기도 수원시 팔달구 매산로1가,경상사고,0,0,1,0,차대사람 - 기타,안전운전불이행,건조,맑음,단일로 - 기타,승용,남,27세,상해없음,보행자,남,26세,경상
2019070600100437,2019년 7월 6일 15시,토요일,경기도 수원시 팔달구 매산로1가,경상사고,0,0,3,0,차대차 - 측면충돌,안전운전불이행,건조,맑음,단일로 - 기타,승용,남,27세,경상,승용,여,45세,경상
2019070600100478,2019년 7월 6일 16시,토요일,경기도 수원시 권선구 권선동,경상사고,0,0,1,0,차대사람 - 횡단중,안전운전불이행,건조,맑음,단일로 - 기타,이륜,남,28세,상해없음,보행자,남,69세,경상
2019070600100479,2019년 7월 6일 16시,토요일,경기도 수원시 영통구 이의동,경상사고,0,0,1,0,차대차 - 기타,교차로운행방법위반,건조,맑음,교차로 - 교차로안,승용,남,50세,상해없음,이륜,남,52세,경상
2019070600100480,2019년 7월 6일 16시,토요일,경기도 수원시 영통구 영통동,경상사고,0,0,1,0,차대차 - 기타,안전운전불이행,건조,맑음,교차로 - 교차로부근,승용,남,85세,상해없음,승용,남,27세,경상
2019070600100481,2019년 7월 6일 16시,토요일,경기도 수원시 권선구 고색동,경상사고,0,0,1,0,차대차 - 측면충돌,안전거리미확보,건조,맑음,단일로 - 기타,승용,여,37세,상해없음,승용,남,28세,경상
2019070600100519,2019년 7월 6일 17시,토요일,경기도 수원시 권선구 세류동,중상사고,0,1,2,0,차대차 - 측면충돌,안전거리미확보,건조,맑음,단일로 - 기타,승용,남,56세,상해없음,승용,남,25세,경상
2019070700100050,2019년 7월 7일 02시,일요일,경기도 수원시 권선구 금곡동,경상사고,0,0,2,0,차대차 - 추돌,안전운전불이행,건조,맑음,단일로 - 기타,승용,남,27세,경상,건설기계,남,42세,경상
2019070700100095,2019년 7월 7일 07시,일요일,경기도 수원시 권선구 호매실동,중상사고,0,1,0,0,차대차 - 측면충돌,안전운전불이행,건조,맑음,단일로 - 기타,승용,남,59세,상해없음,자전거,남,53세,중상
2019070700100224,2019년 7월 7일 13시,일요일,경기도 수원시 권선구 서둔동,경상사고,0,0,1,0,차대사람 - 차도통행중,중앙선침범,건조,맑음,단일로 - 기타,자전거,남,55세,상해없음,보행자,여,55세,경상
2019070700100260,2019년 7월 7일 14시,일요일,경기도 수원시 권선구 세류동,중상사고,0,1,0,0,차량단독 - 기타,안전운전불이행,건조,맑음,단일로 - 기타,승합,남,37세,상해없음,,,,