사고번호,사고일시,요일,시군구,사고내용,사망자수,중상자수,경상자수,부상신고자수,사고유형,법규위반,노면상태,기상상태,도로형태,가해운전자 차종,가해운전자 성별,가해운전자 연령,가해운전자 상해정도,피해운전자 차종,피해운전자 성별,피해운전자 연령,피해운전자 상해정도
2019071600100522,2019년 7월 16일 19시,화요일,경기도 수원시 권선구 권선동,중상사고,0,1,1,0,차대차 - 측면충돌,안전거리미확보,건조,맑음,단일로 - 기타,이륜,남,36세,중상,이륜,남,21세,경상
2019071600100523,2019년 7월 16일 19시,화요일,경기도 수원시 영통구 이의동,경상사고,0,0,1,0,차대차 - 추돌,안전운전불이행,건조,맑음,단일로 - 기타,승용,남,37세,상해없음,승용,남,35세,경상
2019071600100582,2019년 7월 16일 21시,화요일,경기도 수원시 권선구 입북동,중상사고,0,1,0,0,차대사람 - 횡단중,안전운전불이행,건조,맑음,교차로 - 교차로안,승용,여,51세,상해없음,보행자,남,52세,중상
2019071600100583,2019년 7월 16일 21시,화요일,경기도 수원시 권선구 호매실동,경상사고,0,0,1,0,차대차 - 기타,신호위반,건조,맑음,교차로 - 교차로안,승용,남,47세,상해없음,자전거,여,22세,경상
2019071600100617,2019년 7월 16일 23시,화요일,경기도 수원시 영통구 이의동,중상사고,0,1,0,0,차대차 - 측면충돌,신호위반,건조,맑음,교차로 - 교차로안,승용,남,23세,상해없음,이륜,남,52세,중상
2019071600100618,2019년 7월 16일 23시,화요일,경기도 수원시 권선구 호매실동,중상사고,0,1,0,0,차대사람 - 기타,기타,건조,맑음,교차로 - 교차로안,승용,남,41세,상해없음,보행자,여,66세,중상
2019071700100157,2019년 7월 17일 09시,수요일,경기도 수원시 장안구 정자동,경상사고,0,0,1,0,차대사람 - 기타,안전운전불이행,건조,맑음,교차로 - 교차로안,승합,남,54세,상해없음,보행자,여,43세,경상
2019071700100192,2019년 7월 17일 10시,수요일,경기도 수원시 권선구 권선동,중상사고,0,1,0,0,차대차 - 기타,신호위반,건조,맑음,교차로 - 교차로안,승용,남,41세,상해없음,승용,남,56세,중상
2019071700100437,2019년 7월 17일 17시,수요일,경기도 수원시 권선구 권선동,경상사고,0,0,1,0,차대차 - 측면충돌,교차로운행방법위반,젖음/습기,비,교차로 - 교차로안,승용,남,32세,상해없음,이륜,남,68세,경상
2019071700100481,2019년 7월 17일 18시,수요일,경기도 수원시 장안구 송죽동,경상사고,0,0,1,1,차대차 - 기타,차로위반,건조,맑음,단일로 - 기타,승용,남,46세,상해없음,특수,남,26세,경상
2019071700100526,2019년 7월 17일 19시,수요일,경기도 수원시 장안구 정자동,경상사고,0,0,1,0,차대차 - 기타,안전거리미확보,건조,맑음,단일로 - 기타,승용,남,60세,상해없음,원동기,남,33세,경상
2019071700100533,2019년 7월 17일 19시,수요일,경기도 수원시 팔달구 인계동,경상사고,0,0,1,0,차대차 - 측면충돌,안전운전불이행,건조,흐림,단일로 - 기타,승용,남,22세,상해없음,이륜,남,32세,경상
2019071700100583,2019년 7월 17일 21시,수요일,경기도 수원시 팔달구 우만동,경상사고,0,0,1,0,차대차 - 추돌,안전운전불이행,건조,맑음,단일로 - 기타,승용,남,23세,상해없음,승용,여,54세,경상
2019071700100586,2019년 7월 17일 21시,수요일,경기도 수원시 권선구 세류동,중상사고,0,1,0,0,차대사람 - 차도통행중,안전운전불이행,건조,맑음,교차로 - 교차로횡단보도내,승용,남,56세,상해없음,보행자,남,47세,중상
2019071800100085,2019년 7월 18일 07시,목요일,경기도 수원시 팔달구 교동,경상사고,0,0,1,0,차대차 - 측면충돌,차로위반,건조,맑음,교차로 - 교차로안,승용,여,56세,상해없음,승용,남,30세,경상
2019071800100104,2019년 7월 18일 08시,목요일,경기도 수원시 영통구 원천동,경상사고,0,0,1,0,차대차 - 기타,안전거리미확보,건조,맑음,단일로 - 기타,승용,여,61세,상해없음,승용,남,49세,경상
2019071800100142,2019년 7월 18일 09시,목요일,경기도 수원시 팔달구 화서동,경상사고,0,0,2,0,차대차 - 측면충돌,안전거리미확보,건조,맑음,단일로 - 기타,승용,여,46세,상해없음,승용,남,66세,경상
2019071800100179,2019년 7월 18일 10시,목요일,경기도 수원시 권선구 세류동,경상사고,0,0,1,0,차대차 - 기타,안전운전불이행,건조,맑음,교차로 - 교차로안,승용,남,45세,기타불명,승용,남,31세,경상
2019071800100211,2019년 7월 18일 11시,목요일,경기도 수원시 권선구 권선동,경상사고,0,0,1,0,차대차 - 측면충돌,안전운전불이행,건조,맑음,교차로 - 교차로안,승용,남,68세,상해없음,특수,남,61세,경상
2019071800100232,2019년 7월 18일 12시,목요일,경기도 수원시 장안구 영화동,경상사고,0,0,1,0,차대차 - 추돌,안전운전불이행,건조,맑음,단일로 - 기타,승용,남,29세,상해없음,승용,여,65세,경상
2019071800100239,2019년 7월 18일 12시,목요일,경기도 수원시 권선구 금곡동,경상사고,0,0,1,0,차대차 - 측면충돌,안전운전불이행,건조,맑음,교차로 - 교차로횡단보도내,승용,남,39세,상해없음,자전거,여,22세,경상
2019071800100299,2019년 7월 18일 14시,목요일,경기도 수원시 장안구 영화동,경상사고,0,0,1,1,차대차 - 기타,안전거리미확보,건조,맑음,교차로 - 교차로안,승용,남,62세,부상신고,승용,남,27세,경상
2019071800100491,2019년 7월 18일 19시,목요일,경기도 수원시 영통구 망포동,경상사고,0,0,3,0,차대차 - 측면충돌,신호위반,건조,맑음,단일로 - 기타,승용,여,45세,상해없음,승용,여,33세,경상
2019071800100557,2019년 7월 18일 21시,목요일,경기도 수원시 장안구 연무동,경상사고,0,0,2,0,차대차 - 추돌,안전운전불이행,건조,맑음,교차로 - 교차로부근,승합,남,74세,상해없음,승용,남,42세,경상
2019071800100565,2019년 7월 18일 21시,목요일,경기도 수원시 팔달구 고등동,경상사고,0,0,1,0,차대차 - 기타,중앙선침범,건조,맑음,교차로 - 교차로부근,승용,남,66세,상해없음,이륜,남,42세,경상
2019071800100586,2019년 7월 18일 22시,목요일,경기도 수원시 장안구 송죽동,중상사고,0,1,0,0,차대사람 - 차도통행중,중앙선침범,건조,맑음,교차로 - 교차로횡단보도내,승합,남,59세,기타불명,보행자,여,25세,중상
2019071800100592,2019년 7월 18일 22시,목요일,경기도 수원시 팔달구 인계동,경상사고,0,0,1,0,차대차 - 추돌,안전운전불이행,건조,맑음,단일로 - 기타,승용,남,37세,상해없음,승용,남,44세,경상
2019071900100077,2019년 7월 19일 04시,금요일,경기도 수원시 영통구 매탄동,경상사고,0,0,1,0,차대사람 - 보도통행중,보행자보호의무위반,건조,맑음,교차로 - 교차로안,승용,남,28세,상해없음,보행자,남,25세,경상
2019071900100112,2019년 7월 19일 07시,금요일,경기도 수원시 권선구 탑동,경상사고,0,0,3,0,차대차 - 측면충돌,기타,건조,맑음,교차로 - 교차로안,이륜,남,22세,경상,승용,여,44세,경상
2019071900100139,2019년 7월 19일 08시,금요일,경기도 수원시 팔달구 우만동,경상사고,0,0,1,0,차대차 - 측면충돌,기타,건조,맑음,교차로 - 교차로횡단보도내,승용,남,77세,상해없음,자전거,남,26세,경상
2019071900100183,2019년 7월 19일 09시,금요일,경기도 수원시 팔달구 지동,부상신고사고,0,0,0,2,차대차 - 측면충돌,안전거리미확보,건조,맑음,교차로 - 교차로안,승용,여,42세,상해없음,이륜,남,69세,부상신고
2019071900100184,2019년 7월 19일 09시,금요일,경기도 수원시 장안구 정자동,경상사고,0,0,1,0,차대차 - 추돌,신호위반,건조,맑음,교차로 - 교차로안,승용,남,76세,상해없음,자전거,여,24세,경상
2019071900100302,2019년 7월 19일 12시,금요일,경기도 수원시 장안구 조원동,경상사고,0,0,1,0,차대차 - 측면충돌,안전운전불이행,건조,맑음,교차로 - 교차로부근,화물,여,53세,기타불명,화물,남,30세,경상
2019071900100349,2019년 7월 19일 13시,금요일,경기도 수원시 팔달구 남수동,경상사고,0,0,1,0,차대사람 - 횡단중,안전운전불이행,건조,맑음,교차로 - 교차로안,승용,남,66세,상해없음,보행자,여,7세,경상
2019071900100350,2019년 7월 19일 13시,금요일,경기도 수원시 팔달구 우만동,경상사고,0,0,3,0,차대차 - 추돌,안전거리미확보,건조,맑음,단일로 - 고가도로위,승용,남,25세,상해없음,승용,남,27세,경상
2019071900100383,2019년 7월 19일 14시,금요일,경기도 수원시 팔달구 화서동,중상사고,0,1,0,0,차대차 - 측면충돌,안전운전불이행,건조,맑음,교차로 - 교차로안,승용,남,45세,상해없음,이륜,남,46세,중상
2019071900100451,2019년 7월 19일 16시,금요일,경기도 수원시 장안구 연무동,중상사고,0,1,0,0,차대차 - 기타,교차로운행방법위반,건조,맑음,교차로 - 교차로안,승합,남,39세,상해없음,승합,남,50세,상해없음
2019071900100659,2019년 7월 19일 21시,금요일,경기도 수원시 팔달구 인계동,중상사고,0,1,0,0,차대차 - 기타,신호위반,건조,맑음,교차로 - 교차로안,승용,여,34세,상해없음,이륜,남,41세,중상
2019071900100660,2019년 7월 19일 21시,금요일,경기도 수원시 권선구 세류동,부상신고사고,0,0,0,1,차량단독 - 기타,안전운전불이행,건조,맑음,단일로 - 기타,자전거,여,39세,부상신고,,,,
2019071900100729,2019년 7월 19일 23시,금요일,경기도 수원시 권선구 곡반정동,경상사고,0,0,2,1,차대차 - 기타,중앙선침범,건조,맑음,단일로 - 기타,이륜,남,33세,부상신고,승용,남,40세,경상
2019072000100149,2019년 7월 20일 09시,토요일,경기도 수원시 팔달구 팔달로3가,중상사고,0,1,0,0,차대사람 - 기타,안전운전불이행,젖음/습기,비,단일로 - 기타,승용,남,71세,상해없음,보행자,남,81세,중상
2019072000100151,2019년 7월 20일 09시,토요일,경기도 수원시 팔달구 인계동,경상사고,0,0,1,0,차대차 - 측면충돌,안전거리미확보,건조,맑음,교차로 - 교차로안,승용,남,45세,상해없음,승용,여,37세,경상
2019072000100180,2019년 7월 20일 10시,토요일,경기도 수원시 영통구 영통동,중상사고,0,1,0,0,차대사람 - 횡단중,안전운전불이행,젖음/습기,비,기타 - 기타,승용,남,42세,상해없음,보행자,여,11세,중상
2019072000100248,2019년 7월 20일 12시,토요일,경기도 수원시 권선구 권선동,경상사고,0,0,6,1,차대차 - 측면충돌,신호위반,건조,맑음,기타 - 기타,승용,남,20세,기타불명,승용,남,54세,경상
2019072000100288,2019년 7월 20일 13시,토요일,경기도 수원시 권선구 금곡동,중상사고,0,1,1,0,차대차 - 정면충돌,안전운전불이행,건조,맑음,단일로 - 기타,이륜,남,58세,중상,승용,여,33세,경상
2019072000100330,2019년 7월 20일 14시,토요일,경기도 수원시 팔달구 매산로1가,중상사고,0,1,0,0,차대차 - 추돌,안전운전불이행,건조,맑음,단일로 - 기타,승용,남,55세,상해없음,승용,여,65세,중상
2019072000100445,2019년 7월 20일 18시,토요일,경기도 수원시 장안구 영화동,경상사고,0,0,1,0,차대사람 - 횡단중,안전운전불이행,건조,맑음,교차로 - 교차로안,승용,남,59세,상해없음,보행자,여,56세,경상
2019072000100450,2019년 7월 20일 18시,토요일,경기도 수원시 권선구 금곡동,경상사고,0,0,1,0,차대차 - 정면충돌,안전거리미확보,건조,맑음,단일로 - 기타,승용,여,49세,상해없음,이륜,남,18세,경상
2019072000100480,2019년 7월 20일 19시,토요일,경기도 수원시 팔달구 인계동,부상신고사고,0,0,0,1,차대사람 - 기타,안전운전불이행,건조,맑음,단일로 - 기타,승용,여,43세,상해없음,보행자,남,38세,부상신고
2019072000100547,2019년 7월 20일 21시,토요일,경기도 수원시 장안구 조원동,중상사고,0,1,0,0,차대사람 - 기타,안전운전불이행,건조,흐림,단일로 - 기타,승용,남,61세,상해없음,보행자,남,64세,중상
2019072000100550,2019년 7월 20일 21시,토요일,경기도 수원시 권선구 권선동,중상사고,0,1,1,0,차대차 - 측면충돌,신호위반,젖음/습기,비,교차로 - 교차로안,승용,남,37세,상해없음,승용,여,54세,경상
2019072000100586,2019년 7월 20일 22시,토요일,경기도 수원시 팔달구 인계동,부상신고사고,0,0,0,1,차대차 - 후진중충돌,안전운전불이행,건조,맑음,교차로 - 교차로안,승용,남,21세,상해없음,이륜,남,35세,부상신고
2019072000100588,2019년 7월 20일 22시,토요일,경기도 수원시 팔달구 매산로2가,경상사고,0,0,1,0,차대사람 - 기타,안전운전불이행,건조,맑음,단일로 - 기타,승용,남,36세,상해없음,보행자,남,29세,경상
2019072100100024,2019년 7월 21일 00시,일요일,경기도 수원시 영통구 원천동,중상사고,0,1,0,0,차량단독 - 전도전복 - 전도,안전운전불이행,젖음/습기,비,단일로 - 기타,이륜,남,45세,중상,,,,
2019072100100025,2019년 7월 21일 00시,일요일,경기도 수원시 권선구 고색동,경상사고,0,0,2,0,차대차 - 추돌,안전운전불이행,건조,맑음,교차로 - 교차로부근,승용,남,27세,상해없음,승용,남,47세,경상
2019072100100064,2019년 7월 21일 02시,일요일,경기도 수원시 팔달구 인계동,경상사고,0,0,2,0,차대차 - 기타,안전운전불이행,젖음/습기,비,단일로 - 기타,승용,남,23세,상해없음,승합,남,34세,경상
2019072100100082,2019년 7월 21일 03시,일요일,경기도 수원시 권선구 권선동,중상사고,0,4,0,0,차대차 - 추돌,안전운전불이행,젖음/습기,비,단일로 - 기타,승용,남,37세,상해없음,승용,남,40세,중상
2019072100100092,2019년 7월 21일 04시,일요일,경기도 수원시 장안구 영화동,중상사고,0,1,1,0,차대사람 - 횡단중,안전운전불이행,젖음/습기,비,교차로 - 교차로부근,승용,남,65세,상해없음,보행자,남,46세,경상
2019072100100105,2019년 7월 21일 05시,일요일,경기도 수원시 영통구 이의동,경상사고,0,0,1,1,차대차 - 측면충돌,교차로운행방법위반,젖음/습기,비,교차로 - 교차로안,승용,남,37세,경상,승용,여,64세,부상신고
2019072100100106,2019년 7월 21일 05시,일요일,경기도 수원시 권선구 세류동,중상사고,0,1,0,0,차대차 - 측면충돌,신호위반,젖음/습기,비,교차로 - 교차로부근,승합,남,51세,상해없음,자전거,남,83세,중상
2019072100100142,2019년 7월 21일 08시,일요일,경기도 수원시 권선구 탑동,경상사고,0,0,1,0,차대차 - 기타,신호위반,젖음/습기,흐림,교차로 - 교차로안,승용,남,30세,상해없음,승용,남,23세,상해없음
2019072100100184,2019년 7월 21일 11시,일요일,경기도 수원시 팔달구 화서동,중상사고,0,1,0,0,차대사람 - 횡단중,보행자보호의무위반,젖음/습기,흐림,교차로 - 교차로안,승용,여,60세,상해없음,보행자,여,64세,중상
2019072100100186,2019년 7월 21일 11시,일요일,경기도 수원시 팔달구 인계동,중상사고,0,2,3,0,차대차 - 측면충돌,교차로운행방법위반,젖음/습기,비,교차로 - 교차로부근,승용,여,37세,상해없음,승용,남,28세,중상
2019072100100229,2019년 7월 21일 13시,일요일,경기도 수원시 팔달구 화서동,경상사고,0,0,3,0,차대차 - 기타,교차로운행방법위반,젖음/습기,비,교차로 - 교차로안,승용,여,40세,상해없음,승용,남,23세,경상
2019072100100259,2019년 7월 21일 14시,일요일,경기도 수원시 권선구 평동,부상신고사고,0,0,0,1,차량단독 - 공작물충돌,안전운전불이행,건조,맑음,교차로 - 교차로부근,승용,여,39세,상해없음,,,,
2019072100100319,2019년 7월 21일 16시,일요일,경기도 수원시 팔달구 인계동,경상사고,0,0,2,0,차대차 - 추돌,안전운전불이행,건조,맑음,교차로 - 교차로부근,승용,남,63세,상해없음,승용,남,31세,경상
2019072100100375,2019년 7월 21일 18시,일요일,경기도 수원시 권선구 구운동,경상사고,0,0,1,0,차대차 - 추돌,안전거리미확보,건조,맑음,단일로 - 기타,승용,남,67세,상해없음,승용,남,58세,경상
2019072100100475,2019년 7월 21일 22시,일요일,경기도 수원시 팔달구 인계동,부상신고사고,0,0,0,1,차대사람 - 기타,안전운전불이행,건조,맑음,기타 - 기타,이륜,남,23세,상해없음,보행자,남,50세,부상신고
2019072200100273,2019년 7월 22일 12시,월요일,경기도 수원시 장안구 파장동,부상신고사고,0,0,0,1,차대차 - 측면충돌,교차로운행방법위반,건조,맑음,교차로 - 교차로안,이륜,남,49세,상해없음,승용,여,61세,부상신고
2019072200100280,2019년 7월 22일 12시,월요일,경기도 수원시 팔달구 매산로1가,중상사고,0,1,0,0,차대차 - 측면충돌,안전운전불이행,건조,맑음,교차로 - 교차로안,승용,남,36세,상해없음,자전거,남,24세,중상
2019072200100314,2019년 7월 22일 13시,월요일,경기도 수원시 장안구 조원동,중상사고,0,1,0,0,차대차 - 기타,신호위반,건조,맑음,교차로 - 교차로안,승용,남,25세,상해없음,승용,남,52세,중상
2019072200100317,2019년 7월 22일 13시,월요일,경기도 수원시 권선구 곡반정동,부상신고사고,0,0,0,1,차대차 - 기타,안전운전불이행,건조,맑음,교차로 - 교차로부근,승용,남,76세,상해없음,자전거,남,76세,부상신고
2019072200100318,2019년 7월 22일 13시,월요일,경기도 수원시 영통구 원천동,중상사고,0,1,2,0,차대차 - 기타,안전거리미확보,건조,맑음,단일로 - 기타,승용,여,30세,상해없음,승용,남,51세,중상
2019072200100321,2019년 7월 22일 13시,월요일,경기도 수원시 팔달구 매산로2가,경상사고,0,0,1,0,차대사람 - 차도통행중,안전운전불이행,건조,맑음,단일로 - 기타,승용,남,71세,상해없음,보행자,남,41세,경상
2019072200100398,2019년 7월 22일 15시,월요일,경기도 수원시 영통구 매탄동,경상사고,0,0,1,0,차대사람 - 차도통행중,안전운전불이행,건조,맑음,단일로 - 기타,승용,여,64세,상해없음,보행자,남,10세,경상
2019072200100489,2019년 7월 22일 17시,월요일,경기도 수원시 영통구 영통동,중상사고,0,1,0,0,차대사람 - 횡단중,신호위반,건조,맑음,교차로 - 교차로횡단보도내,이륜,남,56세,상해없음,보행자,남,65세,중상
2019072200100539,2019년 7월 22일 18시,월요일,경기도 수원시 장안구 송죽동,경상사고,0,0,1,0,차대차 - 측면충돌,안전운전불이행,건조,맑음,교차로 - 교차로부근,승용,여,56세,상해없음,승용,여,30세,경상
2019072200100598,2019년 7월 22일 19시,월요일,경기도 수원시 팔달구 화서동,경상사고,0,0,1,0,차대차 - 추돌,안전운전불이행,건조,맑음,교차로 - 교차로안,이륜,남,37세,상해없음,원동기,여,57세,경상
2019072200100669,2019년 7월 22일 21시,월요일,경기도 수원시 팔달구 화서동,부상신고사고,0,0,0,1,차대사람 - 횡단중,신호위반,건조,맑음,단일로 - 기타,이륜,남,44세,부상신고,보행자,남,15세,상해없음
2019072200100670,2019년 7월 22일 21시,월요일,경기도 수원시 장안구 영화동,경상사고,0,0,1,0,차대사람 - 기타,안전운전불이행,건조,맑음,단일로 - 기타,승용,남,20세,상해없음,보행자,여,18세,경상
2019072300100079,2019년 7월 23일 05시,화요일,경기도 수원시 팔달구 고등동,중상사고,0,1,0,0,차대사람 - 기타,안전운전불이행,건조,맑음,단일로 - 기타,승용,남,52세,상해없음,보행자,남,67세,중상
2019072300100121,2019년 7월 23일 08시,화요일,경기도 수원시 권선구 권선동,부상신고사고,0,0,0,1,차대사람 - 기타,안전운전불이행,건조,맑음,단일로 - 기타,승용,남,53세,상해없음,보행자,남,9세,부상신고
2019072300100196,2019년 7월 23일 10시,화요일,경기도 수원시 팔달구 매산로1가,경상사고,0,0,1,0,차대사람 - 차도통행중,안전운전불이행,건조,맑음,단일로 - 기타,승용,남,78세,상해없음,보행자,여,38세,경상
2019072300100375,2019년 7월 23일 15시,화요일,경기도 수원시 팔달구 우만동,경상사고,0,0,4,0,차대차 - 추돌,안전운전불이행,건조,맑음,단일로 - 기타,승용,여,44세,상해없음,승용,남,44세,경상
2019072300100376,2019년 7월 23일 15시,화요일,경기도 수원시 장안구 연무동,경상사고,0,0,1,0,차대차 - 기타,신호위반,건조,맑음,단일로 - 기타,승용,여,49세,상해없음,건설기계,남,56세,경상
2019072300100413,2019년 7월 23일 16시,화요일,경기도 수원시 장안구 조원동,중상사고,0,1,0,0,차대사람 - 횡단중,안전운전불이행,건조,맑음,교차로 - 교차로안,승용,여,34세,상해없음,보행자,남,18세,중상
2019072300100414,2019년 7월 23일 16시,화요일,경기도 수원시 장안구 조원동,경상사고,0,0,1,0,차대차 - 후진중충돌,안전운전불이행,건조,맑음,단일로 - 기타,승용,여,56세,상해없음,승용,여,56세,경상
2019072300100464,2019년 7월 23일 17시,화요일,경기도 수원시 장안구 송죽동,부상신고사고,0,0,0,1,차대차 - 기타,신호위반,건조,맑음,교차로 - 교차로안,승용,남,68세,부상신고,승용,남,56세,상해없음
2019072300100520,2019년 7월 23일 18시,화요일,경기도 수원시 영통구 망포동,부상신고사고,0,0,0,1,차대차 - 기타,신호위반,건조,흐림,교차로 - 교차로부근,이륜,남,17세,부상신고,승합,남,67세,상해없음
2019072300100594,2019년 7월 23일 20시,화요일,경기도 수원시 권선구 금곡동,부상신고사고,0,0,0,1,차대차 - 기타,불법유턴,건조,맑음,교차로 - 교차로안,자전거,여,53세,부상신고,이륜,남,18세,상해없음
2019072300100628,2019년 7월 23일 21시,화요일,경기도 수원시 팔달구 고등동,경상사고,0,0,1,0,차대차 - 측면충돌,안전운전불이행,건조,맑음,교차로 - 교차로부근,승용,남,58세,상해없음,이륜,남,38세,경상
2019072300100666,2019년 7월 23일 23시,화요일,경기도 수원시 팔달구 인계동,경상사고,0,0,2,0,차대차 - 추돌,안전거리미확보,건조,맑음,단일로 - 기타,승용,남,31세,경상,승용,남,72세,경상
2019072300100668,2019년 7월 23일 23시,화요일,경기도 수원시 팔달구 매교동,중상사고,0,2,1,1,차대차 - 측면충돌,신호위반,건조,맑음,교차로 - 교차로안,승용,남,30세,부상신고,승용,남,59세,중상
2019072400100045,2019년 7월 24일 01시,수요일,경기도 수원시 권선구 오목천동,경상사고,0,0,1,0,차대차 - 추돌,안전운전불이행,건조,맑음,단일로 - 기타,승용,남,31세,상해없음,승용,남,57세,경상
2019072400100110,2019년 7월 24일 08시,수요일,경기도 수원시 장안구 파장동,경상사고,0,0,1,0,차대차 - 기타,안전거리미확보,건조,맑음,단일로 - 기타,승용,남,24세,상해없음,승용,여,41세,경상
2019072400100113,2019년 7월 24일 08시,수요일,경기도 수원시 영통구 망포동,중상사고,0,1,1,0,차대차 - 추돌,안전거리미확보,젖음/습기,비,교차로 - 교차로부근,화물,남,28세,상해없음,승용,남,54세,경상
2019072400100294,2019년 7월 24일 13시,수요일,경기도 수원시 팔달구 매산로3가,경상사고,0,0,1,0,차대사람 - 기타,안전운전불이행,건조,맑음,단일로 - 기타,승용,여,54세,상해없음,보행자,여,41세,경상
2019072400100332,2019년 7월 24일 14시,수요일,경기도 수원시 권선구 금곡동,부상신고사고,0,0,0,1,차대차 - 기타,교차로운행방법위반,건조,맑음,교차로 - 교차로안,승용,여,49세,상해없음,승용,여,54세,부상신고
2019072400100375,2019년 7월 24일 15시,수요일,경기도 수원시 권선구 호매실동,경상사고,0,0,1,0,차대차 - 기타,안전운전불이행,건조,맑음,교차로 - 교차로부근,승용,여,42세,상해없음,화물,남,32세,경상
2019072400100422,2019년 7월 24일 16시,수요일,경기도 수원시 팔달구 인계동,경상사고,0,0,2,0,차대차 - 측면충돌,교차로운행방법위반,건조,맑음,교차로 - 교차로안,승용,여,57세,상해없음,승용,여,38세,경상
2019072400100472,2019년 7월 24일 17시,수요일,경기도 수원시 권선구 권선동,경상사고,0,0,1,0,차대차 - 측면충돌,안전운전불이행,젖음/습기,흐림,단일로 - 기타,승용,남,64세,상해없음,승용,여,53세,경상
2019072400100629,2019년 7월 24일 21시,수요일,경기도 수원시 팔달구 북수동,경상사고,0,0,2,0,차대차 - 측면충돌,교차로운행방법위반,젖음/습기,흐림,교차로 - 교차로안,승용,남,28세,상해없음,승용,여,59세,경상
2019072400100652,2019년 7월 24일 22시,수요일,경기도 수원시 권선구 권선동,경상사고,0,0,1,0,차대차 - 측면충돌,안전운전불이행,건조,맑음,단일로 - 기타,승용,남,27세,상해없음,승용,남,21세,경상
2019072500100026,2019년 7월 25일 00시,목요일,경기도 수원시 영통구 이의동,중상사고,0,1,1,0,차대차 - 기타,안전운전불이행,건조,맑음,교차로 - 교차로안,승용,남,34세,상해없음,승용,여,52세,경상
2019072500100057,2019년 7월 25일 03시,목요일,경기도 수원시 영통구 영통동,경상사고,0,0,2,0,차대차 - 추돌,안전거리미확보,젖음/습기,비,교차로 - 교차로부근,화물,남,57세,상해없음,승용,여,48세,경상
2019072500100085,2019년 7월 25일 06시,목요일,경기도 수원시 영통구 이의동,경상사고,0,0,1,0,차대차 - 기타,안전운전불이행,젖음/습기,비,단일로 - 기타,화물,남,57세,상해없음,화물,남,50세,경상
2019072500100130,2019년 7월 25일 08시,목요일,경기도 수원시 팔달구 인계동,중상사고,0,1,2,0,차대차 - 기타,교차로운행방법위반,젖음/습기,비,단일로 - 기타,승합,남,61세,중상,승용,남,26세,경상
2019072500100132,2019년 7월 25일 08시,목요일,경기도 수원시 권선구 고색동,중상사고,0,1,0,1,차대차 - 추돌,안전운전불이행,젖음/습기,비,단일로 - 기타,승용,남,37세,상해없음,승용,남,27세,중상
2019072500100227,2019년 7월 25일 11시,목요일,경기도 수원시 팔달구 인계동,경상사고,0,0,1,0,차대차 - 기타,안전운전불이행,건조,맑음,단일로 - 기타,승용,남,69세,상해없음,개인형이동수단(PM),여,48세,경상
2019072500100229,2019년 7월 25일 11시,목요일,경기도 수원시 권선구 세류동,부상신고사고,0,0,0,1,차대차 - 기타,안전운전불이행,젖음/습기,비,단일로 - 기타,자전거,남,64세,부상신고,승용,남,46세,상해없음
2019072500100258,2019년 7월 25일 12시,목요일,경기도 수원시 팔달구 우만동,중상사고,0,2,1,0,차대차 - 기타,안전운전불이행,건조,맑음,단일로 - 기타,승용,남,59세,상해없음,승용,여,39세,경상
2019072500100262,2019년 7월 25일 12시,목요일,경기도 수원시 영통구 영통동,경상사고,0,0,1,0,차대차 - 측면충돌,차로위반,젖음/습기,비,교차로 - 교차로안,승용,남,23세,상해없음,승용,남,27세,경상
2019072500100295,2019년 7월 25일 13시,목요일,경기도 수원시 권선구 고색동,경상사고,0,0,2,0,차대차 - 측면충돌,신호위반,젖음/습기,비,교차로 - 교차로안,승용,남,26세,경상,승합,남,53세,경상
2019072500100331,2019년 7월 25일 14시,목요일,경기도 수원시 권선구 금곡동,경상사고,0,0,1,0,차대차 - 측면충돌,신호위반,젖음/습기,맑음,교차로 - 교차로부근,이륜,남,18세,경상,승용,남,61세,상해없음
2019072500100359,2019년 7월 25일 15시,목요일,경기도 수원시 팔달구 매산로1가,경상사고,0,0,2,1,차대차 - 측면충돌,차로위반,건조,맑음,교차로 - 교차로안,승용,여,64세,상해없음,승용,남,24세,부상신고
2019072500100360,2019년 7월 25일 15시,목요일,경기도 수원시 영통구 이의동,경상사고,0,0,1,0,차대차 - 기타,안전거리미확보,젖음/습기,흐림,단일로 - 기타,승용,여,51세,상해없음,화물,남,58세,경상
2019072500100393,2019년 7월 25일 16시,목요일,경기도 수원시 팔달구 매산로2가,경상사고,0,0,1,0,차대차 - 기타,안전거리미확보,젖음/습기,흐림,단일로 - 기타,승합,남,59세,상해없음,이륜,남,35세,경상
2019072500100394,2019년 7월 25일 16시,목요일,경기도 수원시 권선구 평동,경상사고,0,0,1,0,차대차 - 측면충돌,안전거리미확보,건조,맑음,단일로 - 기타,화물,남,53세,상해없음,승용,남,25세,경상
2019072500100470,2019년 7월 25일 18시,목요일,경기도 수원시 팔달구 우만동,경상사고,0,0,3,0,차대차 - 측면충돌,신호위반,젖음/습기,비,교차로 - 교차로안,승용,남,55세,상해없음,승용,남,41세,경상
2019072500100516,2019년 7월 25일 19시,목요일,경기도 수원시 팔달구 인계동,경상사고,0,0,1,0,차대차 - 측면충돌,안전운전불이행,건조,맑음,교차로 - 교차로부근,승용,여,42세,상해없음,승용,여,28세,경상
2019072500100594,2019년 7월 25일 22시,목요일,경기도 수원시 장안구 율전동,경상사고,0,0,1,0,차대차 - 기타,안전운전불이행,젖음/습기,비,교차로 - 교차로부근,이륜,남,22세,기타불명,기타불명,여,16세,경상