사고번호,사고일시,요일,시군구,사고내용,사망자수,중상자수,경상자수,부상신고자수,사고유형,법규위반,노면상태,기상상태,도로형태,가해운전자 차종,가해운전자 성별,가해운전자 연령,가해운전자 상해정도,피해운전자 차종,피해운전자 성별,피해운전자 연령,피해운전자 상해정도
2019072600100072,2019년 7월 26일 05시,금요일,경기도 수원시 권선구 서둔동,경상사고,0,0,2,1,차대차 - 측면충돌,신호위반,젖음/습기,흐림,교차로 - 교차로안,승용,남,59세,부상신고,승용,남,58세,경상
2019072600100149,2019년 7월 26일 09시,금요일,경기도 수원시 장안구 파장동,경상사고,0,0,1,0,차대차 - 기타,안전거리미확보,젖음/습기,비,단일로 - 기타,승용,남,58세,상해없음,승용,남,34세,경상
2019072600100202,2019년 7월 26일 11시,금요일,경기도 수원시 장안구 영화동,중상사고,0,1,1,0,차대차 - 기타,안전거리미확보,건조,맑음,교차로 - 교차로부근,승용,남,30세,상해없음,승용,여,45세,중상
2019072600100239,2019년 7월 26일 12시,금요일,경기도 수원시 권선구 금곡동,경상사고,0,0,1,0,차대사람 - 횡단중,보행자보호의무위반,건조,흐림,교차로 - 교차로횡단보도내,기타불명,기타불명,미분류,기타불명,보행자,여,41세,경상
2019072600100270,2019년 7월 26일 13시,금요일,경기도 수원시 권선구 서둔동,경상사고,0,0,1,0,차대차 - 기타,안전운전불이행,젖음/습기,비,단일로 - 기타,이륜,남,19세,경상,화물,남,20세,상해없음
2019072600100303,2019년 7월 26일 14시,금요일,경기도 수원시 영통구 영통동,경상사고,0,0,1,0,차대차 - 측면충돌,안전운전불이행,젖음/습기,비,교차로 - 교차로안,화물,남,53세,상해없음,이륜,남,22세,경상
2019072600100343,2019년 7월 26일 15시,금요일,경기도 수원시 권선구 곡반정동,경상사고,0,0,1,0,차대차 - 기타,안전운전불이행,건조,맑음,단일로 - 기타,승용,여,34세,상해없음,승용,남,30세,경상
2019072600100413,2019년 7월 26일 17시,금요일,경기도 수원시 장안구 조원동,경상사고,0,0,5,0,차대차 - 추돌,신호위반,젖음/습기,비,교차로 - 교차로부근,승합,남,43세,상해없음,승용,남,21세,경상
2019072600100418,2019년 7월 26일 17시,금요일,경기도 수원시 영통구 영통동,경상사고,0,0,1,0,차대차 - 측면충돌,안전거리미확보,젖음/습기,흐림,교차로 - 교차로부근,승용,남,57세,상해없음,승용,남,48세,상해없음
2019072600100537,2019년 7월 26일 20시,금요일,경기도 수원시 권선구 호매실동,경상사고,0,0,1,0,차대차 - 추돌,안전운전불이행,건조,기타,단일로 - 기타,승용,여,47세,기타불명,승용,여,50세,경상
2019072600100604,2019년 7월 26일 22시,금요일,경기도 수원시 팔달구 우만동,중상사고,0,2,1,0,차대차 - 기타,안전운전불이행,건조,맑음,단일로 - 기타,승용,남,58세,상해없음,승용,남,51세,중상
2019072600100635,2019년 7월 26일 23시,금요일,경기도 수원시 장안구 연무동,경상사고,0,0,2,0,차대차 - 기타,안전거리미확보,젖음/습기,비,교차로 - 교차로부근,승용,남,66세,상해없음,승용,남,54세,경상
2019072600100638,2019년 7월 26일 23시,금요일,경기도 수원시 영통구 매탄동,경상사고,0,0,2,0,차대차 - 추돌,안전운전불이행,젖음/습기,비,단일로 - 기타,승용,남,39세,상해없음,화물,남,35세,경상
2019072700100029,2019년 7월 27일 00시,토요일,경기도 수원시 장안구 영화동,경상사고,0,0,1,0,차량단독 - 기타,안전운전불이행,건조,흐림,기타 - 기타,승합,남,30세,상해없음,,,,
2019072700100160,2019년 7월 27일 08시,토요일,경기도 수원시 권선구 권선동,부상신고사고,0,0,0,1,차대차 - 추돌,안전거리미확보,젖음/습기,맑음,단일로 - 기타,승용,남,27세,상해없음,승용,남,58세,부상신고
2019072700100182,2019년 7월 27일 09시,토요일,경기도 수원시 영통구 원천동,중상사고,0,1,0,0,차대차 - 측면충돌,안전운전불이행,건조,맑음,교차로 - 교차로안,승용,여,49세,상해없음,이륜,남,77세,중상
2019072700100285,2019년 7월 27일 12시,토요일,경기도 수원시 팔달구 매교동,경상사고,0,0,1,0,차대차 - 측면충돌,안전운전불이행,건조,맑음,교차로 - 교차로안,승용,남,55세,상해없음,자전거,남,72세,경상
2019072700100318,2019년 7월 27일 13시,토요일,경기도 수원시 장안구 송죽동,부상신고사고,0,0,0,2,차대차 - 추돌,안전운전불이행,건조,맑음,단일로 - 기타,승용,남,61세,상해없음,승용,남,36세,부상신고
2019072700100322,2019년 7월 27일 13시,토요일,경기도 수원시 영통구 영통동,경상사고,0,0,1,0,차대사람 - 기타,안전운전불이행,건조,맑음,단일로 - 기타,승합,남,57세,상해없음,보행자,여,26세,경상
2019072700100384,2019년 7월 27일 15시,토요일,경기도 수원시 장안구 조원동,부상신고사고,0,0,0,1,차대차 - 기타,교차로운행방법위반,건조,맑음,교차로 - 교차로부근,화물,남,56세,상해없음,이륜,남,38세,부상신고
2019072700100388,2019년 7월 27일 15시,토요일,경기도 수원시 팔달구 매산로1가,경상사고,0,0,2,0,차대차 - 기타,안전거리미확보,건조,맑음,단일로 - 기타,승용,남,58세,상해없음,승용,남,39세,경상
2019072700100419,2019년 7월 27일 16시,토요일,경기도 수원시 팔달구 우만동,경상사고,0,0,1,0,차대차 - 기타,직진우회전진행방해,건조,맑음,교차로 - 교차로안,승용,남,53세,기타불명,승용,여,64세,경상
2019072700100448,2019년 7월 27일 17시,토요일,경기도 수원시 팔달구 팔달로1가,경상사고,0,0,1,0,차대차 - 기타,차로위반,건조,맑음,단일로 - 기타,승용,여,45세,상해없음,승용,남,57세,경상
2019072700100494,2019년 7월 27일 18시,토요일,경기도 수원시 권선구 오목천동,경상사고,0,0,1,0,차량단독 - 기타,기타,건조,맑음,단일로 - 기타,승합,남,66세,상해없음,,,,
2019072700100526,2019년 7월 27일 19시,토요일,경기도 수원시 권선구 권선동,경상사고,0,0,1,0,차대사람 - 기타,신호위반,건조,맑음,단일로 - 기타,승용,남,60세,상해없음,보행자,여,25세,경상
2019072700100590,2019년 7월 27일 21시,토요일,경기도 수원시 장안구 정자동,중상사고,0,1,0,0,차대사람 - 기타,안전운전불이행,건조,맑음,단일로 - 기타,승용,남,55세,상해없음,보행자,남,56세,중상
2019072700100591,2019년 7월 27일 21시,토요일,경기도 수원시 팔달구 지동,경상사고,0,0,1,0,차대사람 - 기타,안전운전불이행,건조,맑음,교차로 - 교차로부근,승용,남,51세,기타불명,보행자,여,62세,경상
2019072700100623,2019년 7월 27일 22시,토요일,경기도 수원시 장안구 영화동,중상사고,0,2,1,0,차대차 - 기타,신호위반,건조,흐림,교차로 - 교차로안,승용,남,25세,상해없음,승용,남,30세,경상
2019072700100628,2019년 7월 27일 22시,토요일,경기도 수원시 권선구 권선동,경상사고,0,0,1,0,차대차 - 추돌,안전운전불이행,건조,맑음,교차로 - 교차로부근,승용,남,46세,상해없음,승용,남,52세,경상
2019072700100630,2019년 7월 27일 22시,토요일,경기도 수원시 팔달구 매산로2가,부상신고사고,0,0,0,1,차대차 - 측면충돌,교차로운행방법위반,건조,흐림,교차로 - 교차로안,승용,남,39세,상해없음,승용,남,53세,부상신고
2019072700100655,2019년 7월 27일 23시,토요일,경기도 수원시 영통구 매탄동,경상사고,0,0,2,0,차대차 - 추돌,안전운전불이행,건조,맑음,교차로 - 교차로부근,승용,남,45세,상해없음,승용,남,27세,경상
2019072800100037,2019년 7월 28일 01시,일요일,경기도 수원시 장안구 영화동,중상사고,0,1,1,0,차대차 - 기타,신호위반,건조,맑음,교차로 - 교차로안,승용,남,29세,상해없음,승용,남,53세,경상
2019072800100082,2019년 7월 28일 05시,일요일,경기도 수원시 팔달구 고등동,경상사고,0,0,2,0,차대차 - 추돌,안전운전불이행,건조,흐림,교차로 - 교차로부근,승합,남,40세,상해없음,승용,남,65세,경상
2019072800100088,2019년 7월 28일 06시,일요일,경기도 수원시 영통구 매탄동,경상사고,0,0,1,0,차대사람 - 횡단중,보행자보호의무위반,건조,맑음,교차로 - 교차로안,승용,남,35세,상해없음,보행자,남,65세,경상
2019072800100126,2019년 7월 28일 10시,일요일,경기도 수원시 장안구 파장동,경상사고,0,0,1,0,차대차 - 추돌,안전거리미확보,젖음/습기,비,단일로 - 기타,화물,남,30세,상해없음,승용,여,61세,경상
2019072800100129,2019년 7월 28일 10시,일요일,경기도 수원시 팔달구 인계동,경상사고,0,0,1,0,차대차 - 추돌,안전운전불이행,젖음/습기,비,단일로 - 기타,승용,남,26세,상해없음,승용,남,49세,경상
2019072800100202,2019년 7월 28일 14시,일요일,경기도 수원시 장안구 조원동,경상사고,0,0,1,0,차대사람 - 횡단중,보행자보호의무위반,젖음/습기,비,교차로 - 교차로횡단보도내,승용,남,61세,상해없음,보행자,남,7세,경상
2019072800100203,2019년 7월 28일 14시,일요일,경기도 수원시 팔달구 북수동,경상사고,0,0,1,0,차대차 - 기타,안전운전불이행,건조,맑음,단일로 - 기타,승용,남,30세,상해없음,자전거,여,55세,경상
2019072800100238,2019년 7월 28일 15시,일요일,경기도 수원시 권선구 평동,경상사고,0,0,2,0,차대차 - 측면충돌,안전운전불이행,젖음/습기,비,단일로 - 기타,승용,여,64세,상해없음,승용,남,36세,경상
2019072800100265,2019년 7월 28일 16시,일요일,경기도 수원시 영통구 매탄동,경상사고,0,0,1,0,차대사람 - 차도통행중,보행자보호의무위반,건조,맑음,교차로 - 교차로안,승용,남,47세,상해없음,보행자,여,24세,경상
2019072800100284,2019년 7월 28일 17시,일요일,경기도 수원시 팔달구 우만동,부상신고사고,0,0,0,1,차대차 - 기타,안전운전불이행,젖음/습기,흐림,단일로 - 기타,승용,남,27세,상해없음,이륜,남,31세,부상신고
2019072800100342,2019년 7월 28일 19시,일요일,경기도 수원시 장안구 정자동,중상사고,0,1,0,0,차대차 - 기타,차로위반,건조,맑음,단일로 - 기타,승용,남,44세,상해없음,이륜,남,22세,중상
2019072900100033,2019년 7월 29일 00시,월요일,경기도 수원시 영통구 원천동,중상사고,0,1,0,0,차대사람 - 기타,안전운전불이행,건조,맑음,단일로 - 기타,승용,남,58세,상해없음,보행자,여,81세,중상
2019072900100085,2019년 7월 29일 07시,월요일,경기도 수원시 영통구 망포동,중상사고,0,1,0,0,차대차 - 기타,안전운전불이행,건조,맑음,교차로 - 교차로부근,승용,남,39세,상해없음,승합,남,59세,상해없음
2019072900100176,2019년 7월 29일 10시,월요일,경기도 수원시 권선구 호매실동,경상사고,0,0,1,0,차대차 - 기타,안전거리미확보,건조,맑음,단일로 - 기타,화물,남,49세,상해없음,승용,남,24세,경상
2019072900100213,2019년 7월 29일 11시,월요일,경기도 수원시 팔달구 지동,경상사고,0,0,1,0,차대차 - 기타,안전운전불이행,건조,맑음,단일로 - 기타,이륜,남,76세,경상,승용,여,43세,상해없음
2019072900100246,2019년 7월 29일 12시,월요일,경기도 수원시 팔달구 팔달로2가,경상사고,0,0,1,0,차대차 - 기타,차로위반,건조,맑음,단일로 - 기타,승용,남,25세,상해없음,승합,남,58세,상해없음
2019072900100366,2019년 7월 29일 15시,월요일,경기도 수원시 장안구 율전동,경상사고,0,0,1,0,차대차 - 정면충돌,신호위반,건조,맑음,교차로 - 교차로안,화물,남,43세,상해없음,승용,여,36세,경상
2019072900100371,2019년 7월 29일 15시,월요일,경기도 수원시 권선구 세류동,중상사고,0,1,1,0,차대차 - 측면충돌,안전운전불이행,건조,맑음,단일로 - 기타,승용,여,26세,상해없음,승용,남,32세,중상
2019072900100418,2019년 7월 29일 16시,월요일,경기도 수원시 권선구 구운동,경상사고,0,0,1,0,차량단독 - 도로외이탈 - 기타,안전운전불이행,건조,맑음,단일로 - 기타,화물,남,23세,경상,,,,
2019072900100560,2019년 7월 29일 19시,월요일,경기도 수원시 장안구 조원동,경상사고,0,0,2,0,차대차 - 측면충돌,신호위반,건조,맑음,교차로 - 교차로부근,승용,여,69세,경상,승용,남,27세,경상
2019072900100620,2019년 7월 29일 21시,월요일,경기도 수원시 권선구 당수동,경상사고,0,0,1,0,차대차 - 기타,안전운전불이행,건조,맑음,교차로 - 교차로안,자전거,남,26세,경상,승합,남,59세,상해없음
2019072900100652,2019년 7월 29일 22시,월요일,경기도 수원시 팔달구 인계동,경상사고,0,0,1,0,차대차 - 측면충돌,안전운전불이행,건조,흐림,교차로 - 교차로횡단보도내,승용,남,70세,상해없음,자전거,남,19세,경상
2019073000100054,2019년 7월 30일 02시,화요일,경기도 수원시 권선구 고색동,부상신고사고,0,0,0,1,차대차 - 기타,안전운전불이행,건조,맑음,단일로 - 기타,승용,남,37세,부상신고,화물,남,53세,기타불명
2019073000100151,2019년 7월 30일 09시,화요일,경기도 수원시 장안구 영화동,경상사고,0,0,1,0,차대사람 - 기타,안전운전불이행,건조,맑음,단일로 - 기타,승용,남,54세,상해없음,보행자,여,29세,경상
2019073000100210,2019년 7월 30일 11시,화요일,경기도 수원시 영통구 매탄동,경상사고,0,0,2,0,차대차 - 기타,안전운전불이행,건조,맑음,교차로 - 교차로부근,승용,여,44세,상해없음,승용,남,56세,경상
2019073000100294,2019년 7월 30일 13시,화요일,경기도 수원시 권선구 탑동,경상사고,0,0,2,0,차대차 - 기타,직진우회전진행방해,건조,맑음,교차로 - 교차로안,승용,남,48세,상해없음,승용,남,43세,경상
2019073000100346,2019년 7월 30일 14시,화요일,경기도 수원시 영통구 매탄동,경상사고,0,0,1,0,차대차 - 측면충돌,안전운전불이행,건조,맑음,단일로 - 기타,승용,남,36세,상해없음,승용,남,29세,경상
2019073000100472,2019년 7월 30일 17시,화요일,경기도 수원시 팔달구 팔달로1가,경상사고,0,0,1,0,차대차 - 후진중충돌,안전운전불이행,건조,맑음,교차로 - 교차로부근,승용,남,47세,상해없음,승용,남,37세,경상
2019073000100513,2019년 7월 30일 18시,화요일,경기도 수원시 장안구 정자동,경상사고,0,0,1,0,차대차 - 기타,신호위반,건조,맑음,교차로 - 교차로안,승용,여,33세,상해없음,승용,남,27세,경상
2019073000100517,2019년 7월 30일 18시,화요일,경기도 수원시 권선구 오목천동,경상사고,0,0,1,1,차대차 - 측면충돌,중앙선침범,건조,맑음,단일로 - 기타,이륜,남,19세,부상신고,승용,남,27세,경상
2019073000100555,2019년 7월 30일 19시,화요일,경기도 수원시 장안구 이목동,경상사고,0,0,1,0,차대차 - 기타,안전거리미확보,건조,맑음,기타 - 기타,이륜,남,48세,상해없음,이륜,남,24세,경상
2019073000100561,2019년 7월 30일 19시,화요일,경기도 수원시 권선구 금곡동,부상신고사고,0,0,0,1,차대차 - 측면충돌,신호위반,건조,맑음,교차로 - 교차로안,이륜,남,19세,부상신고,승용,남,45세,상해없음
2019073000100668,2019년 7월 30일 23시,화요일,경기도 수원시 권선구 오목천동,경상사고,0,0,1,0,차대차 - 측면충돌,신호위반,건조,흐림,교차로 - 교차로안,승용,여,56세,상해없음,승용,남,36세,경상
2019073100100057,2019년 7월 31일 03시,수요일,경기도 수원시 팔달구 인계동,경상사고,0,0,1,0,차대차 - 기타,직진우회전진행방해,젖음/습기,흐림,교차로 - 교차로안,승용,여,43세,상해없음,개인형이동수단(PM),여,40세,경상
2019073100100066,2019년 7월 31일 05시,수요일,경기도 수원시 장안구 이목동,경상사고,0,0,1,0,차대차 - 측면충돌,안전거리미확보,건조,맑음,단일로 - 기타,승용,남,62세,상해없음,승용,남,28세,경상
2019073100100154,2019년 7월 31일 09시,수요일,경기도 수원시 권선구 호매실동,중상사고,0,1,0,0,차대차 - 기타,안전운전불이행,건조,맑음,교차로 - 교차로횡단보도내,승용,여,61세,상해없음,개인형이동수단(PM),남,20세,중상
2019073100100183,2019년 7월 31일 10시,수요일,경기도 수원시 권선구 세류동,경상사고,0,0,5,0,차대차 - 기타,직진우회전진행방해,건조,맑음,교차로 - 교차로안,승용,여,27세,상해없음,승용,여,35세,경상
2019073100100267,2019년 7월 31일 12시,수요일,경기도 수원시 장안구 영화동,중상사고,0,1,0,0,차대사람 - 횡단중,보행자보호의무위반,건조,맑음,교차로 - 교차로안,승용,남,46세,상해없음,보행자,여,66세,중상
2019073100100328,2019년 7월 31일 14시,수요일,경기도 수원시 권선구 권선동,부상신고사고,0,0,0,1,차대차 - 측면충돌,안전거리미확보,젖음/습기,비,단일로 - 기타,이륜,남,68세,상해없음,이륜,남,22세,부상신고
2019073100100532,2019년 7월 31일 19시,수요일,경기도 수원시 권선구 세류동,경상사고,0,0,1,1,차대차 - 측면충돌,안전운전불이행,건조,맑음,기타 - 기타,승용,남,28세,상해없음,승용,여,52세,경상
2019073100100606,2019년 7월 31일 21시,수요일,경기도 수원시 팔달구 인계동,경상사고,0,0,1,0,차대차 - 측면충돌,교차로운행방법위반,건조,맑음,교차로 - 교차로안,승용,남,30세,상해없음,승용,여,33세,경상
2019073100100674,2019년 7월 31일 23시,수요일,경기도 수원시 영통구 신동,경상사고,0,0,1,0,차대차 - 기타,신호위반,건조,맑음,교차로 - 교차로횡단보도내,기타불명,기타불명,미분류,기타불명,자전거,남,37세,경상
2019080100100046,2019년 8월 1일 01시,목요일,경기도 수원시 팔달구 인계동,경상사고,0,0,2,0,차대차 - 측면충돌,안전운전불이행,건조,맑음,교차로 - 교차로안,승용,남,26세,상해없음,승용,남,62세,경상
2019080100100133,2019년 8월 1일 08시,목요일,경기도 수원시 영통구 매탄동,중상사고,0,1,0,0,차대차 - 측면충돌,신호위반,건조,맑음,교차로 - 교차로횡단보도내,화물,남,23세,상해없음,자전거,남,84세,중상
2019080100100165,2019년 8월 1일 09시,목요일,경기도 수원시 권선구 세류동,경상사고,0,0,1,0,차대차 - 기타,교차로운행방법위반,건조,맑음,교차로 - 교차로안,승용,남,58세,상해없음,자전거,남,47세,경상
2019080100100238,2019년 8월 1일 11시,목요일,경기도 수원시 팔달구 우만동,경상사고,0,0,1,0,차대사람 - 횡단중,중앙선침범,건조,맑음,단일로 - 기타,이륜,남,18세,상해없음,보행자,여,47세,경상
2019080100100269,2019년 8월 1일 12시,목요일,경기도 수원시 장안구 영화동,경상사고,0,0,2,0,차대차 - 측면충돌,안전운전불이행,건조,맑음,교차로 - 교차로안,승용,남,57세,기타불명,승용,남,68세,경상
2019080100100355,2019년 8월 1일 14시,목요일,경기도 수원시 영통구 매탄동,경상사고,0,0,1,0,차대차 - 측면충돌,안전운전불이행,건조,맑음,기타 - 기타,승용,여,38세,상해없음,이륜,남,42세,경상
2019080100100465,2019년 8월 1일 17시,목요일,경기도 수원시 권선구 권선동,경상사고,0,0,1,0,차대차 - 측면충돌,신호위반,건조,맑음,교차로 - 교차로안,승용,남,44세,상해없음,화물,남,59세,경상
2019080100100466,2019년 8월 1일 17시,목요일,경기도 수원시 영통구 매탄동,경상사고,0,0,1,0,차대사람 - 기타,안전운전불이행,건조,맑음,단일로 - 기타,승용,남,27세,상해없음,보행자,남,28세,경상
2019080100100468,2019년 8월 1일 17시,목요일,경기도 수원시 영통구 이의동,경상사고,0,0,4,0,차대차 - 추돌,안전운전불이행,건조,맑음,단일로 - 기타,승용,남,58세,상해없음,승용,남,42세,경상
2019080100100587,2019년 8월 1일 20시,목요일,경기도 수원시 장안구 영화동,경상사고,0,0,2,0,차대차 - 추돌,안전운전불이행,건조,흐림,단일로 - 기타,화물,남,58세,상해없음,승용,남,39세,경상
2019080100100629,2019년 8월 1일 21시,목요일,경기도 수원시 장안구 조원동,경상사고,0,0,1,0,차대차 - 기타,교차로운행방법위반,건조,맑음,교차로 - 교차로안,승용,남,37세,상해없음,이륜,남,34세,경상
2019080100100630,2019년 8월 1일 21시,목요일,경기도 수원시 영통구 신동,경상사고,0,0,2,0,차대차 - 추돌,안전운전불이행,건조,맑음,교차로 - 교차로부근,승용,남,42세,상해없음,승용,남,28세,경상
2019080200100057,2019년 8월 2일 02시,금요일,경기도 수원시 영통구 영통동,경상사고,0,0,1,0,차대차 - 추돌,안전운전불이행,건조,맑음,단일로 - 기타,승용,남,37세,상해없음,승용,남,45세,경상
2019080200100139,2019년 8월 2일 09시,금요일,경기도 수원시 권선구 권선동,경상사고,0,0,2,0,차대차 - 측면충돌,안전거리미확보,건조,맑음,교차로 - 교차로안,건설기계,남,43세,상해없음,승용,여,31세,경상
2019080200100141,2019년 8월 2일 09시,금요일,경기도 수원시 권선구 곡반정동,경상사고,0,0,1,0,차대사람 - 기타,안전운전불이행,건조,맑음,단일로 - 기타,승합,기타불명,미분류,기타불명,보행자,여,77세,경상
2019080200100207,2019년 8월 2일 11시,금요일,경기도 수원시 권선구 고색동,경상사고,0,0,1,0,차대차 - 측면충돌,신호위반,건조,맑음,교차로 - 교차로안,이륜,남,65세,상해없음,원동기,남,72세,경상
2019080200100249,2019년 8월 2일 12시,금요일,경기도 수원시 영통구 원천동,경상사고,0,0,3,0,차대차 - 기타,차로위반,건조,맑음,단일로 - 기타,화물,남,66세,상해없음,승용,남,62세,경상
2019080200100250,2019년 8월 2일 12시,금요일,경기도 수원시 권선구 세류동,부상신고사고,0,0,0,1,차대사람 - 차도통행중,안전운전불이행,건조,맑음,기타 - 기타,승용,여,54세,상해없음,보행자,여,88세,부상신고
2019080200100330,2019년 8월 2일 14시,금요일,경기도 수원시 장안구 영화동,경상사고,0,0,1,0,차대사람 - 길가장자리구역통행중,안전운전불이행,건조,맑음,교차로 - 교차로부근,승합,남,78세,상해없음,보행자,남,46세,경상
2019080200100334,2019년 8월 2일 14시,금요일,경기도 수원시 권선구 세류동,경상사고,0,0,1,0,차대차 - 측면충돌,안전운전불이행,건조,맑음,단일로 - 기타,이륜,남,32세,경상,승용,남,56세,상해없음
2019080200100406,2019년 8월 2일 16시,금요일,경기도 수원시 장안구 율전동,경상사고,0,0,1,0,차대사람 - 기타,보행자보호의무위반,건조,맑음,단일로 - 기타,승용,남,65세,상해없음,보행자,여,19세,경상
2019080200100451,2019년 8월 2일 17시,금요일,경기도 수원시 장안구 정자동,중상사고,0,1,0,0,차대사람 - 기타,안전운전불이행,건조,맑음,교차로 - 교차로안,승용,남,47세,상해없음,보행자,여,40세,중상
2019080200100460,2019년 8월 2일 17시,금요일,경기도 수원시 영통구 이의동,중상사고,0,1,0,0,차대차 - 측면충돌,안전운전불이행,건조,맑음,교차로 - 교차로안,승용,남,31세,상해없음,승용,여,39세,중상
2019080200100461,2019년 8월 2일 17시,금요일,경기도 수원시 팔달구 인계동,경상사고,0,0,1,0,차대차 - 기타,안전운전불이행,건조,맑음,단일로 - 기타,승용,남,38세,상해없음,승용,여,54세,경상
2019080200100519,2019년 8월 2일 18시,금요일,경기도 수원시 장안구 천천동,중상사고,0,1,1,0,차대사람 - 기타,안전운전불이행,건조,맑음,단일로 - 기타,이륜,남,16세,경상,보행자,남,35세,중상
2019080200100564,2019년 8월 2일 19시,금요일,경기도 수원시 영통구 매탄동,경상사고,0,0,2,0,차대차 - 측면충돌,안전운전불이행,건조,맑음,교차로 - 교차로안,승용,남,40세,경상,승용,남,27세,경상
2019080200100565,2019년 8월 2일 19시,금요일,경기도 수원시 권선구 탑동,경상사고,0,0,1,0,차대차 - 기타,안전운전불이행,건조,맑음,교차로 - 교차로부근,이륜,남,22세,상해없음,승합,남,45세,상해없음
2019080200100603,2019년 8월 2일 20시,금요일,경기도 수원시 영통구 원천동,경상사고,0,0,1,0,차대차 - 측면충돌,신호위반,건조,맑음,단일로 - 기타,화물,남,54세,상해없음,승용,남,43세,경상
2019080200100605,2019년 8월 2일 20시,금요일,경기도 수원시 팔달구 고등동,경상사고,0,0,1,0,차량단독 - 기타,안전운전불이행,건조,맑음,단일로 - 기타,승합,남,54세,상해없음,,,,
2019080200100606,2019년 8월 2일 20시,금요일,경기도 수원시 권선구 구운동,경상사고,0,0,1,0,차량단독 - 기타,안전운전불이행,건조,맑음,단일로 - 기타,승합,남,64세,상해없음,,,,
2019080200100673,2019년 8월 2일 22시,금요일,경기도 수원시 팔달구 인계동,경상사고,0,0,1,0,차대차 - 측면충돌,교차로운행방법위반,건조,맑음,교차로 - 교차로안,승용,여,60세,상해없음,승용,남,32세,경상
2019080300100078,2019년 8월 3일 05시,토요일,경기도 수원시 장안구 연무동,경상사고,0,0,2,5,차대차 - 측면충돌,직진우회전진행방해,건조,맑음,교차로 - 교차로안,승합,남,53세,상해없음,승합,남,27세,부상신고
2019080300100127,2019년 8월 3일 09시,토요일,경기도 수원시 권선구 세류동,경상사고,0,0,2,0,차대차 - 추돌,안전운전불이행,건조,맑음,단일로 - 기타,승용,남,41세,상해없음,승용,남,62세,경상
2019080300100128,2019년 8월 3일 09시,토요일,경기도 수원시 권선구 입북동,경상사고,0,0,4,0,차대차 - 측면충돌,안전운전불이행,건조,맑음,단일로 - 기타,승용,여,54세,상해없음,승용,남,36세,경상
2019080300100319,2019년 8월 3일 15시,토요일,경기도 수원시 팔달구 신풍동,경상사고,0,0,1,0,차대차 - 측면충돌,안전거리미확보,건조,맑음,교차로 - 교차로안,이륜,남,70세,경상,승용,남,59세,상해없음
2019080300100386,2019년 8월 3일 17시,토요일,경기도 수원시 장안구 율전동,경상사고,0,0,1,0,차대사람 - 기타,신호위반,건조,맑음,단일로 - 기타,승합,남,61세,상해없음,보행자,여,25세,경상
2019080300100451,2019년 8월 3일 19시,토요일,경기도 수원시 장안구 정자동,경상사고,0,0,1,0,차대차 - 측면충돌,안전운전불이행,건조,맑음,교차로 - 교차로안,승용,남,59세,상해없음,이륜,남,16세,경상
2019080300100534,2019년 8월 3일 22시,토요일,경기도 수원시 장안구 영화동,중상사고,0,1,0,0,차대차 - 측면충돌,안전운전불이행,건조,맑음,교차로 - 교차로안,승용,남,40세,상해없음,이륜,남,32세,중상
2019080400100059,2019년 8월 4일 02시,일요일,경기도 수원시 장안구 영화동,중상사고,0,1,0,0,차대차 - 기타,안전운전불이행,건조,맑음,단일로 - 기타,승용,여,59세,상해없음,승용,남,50세,기타불명
2019080400100066,2019년 8월 4일 03시,일요일,경기도 수원시 팔달구 매산로1가,경상사고,0,0,1,0,차대차 - 기타,안전거리미확보,건조,맑음,단일로 - 기타,승용,남,21세,상해없음,승용,여,57세,상해없음
2019080400100090,2019년 8월 4일 05시,일요일,경기도 수원시 팔달구 인계동,경상사고,0,0,1,0,차대사람 - 기타,안전운전불이행,건조,맑음,단일로 - 기타,승용,남,30세,상해없음,보행자,남,27세,경상
2019080400100175,2019년 8월 4일 11시,일요일,경기도 수원시 팔달구 인계동,경상사고,0,0,1,0,차대차 - 기타,교차로운행방법위반,건조,맑음,단일로 - 기타,화물,남,61세,상해없음,승용,남,62세,경상
2019080400100233,2019년 8월 4일 13시,일요일,경기도 수원시 팔달구 북수동,경상사고,0,0,1,0,차대차 - 기타,안전거리미확보,건조,맑음,단일로 - 기타,승용,남,69세,상해없음,승용,남,54세,경상
2019080400100269,2019년 8월 4일 14시,일요일,경기도 수원시 영통구 이의동,경상사고,0,0,2,0,차대차 - 추돌,안전거리미확보,건조,맑음,교차로 - 교차로부근,승용,남,39세,상해없음,승용,여,41세,경상
2019080400100501,2019년 8월 4일 22시,일요일,경기도 수원시 팔달구 인계동,경상사고,0,0,1,0,차대차 - 기타,신호위반,건조,맑음,교차로 - 교차로부근,승용,남,34세,상해없음,승용,여,29세,경상
2019080500100031,2019년 8월 5일 01시,월요일,경기도 수원시 팔달구 우만동,중상사고,0,1,0,0,차대차 - 추돌,안전운전불이행,건조,맑음,교차로 - 교차로부근,승용,여,20세,상해없음,승용,남,29세,중상
2019080500100039,2019년 8월 5일 03시,월요일,경기도 수원시 장안구 연무동,경상사고,0,0,1,0,차대차 - 기타,안전운전불이행,건조,맑음,교차로 - 교차로부근,승합,남,65세,경상,승용,남,16세,상해없음
2019080500100110,2019년 8월 5일 08시,월요일,경기도 수원시 영통구 망포동,경상사고,0,0,1,0,차대차 - 측면충돌,불법유턴,건조,맑음,단일로 - 기타,자전거,남,16세,경상,승용,여,62세,상해없음