사고번호,사고일시,요일,시군구,사고내용,사망자수,중상자수,경상자수,부상신고자수,사고유형,법규위반,노면상태,기상상태,도로형태,가해운전자 차종,가해운전자 성별,가해운전자 연령,가해운전자 상해정도,피해운전자 차종,피해운전자 성별,피해운전자 연령,피해운전자 상해정도
2019081400100568,2019년 8월 14일 18시,수요일,경기도 수원시 팔달구 북수동,경상사고,0,0,1,0,차대차 - 기타,안전운전불이행,건조,맑음,단일로 - 기타,이륜,남,33세,경상,승합,남,48세,상해없음
2019081400100574,2019년 8월 14일 18시,수요일,경기도 수원시 팔달구 인계동,부상신고사고,0,0,0,1,차대차 - 측면충돌,안전운전불이행,건조,맑음,기타 - 기타,자전거,여,59세,부상신고,승용,남,41세,상해없음
2019081400100680,2019년 8월 14일 20시,수요일,경기도 수원시 권선구 권선동,경상사고,0,0,1,0,차대사람 - 차도통행중,안전운전불이행,건조,맑음,단일로 - 기타,승용,남,40세,상해없음,보행자,남,43세,경상
2019081400100682,2019년 8월 14일 20시,수요일,경기도 수원시 권선구 구운동,중상사고,0,1,0,0,차대차 - 측면충돌,안전운전불이행,건조,맑음,교차로 - 교차로부근,승용,남,49세,상해없음,사륜오토바이(ATV),남,55세,중상
2019081400100718,2019년 8월 14일 21시,수요일,경기도 수원시 팔달구 북수동,경상사고,0,0,1,0,차대차 - 추돌,불법유턴,건조,맑음,교차로 - 교차로안,승용,남,41세,상해없음,이륜,남,55세,경상
2019081400100724,2019년 8월 14일 21시,수요일,경기도 수원시 영통구 이의동,중상사고,0,1,0,0,차대차 - 측면충돌,신호위반,건조,맑음,교차로 - 교차로안,이륜,남,29세,중상,승합,남,54세,상해없음
2019081400100748,2019년 8월 14일 22시,수요일,경기도 수원시 팔달구 구천동,중상사고,0,1,0,0,차대사람 - 기타,안전운전불이행,건조,맑음,단일로 - 기타,원동기,남,47세,기타불명,보행자,여,61세,중상
2019081400100749,2019년 8월 14일 22시,수요일,경기도 수원시 장안구 영화동,경상사고,0,0,2,0,차대차 - 추돌,안전운전불이행,건조,맑음,단일로 - 기타,승용,남,41세,상해없음,승용,남,29세,경상
2019081400100754,2019년 8월 14일 22시,수요일,경기도 수원시 영통구 하동,경상사고,0,0,4,0,차대차 - 측면충돌,신호위반,건조,맑음,교차로 - 교차로부근,승용,여,29세,상해없음,승용,남,66세,경상
2019081400100757,2019년 8월 14일 22시,수요일,경기도 수원시 팔달구 매교동,부상신고사고,0,0,0,1,차량단독 - 공작물충돌,안전운전불이행,건조,맑음,교차로 - 교차로부근,개인형이동수단(PM),여,52세,부상신고,,,,
2019081500100064,2019년 8월 15일 03시,목요일,경기도 수원시 권선구 호매실동,경상사고,0,0,1,0,차량단독 - 기타,안전운전불이행,건조,흐림,단일로 - 기타,승용,남,66세,상해없음,,,,
2019081500100078,2019년 8월 15일 05시,목요일,경기도 수원시 권선구 오목천동,중상사고,0,1,0,0,차대사람 - 기타,안전운전불이행,건조,맑음,단일로 - 기타,승용,남,33세,상해없음,보행자,남,46세,중상
2019081500100198,2019년 8월 15일 12시,목요일,경기도 수원시 권선구 오목천동,중상사고,0,1,0,0,차대차 - 측면충돌,신호위반,젖음/습기,비,교차로 - 교차로안,승용,남,64세,상해없음,승용,남,73세,중상
2019081500100302,2019년 8월 15일 15시,목요일,경기도 수원시 권선구 평동,중상사고,0,1,0,0,차대사람 - 기타,기타,건조,맑음,단일로 - 기타,승용,남,71세,상해없음,보행자,여,43세,중상
2019081500100303,2019년 8월 15일 15시,목요일,경기도 수원시 권선구 서둔동,경상사고,0,0,2,0,차대차 - 추돌,안전운전불이행,건조,맑음,교차로 - 교차로부근,승합,남,64세,상해없음,승용,남,28세,상해없음
2019081500100335,2019년 8월 15일 16시,목요일,경기도 수원시 팔달구 화서동,경상사고,0,0,2,0,차대차 - 기타,안전운전불이행,건조,맑음,교차로 - 교차로안,승용,여,47세,상해없음,승용,남,56세,경상
2019081500100458,2019년 8월 15일 20시,목요일,경기도 수원시 영통구 영통동,경상사고,0,0,2,0,차대차 - 추돌,안전운전불이행,젖음/습기,흐림,단일로 - 기타,화물,남,48세,상해없음,승용,남,41세,경상
2019081600100055,2019년 8월 16일 05시,금요일,경기도 수원시 권선구 세류동,중상사고,0,2,1,0,차대차 - 측면충돌,신호위반,젖음/습기,비,교차로 - 교차로안,화물,남,59세,상해없음,승용,남,62세,중상
2019081600100059,2019년 8월 16일 05시,금요일,경기도 수원시 권선구 호매실동,중상사고,0,1,0,0,차대차 - 추돌,신호위반,건조,맑음,교차로 - 교차로안,승합,남,56세,상해없음,승용,남,41세,중상
2019081600100086,2019년 8월 16일 07시,금요일,경기도 수원시 장안구 파장동,중상사고,0,1,0,0,차대사람 - 기타,안전운전불이행,건조,맑음,교차로 - 교차로안,승용,남,54세,상해없음,보행자,여,90세 이상,중상
2019081600100112,2019년 8월 16일 08시,금요일,경기도 수원시 장안구 영화동,경상사고,0,0,1,0,차대차 - 측면충돌,안전운전불이행,건조,맑음,교차로 - 교차로안,승용,남,59세,상해없음,자전거,남,16세,경상
2019081600100113,2019년 8월 16일 08시,금요일,경기도 수원시 팔달구 화서동,경상사고,0,0,1,0,차대차 - 측면충돌,안전거리미확보,건조,맑음,단일로 - 기타,승합,남,64세,상해없음,승용,여,48세,경상
2019081600100233,2019년 8월 16일 11시,금요일,경기도 수원시 팔달구 우만동,경상사고,0,0,2,0,차대차 - 추돌,안전운전불이행,건조,맑음,단일로 - 기타,승용,남,76세,상해없음,승용,남,71세,경상
2019081600100270,2019년 8월 16일 12시,금요일,경기도 수원시 장안구 정자동,경상사고,0,0,1,0,차대차 - 추돌,안전운전불이행,건조,맑음,단일로 - 기타,승용,남,30세,상해없음,이륜,남,38세,경상
2019081600100309,2019년 8월 16일 13시,금요일,경기도 수원시 팔달구 우만동,중상사고,0,1,0,0,차대차 - 측면충돌,안전운전불이행,건조,맑음,교차로 - 교차로부근,승용,여,66세,상해없음,이륜,남,55세,중상
2019081600100316,2019년 8월 16일 13시,금요일,경기도 수원시 권선구 호매실동,중상사고,0,1,0,0,차대사람 - 보도통행중,보행자보호의무위반,건조,맑음,교차로 - 교차로횡단보도내,승용,여,34세,상해없음,보행자,남,8세,중상
2019081600100389,2019년 8월 16일 15시,금요일,경기도 수원시 권선구 금곡동,중상사고,0,1,0,0,차대차 - 측면충돌,안전운전불이행,건조,맑음,교차로 - 교차로안,승용,여,37세,상해없음,이륜,남,20세,중상
2019081600100518,2019년 8월 16일 18시,금요일,경기도 수원시 영통구 영통동,중상사고,0,1,0,0,차대차 - 측면충돌,안전운전불이행,건조,맑음,교차로 - 교차로안,승용,남,54세,상해없음,자전거,남,51세,중상
2019081600100609,2019년 8월 16일 20시,금요일,경기도 수원시 영통구 하동,경상사고,0,0,1,0,차대사람 - 횡단중,보행자보호의무위반,건조,맑음,교차로 - 교차로안,승용,남,39세,상해없음,보행자,남,29세,경상
2019081600100610,2019년 8월 16일 20시,금요일,경기도 수원시 팔달구 인계동,경상사고,0,0,2,0,차대차 - 기타,직진우회전진행방해,건조,맑음,단일로 - 기타,승용,여,45세,경상,화물,남,47세,상해없음
2019081600100670,2019년 8월 16일 22시,금요일,경기도 수원시 영통구 이의동,경상사고,0,0,2,0,차대차 - 추돌,안전운전불이행,건조,맑음,단일로 - 터널,승용,남,29세,상해없음,승용,여,48세,경상
2019081600100686,2019년 8월 16일 23시,금요일,경기도 수원시 장안구 조원동,경상사고,0,0,1,0,차대차 - 측면충돌,신호위반,건조,맑음,교차로 - 교차로안,승합,남,56세,상해없음,이륜,남,18세,경상
2019081700100022,2019년 8월 17일 00시,토요일,경기도 수원시 팔달구 매산로2가,부상신고사고,0,0,0,1,차대사람 - 기타,안전운전불이행,건조,맑음,교차로 - 교차로부근,기타불명,기타불명,미분류,기타불명,보행자,남,69세,부상신고
2019081700100065,2019년 8월 17일 03시,토요일,경기도 수원시 팔달구 인계동,경상사고,0,0,1,0,차대차 - 기타,신호위반,건조,맑음,교차로 - 교차로안,승용,남,59세,상해없음,이륜,남,40세,경상
2019081700100106,2019년 8월 17일 06시,토요일,경기도 수원시 팔달구 인계동,경상사고,0,0,1,0,차대차 - 기타,중앙선침범,건조,맑음,단일로 - 기타,승용,남,28세,상해없음,승용,남,53세,경상
2019081700100226,2019년 8월 17일 12시,토요일,경기도 수원시 장안구 송죽동,경상사고,0,0,3,0,차대차 - 추돌,안전운전불이행,젖음/습기,비,단일로 - 기타,승용,남,45세,상해없음,승용,남,50세,경상
2019081700100229,2019년 8월 17일 12시,토요일,경기도 수원시 팔달구 매산로1가,경상사고,0,0,1,0,차대차 - 기타,안전거리미확보,건조,맑음,단일로 - 기타,화물,남,45세,상해없음,승용,남,32세,경상
2019081700100273,2019년 8월 17일 13시,토요일,경기도 수원시 팔달구 인계동,중상사고,0,2,0,0,차대차 - 측면충돌,교차로운행방법위반,건조,맑음,교차로 - 교차로안,승용,남,28세,상해없음,승용,남,29세,중상
2019081700100315,2019년 8월 17일 14시,토요일,경기도 수원시 장안구 영화동,경상사고,0,0,1,0,차대사람 - 기타,안전운전불이행,건조,맑음,단일로 - 기타,승용,여,58세,상해없음,보행자,남,31세,경상
2019081700100358,2019년 8월 17일 15시,토요일,경기도 수원시 권선구 금곡동,중상사고,0,1,0,0,차량단독 - 기타,안전운전불이행,건조,맑음,교차로 - 교차로안,승합,남,39세,상해없음,,,,
2019081700100396,2019년 8월 17일 16시,토요일,경기도 수원시 권선구 권선동,중상사고,0,1,0,0,차대차 - 측면충돌,안전운전불이행,건조,맑음,기타 - 기타,이륜,남,28세,기타불명,자전거,남,71세,중상
2019081700100443,2019년 8월 17일 17시,토요일,경기도 수원시 팔달구 인계동,경상사고,0,0,1,0,차대차 - 측면충돌,교차로운행방법위반,건조,맑음,교차로 - 교차로부근,승용,여,53세,상해없음,승용,남,66세,경상
2019081700100567,2019년 8월 17일 20시,토요일,경기도 수원시 장안구 파장동,경상사고,0,0,2,1,차대차 - 추돌,안전운전불이행,건조,맑음,교차로 - 교차로부근,승용,남,32세,상해없음,승용,여,50세,부상신고
2019081700100592,2019년 8월 17일 21시,토요일,경기도 수원시 팔달구 매산로1가,부상신고사고,0,0,0,1,차대차 - 기타,안전운전불이행,건조,맑음,기타 - 기타,승용,남,72세,상해없음,이륜,남,22세,부상신고
2019081700100645,2019년 8월 17일 23시,토요일,경기도 수원시 팔달구 매산로1가,경상사고,0,0,1,0,차대사람 - 기타,기타,건조,맑음,단일로 - 기타,승합,남,59세,상해없음,보행자,여,25세,경상
2019081800100078,2019년 8월 18일 04시,일요일,경기도 수원시 권선구 고색동,경상사고,0,0,1,0,차대사람 - 길가장자리구역통행중,안전운전불이행,젖음/습기,흐림,단일로 - 기타,기타불명,기타불명,미분류,기타불명,보행자,남,31세,경상
2019081800100156,2019년 8월 18일 11시,일요일,경기도 수원시 팔달구 매산로1가,경상사고,0,0,1,0,차대사람 - 기타,안전운전불이행,건조,맑음,단일로 - 기타,승합,남,57세,상해없음,보행자,남,61세,경상
2019081800100197,2019년 8월 18일 13시,일요일,경기도 수원시 장안구 파장동,중상사고,0,1,0,0,차대차 - 측면충돌,안전거리미확보,건조,맑음,단일로 - 기타,승용,남,30세,상해없음,승용,남,31세,중상
2019081800100232,2019년 8월 18일 14시,일요일,경기도 수원시 장안구 파장동,중상사고,0,1,0,0,차대사람 - 횡단중,안전운전불이행,건조,맑음,단일로 - 기타,승용,여,58세,상해없음,보행자,여,10세,중상
2019081800100259,2019년 8월 18일 15시,일요일,경기도 수원시 장안구 송죽동,경상사고,0,0,3,0,차대차 - 기타,신호위반,건조,맑음,단일로 - 기타,승용,남,47세,상해없음,승용,여,51세,경상
2019081800100315,2019년 8월 18일 17시,일요일,경기도 수원시 팔달구 매산로2가,경상사고,0,0,1,0,차대차 - 추돌,안전운전불이행,건조,맑음,교차로 - 교차로부근,승용,남,51세,상해없음,승합,남,52세,경상
2019081800100347,2019년 8월 18일 18시,일요일,경기도 수원시 권선구 서둔동,경상사고,0,0,4,0,차대차 - 추돌,안전운전불이행,건조,맑음,단일로 - 기타,승용,남,30세,경상,승용,남,26세,상해없음
2019081800100379,2019년 8월 18일 19시,일요일,경기도 수원시 영통구 망포동,경상사고,0,0,1,0,차대사람 - 횡단중,신호위반,건조,흐림,교차로 - 교차로횡단보도내,이륜,남,35세,기타불명,보행자,남,5세,경상
2019081800100431,2019년 8월 18일 21시,일요일,경기도 수원시 권선구 세류동,경상사고,0,0,1,0,차대사람 - 기타,기타,건조,맑음,기타 - 기타,승용,남,48세,상해없음,보행자,남,43세,경상
2019081800100455,2019년 8월 18일 22시,일요일,경기도 수원시 장안구 연무동,경상사고,0,0,2,0,차대차 - 추돌,안전거리미확보,건조,맑음,교차로 - 교차로부근,승용,남,37세,상해없음,승용,여,60세,경상
2019081800100473,2019년 8월 18일 23시,일요일,경기도 수원시 권선구 곡반정동,경상사고,0,0,1,0,차대차 - 측면충돌,중앙선침범,건조,맑음,단일로 - 기타,이륜,남,57세,상해없음,개인형이동수단(PM),남,40세,경상
2019081900100053,2019년 8월 19일 04시,월요일,경기도 수원시 권선구 호매실동,중상사고,0,1,0,0,차대차 - 측면충돌,신호위반,건조,맑음,교차로 - 교차로횡단보도내,승용,여,61세,상해없음,자전거,남,62세,중상
2019081900100065,2019년 8월 19일 06시,월요일,경기도 수원시 권선구 입북동,경상사고,0,0,1,0,차대차 - 측면충돌,안전운전불이행,건조,맑음,기타 - 기타,화물,남,44세,상해없음,승용,남,31세,경상
2019081900100082,2019년 8월 19일 07시,월요일,경기도 수원시 권선구 서둔동,경상사고,0,0,2,0,차대차 - 측면충돌,안전운전불이행,건조,맑음,교차로 - 교차로안,승합,남,55세,상해없음,승용,여,45세,경상
2019081900100123,2019년 8월 19일 08시,월요일,경기도 수원시 권선구 고색동,중상사고,0,1,0,0,차대차 - 측면충돌,안전운전불이행,건조,맑음,교차로 - 교차로안,승용,남,23세,상해없음,승용,여,54세,중상
2019081900100124,2019년 8월 19일 08시,월요일,경기도 수원시 권선구 호매실동,중상사고,0,1,0,0,차대차 - 측면충돌,신호위반,건조,맑음,교차로 - 교차로안,승용,여,66세,상해없음,이륜,남,16세,중상
2019081900100157,2019년 8월 19일 09시,월요일,경기도 수원시 장안구 정자동,경상사고,0,0,3,0,차대차 - 측면충돌,신호위반,건조,맑음,교차로 - 교차로안,승합,남,65세,상해없음,승용,남,60세,경상
2019081900100162,2019년 8월 19일 09시,월요일,경기도 수원시 권선구 구운동,중상사고,0,1,0,0,차대사람 - 차도통행중,안전운전불이행,건조,맑음,단일로 - 기타,승용,남,74세,상해없음,보행자,여,82세,중상
2019081900100198,2019년 8월 19일 10시,월요일,경기도 수원시 영통구 영통동,경상사고,0,0,1,0,차대차 - 측면충돌,안전운전불이행,건조,맑음,교차로 - 교차로안,화물,남,39세,상해없음,승용,여,38세,경상
2019081900100221,2019년 8월 19일 11시,월요일,경기도 수원시 장안구 정자동,중상사고,0,2,1,0,차대차 - 기타,신호위반,건조,맑음,교차로 - 교차로안,승용,남,67세,상해없음,승용,남,62세,중상
2019081900100317,2019년 8월 19일 14시,월요일,경기도 수원시 팔달구 화서동,중상사고,0,1,0,0,차대사람 - 횡단중,안전운전불이행,건조,맑음,교차로 - 교차로안,승용,남,49세,상해없음,보행자,여,71세,중상
2019081900100390,2019년 8월 19일 16시,월요일,경기도 수원시 장안구 조원동,부상신고사고,0,0,0,1,차대차 - 기타,신호위반,건조,맑음,교차로 - 교차로안,승용,여,72세,상해없음,승용,여,64세,부상신고
2019081900100391,2019년 8월 19일 16시,월요일,경기도 수원시 팔달구 화서동,중상사고,0,1,0,0,차대차 - 기타,안전운전불이행,건조,맑음,단일로 - 지하차도(도로)내,기타불명,기타불명,미분류,기타불명,이륜,남,58세,중상
2019081900100392,2019년 8월 19일 16시,월요일,경기도 수원시 장안구 송죽동,경상사고,0,0,1,0,차대차 - 측면충돌,안전운전불이행,건조,맑음,교차로 - 교차로안,승용,남,47세,경상,화물,남,57세,기타불명
2019081900100470,2019년 8월 19일 18시,월요일,경기도 수원시 권선구 구운동,경상사고,0,0,1,0,차량단독 - 기타,안전운전불이행,건조,맑음,단일로 - 기타,승합,남,49세,상해없음,,,,
2019081900100514,2019년 8월 19일 19시,월요일,경기도 수원시 팔달구 팔달로2가,경상사고,0,0,2,0,차대차 - 후진중충돌,불법유턴,건조,맑음,교차로 - 교차로안,승용,남,36세,기타불명,승용,남,46세,경상
2019081900100571,2019년 8월 19일 21시,월요일,경기도 수원시 영통구 원천동,경상사고,0,0,1,0,차대차 - 추돌,안전운전불이행,건조,맑음,단일로 - 기타,승용,남,53세,상해없음,승용,여,33세,경상
2019081900100617,2019년 8월 19일 23시,월요일,경기도 수원시 영통구 원천동,경상사고,0,0,1,0,차대차 - 측면충돌,교차로운행방법위반,건조,맑음,교차로 - 교차로안,승용,여,53세,상해없음,승용,여,38세,경상
2019082000100040,2019년 8월 20일 01시,화요일,경기도 수원시 팔달구 교동,사망사고,1,0,0,0,차대사람 - 횡단중,과속,건조,맑음,단일로 - 기타,승용,남,49세,상해없음,보행자,여,48세,사망
2019082000100065,2019년 8월 20일 05시,화요일,경기도 수원시 장안구 파장동,경상사고,0,0,3,1,차대차 - 기타,신호위반,건조,맑음,교차로 - 교차로안,이륜,남,53세,부상신고,승용,남,59세,경상
2019082000100109,2019년 8월 20일 08시,화요일,경기도 수원시 팔달구 화서동,부상신고사고,0,0,0,1,차대차 - 추돌,안전거리미확보,건조,맑음,단일로 - 기타,승용,여,51세,상해없음,승용,남,65세,부상신고
2019082000100121,2019년 8월 20일 08시,화요일,경기도 수원시 권선구 고색동,경상사고,0,0,1,0,차대차 - 기타,안전운전불이행,건조,맑음,교차로 - 교차로부근,승용,남,69세,상해없음,이륜,남,36세,경상
2019082000100201,2019년 8월 20일 10시,화요일,경기도 수원시 영통구 영통동,경상사고,0,0,1,0,차대차 - 측면충돌,신호위반,건조,맑음,교차로 - 교차로안,화물,남,35세,상해없음,승용,남,60세,경상
2019082000100227,2019년 8월 20일 11시,화요일,경기도 수원시 권선구 권선동,사망사고,1,0,0,0,차대사람 - 횡단중,안전운전불이행,건조,맑음,교차로 - 교차로횡단보도내,승용,남,21세,상해없음,보행자,여,53세,사망
2019082000100323,2019년 8월 20일 14시,화요일,경기도 수원시 장안구 송죽동,경상사고,0,0,2,0,차대차 - 기타,안전운전불이행,건조,맑음,교차로 - 교차로부근,이륜,남,29세,경상,화물,남,28세,경상
2019082000100332,2019년 8월 20일 14시,화요일,경기도 수원시 영통구 하동,경상사고,0,0,2,0,차대차 - 측면충돌,신호위반,건조,맑음,교차로 - 교차로안,승용,남,57세,상해없음,승용,여,39세,경상
2019082000100402,2019년 8월 20일 16시,화요일,경기도 수원시 팔달구 신풍동,경상사고,0,0,1,0,차대차 - 추돌,교차로운행방법위반,건조,맑음,교차로 - 교차로안,승용,남,46세,상해없음,이륜,남,48세,경상
2019082000100448,2019년 8월 20일 17시,화요일,경기도 수원시 권선구 구운동,경상사고,0,0,1,0,차대차 - 측면충돌,안전거리미확보,건조,맑음,단일로 - 기타,승용,남,58세,상해없음,승용,여,41세,경상
2019082000100577,2019년 8월 20일 20시,화요일,경기도 수원시 장안구 송죽동,경상사고,0,0,1,0,차대차 - 기타,안전운전불이행,건조,맑음,교차로 - 교차로안,승용,남,46세,상해없음,자전거,여,14세,경상
2019082000100607,2019년 8월 20일 21시,화요일,경기도 수원시 권선구 고색동,경상사고,0,0,1,0,차대차 - 측면충돌,안전운전불이행,건조,맑음,단일로 - 기타,승합,남,60세,상해없음,이륜,남,19세,경상
2019082100100050,2019년 8월 21일 02시,수요일,경기도 수원시 장안구 영화동,경상사고,0,0,1,0,차대사람 - 횡단중,안전운전불이행,건조,맑음,교차로 - 교차로안,승용,남,67세,상해없음,보행자,남,49세,경상
2019082100100056,2019년 8월 21일 03시,수요일,경기도 수원시 권선구 오목천동,경상사고,0,0,1,0,차대차 - 측면충돌,안전운전불이행,건조,맑음,단일로 - 기타,승용,남,37세,상해없음,화물,남,64세,경상
2019082100100070,2019년 8월 21일 05시,수요일,경기도 수원시 영통구 영통동,사망사고,1,0,0,0,차대사람 - 횡단중,안전운전불이행,건조,맑음,교차로 - 교차로횡단보도내,화물,남,54세,상해없음,보행자,남,64세,사망
2019082100100131,2019년 8월 21일 08시,수요일,경기도 수원시 권선구 고색동,중상사고,0,1,4,0,차대차 - 기타,교차로운행방법위반,건조,맑음,교차로 - 교차로부근,승용,여,51세,경상,승합,남,69세,상해없음
2019082100100160,2019년 8월 21일 09시,수요일,경기도 수원시 장안구 영화동,경상사고,0,0,1,0,차대차 - 추돌,안전운전불이행,건조,맑음,단일로 - 기타,승용,여,56세,상해없음,승용,여,48세,경상
2019082100100216,2019년 8월 21일 11시,수요일,경기도 수원시 장안구 조원동,경상사고,0,0,4,0,차대차 - 기타,중앙선침범,건조,맑음,교차로 - 교차로안,승용,남,74세,상해없음,승용,남,61세,경상
2019082100100286,2019년 8월 21일 13시,수요일,경기도 수원시 영통구 영통동,경상사고,0,0,1,0,차대차 - 측면충돌,중앙선침범,건조,맑음,단일로 - 기타,화물,남,56세,상해없음,화물,남,34세,경상
2019082100100324,2019년 8월 21일 14시,수요일,경기도 수원시 팔달구 고등동,경상사고,0,0,1,0,차대차 - 기타,신호위반,건조,맑음,교차로 - 교차로안,기타불명,기타불명,미분류,기타불명,승합,남,42세,상해없음
2019082100100399,2019년 8월 21일 16시,수요일,경기도 수원시 팔달구 중동,경상사고,0,0,1,0,차대차 - 기타,신호위반,건조,맑음,교차로 - 교차로안,승합,남,40세,상해없음,승합,남,56세,상해없음
2019082100100451,2019년 8월 21일 17시,수요일,경기도 수원시 권선구 구운동,경상사고,0,0,1,0,차대사람 - 기타,안전운전불이행,건조,맑음,교차로 - 교차로안,승용,여,33세,상해없음,보행자,남,90세 이상,경상
2019082100100494,2019년 8월 21일 18시,수요일,경기도 수원시 팔달구 우만동,경상사고,0,0,1,0,차대차 - 기타,신호위반,건조,맑음,교차로 - 교차로안,승용,남,32세,상해없음,이륜,남,40세,경상
2019082100100597,2019년 8월 21일 20시,수요일,경기도 수원시 권선구 권선동,경상사고,0,0,1,0,차대차 - 측면충돌,신호위반,건조,맑음,단일로 - 기타,승용,여,30세,상해없음,승용,남,35세,경상
2019082100100671,2019년 8월 21일 22시,수요일,경기도 수원시 팔달구 우만동,부상신고사고,0,0,0,2,차대차 - 측면충돌,안전거리미확보,건조,맑음,교차로 - 교차로부근,승용,여,58세,기타불명,승용,남,28세,부상신고
2019082100100702,2019년 8월 21일 23시,수요일,경기도 수원시 영통구 매탄동,경상사고,0,0,3,0,차대차 - 정면충돌,중앙선침범,건조,맑음,교차로 - 교차로안,승용,여,51세,상해없음,승용,남,29세,경상
2019082100100703,2019년 8월 21일 23시,수요일,경기도 수원시 권선구 서둔동,경상사고,0,0,1,0,차대차 - 정면충돌,신호위반,건조,맑음,교차로 - 교차로안,승용,남,33세,상해없음,승용,여,32세,경상
2019082200100028,2019년 8월 22일 00시,목요일,경기도 수원시 권선구 탑동,경상사고,0,0,2,0,차대차 - 추돌,안전운전불이행,건조,맑음,단일로 - 기타,승용,남,45세,상해없음,승용,남,45세,경상
2019082200100063,2019년 8월 22일 02시,목요일,경기도 수원시 팔달구 인계동,경상사고,0,0,1,0,차대사람 - 차도통행중,안전운전불이행,건조,맑음,단일로 - 기타,이륜,남,16세,상해없음,보행자,남,46세,경상
2019082200100085,2019년 8월 22일 05시,목요일,경기도 수원시 장안구 조원동,경상사고,0,0,1,0,차대차 - 측면충돌,불법유턴,건조,맑음,단일로 - 기타,승용,남,70세,상해없음,승용,여,44세,경상
2019082200100189,2019년 8월 22일 09시,목요일,경기도 수원시 장안구 정자동,경상사고,0,0,1,0,차대사람 - 보도통행중,기타,건조,맑음,기타 - 기타,자전거,여,29세,상해없음,보행자,남,2세,경상
2019082200100191,2019년 8월 22일 09시,목요일,경기도 수원시 팔달구 인계동,경상사고,0,0,1,0,차대차 - 기타,안전운전불이행,건조,맑음,단일로 - 기타,승용,남,25세,상해없음,승용,여,42세,경상
2019082200100220,2019년 8월 22일 10시,목요일,경기도 수원시 팔달구 화서동,경상사고,0,0,3,1,차대차 - 추돌,안전운전불이행,건조,맑음,단일로 - 기타,승합,여,54세,상해없음,승용,여,48세,경상
2019082200100253,2019년 8월 22일 11시,목요일,경기도 수원시 팔달구 중동,경상사고,0,0,2,0,차대차 - 추돌,안전운전불이행,건조,맑음,교차로 - 교차로안,승용,남,70세,상해없음,승용,남,43세,경상
2019082200100257,2019년 8월 22일 11시,목요일,경기도 수원시 권선구 권선동,경상사고,0,0,1,0,차대차 - 기타,안전거리미확보,건조,맑음,교차로 - 교차로부근,이륜,남,48세,경상,승용,남,44세,상해없음
2019082200100351,2019년 8월 22일 14시,목요일,경기도 수원시 권선구 곡반정동,경상사고,0,0,2,0,차대차 - 기타,안전운전불이행,건조,맑음,기타 - 기타,승용,여,40세,상해없음,승합,남,36세,경상
2019082200100391,2019년 8월 22일 15시,목요일,경기도 수원시 영통구 이의동,경상사고,0,0,1,0,차대차 - 기타,안전거리미확보,건조,맑음,교차로 - 교차로부근,건설기계,남,55세,상해없음,화물,남,33세,경상
2019082200100422,2019년 8월 22일 16시,목요일,경기도 수원시 권선구 곡반정동,부상신고사고,0,0,0,5,차대차 - 측면충돌,교차로운행방법위반,건조,맑음,교차로 - 교차로안,승용,여,42세,상해없음,승용,여,34세,부상신고
2019082200100510,2019년 8월 22일 18시,목요일,경기도 수원시 팔달구 중동,경상사고,0,0,5,0,차량단독 - 기타,안전운전불이행,건조,맑음,단일로 - 기타,승합,여,58세,상해없음,,,,
2019082200100511,2019년 8월 22일 18시,목요일,경기도 수원시 장안구 이목동,부상신고사고,0,0,0,1,차량단독 - 기타,안전운전불이행,건조,맑음,단일로 - 기타,승합,남,57세,상해없음,,,,
2019082200100563,2019년 8월 22일 19시,목요일,경기도 수원시 팔달구 신풍동,경상사고,0,0,3,0,차대차 - 기타,안전운전불이행,건조,맑음,단일로 - 기타,승용,남,45세,상해없음,승용,남,25세,경상
2019082300100113,2019년 8월 23일 07시,금요일,경기도 수원시 장안구 정자동,경상사고,0,0,1,0,차량단독 - 기타,안전운전불이행,건조,맑음,단일로 - 기타,승합,남,60세,상해없음,,,,
2019082300100277,2019년 8월 23일 12시,금요일,경기도 수원시 장안구 정자동,경상사고,0,0,4,0,차대차 - 측면충돌,안전운전불이행,건조,맑음,교차로 - 교차로안,승용,여,33세,상해없음,승용,남,69세,경상
2019082300100312,2019년 8월 23일 13시,금요일,경기도 수원시 팔달구 매산로2가,부상신고사고,0,0,0,1,차대사람 - 기타,안전운전불이행,건조,맑음,단일로 - 기타,승용,남,46세,상해없음,보행자,남,26세,부상신고
2019082300100376,2019년 8월 23일 15시,금요일,경기도 수원시 영통구 매탄동,경상사고,0,0,1,0,차대사람 - 기타,안전운전불이행,건조,맑음,기타 - 기타,승용,남,66세,상해없음,보행자,여,58세,경상
2019082300100455,2019년 8월 23일 17시,금요일,경기도 수원시 장안구 천천동,경상사고,0,0,1,0,차대사람 - 횡단중,기타,건조,맑음,단일로 - 기타,승용,여,31세,상해없음,보행자,여,10세,경상
2019082300100465,2019년 8월 23일 17시,금요일,경기도 수원시 권선구 세류동,중상사고,0,2,1,0,차대차 - 추돌,안전거리미확보,건조,맑음,단일로 - 기타,승용,남,26세,경상,승용,여,31세,상해없음
2019082300100528,2019년 8월 23일 18시,금요일,경기도 수원시 영통구 이의동,경상사고,0,0,1,0,차대차 - 기타,안전운전불이행,건조,맑음,단일로 - 기타,이륜,남,27세,경상,승용,남,31세,상해없음