사고번호,사고일시,요일,시군구,사고내용,사망자수,중상자수,경상자수,부상신고자수,사고유형,법규위반,노면상태,기상상태,도로형태,가해운전자 차종,가해운전자 성별,가해운전자 연령,가해운전자 상해정도,피해운전자 차종,피해운전자 성별,피해운전자 연령,피해운전자 상해정도
2019082300100529,2019년 8월 23일 18시,금요일,경기도 수원시 팔달구 교동,경상사고,0,0,1,0,차대사람 - 보도통행중,안전운전불이행,건조,맑음,단일로 - 기타,자전거,남,60세,상해없음,보행자,여,61세,경상
2019082300100530,2019년 8월 23일 18시,금요일,경기도 수원시 권선구 금곡동,경상사고,0,0,2,0,차대차 - 기타,안전운전불이행,건조,맑음,단일로 - 기타,자전거,여,9세,경상,승용,여,43세,기타불명
2019082300100574,2019년 8월 23일 19시,금요일,경기도 수원시 팔달구 중동,경상사고,0,0,1,0,차대차 - 측면충돌,차로위반,건조,맑음,교차로 - 교차로안,승용,남,55세,기타불명,승용,남,30세,경상
2019082300100620,2019년 8월 23일 20시,금요일,경기도 수원시 영통구 영통동,중상사고,0,1,0,0,차대차 - 추돌,안전거리미확보,건조,맑음,단일로 - 기타,승합,남,48세,상해없음,승용,여,57세,중상
2019082300100680,2019년 8월 23일 22시,금요일,경기도 수원시 팔달구 인계동,중상사고,0,1,0,0,차대차 - 측면충돌,안전운전불이행,건조,맑음,단일로 - 기타,승용,여,49세,상해없음,승용,여,57세,중상
2019082300100682,2019년 8월 23일 22시,금요일,경기도 수원시 권선구 금곡동,경상사고,0,0,2,1,차대차 - 추돌,안전운전불이행,건조,흐림,단일로 - 기타,이륜,남,23세,부상신고,승용,남,26세,경상
2019082400100036,2019년 8월 24일 00시,토요일,경기도 수원시 권선구 권선동,중상사고,0,1,0,0,차대사람 - 횡단중,안전운전불이행,건조,맑음,단일로 - 기타,승용,남,23세,상해없음,보행자,남,49세,중상
2019082400100051,2019년 8월 24일 01시,토요일,경기도 수원시 팔달구 인계동,경상사고,0,0,1,0,차대사람 - 기타,안전운전불이행,건조,맑음,단일로 - 기타,승용,남,49세,상해없음,보행자,남,26세,경상
2019082400100131,2019년 8월 24일 07시,토요일,경기도 수원시 장안구 율전동,경상사고,0,0,2,0,차대차 - 기타,신호위반,건조,맑음,교차로 - 교차로안,승용,남,75세,상해없음,승용,남,64세,경상
2019082400100203,2019년 8월 24일 10시,토요일,경기도 수원시 영통구 매탄동,중상사고,0,1,0,0,차량단독 - 전도전복 - 전도,안전운전불이행,건조,맑음,교차로 - 교차로안,이륜,남,28세,중상,,,,
2019082400100277,2019년 8월 24일 12시,토요일,경기도 수원시 영통구 원천동,경상사고,0,0,2,0,차대차 - 추돌,안전운전불이행,건조,맑음,교차로 - 교차로부근,원동기,남,26세,상해없음,승용,남,56세,경상
2019082400100280,2019년 8월 24일 12시,토요일,경기도 수원시 팔달구 매산로1가,경상사고,0,0,1,0,차대차 - 추돌,안전운전불이행,건조,맑음,단일로 - 기타,승용,여,58세,상해없음,승용,남,47세,경상
2019082400100352,2019년 8월 24일 14시,토요일,경기도 수원시 권선구 세류동,경상사고,0,0,1,0,차대사람 - 기타,안전운전불이행,건조,맑음,단일로 - 기타,승용,남,33세,상해없음,보행자,여,64세,경상
2019082400100375,2019년 8월 24일 15시,토요일,경기도 수원시 팔달구 매교동,경상사고,0,0,1,0,차대차 - 측면충돌,중앙선침범,건조,맑음,단일로 - 기타,자전거,남,63세,경상,화물,남,52세,상해없음
2019082400100408,2019년 8월 24일 16시,토요일,경기도 수원시 팔달구 우만동,중상사고,0,1,0,0,차대차 - 기타,신호위반,건조,맑음,교차로 - 교차로안,승합,남,41세,상해없음,개인형이동수단(PM),남,22세,중상
2019082400100442,2019년 8월 24일 17시,토요일,경기도 수원시 장안구 연무동,경상사고,0,0,1,0,차대차 - 기타,신호위반,건조,맑음,교차로 - 교차로부근,승용,남,58세,상해없음,승용,여,40세,상해없음
2019082400100451,2019년 8월 24일 17시,토요일,경기도 수원시 팔달구 매산로1가,경상사고,0,0,2,0,차대차 - 기타,안전운전불이행,건조,맑음,교차로 - 교차로부근,승합,남,54세,상해없음,승용,남,71세,상해없음
2019082400100549,2019년 8월 24일 20시,토요일,경기도 수원시 장안구 정자동,경상사고,0,0,2,0,차대차 - 기타,신호위반,건조,맑음,교차로 - 교차로안,화물,남,67세,경상,승용,여,54세,경상
2019082400100624,2019년 8월 24일 22시,토요일,경기도 수원시 팔달구 매산로1가,사망사고,1,0,0,0,차대사람 - 횡단중,안전운전불이행,건조,맑음,단일로 - 기타,화물,남,59세,상해없음,보행자,남,54세,사망
2019082400100625,2019년 8월 24일 22시,토요일,경기도 수원시 권선구 금곡동,경상사고,0,0,1,0,차대차 - 추돌,안전거리미확보,건조,맑음,단일로 - 기타,기타불명,기타불명,미분류,기타불명,승용,남,57세,상해없음
2019082500100043,2019년 8월 25일 02시,일요일,경기도 수원시 장안구 정자동,중상사고,0,1,1,0,차대차 - 측면충돌,신호위반,건조,맑음,교차로 - 교차로안,승용,남,55세,상해없음,승용,남,37세,경상
2019082500100138,2019년 8월 25일 10시,일요일,경기도 수원시 영통구 매탄동,경상사고,0,0,1,0,차대사람 - 차도통행중,안전운전불이행,건조,맑음,단일로 - 기타,승용,남,52세,상해없음,보행자,남,18세,경상
2019082500100156,2019년 8월 25일 11시,일요일,경기도 수원시 팔달구 팔달로2가,경상사고,0,0,1,0,차대차 - 측면충돌,안전거리미확보,건조,맑음,단일로 - 기타,이륜,남,18세,경상,승용,여,49세,상해없음
2019082500100224,2019년 8월 25일 13시,일요일,경기도 수원시 팔달구 매향동,중상사고,0,1,0,0,차대사람 - 기타,안전운전불이행,건조,맑음,단일로 - 기타,승용,남,20세,상해없음,보행자,여,78세,중상
2019082500100226,2019년 8월 25일 13시,일요일,경기도 수원시 권선구 권선동,경상사고,0,0,1,0,차대차 - 기타,교차로운행방법위반,건조,맑음,교차로 - 교차로안,승용,남,69세,상해없음,이륜,남,42세,경상
2019082500100254,2019년 8월 25일 14시,일요일,경기도 수원시 장안구 조원동,경상사고,0,0,1,0,차대사람 - 기타,보행자보호의무위반,건조,맑음,교차로 - 교차로부근,승용,여,53세,상해없음,보행자,남,23세,경상
2019082500100385,2019년 8월 25일 18시,일요일,경기도 수원시 장안구 영화동,경상사고,0,0,3,0,차대차 - 추돌,안전운전불이행,건조,맑음,교차로 - 교차로안,승용,여,61세,상해없음,승용,여,37세,경상
2019082500100421,2019년 8월 25일 19시,일요일,경기도 수원시 팔달구 화서동,중상사고,0,1,0,0,차대차 - 측면충돌,기타,건조,맑음,단일로 - 기타,승용,여,21세,상해없음,이륜,남,21세,중상
2019082500100426,2019년 8월 25일 19시,일요일,경기도 수원시 영통구 매탄동,중상사고,0,1,0,0,차량단독 - 기타,안전운전불이행,건조,맑음,교차로 - 교차로안,이륜,남,48세,중상,,,,
2019082500100515,2019년 8월 25일 22시,일요일,경기도 수원시 권선구 권선동,경상사고,0,0,2,0,차대차 - 측면충돌,차로위반,건조,맑음,교차로 - 교차로안,승용,여,58세,상해없음,승용,남,36세,경상
2019082500100530,2019년 8월 25일 23시,일요일,경기도 수원시 장안구 연무동,경상사고,0,0,4,1,차대차 - 추돌,안전운전불이행,건조,맑음,단일로 - 기타,승용,여,40세,상해없음,승용,남,28세,부상신고
2019082600100070,2019년 8월 26일 05시,월요일,경기도 수원시 장안구 정자동,경상사고,0,0,1,0,차대차 - 추돌,안전운전불이행,건조,맑음,교차로 - 교차로부근,승용,남,29세,상해없음,승용,남,79세,경상
2019082600100071,2019년 8월 26일 05시,월요일,경기도 수원시 권선구 탑동,중상사고,0,1,0,0,차대차 - 측면충돌,신호위반,건조,맑음,교차로 - 교차로횡단보도내,화물,남,51세,상해없음,자전거,여,70세,중상
2019082600100088,2019년 8월 26일 06시,월요일,경기도 수원시 권선구 오목천동,경상사고,0,0,1,0,차대사람 - 기타,안전운전불이행,기타,맑음,주차장 - 주차장,승용,남,64세,상해없음,보행자,남,38세,경상
2019082600100269,2019년 8월 26일 11시,월요일,경기도 수원시 권선구 입북동,중상사고,0,1,0,0,차대차 - 기타,안전운전불이행,건조,맑음,단일로 - 기타,화물,남,57세,상해없음,자전거,남,59세,중상
2019082600100270,2019년 8월 26일 11시,월요일,경기도 수원시 권선구 평동,경상사고,0,0,1,0,차대차 - 추돌,안전운전불이행,건조,맑음,교차로 - 교차로부근,승용,남,23세,상해없음,화물,남,53세,경상
2019082600100308,2019년 8월 26일 12시,월요일,경기도 수원시 장안구 조원동,경상사고,0,0,4,0,차대차 - 측면충돌,차로위반,건조,맑음,교차로 - 교차로부근,승용,여,57세,경상,승용,남,28세,경상
2019082600100339,2019년 8월 26일 13시,월요일,경기도 수원시 장안구 송죽동,중상사고,0,1,0,0,차대차 - 기타,안전거리미확보,건조,맑음,단일로 - 기타,승용,남,64세,상해없음,이륜,남,28세,중상
2019082600100346,2019년 8월 26일 13시,월요일,경기도 수원시 영통구 원천동,중상사고,0,1,0,0,차대사람 - 횡단중,안전운전불이행,건조,맑음,교차로 - 교차로횡단보도내,승용,남,55세,상해없음,보행자,여,37세,중상
2019082600100509,2019년 8월 26일 17시,월요일,경기도 수원시 장안구 정자동,경상사고,0,0,4,0,차대차 - 기타,안전운전불이행,건조,맑음,단일로 - 기타,화물,남,39세,상해없음,승용,남,44세,경상
2019082600100559,2019년 8월 26일 18시,월요일,경기도 수원시 권선구 평동,중상사고,0,1,0,0,차대차 - 추돌,안전거리미확보,건조,맑음,단일로 - 기타,승용,여,37세,상해없음,승용,남,34세,중상
2019082600100630,2019년 8월 26일 20시,월요일,경기도 수원시 팔달구 매산로1가,경상사고,0,0,1,0,차대사람 - 기타,안전운전불이행,건조,맑음,단일로 - 기타,승용,남,37세,상해없음,보행자,여,26세,경상
2019082600100660,2019년 8월 26일 21시,월요일,경기도 수원시 권선구 고색동,중상사고,0,1,0,0,차대차 - 기타,안전운전불이행,건조,맑음,단일로 - 기타,승용,남,34세,상해없음,개인형이동수단(PM),남,42세,중상
2019082600100711,2019년 8월 26일 23시,월요일,경기도 수원시 장안구 영화동,경상사고,0,0,1,0,차대차 - 기타,안전거리미확보,건조,맑음,교차로 - 교차로안,승용,남,42세,상해없음,승합,남,37세,상해없음
2019082700100047,2019년 8월 27일 01시,화요일,경기도 수원시 영통구 이의동,경상사고,0,0,1,1,차대차 - 측면충돌,신호위반,젖음/습기,비,단일로 - 기타,승용,남,60세,상해없음,승용,남,38세,경상
2019082700100231,2019년 8월 27일 10시,화요일,경기도 수원시 팔달구 인계동,경상사고,0,0,1,0,차대차 - 측면충돌,안전운전불이행,건조,맑음,기타 - 기타,승용,여,61세,상해없음,승용,여,52세,경상
2019082700100290,2019년 8월 27일 12시,화요일,경기도 수원시 영통구 매탄동,경상사고,0,0,4,0,차대차 - 추돌,안전운전불이행,건조,흐림,단일로 - 기타,승용,여,48세,상해없음,승용,여,40세,경상
2019082700100349,2019년 8월 27일 14시,화요일,경기도 수원시 팔달구 인계동,경상사고,0,0,1,0,차대차 - 추돌,안전운전불이행,건조,맑음,단일로 - 터널,승합,남,23세,상해없음,승용,남,33세,경상
2019082700100354,2019년 8월 27일 14시,화요일,경기도 수원시 권선구 세류동,경상사고,0,0,1,0,차대차 - 정면충돌,안전운전불이행,건조,맑음,단일로 - 기타,이륜,남,45세,상해없음,자전거,남,89세,경상
2019082700100389,2019년 8월 27일 15시,화요일,경기도 수원시 권선구 서둔동,경상사고,0,0,1,0,차대차 - 측면충돌,안전운전불이행,건조,맑음,단일로 - 기타,승용,남,41세,상해없음,원동기,남,33세,경상
2019082700100543,2019년 8월 27일 19시,화요일,경기도 수원시 권선구 탑동,경상사고,0,0,1,0,차대차 - 기타,안전운전불이행,건조,맑음,교차로 - 교차로부근,승용,남,52세,상해없음,이륜,남,35세,경상
2019082700100590,2019년 8월 27일 20시,화요일,경기도 수원시 장안구 영화동,경상사고,0,0,1,0,차대차 - 측면충돌,안전거리미확보,건조,맑음,단일로 - 기타,승용,남,36세,상해없음,승합,남,38세,경상
2019082700100594,2019년 8월 27일 20시,화요일,경기도 수원시 권선구 권선동,중상사고,0,1,0,0,차대차 - 기타,안전운전불이행,건조,맑음,단일로 - 기타,승용,남,57세,기타불명,이륜,남,31세,중상
2019082700100596,2019년 8월 27일 20시,화요일,경기도 수원시 권선구 구운동,부상신고사고,0,0,0,1,차대차 - 추돌,안전운전불이행,건조,흐림,교차로 - 교차로부근,승용,남,22세,기타불명,승용,여,58세,부상신고
2019082800100030,2019년 8월 28일 00시,수요일,경기도 수원시 권선구 탑동,경상사고,0,0,2,0,차대차 - 후진중충돌,안전운전불이행,건조,맑음,단일로 - 기타,승용,여,34세,상해없음,승용,남,36세,경상
2019082800100071,2019년 8월 28일 05시,수요일,경기도 수원시 권선구 세류동,부상신고사고,0,0,0,1,차대차 - 측면충돌,안전운전불이행,건조,맑음,단일로 - 기타,화물,남,63세,상해없음,자전거,남,23세,부상신고
2019082800100127,2019년 8월 28일 08시,수요일,경기도 수원시 장안구 천천동,경상사고,0,0,1,0,차대차 - 기타,교차로운행방법위반,건조,맑음,교차로 - 교차로안,승용,여,42세,상해없음,승용,여,29세,경상
2019082800100137,2019년 8월 28일 08시,수요일,경기도 수원시 영통구 이의동,경상사고,0,0,1,0,차대사람 - 횡단중,안전운전불이행,건조,맑음,교차로 - 교차로안,승용,남,40세,상해없음,보행자,여,26세,경상
2019082800100178,2019년 8월 28일 09시,수요일,경기도 수원시 영통구 매탄동,경상사고,0,0,1,0,차대사람 - 차도통행중,안전운전불이행,건조,맑음,교차로 - 교차로안,승용,여,53세,상해없음,보행자,여,76세,경상
2019082800100265,2019년 8월 28일 12시,수요일,경기도 수원시 권선구 오목천동,경상사고,0,0,6,1,차대차 - 기타,신호위반,건조,맑음,교차로 - 교차로안,승용,여,58세,경상,승용,남,72세,경상
2019082800100363,2019년 8월 28일 15시,수요일,경기도 수원시 영통구 영통동,경상사고,0,0,3,0,차대차 - 기타,신호위반,건조,맑음,교차로 - 교차로부근,승용,여,37세,경상,자전거,남,11세,경상
2019082800100397,2019년 8월 28일 16시,수요일,경기도 수원시 팔달구 화서동,경상사고,0,0,1,0,차대차 - 기타,안전거리미확보,건조,맑음,단일로 - 기타,승용,여,42세,상해없음,자전거,남,42세,경상
2019082800100475,2019년 8월 28일 18시,수요일,경기도 수원시 장안구 조원동,경상사고,0,0,1,0,차대사람 - 횡단중,안전운전불이행,건조,맑음,교차로 - 교차로부근,승용,남,18세,상해없음,보행자,남,8세,경상
2019082800100481,2019년 8월 28일 18시,수요일,경기도 수원시 영통구 원천동,경상사고,0,0,1,0,차대차 - 기타,안전운전불이행,건조,흐림,교차로 - 교차로부근,승용,남,66세,상해없음,승용,남,34세,경상
2019082800100589,2019년 8월 28일 21시,수요일,경기도 수원시 팔달구 인계동,경상사고,0,0,1,0,차대차 - 측면충돌,신호위반,건조,맑음,교차로 - 교차로횡단보도내,이륜,남,24세,상해없음,이륜,여,49세,경상
2019082800100590,2019년 8월 28일 21시,수요일,경기도 수원시 영통구 망포동,경상사고,0,0,1,0,차대사람 - 길가장자리구역통행중,안전운전불이행,건조,맑음,단일로 - 기타,승용,남,29세,상해없음,보행자,여,77세,경상
2019082900100031,2019년 8월 29일 00시,목요일,경기도 수원시 권선구 호매실동,경상사고,0,0,1,0,차대차 - 추돌,안전운전불이행,건조,맑음,교차로 - 교차로부근,승용,남,24세,상해없음,화물,남,38세,경상
2019082900100051,2019년 8월 29일 02시,목요일,경기도 수원시 팔달구 영동,중상사고,0,1,1,0,차대차 - 측면충돌,신호위반,건조,맑음,교차로 - 교차로안,이륜,여,23세,중상,승용,남,31세,경상
2019082900100178,2019년 8월 29일 10시,목요일,경기도 수원시 장안구 영화동,중상사고,0,1,0,0,차대차 - 추돌,기타,건조,맑음,단일로 - 기타,승용,남,57세,상해없음,자전거,남,61세,중상
2019082900100233,2019년 8월 29일 12시,목요일,경기도 수원시 영통구 영통동,경상사고,0,0,1,0,차대사람 - 횡단중,신호위반,건조,맑음,교차로 - 교차로횡단보도내,이륜,남,22세,상해없음,보행자,여,25세,경상
2019082900100328,2019년 8월 29일 15시,목요일,경기도 수원시 팔달구 화서동,경상사고,0,0,1,0,차대차 - 추돌,안전운전불이행,건조,맑음,단일로 - 기타,승합,남,64세,상해없음,승용,남,31세,경상
2019082900100563,2019년 8월 29일 20시,목요일,경기도 수원시 장안구 파장동,중상사고,0,1,0,0,차대사람 - 차도통행중,안전운전불이행,젖음/습기,비,교차로 - 교차로안,이륜,남,44세,상해없음,보행자,여,80세,중상
2019082900100564,2019년 8월 29일 20시,목요일,경기도 수원시 장안구 영화동,경상사고,0,0,1,0,차대차 - 추돌,안전운전불이행,건조,맑음,교차로 - 교차로부근,승용,남,38세,상해없음,화물,남,58세,경상
2019082900100603,2019년 8월 29일 21시,목요일,경기도 수원시 장안구 영화동,경상사고,0,0,1,0,차대차 - 기타,안전운전불이행,건조,맑음,단일로 - 기타,승용,여,53세,상해없음,승용,남,31세,경상
2019082900100650,2019년 8월 29일 22시,목요일,경기도 수원시 권선구 세류동,경상사고,0,0,2,0,차대사람 - 기타,보행자보호의무위반,건조,맑음,교차로 - 교차로부근,승용,여,49세,상해없음,보행자,남,52세,경상
2019083000100134,2019년 8월 30일 08시,금요일,경기도 수원시 장안구 천천동,경상사고,0,0,2,0,차대차 - 기타,직진우회전진행방해,건조,맑음,교차로 - 교차로안,승용,남,61세,상해없음,승용,남,45세,경상
2019083000100135,2019년 8월 30일 08시,금요일,경기도 수원시 장안구 영화동,경상사고,0,0,1,0,차량단독 - 기타,안전운전불이행,건조,맑음,단일로 - 기타,승합,남,58세,상해없음,,,,
2019083000100185,2019년 8월 30일 09시,금요일,경기도 수원시 권선구 호매실동,경상사고,0,0,1,0,차대차 - 기타,안전거리미확보,건조,맑음,단일로 - 기타,승용,남,59세,상해없음,승용,여,56세,경상
2019083000100252,2019년 8월 30일 11시,금요일,경기도 수원시 팔달구 화서동,경상사고,0,0,2,0,차대차 - 측면충돌,안전거리미확보,건조,맑음,단일로 - 기타,승용,남,37세,상해없음,승합,남,50세,상해없음
2019083000100293,2019년 8월 30일 12시,금요일,경기도 수원시 팔달구 인계동,중상사고,0,1,0,0,차대차 - 측면충돌,신호위반,건조,맑음,교차로 - 교차로부근,승용,남,39세,상해없음,이륜,남,40세,중상
2019083000100323,2019년 8월 30일 13시,금요일,경기도 수원시 권선구 권선동,경상사고,0,0,1,0,차대차 - 기타,안전운전불이행,건조,맑음,단일로 - 기타,승용,여,47세,상해없음,이륜,남,36세,경상
2019083000100704,2019년 8월 30일 20시,금요일,경기도 수원시 권선구 권선동,경상사고,0,0,1,0,차대차 - 측면충돌,안전운전불이행,건조,맑음,단일로 - 기타,승용,남,26세,경상,승용,남,62세,상해없음
2019083000100707,2019년 8월 30일 20시,금요일,경기도 수원시 팔달구 교동,경상사고,0,0,1,0,차대사람 - 기타,안전운전불이행,건조,맑음,단일로 - 기타,화물,남,64세,상해없음,보행자,남,71세,경상
2019083000100778,2019년 8월 30일 22시,금요일,경기도 수원시 권선구 구운동,중상사고,0,1,0,0,차대차 - 기타,신호위반,건조,맑음,교차로 - 교차로안,승용,남,44세,상해없음,이륜,남,41세,중상
2019083100100060,2019년 8월 31일 01시,토요일,경기도 수원시 권선구 입북동,경상사고,0,0,3,0,차대차 - 추돌,안전거리미확보,건조,맑음,단일로 - 기타,승용,남,63세,경상,승용,여,60세,경상
2019083100100115,2019년 8월 31일 05시,토요일,경기도 수원시 팔달구 팔달로2가,경상사고,0,0,1,0,차대차 - 기타,교차로운행방법위반,건조,맑음,교차로 - 교차로안,승용,남,65세,상해없음,자전거,남,58세,경상
2019083100100117,2019년 8월 31일 05시,토요일,경기도 수원시 팔달구 인계동,경상사고,0,0,1,0,차대사람 - 차도통행중,안전운전불이행,건조,맑음,단일로 - 기타,승용,남,38세,상해없음,보행자,남,24세,경상
2019083100100139,2019년 8월 31일 06시,토요일,경기도 수원시 영통구 원천동,경상사고,0,0,1,0,차대차 - 기타,안전거리미확보,건조,맑음,교차로 - 교차로안,승용,남,38세,상해없음,승용,남,55세,상해없음
2019083100100142,2019년 8월 31일 06시,토요일,경기도 수원시 팔달구 고등동,경상사고,0,0,1,0,차대차 - 측면충돌,안전운전불이행,건조,맑음,교차로 - 교차로안,승용,남,65세,상해없음,승용,여,27세,경상
2019083100100260,2019년 8월 31일 10시,토요일,경기도 수원시 권선구 권선동,경상사고,0,0,1,0,차대차 - 기타,신호위반,건조,맑음,교차로 - 교차로횡단보도내,승용,남,56세,상해없음,자전거,여,39세,경상
2019083100100261,2019년 8월 31일 10시,토요일,경기도 수원시 권선구 호매실동,경상사고,0,0,1,0,차대사람 - 기타,기타,건조,맑음,단일로 - 기타,승용,남,29세,상해없음,보행자,여,22세,경상
2019083100100413,2019년 8월 31일 14시,토요일,경기도 수원시 장안구 조원동,경상사고,0,0,1,0,차대사람 - 기타,안전운전불이행,건조,맑음,단일로 - 기타,승용,남,50세,상해없음,보행자,여,19세,경상
2019083100100494,2019년 8월 31일 16시,토요일,경기도 수원시 권선구 구운동,경상사고,0,0,1,0,차대차 - 기타,직진우회전진행방해,건조,맑음,교차로 - 교차로안,이륜,남,27세,경상,승용,여,41세,상해없음
2019083100100534,2019년 8월 31일 17시,토요일,경기도 수원시 장안구 영화동,경상사고,0,0,1,0,차대사람 - 횡단중,안전운전불이행,건조,맑음,교차로 - 교차로안,자전거,남,83세,경상,보행자,남,61세,상해없음
2019083100100578,2019년 8월 31일 18시,토요일,경기도 수원시 권선구 권선동,경상사고,0,0,1,0,차대사람 - 기타,안전운전불이행,건조,맑음,단일로 - 기타,자전거,남,15세,상해없음,보행자,남,74세,경상
2019083100100580,2019년 8월 31일 18시,토요일,경기도 수원시 권선구 서둔동,경상사고,0,0,1,0,차대사람 - 기타,기타,건조,맑음,단일로 - 기타,자전거,남,34세,상해없음,보행자,남,51세,경상
2019083100100581,2019년 8월 31일 18시,토요일,경기도 수원시 권선구 오목천동,경상사고,0,0,1,0,차대차 - 측면충돌,안전거리미확보,건조,맑음,단일로 - 기타,특수,남,52세,상해없음,이륜,남,26세,경상
2019083100100582,2019년 8월 31일 18시,토요일,경기도 수원시 권선구 서둔동,경상사고,0,0,3,0,차대차 - 측면충돌,안전운전불이행,건조,맑음,교차로 - 교차로부근,승용,여,21세,상해없음,승용,남,59세,경상
2019083100100669,2019년 8월 31일 20시,토요일,경기도 수원시 장안구 영화동,경상사고,0,0,1,0,차대차 - 측면충돌,불법유턴,건조,맑음,교차로 - 교차로안,승용,남,44세,상해없음,이륜,남,24세,경상
2019083100100670,2019년 8월 31일 20시,토요일,경기도 수원시 팔달구 팔달로3가,중상사고,0,1,2,0,차대차 - 측면충돌,차로위반,건조,맑음,기타 - 기타,승용,남,62세,상해없음,승용,남,64세,경상
2019083100100695,2019년 8월 31일 21시,토요일,경기도 수원시 장안구 영화동,중상사고,0,1,0,0,차대사람 - 기타,안전운전불이행,건조,맑음,단일로 - 기타,화물,남,49세,상해없음,보행자,남,47세,중상
2019083100100699,2019년 8월 31일 21시,토요일,경기도 수원시 팔달구 인계동,경상사고,0,0,2,0,차대차 - 측면충돌,교차로운행방법위반,건조,맑음,교차로 - 교차로안,승용,여,36세,상해없음,승용,남,36세,경상
2019083100100718,2019년 8월 31일 22시,토요일,경기도 수원시 팔달구 인계동,중상사고,0,1,0,0,차대사람 - 기타,안전운전불이행,건조,맑음,기타 - 기타,승용,남,19세,상해없음,보행자,남,37세,중상
2019090100100056,2019년 9월 1일 02시,일요일,경기도 수원시 팔달구 인계동,중상사고,0,1,0,0,차대사람 - 기타,안전운전불이행,건조,맑음,교차로 - 교차로안,승용,남,22세,상해없음,보행자,여,28세,중상
2019090100100091,2019년 9월 1일 05시,일요일,경기도 수원시 영통구 원천동,중상사고,0,1,0,0,차대사람 - 기타,안전운전불이행,건조,맑음,교차로 - 교차로부근,승용,남,54세,상해없음,보행자,남,51세,중상
2019090100100111,2019년 9월 1일 08시,일요일,경기도 수원시 팔달구 인계동,중상사고,0,1,0,0,차대차 - 측면충돌,안전운전불이행,건조,맑음,교차로 - 교차로안,승용,남,34세,상해없음,이륜,남,39세,중상
2019090100100129,2019년 9월 1일 09시,일요일,경기도 수원시 권선구 탑동,경상사고,0,0,1,1,차대차 - 측면충돌,안전운전불이행,건조,맑음,단일로 - 기타,승용,남,43세,상해없음,승용,여,40세,경상
2019090100100172,2019년 9월 1일 11시,일요일,경기도 수원시 팔달구 매산로2가,경상사고,0,0,4,0,차대차 - 기타,교차로운행방법위반,건조,맑음,교차로 - 교차로안,승용,여,57세,상해없음,승용,남,45세,경상
2019090100100173,2019년 9월 1일 11시,일요일,경기도 수원시 권선구 서둔동,경상사고,0,0,1,0,차대차 - 기타,안전거리미확보,건조,맑음,단일로 - 기타,승용,여,21세,상해없음,승용,남,33세,경상
2019090100100192,2019년 9월 1일 12시,일요일,경기도 수원시 권선구 세류동,중상사고,0,1,0,0,차대차 - 측면충돌,신호위반,건조,맑음,단일로 - 기타,승용,남,38세,상해없음,이륜,남,26세,중상
2019090100100193,2019년 9월 1일 12시,일요일,경기도 수원시 권선구 서둔동,경상사고,0,0,1,0,차대차 - 기타,안전운전불이행,건조,맑음,단일로 - 기타,승용,여,50세,상해없음,승용,남,27세,경상
2019090100100315,2019년 9월 1일 16시,일요일,경기도 수원시 팔달구 화서동,경상사고,0,0,1,2,차대차 - 추돌,안전운전불이행,건조,맑음,단일로 - 기타,승용,여,43세,상해없음,승용,남,52세,경상
2019090100100453,2019년 9월 1일 20시,일요일,경기도 수원시 장안구 송죽동,경상사고,0,0,1,0,차대차 - 기타,직진우회전진행방해,건조,맑음,교차로 - 교차로안,이륜,남,21세,경상,승용,여,47세,상해없음
2019090100100456,2019년 9월 1일 20시,일요일,경기도 수원시 팔달구 인계동,경상사고,0,0,1,0,차대사람 - 차도통행중,안전운전불이행,건조,맑음,단일로 - 기타,승용,여,20세,상해없음,보행자,남,38세,경상
2019090100100484,2019년 9월 1일 21시,일요일,경기도 수원시 영통구 이의동,중상사고,0,1,0,0,차대차 - 측면충돌,신호위반,건조,맑음,교차로 - 교차로안,승용,남,46세,상해없음,이륜,남,29세,중상
2019090200100088,2019년 9월 2일 07시,월요일,경기도 수원시 장안구 영화동,경상사고,0,0,1,0,차대사람 - 횡단중,신호위반,건조,맑음,단일로 - 기타,승용,남,46세,상해없음,보행자,남,55세,경상
2019090200100129,2019년 9월 2일 08시,월요일,경기도 수원시 영통구 이의동,경상사고,0,0,1,0,차대차 - 기타,안전운전불이행,건조,맑음,교차로 - 교차로안,승용,남,51세,상해없음,승용,여,30세,경상
2019090200100179,2019년 9월 2일 09시,월요일,경기도 수원시 장안구 연무동,경상사고,0,0,3,0,차대차 - 추돌,안전거리미확보,건조,맑음,교차로 - 교차로부근,건설기계,남,59세,상해없음,승합,남,47세,경상
2019090200100184,2019년 9월 2일 09시,월요일,경기도 수원시 권선구 세류동,중상사고,0,1,0,0,차대사람 - 횡단중,안전운전불이행,건조,맑음,교차로 - 교차로횡단보도내,승용,남,50세,상해없음,보행자,여,78세,중상
2019090200100300,2019년 9월 2일 12시,월요일,경기도 수원시 영통구 매탄동,중상사고,0,1,0,0,차대차 - 측면충돌,안전운전불이행,건조,맑음,단일로 - 기타,화물,남,48세,상해없음,승합,남,37세,중상
2019090200100301,2019년 9월 2일 12시,월요일,경기도 수원시 영통구 망포동,경상사고,0,0,3,0,차대차 - 측면충돌,신호위반,건조,맑음,교차로 - 교차로안,승합,남,41세,상해없음,승용,여,46세,경상
2019090200100377,2019년 9월 2일 14시,월요일,경기도 수원시 팔달구 우만동,경상사고,0,0,1,0,차량단독 - 기타,안전운전불이행,건조,맑음,단일로 - 기타,승합,남,39세,상해없음,,,,