사고번호,사고일시,요일,시군구,사고내용,사망자수,중상자수,경상자수,부상신고자수,사고유형,법규위반,노면상태,기상상태,도로형태,가해운전자 차종,가해운전자 성별,가해운전자 연령,가해운전자 상해정도,피해운전자 차종,피해운전자 성별,피해운전자 연령,피해운전자 상해정도
2019090200100480,2019년 9월 2일 17시,월요일,경기도 수원시 영통구 원천동,중상사고,0,1,0,0,차대사람 - 차도통행중,안전운전불이행,건조,맑음,기타 - 기타,승용,여,42세,상해없음,보행자,여,23세,중상
2019090200100481,2019년 9월 2일 17시,월요일,경기도 수원시 영통구 망포동,부상신고사고,0,0,0,1,차대차 - 측면충돌,안전운전불이행,건조,맑음,교차로 - 교차로안,자전거,남,13세,부상신고,승용,여,36세,상해없음
2019090200100642,2019년 9월 2일 20시,월요일,경기도 수원시 권선구 세류동,경상사고,0,0,1,0,차대사람 - 보도통행중,과속,건조,맑음,단일로 - 기타,원동기,남,33세,상해없음,보행자,여,72세,경상
2019090200100676,2019년 9월 2일 21시,월요일,경기도 수원시 장안구 이목동,중상사고,0,1,0,0,차대사람 - 기타,과속,건조,맑음,단일로 - 기타,승용,남,34세,상해없음,보행자,여,32세,중상
2019090200100740,2019년 9월 2일 23시,월요일,경기도 수원시 권선구 세류동,중상사고,0,1,0,0,차대차 - 기타,불법유턴,건조,맑음,교차로 - 교차로횡단보도내,자전거,남,19세,상해없음,이륜,남,17세,중상
2019090300100064,2019년 9월 3일 04시,화요일,경기도 수원시 권선구 구운동,경상사고,0,0,1,0,차대차 - 추돌,안전운전불이행,건조,맑음,교차로 - 교차로부근,승용,여,39세,상해없음,화물,남,57세,경상
2019090300100081,2019년 9월 3일 06시,화요일,경기도 수원시 장안구 연무동,중상사고,0,1,0,0,차대차 - 추돌,신호위반,건조,맑음,단일로 - 기타,승용,남,66세,상해없음,자전거,여,64세,중상
2019090300100096,2019년 9월 3일 07시,화요일,경기도 수원시 장안구 영화동,경상사고,0,0,1,0,차대차 - 측면충돌,안전운전불이행,건조,맑음,교차로 - 교차로안,승용,남,60세,상해없음,자전거,여,70세,경상
2019090300100138,2019년 9월 3일 08시,화요일,경기도 수원시 권선구 탑동,경상사고,0,0,1,0,차대차 - 측면충돌,안전운전불이행,건조,맑음,단일로 - 기타,승합,남,45세,상해없음,승용,여,48세,상해없음
2019090300100268,2019년 9월 3일 12시,화요일,경기도 수원시 영통구 원천동,중상사고,0,1,0,0,차대차 - 기타,중앙선침범,젖음/습기,흐림,단일로 - 기타,승용,여,62세,상해없음,이륜,남,28세,중상
2019090300100297,2019년 9월 3일 13시,화요일,경기도 수원시 장안구 정자동,중상사고,0,2,0,0,차대차 - 기타,신호위반,건조,맑음,교차로 - 교차로안,승용,남,70세,상해없음,승용,여,31세,중상
2019090300100335,2019년 9월 3일 14시,화요일,경기도 수원시 팔달구 지동,경상사고,0,0,1,0,차대사람 - 기타,안전운전불이행,건조,맑음,단일로 - 기타,화물,여,66세,상해없음,보행자,여,54세,상해없음
2019090300100379,2019년 9월 3일 15시,화요일,경기도 수원시 팔달구 매교동,중상사고,0,2,0,0,차대차 - 측면충돌,신호위반,건조,흐림,교차로 - 교차로안,승합,남,56세,중상,화물,남,48세,중상
2019090300100513,2019년 9월 3일 18시,화요일,경기도 수원시 장안구 천천동,중상사고,0,1,0,0,차대차 - 기타,안전운전불이행,건조,맑음,교차로 - 교차로안,이륜,남,47세,중상,승용,여,53세,상해없음
2019090300100575,2019년 9월 3일 19시,화요일,경기도 수원시 권선구 권선동,경상사고,0,0,1,0,차대사람 - 횡단중,신호위반,건조,맑음,교차로 - 교차로횡단보도내,이륜,남,43세,기타불명,보행자,여,52세,경상
2019090300100578,2019년 9월 3일 19시,화요일,경기도 수원시 팔달구 매산로1가,경상사고,0,0,2,0,차대차 - 기타,안전운전불이행,건조,맑음,교차로 - 교차로부근,승용,남,60세,상해없음,승용,남,23세,경상
2019090300100642,2019년 9월 3일 20시,화요일,경기도 수원시 권선구 오목천동,경상사고,0,0,2,0,차대차 - 추돌,안전운전불이행,건조,맑음,단일로 - 기타,승용,여,60세,상해없음,승용,남,34세,경상
2019090300100671,2019년 9월 3일 21시,화요일,경기도 수원시 영통구 원천동,경상사고,0,0,1,0,차대사람 - 차도통행중,안전운전불이행,건조,맑음,교차로 - 교차로부근,승용,남,31세,상해없음,보행자,남,47세,경상
2019090300100672,2019년 9월 3일 21시,화요일,경기도 수원시 영통구 영통동,경상사고,0,0,1,1,차대차 - 기타,차로위반,건조,맑음,단일로 - 기타,승용,여,39세,기타불명,승용,여,40세,경상
2019090300100712,2019년 9월 3일 23시,화요일,경기도 수원시 영통구 영통동,경상사고,0,0,2,0,차대차 - 측면충돌,안전거리미확보,건조,맑음,단일로 - 기타,승용,남,39세,상해없음,승용,남,62세,경상
2019090400100049,2019년 9월 4일 03시,수요일,경기도 수원시 팔달구 인계동,경상사고,0,0,1,0,차대차 - 기타,안전운전불이행,건조,맑음,교차로 - 교차로안,승용,남,30세,상해없음,승용,남,27세,경상
2019090400100071,2019년 9월 4일 06시,수요일,경기도 수원시 권선구 권선동,중상사고,0,1,0,0,차대차 - 기타,안전운전불이행,젖음/습기,비,기타 - 기타,자전거,남,77세,중상,승용,남,47세,상해없음
2019090400100089,2019년 9월 4일 07시,수요일,경기도 수원시 영통구 매탄동,중상사고,0,2,1,0,차대차 - 추돌,안전운전불이행,젖음/습기,비,기타 - 기타,승용,여,31세,상해없음,승용,남,45세,경상
2019090400100091,2019년 9월 4일 07시,수요일,경기도 수원시 권선구 호매실동,경상사고,0,0,1,0,차량단독 - 기타,안전운전불이행,젖음/습기,비,교차로 - 교차로안,승합,남,38세,상해없음,,,,
2019090400100121,2019년 9월 4일 08시,수요일,경기도 수원시 장안구 조원동,경상사고,0,0,1,0,차대차 - 측면충돌,안전운전불이행,젖음/습기,흐림,교차로 - 교차로안,승용,남,29세,상해없음,화물,남,39세,경상
2019090400100240,2019년 9월 4일 11시,수요일,경기도 수원시 권선구 권선동,중상사고,0,1,0,0,차대사람 - 기타,안전운전불이행,젖음/습기,비,단일로 - 기타,이륜,남,37세,상해없음,보행자,여,29세,중상
2019090400100277,2019년 9월 4일 12시,수요일,경기도 수원시 영통구 원천동,경상사고,0,0,1,1,차대차 - 측면충돌,신호위반,젖음/습기,흐림,교차로 - 교차로부근,승용,여,61세,부상신고,승용,여,52세,경상
2019090400100325,2019년 9월 4일 14시,수요일,경기도 수원시 팔달구 화서동,경상사고,0,0,1,0,차대사람 - 기타,안전운전불이행,건조,맑음,단일로 - 기타,화물,남,30세,상해없음,보행자,남,8세,경상
2019090400100347,2019년 9월 4일 15시,수요일,경기도 수원시 장안구 송죽동,경상사고,0,0,1,0,차대사람 - 기타,신호위반,건조,맑음,교차로 - 교차로횡단보도내,화물,남,52세,상해없음,보행자,남,13세,경상
2019090400100349,2019년 9월 4일 15시,수요일,경기도 수원시 팔달구 매교동,중상사고,0,1,0,0,차대사람 - 기타,중앙선침범,젖음/습기,비,교차로 - 교차로횡단보도내,자전거,남,12세,상해없음,보행자,남,13세,중상
2019090400100387,2019년 9월 4일 16시,수요일,경기도 수원시 팔달구 화서동,중상사고,0,1,0,0,차량단독 - 기타,안전운전불이행,건조,맑음,단일로 - 기타,승합,남,57세,상해없음,,,,
2019090400100425,2019년 9월 4일 17시,수요일,경기도 수원시 장안구 천천동,경상사고,0,0,1,0,차대차 - 기타,신호위반,젖음/습기,비,교차로 - 교차로안,승용,여,30세,상해없음,승용,남,40세,경상
2019090400100582,2019년 9월 4일 20시,수요일,경기도 수원시 영통구 영통동,중상사고,0,1,1,0,차대차 - 추돌,안전운전불이행,건조,맑음,기타 - 기타,승용,남,36세,상해없음,승용,남,62세,경상
2019090400100618,2019년 9월 4일 21시,수요일,경기도 수원시 팔달구 매산로2가,중상사고,0,1,1,0,차대사람 - 횡단중,신호위반,젖음/습기,비,단일로 - 기타,승용,남,23세,상해없음,보행자,여,52세,중상
2019090400100644,2019년 9월 4일 22시,수요일,경기도 수원시 팔달구 우만동,경상사고,0,0,1,0,차대차 - 후진중충돌,안전운전불이행,건조,맑음,단일로 - 기타,승용,여,64세,상해없음,승용,여,38세,경상
2019090400100650,2019년 9월 4일 22시,수요일,경기도 수원시 권선구 구운동,경상사고,0,0,1,0,차대차 - 기타,안전운전불이행,젖음/습기,흐림,교차로 - 교차로부근,승용,남,37세,경상,승용,여,40세,상해없음
2019090500100057,2019년 9월 5일 02시,목요일,경기도 수원시 팔달구 인계동,경상사고,0,0,3,0,차대차 - 기타,교차로운행방법위반,젖음/습기,비,교차로 - 교차로부근,승용,여,37세,상해없음,승용,남,38세,경상
2019090500100072,2019년 9월 5일 04시,목요일,경기도 수원시 권선구 권선동,경상사고,0,0,1,0,차대차 - 측면충돌,신호위반,건조,맑음,교차로 - 교차로부근,승용,남,22세,상해없음,승용,남,30세,상해없음
2019090500100145,2019년 9월 5일 08시,목요일,경기도 수원시 장안구 영화동,경상사고,0,0,1,0,차대차 - 측면충돌,신호위반,젖음/습기,비,교차로 - 교차로안,승용,남,35세,상해없음,승용,남,23세,경상
2019090500100150,2019년 9월 5일 08시,목요일,경기도 수원시 팔달구 인계동,중상사고,0,1,1,0,차대차 - 측면충돌,교차로운행방법위반,건조,맑음,교차로 - 교차로안,승용,남,66세,상해없음,화물,남,54세,중상
2019090500100151,2019년 9월 5일 08시,목요일,경기도 수원시 영통구 원천동,중상사고,0,1,0,0,차대차 - 추돌,안전운전불이행,건조,맑음,단일로 - 기타,승용,여,42세,상해없음,승용,남,43세,중상
2019090500100154,2019년 9월 5일 08시,목요일,경기도 수원시 권선구 구운동,경상사고,0,0,1,0,차대차 - 기타,안전운전불이행,젖음/습기,흐림,교차로 - 교차로부근,승용,남,77세,상해없음,승용,여,42세,경상
2019090500100155,2019년 9월 5일 08시,목요일,경기도 수원시 권선구 서둔동,경상사고,0,0,1,0,차대사람 - 기타,안전운전불이행,젖음/습기,흐림,기타 - 기타,승용,여,43세,상해없음,보행자,여,21세,경상
2019090500100266,2019년 9월 5일 11시,목요일,경기도 수원시 권선구 탑동,경상사고,0,0,1,0,차대차 - 추돌,안전운전불이행,건조,맑음,교차로 - 교차로부근,승용,여,66세,상해없음,승용,여,34세,경상
2019090500100288,2019년 9월 5일 12시,목요일,경기도 수원시 장안구 연무동,경상사고,0,0,1,0,차대사람 - 기타,신호위반,젖음/습기,비,교차로 - 교차로횡단보도내,이륜,여,77세,상해없음,보행자,남,59세,경상
2019090500100320,2019년 9월 5일 13시,목요일,경기도 수원시 권선구 곡반정동,경상사고,0,0,1,0,차대차 - 측면충돌,교차로운행방법위반,건조,맑음,교차로 - 교차로안,승용,남,65세,상해없음,이륜,남,40세,경상
2019090500100351,2019년 9월 5일 14시,목요일,경기도 수원시 장안구 율전동,부상신고사고,0,0,0,1,차대차 - 기타,교차로운행방법위반,젖음/습기,비,교차로 - 교차로안,승용,여,51세,상해없음,이륜,남,40세,부상신고
2019090500100355,2019년 9월 5일 14시,목요일,경기도 수원시 팔달구 인계동,경상사고,0,0,1,0,차대차 - 측면충돌,신호위반,젖음/습기,비,교차로 - 교차로안,승용,남,65세,상해없음,승용,여,59세,경상
2019090500100478,2019년 9월 5일 17시,목요일,경기도 수원시 장안구 영화동,중상사고,0,1,0,0,차대차 - 기타,직진우회전진행방해,젖음/습기,비,교차로 - 교차로안,승용,남,58세,상해없음,이륜,남,36세,중상
2019090500100517,2019년 9월 5일 18시,목요일,경기도 수원시 팔달구 교동,경상사고,0,0,2,0,차대차 - 기타,안전운전불이행,건조,맑음,교차로 - 교차로안,이륜,남,21세,경상,승용,남,64세,경상
2019090500100518,2019년 9월 5일 18시,목요일,경기도 수원시 팔달구 우만동,경상사고,0,0,1,0,차대사람 - 횡단중,보행자보호의무위반,건조,맑음,교차로 - 교차로횡단보도내,승용,남,52세,상해없음,보행자,남,58세,경상
2019090500100527,2019년 9월 5일 18시,목요일,경기도 수원시 영통구 영통동,경상사고,0,0,1,0,차대차 - 기타,직진우회전진행방해,젖음/습기,비,교차로 - 교차로안,승용,남,48세,상해없음,이륜,남,33세,경상
2019090500100576,2019년 9월 5일 19시,목요일,경기도 수원시 권선구 입북동,부상신고사고,0,0,0,1,차대차 - 측면충돌,안전운전불이행,건조,맑음,단일로 - 기타,화물,남,48세,상해없음,이륜,남,32세,부상신고
2019090500100611,2019년 9월 5일 20시,목요일,경기도 수원시 권선구 세류동,중상사고,0,1,0,0,차대차 - 측면충돌,교차로운행방법위반,건조,맑음,교차로 - 교차로안,승용,여,53세,상해없음,승용,남,40세,중상
2019090500100613,2019년 9월 5일 20시,목요일,경기도 수원시 권선구 금곡동,경상사고,0,0,1,0,차대차 - 추돌,안전운전불이행,건조,맑음,단일로 - 기타,승합,남,49세,상해없음,승용,남,34세,경상
2019090500100646,2019년 9월 5일 21시,목요일,경기도 수원시 장안구 송죽동,경상사고,0,0,1,0,차대사람 - 기타,안전운전불이행,젖음/습기,비,교차로 - 교차로안,승용,남,38세,상해없음,보행자,여,63세,경상
2019090500100696,2019년 9월 5일 23시,목요일,경기도 수원시 팔달구 우만동,중상사고,0,1,0,0,차대사람 - 횡단중,안전운전불이행,건조,맑음,단일로 - 기타,이륜,남,52세,상해없음,보행자,남,61세,중상
2019090500100697,2019년 9월 5일 23시,목요일,경기도 수원시 영통구 이의동,경상사고,0,0,2,0,차대차 - 추돌,안전운전불이행,젖음/습기,비,단일로 - 터널,승용,남,33세,상해없음,승용,남,29세,경상
2019090600100025,2019년 9월 6일 00시,금요일,경기도 수원시 영통구 원천동,경상사고,0,0,1,1,차대사람 - 횡단중,보행자보호의무위반,건조,맑음,단일로 - 기타,이륜,남,25세,부상신고,보행자,남,25세,경상
2019090600100026,2019년 9월 6일 00시,금요일,경기도 수원시 영통구 원천동,경상사고,0,0,1,0,차대차 - 추돌,안전운전불이행,건조,맑음,교차로 - 교차로부근,승용,남,36세,상해없음,승용,남,24세,경상
2019090600100027,2019년 9월 6일 00시,금요일,경기도 수원시 권선구 구운동,경상사고,0,0,2,0,차대차 - 측면충돌,안전운전불이행,건조,맑음,단일로 - 기타,승용,남,32세,경상,승용,남,52세,경상
2019090600100028,2019년 9월 6일 00시,금요일,경기도 수원시 권선구 고색동,경상사고,0,0,1,0,차대차 - 추돌,안전운전불이행,젖음/습기,흐림,단일로 - 기타,승용,여,48세,상해없음,승용,남,57세,경상
2019090600100059,2019년 9월 6일 04시,금요일,경기도 수원시 팔달구 인계동,경상사고,0,0,1,0,차대차 - 추돌,안전운전불이행,건조,맑음,단일로 - 기타,기타불명,기타불명,미분류,기타불명,승용,남,39세,경상
2019090600100063,2019년 9월 6일 05시,금요일,경기도 수원시 장안구 영화동,경상사고,0,0,1,0,차대차 - 추돌,안전운전불이행,건조,맑음,기타 - 기타,승용,남,23세,상해없음,승합,남,54세,경상
2019090600100256,2019년 9월 6일 13시,금요일,경기도 수원시 장안구 송죽동,중상사고,0,1,0,0,차대사람 - 기타,기타,건조,맑음,단일로 - 기타,화물,남,52세,상해없음,보행자,여,81세,중상
2019090600100262,2019년 9월 6일 13시,금요일,경기도 수원시 팔달구 우만동,중상사고,0,1,0,0,차대차 - 기타,차로위반,건조,맑음,기타 - 기타,승용,남,30세,상해없음,이륜,남,30세,중상
2019090600100303,2019년 9월 6일 14시,금요일,경기도 수원시 권선구 구운동,중상사고,0,1,0,0,차대차 - 기타,안전운전불이행,건조,맑음,교차로 - 교차로안,승용,남,74세,상해없음,승용,남,28세,중상
2019090600100433,2019년 9월 6일 17시,금요일,경기도 수원시 장안구 연무동,경상사고,0,0,1,1,차대차 - 측면충돌,안전거리미확보,건조,맑음,교차로 - 교차로부근,승용,남,66세,상해없음,승용,여,29세,경상
2019090600100434,2019년 9월 6일 17시,금요일,경기도 수원시 팔달구 우만동,부상신고사고,0,0,0,1,차대사람 - 횡단중,안전운전불이행,건조,맑음,교차로 - 교차로부근,기타불명,기타불명,미분류,기타불명,보행자,남,51세,부상신고
2019090600100532,2019년 9월 6일 19시,금요일,경기도 수원시 권선구 탑동,중상사고,0,1,0,0,차대차 - 정면충돌,신호위반,젖음/습기,비,교차로 - 교차로안,승용,여,39세,상해없음,승용,여,38세,중상
2019090600100593,2019년 9월 6일 20시,금요일,경기도 수원시 장안구 정자동,경상사고,0,0,1,0,차대차 - 측면충돌,교차로운행방법위반,젖음/습기,비,교차로 - 교차로안,이륜,남,36세,상해없음,승용,여,55세,경상
2019090600100630,2019년 9월 6일 21시,금요일,경기도 수원시 팔달구 화서동,경상사고,0,0,2,0,차대차 - 측면충돌,안전거리미확보,젖음/습기,비,교차로 - 교차로부근,승용,남,54세,경상,승용,남,36세,경상
2019090600100637,2019년 9월 6일 21시,금요일,경기도 수원시 영통구 이의동,중상사고,0,1,0,1,차대차 - 기타,안전운전불이행,젖음/습기,비,단일로 - 기타,승용,여,70세,부상신고,승용,여,62세,중상
2019090600100677,2019년 9월 6일 22시,금요일,경기도 수원시 권선구 세류동,경상사고,0,0,1,0,차대차 - 기타,안전운전불이행,건조,맑음,기타 - 기타,승용,남,46세,상해없음,승용,남,43세,상해없음
2019090700100061,2019년 9월 7일 01시,토요일,경기도 수원시 영통구 이의동,부상신고사고,0,0,0,1,차대차 - 측면충돌,신호위반,건조,맑음,교차로 - 교차로안,승용,남,32세,상해없음,승용,여,45세,부상신고
2019090700100095,2019년 9월 7일 03시,토요일,경기도 수원시 팔달구 인계동,경상사고,0,0,1,0,차대사람 - 기타,안전운전불이행,건조,흐림,단일로 - 기타,승용,남,60세,상해없음,보행자,남,21세,경상
2019090700100165,2019년 9월 7일 09시,토요일,경기도 수원시 장안구 조원동,경상사고,0,0,1,0,차대차 - 정면충돌,안전운전불이행,건조,흐림,교차로 - 교차로안,승용,남,31세,기타불명,승합,남,58세,경상
2019090700100190,2019년 9월 7일 10시,토요일,경기도 수원시 장안구 정자동,경상사고,0,0,1,0,차대사람 - 횡단중,안전운전불이행,건조,맑음,교차로 - 교차로안,승용,남,33세,상해없음,보행자,여,43세,경상
2019090700100191,2019년 9월 7일 10시,토요일,경기도 수원시 장안구 파장동,경상사고,0,0,1,0,차대차 - 기타,중앙선침범,건조,맑음,단일로 - 기타,승용,남,47세,상해없음,자전거,남,13세,경상
2019090700100216,2019년 9월 7일 11시,토요일,경기도 수원시 장안구 정자동,경상사고,0,0,1,0,차대차 - 측면충돌,안전운전불이행,건조,맑음,교차로 - 교차로부근,화물,남,39세,상해없음,자전거,남,29세,경상
2019090700100259,2019년 9월 7일 12시,토요일,경기도 수원시 팔달구 인계동,경상사고,0,0,1,0,차대차 - 추돌,안전운전불이행,젖음/습기,비,단일로 - 기타,승용,남,28세,상해없음,승용,남,63세,경상
2019090700100260,2019년 9월 7일 12시,토요일,경기도 수원시 영통구 이의동,경상사고,0,0,1,0,차대차 - 추돌,안전운전불이행,젖음/습기,비,교차로 - 교차로안,승용,남,36세,상해없음,승용,남,57세,상해없음
2019090700100366,2019년 9월 7일 17시,토요일,경기도 수원시 권선구 당수동,경상사고,0,0,1,0,차대차 - 추돌,안전운전불이행,건조,맑음,단일로 - 기타,승용,남,27세,상해없음,승용,남,35세,경상
2019090700100417,2019년 9월 7일 19시,토요일,경기도 수원시 영통구 매탄동,중상사고,0,1,0,0,차대차 - 측면충돌,신호위반,건조,맑음,교차로 - 교차로안,승용,남,38세,상해없음,이륜,남,19세,중상
2019090700100484,2019년 9월 7일 22시,토요일,경기도 수원시 팔달구 우만동,경상사고,0,0,2,0,차대차 - 기타,안전운전불이행,건조,맑음,단일로 - 기타,특수,남,43세,상해없음,승합,남,59세,경상
2019090700100488,2019년 9월 7일 22시,토요일,경기도 수원시 영통구 망포동,경상사고,0,0,1,0,차대사람 - 횡단중,보행자보호의무위반,건조,흐림,교차로 - 교차로횡단보도내,승용,남,59세,상해없음,보행자,여,18세,경상
2019090800100070,2019년 9월 8일 05시,일요일,경기도 수원시 영통구 매탄동,경상사고,0,0,1,0,차대차 - 측면충돌,안전운전불이행,건조,흐림,단일로 - 기타,이륜,남,19세,상해없음,기타불명,남,60세,경상
2019090800100086,2019년 9월 8일 07시,일요일,경기도 수원시 팔달구 인계동,경상사고,0,0,1,0,차대차 - 측면충돌,안전운전불이행,건조,맑음,교차로 - 교차로안,승용,남,52세,상해없음,승용,남,35세,경상
2019090800100108,2019년 9월 8일 09시,일요일,경기도 수원시 팔달구 인계동,경상사고,0,0,3,0,차대차 - 후진중충돌,안전운전불이행,건조,맑음,교차로 - 교차로부근,화물,남,70세,상해없음,승용,남,26세,경상
2019090800100153,2019년 9월 8일 11시,일요일,경기도 수원시 권선구 고색동,부상신고사고,0,0,0,1,차대차 - 측면충돌,안전운전불이행,건조,맑음,교차로 - 교차로부근,승용,남,49세,상해없음,승용,여,40세,부상신고
2019090800100185,2019년 9월 8일 12시,일요일,경기도 수원시 팔달구 인계동,경상사고,0,0,1,0,차대차 - 측면충돌,교차로운행방법위반,건조,맑음,교차로 - 교차로안,승용,남,69세,상해없음,승용,남,45세,경상
2019090800100313,2019년 9월 8일 16시,일요일,경기도 수원시 권선구 고색동,중상사고,0,1,0,0,차대사람 - 기타,안전운전불이행,건조,맑음,단일로 - 기타,승용,남,32세,상해없음,보행자,남,70세,중상
2019090800100387,2019년 9월 8일 18시,일요일,경기도 수원시 권선구 서둔동,경상사고,0,0,2,0,차대차 - 기타,기타,건조,맑음,교차로 - 교차로안,이륜,남,22세,경상,승용,남,35세,경상
2019090800100409,2019년 9월 8일 19시,일요일,경기도 수원시 장안구 연무동,경상사고,0,0,1,0,차대차 - 기타,차로위반,건조,맑음,교차로 - 교차로부근,승용,남,50세,상해없음,이륜,남,25세,경상
2019090800100414,2019년 9월 8일 19시,일요일,경기도 수원시 권선구 권선동,부상신고사고,0,0,0,1,차대차 - 측면충돌,안전운전불이행,건조,맑음,단일로 - 기타,승용,여,32세,상해없음,승용,남,39세,부상신고
2019090800100444,2019년 9월 8일 20시,일요일,경기도 수원시 장안구 연무동,경상사고,0,0,1,0,차대사람 - 길가장자리구역통행중,안전운전불이행,건조,맑음,교차로 - 교차로안,이륜,남,37세,상해없음,보행자,여,7세,경상
2019090800100452,2019년 9월 8일 20시,일요일,경기도 수원시 팔달구 매교동,경상사고,0,0,1,0,차대차 - 측면충돌,안전운전불이행,건조,흐림,교차로 - 교차로안,승용,남,26세,기타불명,자전거,남,54세,경상
2019090800100520,2019년 9월 8일 23시,일요일,경기도 수원시 팔달구 인계동,경상사고,0,0,1,0,차대사람 - 기타,안전운전불이행,건조,맑음,단일로 - 기타,승용,남,26세,상해없음,보행자,남,27세,경상
2019090900100100,2019년 9월 9일 07시,월요일,경기도 수원시 장안구 연무동,중상사고,0,1,0,0,차대차 - 기타,교차로운행방법위반,건조,맑음,교차로 - 교차로안,승합,남,59세,상해없음,승용,남,32세,상해없음
2019090900100103,2019년 9월 9일 07시,월요일,경기도 수원시 영통구 원천동,경상사고,0,0,1,0,차대사람 - 횡단중,신호위반,젖음/습기,비,교차로 - 교차로횡단보도내,화물,남,41세,상해없음,보행자,여,25세,경상
2019090900100104,2019년 9월 9일 07시,월요일,경기도 수원시 영통구 이의동,경상사고,0,0,1,0,차대차 - 추돌,안전운전불이행,건조,맑음,단일로 - 기타,승용,남,33세,상해없음,승용,여,32세,경상
2019090900100186,2019년 9월 9일 09시,월요일,경기도 수원시 팔달구 인계동,중상사고,0,1,0,0,차대차 - 측면충돌,안전운전불이행,젖음/습기,비,교차로 - 교차로안,승용,남,77세,상해없음,이륜,남,56세,중상
2019090900100222,2019년 9월 9일 10시,월요일,경기도 수원시 영통구 이의동,경상사고,0,0,1,0,차대차 - 측면충돌,교차로운행방법위반,젖음/습기,비,교차로 - 교차로안,승용,여,39세,상해없음,승용,여,29세,경상
2019090900100224,2019년 9월 9일 10시,월요일,경기도 수원시 팔달구 고등동,경상사고,0,0,1,0,차대차 - 기타,안전운전불이행,젖음/습기,비,교차로 - 교차로부근,승용,여,34세,상해없음,승용,여,21세,경상
2019090900100267,2019년 9월 9일 11시,월요일,경기도 수원시 팔달구 인계동,경상사고,0,0,1,0,차대사람 - 횡단중,안전운전불이행,건조,맑음,단일로 - 기타,승용,여,36세,상해없음,보행자,여,51세,경상
2019090900100268,2019년 9월 9일 11시,월요일,경기도 수원시 권선구 곡반정동,중상사고,0,1,2,0,차대차 - 측면충돌,안전운전불이행,건조,맑음,단일로 - 기타,승용,남,53세,상해없음,이륜,남,23세,중상
2019090900100318,2019년 9월 9일 12시,월요일,경기도 수원시 장안구 영화동,경상사고,0,0,6,1,차대차 - 측면충돌,신호위반,건조,맑음,교차로 - 교차로안,승용,여,56세,부상신고,승합,남,59세,경상
2019090900100363,2019년 9월 9일 13시,월요일,경기도 수원시 권선구 탑동,경상사고,0,0,2,0,차대차 - 기타,신호위반,건조,맑음,교차로 - 교차로부근,승용,남,41세,상해없음,승용,여,44세,경상
2019090900100521,2019년 9월 9일 17시,월요일,경기도 수원시 영통구 영통동,경상사고,0,0,1,0,차대차 - 기타,안전거리미확보,건조,맑음,단일로 - 기타,승용,여,46세,상해없음,승합,남,48세,상해없음
2019090900100522,2019년 9월 9일 17시,월요일,경기도 수원시 영통구 이의동,경상사고,0,0,1,0,차대차 - 추돌,안전운전불이행,건조,맑음,교차로 - 교차로부근,승용,남,62세,상해없음,승용,남,26세,경상
2019090900100560,2019년 9월 9일 18시,월요일,경기도 수원시 장안구 조원동,경상사고,0,0,2,0,차대차 - 측면충돌,신호위반,건조,맑음,교차로 - 교차로안,승용,남,29세,상해없음,이륜,남,23세,경상
2019090900100623,2019년 9월 9일 19시,월요일,경기도 수원시 영통구 영통동,경상사고,0,0,2,0,차대차 - 추돌,안전운전불이행,젖음/습기,비,단일로 - 고가도로위,승용,남,36세,상해없음,승용,남,29세,경상
2019091000100033,2019년 9월 10일 00시,화요일,경기도 수원시 권선구 권선동,경상사고,0,0,5,1,차대차 - 추돌,안전운전불이행,건조,맑음,교차로 - 교차로부근,승용,남,43세,상해없음,승용,여,28세,부상신고
2019091000100047,2019년 9월 10일 01시,화요일,경기도 수원시 권선구 권선동,경상사고,0,0,1,0,차대차 - 측면충돌,신호위반,건조,맑음,교차로 - 교차로안,이륜,남,29세,상해없음,승용,남,38세,경상
2019091000100056,2019년 9월 10일 02시,화요일,경기도 수원시 팔달구 인계동,경상사고,0,0,1,0,차대사람 - 횡단중,보행자보호의무위반,건조,맑음,교차로 - 교차로횡단보도내,승용,남,26세,상해없음,보행자,남,72세,경상
2019091000100072,2019년 9월 10일 04시,화요일,경기도 수원시 장안구 정자동,중상사고,0,1,0,0,차대차 - 기타,신호위반,젖음/습기,비,교차로 - 교차로안,승용,남,49세,상해없음,승용,남,64세,중상
2019091000100090,2019년 9월 10일 05시,화요일,경기도 수원시 영통구 이의동,중상사고,0,1,0,0,차대사람 - 횡단중,신호위반,젖음/습기,비,교차로 - 교차로횡단보도내,승용,남,64세,상해없음,보행자,남,68세,중상
2019091000100105,2019년 9월 10일 06시,화요일,경기도 수원시 팔달구 매산로3가,경상사고,0,0,1,0,차대차 - 측면충돌,안전운전불이행,건조,맑음,단일로 - 기타,승용,남,29세,상해없음,승용,남,64세,경상
2019091000100132,2019년 9월 10일 07시,화요일,경기도 수원시 권선구 서둔동,경상사고,0,0,1,0,차대차 - 측면충돌,신호위반,젖음/습기,흐림,교차로 - 교차로안,승용,남,59세,상해없음,승용,남,47세,경상
2019091000100133,2019년 9월 10일 07시,화요일,경기도 수원시 권선구 금곡동,경상사고,0,0,1,0,차대차 - 기타,안전거리미확보,젖음/습기,비,단일로 - 기타,승용,여,34세,상해없음,승용,여,52세,경상
2019091000100163,2019년 9월 10일 08시,화요일,경기도 수원시 권선구 오목천동,경상사고,0,0,2,0,차대차 - 기타,안전거리미확보,젖음/습기,흐림,단일로 - 기타,승용,남,67세,상해없음,승용,남,49세,경상