사고번호,사고일시,요일,시군구,사고내용,사망자수,중상자수,경상자수,부상신고자수,사고유형,법규위반,노면상태,기상상태,도로형태,가해운전자 차종,가해운전자 성별,가해운전자 연령,가해운전자 상해정도,피해운전자 차종,피해운전자 성별,피해운전자 연령,피해운전자 상해정도
2019091000100164,2019년 9월 10일 08시,화요일,경기도 수원시 영통구 이의동,경상사고,0,0,1,0,차대차 - 측면충돌,안전거리미확보,젖음/습기,비,단일로 - 기타,승용,여,50세,상해없음,승용,여,42세,경상
2019091000100215,2019년 9월 10일 09시,화요일,경기도 수원시 팔달구 우만동,경상사고,0,0,1,0,차대차 - 기타,안전운전불이행,젖음/습기,흐림,교차로 - 교차로안,승용,남,57세,상해없음,자전거,남,60세,경상
2019091000100223,2019년 9월 10일 09시,화요일,경기도 수원시 권선구 권선동,중상사고,0,1,0,0,차대사람 - 횡단중,보행자보호의무위반,건조,맑음,교차로 - 교차로안,승용,남,63세,상해없음,보행자,여,72세,중상
2019091000100224,2019년 9월 10일 09시,화요일,경기도 수원시 팔달구 인계동,경상사고,0,0,1,0,차대사람 - 횡단중,보행자보호의무위반,젖음/습기,비,기타 - 기타,승용,여,31세,상해없음,보행자,여,22세,경상
2019091000100265,2019년 9월 10일 10시,화요일,경기도 수원시 팔달구 신풍동,경상사고,0,0,1,0,차량단독 - 기타,안전운전불이행,건조,맑음,기타 - 기타,승합,남,61세,상해없음,,,,
2019091000100266,2019년 9월 10일 10시,화요일,경기도 수원시 영통구 망포동,경상사고,0,0,1,0,차대차 - 기타,교차로운행방법위반,건조,맑음,교차로 - 교차로안,승용,여,32세,상해없음,승용,여,51세,경상
2019091000100380,2019년 9월 10일 13시,화요일,경기도 수원시 팔달구 우만동,경상사고,0,0,1,0,차대차 - 기타,안전운전불이행,건조,맑음,단일로 - 기타,승용,여,47세,상해없음,이륜,남,40세,경상
2019091000100431,2019년 9월 10일 14시,화요일,경기도 수원시 권선구 서둔동,경상사고,0,0,1,0,차량단독 - 공작물충돌,안전운전불이행,젖음/습기,비,단일로 - 고가도로위,승용,남,21세,상해없음,,,,
2019091000100520,2019년 9월 10일 16시,화요일,경기도 수원시 팔달구 매교동,경상사고,0,0,1,0,차대차 - 기타,기타,건조,맑음,단일로 - 기타,화물,남,63세,상해없음,승용,여,52세,경상
2019091000100593,2019년 9월 10일 18시,화요일,경기도 수원시 팔달구 우만동,경상사고,0,0,4,0,차대차 - 추돌,안전운전불이행,젖음/습기,비,단일로 - 기타,승용,남,28세,상해없음,승용,여,34세,경상
2019091000100704,2019년 9월 10일 20시,화요일,경기도 수원시 장안구 영화동,경상사고,0,0,2,0,차대차 - 추돌,안전운전불이행,젖음/습기,비,단일로 - 기타,승합,남,54세,상해없음,승용,남,55세,경상
2019091000100712,2019년 9월 10일 20시,화요일,경기도 수원시 팔달구 매교동,경상사고,0,0,1,0,차대차 - 추돌,안전운전불이행,건조,맑음,교차로 - 교차로안,원동기,남,33세,상해없음,승용,여,45세,경상
2019091000100753,2019년 9월 10일 21시,화요일,경기도 수원시 장안구 영화동,경상사고,0,0,1,0,차대차 - 추돌,안전운전불이행,건조,맑음,단일로 - 터널,승용,여,46세,상해없음,승용,여,52세,경상
2019091000100761,2019년 9월 10일 21시,화요일,경기도 수원시 영통구 원천동,경상사고,0,0,2,0,차대차 - 측면충돌,신호위반,젖음/습기,비,교차로 - 교차로부근,승용,남,52세,상해없음,승용,남,52세,경상
2019091000100762,2019년 9월 10일 21시,화요일,경기도 수원시 권선구 권선동,경상사고,0,0,5,0,차대차 - 기타,중앙선침범,젖음/습기,비,교차로 - 교차로안,승용,남,33세,상해없음,승용,여,48세,경상
2019091000100839,2019년 9월 10일 23시,화요일,경기도 수원시 권선구 곡반정동,경상사고,0,0,1,0,차량단독 - 기타,안전운전불이행,젖음/습기,비,기타 - 기타,승용,남,56세,상해없음,,,,
2019091100100042,2019년 9월 11일 00시,수요일,경기도 수원시 권선구 권선동,경상사고,0,0,1,0,차대차 - 측면충돌,중앙선침범,젖음/습기,비,단일로 - 기타,승용,남,39세,상해없음,이륜,남,22세,경상
2019091100100056,2019년 9월 11일 01시,수요일,경기도 수원시 팔달구 인계동,경상사고,0,0,1,0,차대차 - 후진중충돌,안전운전불이행,젖음/습기,비,교차로 - 교차로안,승용,남,49세,상해없음,승용,남,25세,경상
2019091100100096,2019년 9월 11일 04시,수요일,경기도 수원시 장안구 영화동,경상사고,0,0,1,0,차대사람 - 길가장자리구역통행중,교차로운행방법위반,젖음/습기,비,교차로 - 교차로부근,승용,여,57세,상해없음,보행자,남,53세,경상
2019091100100108,2019년 9월 11일 05시,수요일,경기도 수원시 영통구 망포동,경상사고,0,0,1,0,차대차 - 추돌,안전운전불이행,젖음/습기,맑음,단일로 - 기타,승용,남,40세,상해없음,승용,남,53세,경상
2019091100100171,2019년 9월 11일 08시,수요일,경기도 수원시 팔달구 인계동,경상사고,0,0,1,0,차대차 - 기타,기타,건조,맑음,단일로 - 기타,승용,남,51세,상해없음,개인형이동수단(PM),남,24세,경상
2019091100100208,2019년 9월 11일 09시,수요일,경기도 수원시 장안구 송죽동,경상사고,0,0,1,0,차대사람 - 기타,안전운전불이행,건조,맑음,단일로 - 기타,승용,여,54세,상해없음,보행자,여,52세,경상
2019091100100288,2019년 9월 11일 11시,수요일,경기도 수원시 권선구 세류동,경상사고,0,0,1,0,차대사람 - 기타,안전운전불이행,건조,맑음,교차로 - 교차로안,화물,남,54세,상해없음,보행자,여,68세,경상
2019091100100415,2019년 9월 11일 14시,수요일,경기도 수원시 팔달구 교동,경상사고,0,0,1,0,차대차 - 측면충돌,안전거리미확보,건조,맑음,단일로 - 기타,승용,남,70세,상해없음,승합,남,51세,상해없음
2019091100100466,2019년 9월 11일 15시,수요일,경기도 수원시 팔달구 우만동,경상사고,0,0,1,0,차대차 - 기타,안전운전불이행,건조,맑음,단일로 - 기타,승용,남,27세,상해없음,승용,남,67세,상해없음
2019091100100472,2019년 9월 11일 15시,수요일,경기도 수원시 영통구 신동,경상사고,0,0,3,0,차대차 - 측면충돌,안전운전불이행,건조,맑음,단일로 - 기타,이륜,남,37세,경상,승용,남,43세,경상
2019091100100531,2019년 9월 11일 16시,수요일,경기도 수원시 영통구 망포동,경상사고,0,0,1,0,차대사람 - 차도통행중,안전운전불이행,건조,맑음,단일로 - 기타,승용,여,32세,상해없음,보행자,남,63세,경상
2019091100100532,2019년 9월 11일 16시,수요일,경기도 수원시 영통구 원천동,경상사고,0,0,2,0,차량단독 - 기타,안전운전불이행,건조,맑음,교차로 - 교차로안,승합,남,54세,상해없음,,,,
2019091100100584,2019년 9월 11일 17시,수요일,경기도 수원시 장안구 정자동,중상사고,0,1,0,0,차대차 - 기타,신호위반,건조,맑음,단일로 - 기타,승용,여,43세,상해없음,자전거,남,80세,중상
2019091100100586,2019년 9월 11일 17시,수요일,경기도 수원시 팔달구 인계동,경상사고,0,0,1,0,차대차 - 측면충돌,차로위반,건조,맑음,단일로 - 기타,승용,여,48세,상해없음,이륜,남,49세,경상
2019091100100655,2019년 9월 11일 18시,수요일,경기도 수원시 팔달구 매산로1가,경상사고,0,0,2,0,차대차 - 추돌,안전운전불이행,건조,맑음,교차로 - 교차로안,승합,남,72세,상해없음,화물,남,61세,경상
2019091100100656,2019년 9월 11일 18시,수요일,경기도 수원시 권선구 오목천동,경상사고,0,0,1,0,차대차 - 측면충돌,신호위반,건조,맑음,교차로 - 교차로안,승용,여,39세,상해없음,승용,남,48세,경상
2019091100100761,2019년 9월 11일 20시,수요일,경기도 수원시 권선구 세류동,경상사고,0,0,1,0,차대사람 - 기타,안전운전불이행,건조,맑음,교차로 - 교차로부근,승용,여,47세,상해없음,보행자,남,17세,경상
2019091100100792,2019년 9월 11일 21시,수요일,경기도 수원시 장안구 천천동,경상사고,0,0,1,0,차대차 - 기타,교차로운행방법위반,건조,맑음,교차로 - 교차로안,승용,남,52세,상해없음,원동기,남,43세,경상
2019091100100852,2019년 9월 11일 23시,수요일,경기도 수원시 권선구 세류동,경상사고,0,0,1,0,차대차 - 측면충돌,신호위반,건조,맑음,교차로 - 교차로안,승용,여,24세,상해없음,이륜,남,16세,경상
2019091200100042,2019년 9월 12일 01시,목요일,경기도 수원시 팔달구 인계동,경상사고,0,0,1,0,차대차 - 추돌,안전운전불이행,건조,맑음,교차로 - 교차로부근,기타불명,기타불명,미분류,기타불명,승용,남,70세,상해없음
2019091200100088,2019년 9월 12일 05시,목요일,경기도 수원시 권선구 세류동,부상신고사고,0,0,0,1,차대차 - 추돌,안전운전불이행,건조,맑음,단일로 - 기타,이륜,남,70세,부상신고,화물,남,40세,상해없음
2019091200100163,2019년 9월 12일 10시,목요일,경기도 수원시 장안구 천천동,경상사고,0,0,1,0,차대차 - 기타,안전운전불이행,건조,맑음,교차로 - 교차로안,승합,남,40세,상해없음,개인형이동수단(PM),남,23세,경상
2019091200100165,2019년 9월 12일 10시,목요일,경기도 수원시 권선구 세류동,중상사고,0,1,0,0,차대차 - 기타,교차로운행방법위반,젖음/습기,비,교차로 - 교차로안,자전거,남,78세,중상,화물,남,66세,상해없음
2019091200100185,2019년 9월 12일 11시,목요일,경기도 수원시 권선구 권선동,경상사고,0,0,1,0,차대차 - 기타,안전거리미확보,젖음/습기,흐림,기타 - 기타,화물,남,70세,기타불명,이륜,남,48세,경상
2019091200100282,2019년 9월 12일 14시,목요일,경기도 수원시 팔달구 팔달로1가,경상사고,0,0,3,0,차대차 - 측면충돌,중앙선침범,건조,맑음,단일로 - 기타,승용,남,23세,상해없음,화물,남,33세,경상
2019091200100463,2019년 9월 12일 20시,목요일,경기도 수원시 영통구 이의동,중상사고,0,1,0,0,차대차 - 측면충돌,안전거리미확보,젖음/습기,비,단일로 - 기타,승용,남,61세,상해없음,승용,남,44세,중상
2019091200100495,2019년 9월 12일 21시,목요일,경기도 수원시 팔달구 팔달로2가,경상사고,0,0,2,0,차대차 - 기타,중앙선침범,젖음/습기,비,교차로 - 교차로안,승용,남,43세,상해없음,승용,남,51세,경상
2019091200100516,2019년 9월 12일 22시,목요일,경기도 수원시 권선구 구운동,중상사고,0,1,0,0,차대차 - 추돌,안전운전불이행,젖음/습기,비,교차로 - 교차로부근,화물,남,40세,상해없음,승용,남,25세,중상
2019091200100532,2019년 9월 12일 23시,목요일,경기도 수원시 팔달구 인계동,경상사고,0,0,3,0,차대차 - 기타,안전운전불이행,젖음/습기,비,단일로 - 기타,승용,남,23세,상해없음,승용,남,41세,기타불명
2019091300100107,2019년 9월 13일 10시,금요일,경기도 수원시 영통구 매탄동,경상사고,0,0,1,0,차대차 - 기타,안전거리미확보,건조,맑음,교차로 - 교차로부근,기타불명,기타불명,미분류,기타불명,승합,남,47세,경상
2019091300100271,2019년 9월 13일 15시,금요일,경기도 수원시 팔달구 지동,경상사고,0,0,2,0,차대차 - 측면충돌,신호위반,건조,맑음,교차로 - 교차로안,승용,남,31세,상해없음,승용,여,32세,경상
2019091300100441,2019년 9월 13일 23시,금요일,경기도 수원시 권선구 탑동,경상사고,0,0,1,0,차대차 - 기타,안전거리미확보,건조,흐림,교차로 - 교차로안,승용,남,48세,상해없음,승용,남,27세,경상
2019091400100031,2019년 9월 14일 01시,토요일,경기도 수원시 권선구 세류동,경상사고,0,0,2,0,차대차 - 기타,신호위반,건조,맑음,교차로 - 교차로안,승용,남,45세,상해없음,승용,남,50세,경상
2019091400100096,2019년 9월 14일 10시,토요일,경기도 수원시 팔달구 매산로1가,중상사고,0,1,0,0,차대사람 - 기타,안전운전불이행,건조,맑음,교차로 - 교차로안,승용,남,61세,상해없음,보행자,남,60세,중상
2019091400100198,2019년 9월 14일 14시,토요일,경기도 수원시 권선구 세류동,경상사고,0,0,1,0,차대차 - 추돌,안전거리미확보,젖음/습기,비,단일로 - 기타,화물,남,22세,상해없음,승용,남,31세,경상
2019091400100199,2019년 9월 14일 14시,토요일,경기도 수원시 팔달구 매산로1가,경상사고,0,0,1,0,차대차 - 측면충돌,안전거리미확보,젖음/습기,흐림,단일로 - 기타,승용,남,63세,상해없음,승용,남,38세,상해없음
2019091400100229,2019년 9월 14일 15시,토요일,경기도 수원시 권선구 서둔동,경상사고,0,0,2,3,차대차 - 정면충돌,신호위반,젖음/습기,비,교차로 - 교차로안,승용,남,64세,상해없음,승용,남,52세,경상
2019091400100308,2019년 9월 14일 18시,토요일,경기도 수원시 권선구 금곡동,경상사고,0,0,2,0,차대차 - 추돌,안전운전불이행,건조,맑음,단일로 - 기타,승용,남,24세,상해없음,승용,남,49세,경상
2019091400100405,2019년 9월 14일 22시,토요일,경기도 수원시 팔달구 우만동,부상신고사고,0,0,0,1,차대차 - 후진중충돌,불법유턴,건조,맑음,교차로 - 교차로안,승합,남,54세,상해없음,자전거,여,64세,부상신고
2019091500100022,2019년 9월 15일 00시,일요일,경기도 수원시 팔달구 매산로1가,경상사고,0,0,1,0,차대사람 - 횡단중,신호위반,건조,맑음,교차로 - 교차로부근,승용,남,38세,상해없음,보행자,남,50세,경상
2019091500100035,2019년 9월 15일 01시,일요일,경기도 수원시 팔달구 우만동,경상사고,0,0,1,0,차대차 - 추돌,안전거리미확보,건조,맑음,단일로 - 기타,이륜,여,20세,경상,승용,남,26세,상해없음
2019091500100138,2019년 9월 15일 11시,일요일,경기도 수원시 권선구 권선동,경상사고,0,0,2,0,차대차 - 추돌,안전운전불이행,건조,맑음,교차로 - 교차로부근,승용,남,49세,상해없음,승용,여,48세,경상
2019091500100184,2019년 9월 15일 13시,일요일,경기도 수원시 영통구 영통동,경상사고,0,0,1,0,차대차 - 측면충돌,안전운전불이행,건조,맑음,교차로 - 교차로안,승용,남,39세,상해없음,이륜,남,34세,경상
2019091500100248,2019년 9월 15일 15시,일요일,경기도 수원시 권선구 호매실동,경상사고,0,0,1,0,차대사람 - 기타,안전운전불이행,건조,맑음,단일로 - 기타,이륜,남,25세,상해없음,보행자,여,6세,경상
2019091500100308,2019년 9월 15일 17시,일요일,경기도 수원시 팔달구 우만동,경상사고,0,0,1,0,차대사람 - 기타,안전운전불이행,건조,맑음,단일로 - 기타,승용,남,25세,상해없음,보행자,남,43세,경상
2019091500100333,2019년 9월 15일 18시,일요일,경기도 수원시 장안구 영화동,중상사고,0,1,0,0,차대사람 - 기타,안전운전불이행,건조,맑음,단일로 - 기타,승용,남,67세,상해없음,보행자,남,48세,중상
2019091500100399,2019년 9월 15일 20시,일요일,경기도 수원시 영통구 매탄동,경상사고,0,0,2,0,차대차 - 기타,안전운전불이행,건조,맑음,단일로 - 기타,승용,여,37세,상해없음,승용,남,28세,기타불명
2019091500100424,2019년 9월 15일 21시,일요일,경기도 수원시 권선구 권선동,중상사고,0,1,0,0,차대사람 - 횡단중,안전운전불이행,건조,맑음,단일로 - 기타,승용,남,51세,상해없음,보행자,여,80세,중상
2019091500100425,2019년 9월 15일 21시,일요일,경기도 수원시 영통구 매탄동,경상사고,0,0,2,0,차대차 - 측면충돌,안전거리미확보,건조,맑음,단일로 - 기타,승용,남,48세,상해없음,승용,남,29세,경상
2019091600100123,2019년 9월 16일 08시,월요일,경기도 수원시 장안구 영화동,경상사고,0,0,1,0,차대차 - 기타,신호위반,건조,맑음,교차로 - 교차로안,이륜,남,74세,경상,승용,남,54세,상해없음
2019091600100126,2019년 9월 16일 08시,월요일,경기도 수원시 권선구 권선동,경상사고,0,0,1,0,차대차 - 기타,안전거리미확보,건조,맑음,단일로 - 기타,승용,남,22세,상해없음,승합,남,52세,상해없음
2019091600100186,2019년 9월 16일 09시,월요일,경기도 수원시 권선구 권선동,부상신고사고,0,0,0,1,차대사람 - 보도통행중,기타,건조,맑음,단일로 - 기타,자전거,기타불명,미분류,기타불명,보행자,여,24세,부상신고
2019091600100219,2019년 9월 16일 10시,월요일,경기도 수원시 영통구 영통동,경상사고,0,0,1,0,차대차 - 기타,안전운전불이행,건조,맑음,단일로 - 기타,승용,여,36세,상해없음,이륜,남,39세,경상
2019091600100220,2019년 9월 16일 10시,월요일,경기도 수원시 권선구 권선동,중상사고,0,2,0,1,차대차 - 측면충돌,안전거리미확보,건조,맑음,단일로 - 기타,승용,여,43세,부상신고,승용,남,38세,중상
2019091600100247,2019년 9월 16일 11시,월요일,경기도 수원시 장안구 연무동,경상사고,0,0,1,0,차대사람 - 기타,안전운전불이행,건조,맑음,교차로 - 교차로안,승용,여,32세,상해없음,보행자,여,73세,경상
2019091600100275,2019년 9월 16일 12시,월요일,경기도 수원시 영통구 영통동,경상사고,0,0,1,0,차대사람 - 횡단중,보행자보호의무위반,건조,맑음,기타 - 기타,승용,여,54세,상해없음,보행자,여,19세,경상
2019091600100429,2019년 9월 16일 16시,월요일,경기도 수원시 권선구 곡반정동,경상사고,0,0,3,0,차대차 - 측면충돌,교차로운행방법위반,건조,맑음,교차로 - 교차로안,승용,남,34세,경상,승용,남,46세,경상
2019091600100475,2019년 9월 16일 17시,월요일,경기도 수원시 권선구 권선동,경상사고,0,0,1,0,차대차 - 측면충돌,안전운전불이행,건조,맑음,단일로 - 기타,승용,여,29세,상해없음,승용,남,33세,경상
2019091600100572,2019년 9월 16일 19시,월요일,경기도 수원시 권선구 권선동,경상사고,0,0,1,0,차대차 - 측면충돌,안전운전불이행,건조,맑음,단일로 - 기타,승용,여,48세,상해없음,승용,남,47세,경상
2019091600100604,2019년 9월 16일 20시,월요일,경기도 수원시 팔달구 우만동,경상사고,0,0,1,0,차대차 - 측면충돌,차로위반,건조,맑음,교차로 - 교차로안,승용,여,59세,상해없음,승용,여,39세,경상
2019091600100607,2019년 9월 16일 20시,월요일,경기도 수원시 영통구 영통동,중상사고,0,1,2,0,차대차 - 측면충돌,신호위반,건조,맑음,교차로 - 교차로안,승용,남,40세,상해없음,승용,여,37세,경상
2019091600100626,2019년 9월 16일 21시,월요일,경기도 수원시 팔달구 북수동,중상사고,0,1,0,0,차대차 - 기타,안전운전불이행,건조,맑음,교차로 - 교차로안,기타불명,기타불명,미분류,기타불명,승용,남,39세,중상
2019091600100666,2019년 9월 16일 23시,월요일,경기도 수원시 영통구 매탄동,경상사고,0,0,1,0,차대사람 - 횡단중,보행자보호의무위반,건조,맑음,교차로 - 교차로횡단보도내,승용,남,42세,상해없음,보행자,남,42세,경상
2019091700100029,2019년 9월 17일 00시,화요일,경기도 수원시 팔달구 인계동,경상사고,0,0,1,0,차대사람 - 기타,신호위반,건조,맑음,단일로 - 기타,이륜,남,44세,상해없음,보행자,여,22세,경상
2019091700100086,2019년 9월 17일 07시,화요일,경기도 수원시 팔달구 우만동,부상신고사고,0,0,0,1,차대사람 - 기타,안전운전불이행,건조,맑음,교차로 - 교차로안,승용,여,56세,상해없음,보행자,여,47세,부상신고
2019091700100087,2019년 9월 17일 07시,화요일,경기도 수원시 장안구 정자동,경상사고,0,0,1,0,차대차 - 측면충돌,신호위반,건조,맑음,교차로 - 교차로안,승용,여,30세,상해없음,승용,남,38세,경상
2019091700100094,2019년 9월 17일 07시,화요일,경기도 수원시 권선구 구운동,경상사고,0,0,1,0,차대차 - 기타,안전운전불이행,건조,맑음,단일로 - 기타,화물,남,38세,상해없음,승용,남,45세,경상
2019091700100128,2019년 9월 17일 08시,화요일,경기도 수원시 권선구 고색동,경상사고,0,0,1,0,차대차 - 기타,안전거리미확보,건조,맑음,단일로 - 기타,승합,남,46세,상해없음,승용,남,30세,경상
2019091700100188,2019년 9월 17일 09시,화요일,경기도 수원시 장안구 연무동,중상사고,0,1,0,0,차대차 - 기타,차로위반,건조,맑음,교차로 - 교차로안,건설기계,남,66세,상해없음,승용,여,55세,중상
2019091700100189,2019년 9월 17일 09시,화요일,경기도 수원시 장안구 조원동,중상사고,0,1,5,0,차대차 - 추돌,교차로운행방법위반,건조,맑음,교차로 - 교차로안,승용,여,51세,상해없음,승합,여,63세,경상
2019091700100197,2019년 9월 17일 09시,화요일,경기도 수원시 권선구 세류동,경상사고,0,0,6,0,차대차 - 측면충돌,신호위반,건조,맑음,교차로 - 교차로안,승용,남,69세,상해없음,승용,남,39세,경상
2019091700100198,2019년 9월 17일 09시,화요일,경기도 수원시 팔달구 인계동,중상사고,0,1,0,0,차대사람 - 횡단중,신호위반,건조,맑음,교차로 - 교차로부근,기타불명,기타불명,미분류,기타불명,보행자,남,53세,중상
2019091700100234,2019년 9월 17일 10시,화요일,경기도 수원시 팔달구 인계동,경상사고,0,0,1,0,차대차 - 기타,신호위반,건조,맑음,교차로 - 교차로부근,승용,남,66세,상해없음,자전거,남,33세,경상
2019091700100363,2019년 9월 17일 14시,화요일,경기도 수원시 권선구 권선동,중상사고,0,1,0,0,차대사람 - 횡단중,안전운전불이행,건조,맑음,단일로 - 기타,이륜,남,41세,상해없음,보행자,여,45세,중상
2019091700100401,2019년 9월 17일 15시,화요일,경기도 수원시 권선구 구운동,경상사고,0,0,1,0,차대차 - 기타,안전운전불이행,건조,맑음,교차로 - 교차로안,화물,남,56세,상해없음,승용,여,56세,경상
2019091700100487,2019년 9월 17일 17시,화요일,경기도 수원시 영통구 이의동,경상사고,0,0,3,0,차대차 - 측면충돌,차로위반,건조,맑음,단일로 - 기타,승용,남,64세,상해없음,승용,남,28세,경상
2019091700100530,2019년 9월 17일 18시,화요일,경기도 수원시 장안구 연무동,경상사고,0,0,1,0,차대사람 - 기타,안전운전불이행,건조,맑음,단일로 - 기타,승합,남,45세,상해없음,보행자,남,30세,경상
2019091700100578,2019년 9월 17일 19시,화요일,경기도 수원시 장안구 연무동,경상사고,0,0,1,0,차대사람 - 길가장자리구역통행중,안전운전불이행,건조,맑음,단일로 - 기타,승용,남,35세,상해없음,보행자,남,64세,경상
2019091700100669,2019년 9월 17일 22시,화요일,경기도 수원시 권선구 세류동,부상신고사고,0,0,0,1,차대차 - 측면충돌,직진우회전진행방해,건조,맑음,교차로 - 교차로안,자전거,남,17세,부상신고,승합,남,47세,상해없음
2019091700100689,2019년 9월 17일 23시,화요일,경기도 수원시 장안구 파장동,경상사고,0,0,1,0,차대차 - 추돌,안전거리미확보,건조,맑음,교차로 - 교차로부근,승합,여,50세,상해없음,승용,남,56세,상해없음
2019091800100030,2019년 9월 18일 00시,수요일,경기도 수원시 팔달구 우만동,중상사고,0,1,1,0,차대사람 - 횡단중,안전운전불이행,건조,맑음,단일로 - 기타,승용,남,59세,상해없음,보행자,남,61세,중상
2019091800100088,2019년 9월 18일 07시,수요일,경기도 수원시 팔달구 지동,경상사고,0,0,1,0,차대차 - 추돌,안전운전불이행,건조,맑음,단일로 - 기타,승용,남,28세,상해없음,승용,여,28세,경상
2019091800100089,2019년 9월 18일 07시,수요일,경기도 수원시 장안구 송죽동,부상신고사고,0,0,0,1,차대차 - 기타,중앙선침범,건조,맑음,교차로 - 교차로안,자전거,남,79세,부상신고,승용,남,61세,상해없음
2019091800100122,2019년 9월 18일 08시,수요일,경기도 수원시 권선구 당수동,경상사고,0,0,2,0,차대차 - 추돌,안전운전불이행,건조,맑음,단일로 - 기타,화물,남,51세,상해없음,승용,여,41세,경상
2019091800100154,2019년 9월 18일 09시,수요일,경기도 수원시 영통구 영통동,중상사고,0,2,1,0,차대차 - 기타,안전거리미확보,건조,맑음,교차로 - 교차로부근,승용,여,50세,상해없음,승합,남,51세,상해없음
2019091800100155,2019년 9월 18일 09시,수요일,경기도 수원시 권선구 권선동,경상사고,0,0,1,0,차대사람 - 차도통행중,안전운전불이행,건조,맑음,단일로 - 기타,승합,남,62세,상해없음,보행자,남,84세,경상
2019091800100186,2019년 9월 18일 10시,수요일,경기도 수원시 팔달구 화서동,경상사고,0,0,1,0,차대차 - 측면충돌,신호위반,건조,맑음,교차로 - 교차로안,승용,여,68세,상해없음,화물,남,43세,경상
2019091800100190,2019년 9월 18일 10시,수요일,경기도 수원시 권선구 탑동,경상사고,0,0,1,0,차대차 - 추돌,안전운전불이행,건조,맑음,교차로 - 교차로부근,승용,여,50세,상해없음,승합,남,41세,경상
2019091800100245,2019년 9월 18일 12시,수요일,경기도 수원시 장안구 율전동,경상사고,0,0,1,0,차대차 - 기타,안전운전불이행,건조,맑음,교차로 - 교차로안,승용,여,60세,상해없음,승용,남,51세,경상
2019091800100324,2019년 9월 18일 14시,수요일,경기도 수원시 권선구 권선동,경상사고,0,0,2,0,차대차 - 측면충돌,안전운전불이행,건조,맑음,교차로 - 교차로부근,승용,여,61세,경상,승용,남,72세,경상
2019091800100362,2019년 9월 18일 15시,수요일,경기도 수원시 팔달구 화서동,경상사고,0,0,1,0,차대차 - 기타,안전운전불이행,건조,맑음,교차로 - 교차로부근,자전거,남,9세,경상,이륜,남,55세,상해없음
2019091800100452,2019년 9월 18일 17시,수요일,경기도 수원시 장안구 조원동,중상사고,0,1,0,0,차대사람 - 횡단중,보행자보호의무위반,건조,맑음,교차로 - 교차로안,승용,남,51세,상해없음,보행자,남,7세,중상
2019091800100456,2019년 9월 18일 17시,수요일,경기도 수원시 영통구 영통동,경상사고,0,0,1,0,차대차 - 측면충돌,신호위반,건조,맑음,교차로 - 교차로안,승용,여,50세,상해없음,승용,남,30세,경상
2019091800100585,2019년 9월 18일 19시,수요일,경기도 수원시 권선구 세류동,경상사고,0,0,1,0,차대차 - 측면충돌,신호위반,건조,맑음,교차로 - 교차로안,승용,남,70세,상해없음,승용,남,23세,경상
2019091800100588,2019년 9월 18일 19시,수요일,경기도 수원시 권선구 당수동,경상사고,0,0,1,0,차대차 - 측면충돌,안전거리미확보,건조,맑음,단일로 - 기타,승용,여,49세,상해없음,승용,여,25세,경상
2019091800100634,2019년 9월 18일 20시,수요일,경기도 수원시 장안구 영화동,중상사고,0,1,0,0,차대사람 - 기타,안전운전불이행,건조,맑음,단일로 - 기타,승용,남,81세,상해없음,보행자,남,73세,중상
2019091800100670,2019년 9월 18일 21시,수요일,경기도 수원시 장안구 정자동,경상사고,0,0,1,0,차대차 - 측면충돌,교차로운행방법위반,건조,맑음,단일로 - 기타,이륜,남,17세,경상,승용,여,58세,상해없음
2019091800100708,2019년 9월 18일 23시,수요일,경기도 수원시 장안구 연무동,경상사고,0,0,2,0,차대차 - 기타,안전운전불이행,건조,맑음,단일로 - 기타,승합,남,62세,상해없음,승용,남,52세,경상
2019091900100061,2019년 9월 19일 03시,목요일,경기도 수원시 팔달구 우만동,경상사고,0,0,1,0,차대차 - 추돌,안전운전불이행,건조,맑음,교차로 - 교차로부근,승용,남,46세,상해없음,화물,남,59세,경상
2019091900100133,2019년 9월 19일 08시,목요일,경기도 수원시 장안구 이목동,경상사고,0,0,1,0,차대차 - 기타,안전거리미확보,건조,맑음,단일로 - 기타,화물,남,61세,상해없음,화물,남,54세,상해없음
2019091900100139,2019년 9월 19일 08시,목요일,경기도 수원시 권선구 평동,경상사고,0,0,2,0,차대차 - 측면충돌,안전거리미확보,건조,맑음,단일로 - 기타,승용,남,22세,상해없음,승용,남,58세,경상
2019091900100230,2019년 9월 19일 10시,목요일,경기도 수원시 영통구 이의동,중상사고,0,1,0,0,차대차 - 측면충돌,차로위반,건조,맑음,단일로 - 기타,화물,남,51세,상해없음,승용,여,47세,중상
2019091900100258,2019년 9월 19일 11시,목요일,경기도 수원시 팔달구 고등동,경상사고,0,0,1,0,차대차 - 측면충돌,교차로운행방법위반,건조,맑음,교차로 - 교차로안,화물,남,44세,상해없음,승합,남,64세,경상
2019091900100383,2019년 9월 19일 15시,목요일,경기도 수원시 영통구 영통동,경상사고,0,0,2,0,차대차 - 추돌,안전운전불이행,건조,맑음,기타 - 기타,승용,여,18세,상해없음,승용,여,36세,경상
2019091900100384,2019년 9월 19일 15시,목요일,경기도 수원시 권선구 금곡동,경상사고,0,0,3,0,차대차 - 후진중충돌,안전운전불이행,건조,맑음,단일로 - 기타,화물,남,37세,상해없음,승용,여,35세,경상