사고번호,사고일시,요일,시군구,사고내용,사망자수,중상자수,경상자수,부상신고자수,사고유형,법규위반,노면상태,기상상태,도로형태,가해운전자 차종,가해운전자 성별,가해운전자 연령,가해운전자 상해정도,피해운전자 차종,피해운전자 성별,피해운전자 연령,피해운전자 상해정도
2019091900100467,2019년 9월 19일 17시,목요일,경기도 수원시 권선구 곡반정동,경상사고,0,0,1,0,차대차 - 후진중충돌,안전운전불이행,건조,맑음,교차로 - 교차로안,승용,여,31세,상해없음,이륜,남,29세,경상
2019091900100470,2019년 9월 19일 17시,목요일,경기도 수원시 영통구 이의동,중상사고,0,1,0,0,차대차 - 추돌,안전운전불이행,건조,맑음,단일로 - 기타,승용,남,35세,상해없음,승용,남,44세,중상
2019091900100510,2019년 9월 19일 18시,목요일,경기도 수원시 권선구 고색동,경상사고,0,0,1,0,차대차 - 기타,교차로운행방법위반,건조,맑음,교차로 - 교차로부근,승용,남,39세,상해없음,승용,남,38세,경상
2019091900100559,2019년 9월 19일 19시,목요일,경기도 수원시 팔달구 인계동,사망사고,1,0,0,0,차대사람 - 차도통행중,안전운전불이행,건조,맑음,단일로 - 기타,승용,여,34세,상해없음,보행자,남,63세,사망
2019091900100588,2019년 9월 19일 20시,목요일,경기도 수원시 권선구 세류동,경상사고,0,0,1,0,차대차 - 측면충돌,교차로운행방법위반,건조,맑음,교차로 - 교차로안,승용,여,46세,상해없음,승용,남,42세,경상
2019091900100610,2019년 9월 19일 21시,목요일,경기도 수원시 장안구 송죽동,중상사고,0,1,1,0,차대차 - 기타,신호위반,건조,맑음,교차로 - 교차로안,승용,남,64세,상해없음,승용,남,55세,중상
2019091900100611,2019년 9월 19일 21시,목요일,경기도 수원시 팔달구 우만동,경상사고,0,0,1,0,차대차 - 추돌,안전운전불이행,건조,맑음,단일로 - 기타,화물,남,46세,상해없음,승용,남,51세,경상
2019091900100646,2019년 9월 19일 22시,목요일,경기도 수원시 장안구 영화동,중상사고,0,1,0,0,차대차 - 기타,직진우회전진행방해,건조,맑음,교차로 - 교차로안,승용,남,66세,상해없음,이륜,남,40세,중상
2019091900100664,2019년 9월 19일 23시,목요일,경기도 수원시 팔달구 우만동,중상사고,0,1,1,1,차대차 - 기타,중앙선침범,건조,맑음,단일로 - 기타,이륜,남,42세,부상신고,승용,남,46세,경상
2019092000100039,2019년 9월 20일 01시,금요일,경기도 수원시 영통구 영통동,경상사고,0,0,1,0,차대차 - 추돌,안전거리미확보,건조,맑음,교차로 - 교차로안,승용,여,19세,상해없음,승용,남,47세,경상
2019092000100060,2019년 9월 20일 04시,금요일,경기도 수원시 팔달구 매산로1가,중상사고,0,1,0,0,차대사람 - 기타,안전운전불이행,건조,맑음,기타 - 기타,승용,남,62세,상해없음,보행자,남,28세,중상
2019092000100071,2019년 9월 20일 05시,금요일,경기도 수원시 팔달구 지동,경상사고,0,0,1,0,차대차 - 기타,안전운전불이행,건조,맑음,단일로 - 기타,승용,남,59세,상해없음,자전거,남,69세,경상
2019092000100084,2019년 9월 20일 06시,금요일,경기도 수원시 장안구 연무동,중상사고,0,1,2,0,차대차 - 측면충돌,안전운전불이행,건조,맑음,단일로 - 기타,승합,남,62세,상해없음,화물,남,49세,상해없음
2019092000100087,2019년 9월 20일 06시,금요일,경기도 수원시 권선구 세류동,경상사고,0,0,2,0,차대차 - 측면충돌,안전운전불이행,건조,맑음,단일로 - 기타,승합,남,64세,상해없음,승용,남,69세,경상
2019092000100147,2019년 9월 20일 08시,금요일,경기도 수원시 권선구 평동,경상사고,0,0,3,1,차대차 - 기타,안전거리미확보,건조,맑음,단일로 - 기타,승용,남,30세,상해없음,승합,남,60세,경상
2019092000100185,2019년 9월 20일 09시,금요일,경기도 수원시 장안구 이목동,중상사고,0,1,0,0,차대차 - 정면충돌,신호위반,건조,맑음,교차로 - 교차로안,화물,남,45세,상해없음,화물,남,53세,중상
2019092000100220,2019년 9월 20일 10시,금요일,경기도 수원시 장안구 영화동,경상사고,0,0,1,0,차대차 - 측면충돌,안전운전불이행,건조,맑음,교차로 - 교차로안,자전거,여,37세,경상,승용,남,75세,상해없음
2019092000100225,2019년 9월 20일 10시,금요일,경기도 수원시 권선구 곡반정동,경상사고,0,0,1,0,차대차 - 측면충돌,안전운전불이행,건조,맑음,교차로 - 교차로부근,승용,남,21세,상해없음,승용,남,42세,경상
2019092000100227,2019년 9월 20일 10시,금요일,경기도 수원시 권선구 호매실동,중상사고,0,1,0,0,차대차 - 측면충돌,안전운전불이행,건조,맑음,교차로 - 교차로안,승용,여,37세,상해없음,자전거,여,71세,중상
2019092000100297,2019년 9월 20일 12시,금요일,경기도 수원시 팔달구 신풍동,경상사고,0,0,1,0,차대차 - 기타,안전거리미확보,건조,맑음,단일로 - 기타,승합,남,50세,상해없음,승합,남,42세,상해없음
2019092000100306,2019년 9월 20일 12시,금요일,경기도 수원시 권선구 오목천동,중상사고,0,1,0,0,차대차 - 측면충돌,교차로운행방법위반,건조,맑음,교차로 - 교차로안,승용,남,64세,상해없음,원동기,여,58세,중상
2019092000100380,2019년 9월 20일 15시,금요일,경기도 수원시 팔달구 우만동,부상신고사고,0,0,0,2,차대차 - 측면충돌,신호위반,건조,맑음,단일로 - 기타,승용,여,50세,상해없음,승용,남,26세,부상신고
2019092000100461,2019년 9월 20일 17시,금요일,경기도 수원시 팔달구 매향동,경상사고,0,0,1,0,차대사람 - 기타,안전운전불이행,건조,흐림,교차로 - 교차로안,승용,남,33세,기타불명,보행자,남,71세,경상
2019092000100462,2019년 9월 20일 17시,금요일,경기도 수원시 팔달구 우만동,경상사고,0,0,1,0,차대사람 - 기타,안전운전불이행,건조,맑음,단일로 - 기타,승용,여,61세,상해없음,보행자,여,17세,경상
2019092000100509,2019년 9월 20일 18시,금요일,경기도 수원시 장안구 조원동,경상사고,0,0,1,0,차대사람 - 횡단중,안전운전불이행,건조,맑음,교차로 - 교차로안,승용,남,24세,상해없음,보행자,남,82세,경상
2019092000100563,2019년 9월 20일 19시,금요일,경기도 수원시 영통구 이의동,경상사고,0,0,1,0,차대차 - 측면충돌,안전거리미확보,건조,맑음,단일로 - 기타,승합,남,78세,상해없음,승용,남,36세,경상
2019092000100564,2019년 9월 20일 19시,금요일,경기도 수원시 권선구 구운동,중상사고,0,1,0,0,차대차 - 측면충돌,신호위반,건조,맑음,교차로 - 교차로안,승합,남,41세,상해없음,원동기,남,30세,중상
2019092000100641,2019년 9월 20일 21시,금요일,경기도 수원시 권선구 권선동,경상사고,0,0,1,0,차량단독 - 기타,안전운전불이행,건조,맑음,단일로 - 기타,승합,남,62세,상해없음,,,,
2019092000100642,2019년 9월 20일 21시,금요일,경기도 수원시 팔달구 인계동,경상사고,0,0,1,0,차대차 - 추돌,안전운전불이행,건조,맑음,교차로 - 교차로부근,승용,남,32세,상해없음,승용,남,58세,상해없음
2019092000100701,2019년 9월 20일 23시,금요일,경기도 수원시 장안구 파장동,경상사고,0,0,1,0,차대차 - 기타,신호위반,건조,맑음,교차로 - 교차로안,이륜,남,21세,경상,승용,여,51세,상해없음
2019092100100035,2019년 9월 21일 00시,토요일,경기도 수원시 팔달구 인계동,경상사고,0,0,2,0,차대사람 - 기타,안전운전불이행,건조,맑음,단일로 - 기타,승용,남,34세,상해없음,보행자,남,28세,경상
2019092100100073,2019년 9월 21일 02시,토요일,경기도 수원시 팔달구 인계동,경상사고,0,0,2,0,차대차 - 후진중충돌,안전운전불이행,건조,맑음,교차로 - 교차로안,승용,남,27세,상해없음,승용,남,23세,경상
2019092100100112,2019년 9월 21일 05시,토요일,경기도 수원시 권선구 구운동,경상사고,0,0,2,0,차대차 - 추돌,안전운전불이행,건조,맑음,교차로 - 교차로부근,화물,남,21세,상해없음,승용,남,31세,경상
2019092100100179,2019년 9월 21일 09시,토요일,경기도 수원시 권선구 서둔동,경상사고,0,0,1,0,차대차 - 기타,안전거리미확보,건조,맑음,교차로 - 교차로부근,승용,남,32세,상해없음,승용,남,27세,경상
2019092100100313,2019년 9월 21일 13시,토요일,경기도 수원시 장안구 송죽동,경상사고,0,0,1,0,차대차 - 추돌,안전운전불이행,건조,맑음,교차로 - 교차로안,이륜,남,47세,경상,승용,남,59세,상해없음
2019092100100344,2019년 9월 21일 14시,토요일,경기도 수원시 팔달구 우만동,경상사고,0,0,1,0,차대차 - 추돌,교차로운행방법위반,젖음/습기,비,교차로 - 교차로안,승용,여,43세,상해없음,승용,남,63세,경상
2019092100100417,2019년 9월 21일 16시,토요일,경기도 수원시 팔달구 북수동,경상사고,0,0,1,0,차대사람 - 차도통행중,안전운전불이행,건조,맑음,단일로 - 기타,승용,남,45세,상해없음,보행자,남,55세,경상
2019092100100418,2019년 9월 21일 16시,토요일,경기도 수원시 장안구 정자동,경상사고,0,0,1,0,차대차 - 기타,교차로운행방법위반,건조,맑음,단일로 - 기타,승용,여,47세,상해없음,화물,남,75세,경상
2019092100100424,2019년 9월 21일 16시,토요일,경기도 수원시 권선구 세류동,중상사고,0,1,0,0,차대차 - 기타,기타,건조,맑음,단일로 - 기타,승합,남,65세,상해없음,이륜,남,30세,상해없음
2019092100100498,2019년 9월 21일 18시,토요일,경기도 수원시 권선구 입북동,경상사고,0,0,3,0,차대차 - 추돌,안전운전불이행,건조,흐림,단일로 - 기타,승용,남,58세,상해없음,승용,남,46세,경상
2019092100100551,2019년 9월 21일 19시,토요일,경기도 수원시 장안구 율전동,경상사고,0,0,1,1,차량단독 - 기타,기타,건조,맑음,단일로 - 기타,승합,남,75세,상해없음,,,,
2019092100100552,2019년 9월 21일 19시,토요일,경기도 수원시 영통구 이의동,경상사고,0,0,1,0,차대차 - 기타,차로위반,건조,맑음,단일로 - 기타,승용,남,50세,상해없음,이륜,남,42세,경상
2019092100100554,2019년 9월 21일 19시,토요일,경기도 수원시 권선구 세류동,경상사고,0,0,1,0,차대차 - 측면충돌,신호위반,건조,맑음,교차로 - 교차로안,승용,남,60세,상해없음,승용,남,45세,경상
2019092100100729,2019년 9월 21일 23시,토요일,경기도 수원시 권선구 곡반정동,부상신고사고,0,0,0,1,차대사람 - 기타,안전운전불이행,젖음/습기,비,교차로 - 교차로안,승용,남,57세,상해없음,보행자,남,35세,부상신고
2019092200100045,2019년 9월 22일 01시,일요일,경기도 수원시 영통구 영통동,사망사고,1,0,0,0,차량단독 - 기타,기타,젖음/습기,비,단일로 - 기타,승용,남,52세,사망,,,,
2019092200100115,2019년 9월 22일 06시,일요일,경기도 수원시 팔달구 인계동,경상사고,0,0,1,0,차대차 - 측면충돌,교차로운행방법위반,젖음/습기,비,교차로 - 교차로안,승용,남,23세,상해없음,승용,남,38세,경상
2019092200100164,2019년 9월 22일 10시,일요일,경기도 수원시 권선구 권선동,중상사고,0,1,0,0,차대차 - 측면충돌,안전운전불이행,건조,맑음,교차로 - 교차로안,승용,남,22세,상해없음,자전거,남,77세,중상
2019092200100196,2019년 9월 22일 12시,일요일,경기도 수원시 장안구 율전동,중상사고,0,1,1,0,차대차 - 추돌,안전운전불이행,젖음/습기,비,단일로 - 기타,승용,남,55세,상해없음,승용,남,39세,중상
2019092200100198,2019년 9월 22일 12시,일요일,경기도 수원시 권선구 권선동,중상사고,0,1,0,0,차대차 - 측면충돌,중앙선침범,젖음/습기,비,기타 - 기타,이륜,남,21세,상해없음,이륜,남,30세,중상
2019092200100251,2019년 9월 22일 14시,일요일,경기도 수원시 영통구 이의동,경상사고,0,0,1,0,차대차 - 측면충돌,불법유턴,건조,맑음,기타 - 기타,승용,여,34세,상해없음,이륜,남,28세,경상
2019092200100357,2019년 9월 22일 18시,일요일,경기도 수원시 권선구 구운동,중상사고,0,1,0,0,차대사람 - 횡단중,신호위반,젖음/습기,비,교차로 - 교차로횡단보도내,화물,남,58세,상해없음,보행자,여,59세,중상
2019092200100358,2019년 9월 22일 18시,일요일,경기도 수원시 팔달구 매산로3가,경상사고,0,0,1,0,차대차 - 기타,직진우회전진행방해,건조,맑음,교차로 - 교차로안,승용,여,30세,상해없음,이륜,남,38세,경상
2019092200100387,2019년 9월 22일 19시,일요일,경기도 수원시 장안구 영화동,경상사고,0,0,1,0,차대차 - 기타,안전거리미확보,건조,맑음,단일로 - 기타,기타불명,기타불명,미분류,기타불명,이륜,남,22세,경상
2019092200100391,2019년 9월 22일 19시,일요일,경기도 수원시 영통구 이의동,부상신고사고,0,0,0,1,차대차 - 추돌,안전운전불이행,젖음/습기,비,단일로 - 기타,승용,남,54세,상해없음,승용,남,40세,상해없음
2019092200100463,2019년 9월 22일 21시,일요일,경기도 수원시 권선구 세류동,경상사고,0,0,1,0,차대사람 - 기타,기타,건조,맑음,단일로 - 기타,승용,남,51세,상해없음,보행자,남,71세,경상
2019092300100056,2019년 9월 23일 05시,월요일,경기도 수원시 장안구 율전동,경상사고,0,0,2,0,차대차 - 측면충돌,교차로운행방법위반,건조,맑음,교차로 - 교차로안,화물,남,62세,경상,승용,여,44세,경상
2019092300100137,2019년 9월 23일 08시,월요일,경기도 수원시 권선구 당수동,경상사고,0,0,1,1,차대차 - 기타,교차로운행방법위반,건조,맑음,교차로 - 교차로안,승용,여,43세,상해없음,승용,여,46세,경상
2019092300100176,2019년 9월 23일 09시,월요일,경기도 수원시 팔달구 인계동,경상사고,0,0,1,0,차대차 - 측면충돌,중앙선침범,건조,맑음,교차로 - 교차로횡단보도내,자전거,여,59세,경상,승용,남,63세,상해없음
2019092300100266,2019년 9월 23일 12시,월요일,경기도 수원시 팔달구 남수동,경상사고,0,0,1,0,차대차 - 기타,기타,건조,맑음,단일로 - 기타,승용,남,55세,상해없음,이륜,남,20세,경상
2019092300100305,2019년 9월 23일 13시,월요일,경기도 수원시 팔달구 인계동,경상사고,0,0,1,0,차대차 - 측면충돌,차로위반,건조,맑음,단일로 - 기타,승용,남,27세,상해없음,승용,남,62세,경상
2019092300100443,2019년 9월 23일 17시,월요일,경기도 수원시 권선구 권선동,경상사고,0,0,2,0,차대차 - 측면충돌,안전거리미확보,건조,맑음,단일로 - 기타,승용,여,21세,상해없음,승용,남,37세,경상
2019092300100495,2019년 9월 23일 18시,월요일,경기도 수원시 장안구 영화동,부상신고사고,0,0,0,2,차대차 - 기타,안전거리미확보,건조,맑음,단일로 - 기타,승용,남,64세,기타불명,승합,남,48세,부상신고
2019092300100544,2019년 9월 23일 19시,월요일,경기도 수원시 장안구 파장동,중상사고,0,1,0,0,차대차 - 기타,안전거리미확보,건조,맑음,단일로 - 기타,화물,남,51세,상해없음,승용,여,47세,중상
2019092300100579,2019년 9월 23일 20시,월요일,경기도 수원시 장안구 연무동,경상사고,0,0,1,0,차대사람 - 기타,보행자보호의무위반,건조,맑음,교차로 - 교차로횡단보도내,승용,남,53세,상해없음,보행자,여,51세,경상
2019092400100032,2019년 9월 24일 01시,화요일,경기도 수원시 팔달구 인계동,경상사고,0,0,1,0,차대차 - 추돌,안전운전불이행,건조,맑음,단일로 - 기타,승용,남,31세,상해없음,승용,남,56세,경상
2019092400100072,2019년 9월 24일 05시,화요일,경기도 수원시 영통구 원천동,경상사고,0,0,4,0,차대차 - 추돌,안전거리미확보,건조,맑음,교차로 - 교차로부근,화물,남,46세,상해없음,화물,남,45세,경상
2019092400100104,2019년 9월 24일 07시,화요일,경기도 수원시 장안구 정자동,경상사고,0,0,1,0,차대차 - 측면충돌,안전거리미확보,건조,맑음,단일로 - 기타,승용,남,67세,상해없음,승용,남,47세,상해없음
2019092400100144,2019년 9월 24일 08시,화요일,경기도 수원시 영통구 매탄동,경상사고,0,0,1,0,차대차 - 측면충돌,안전운전불이행,건조,맑음,기타 - 기타,승용,남,37세,경상,승용,여,51세,상해없음
2019092400100145,2019년 9월 24일 08시,화요일,경기도 수원시 권선구 금곡동,경상사고,0,0,1,1,차대차 - 기타,안전거리미확보,건조,맑음,단일로 - 기타,화물,남,56세,상해없음,승합,남,51세,부상신고
2019092400100217,2019년 9월 24일 10시,화요일,경기도 수원시 권선구 대황교동,경상사고,0,0,2,0,차대차 - 측면충돌,중앙선침범,건조,맑음,단일로 - 기타,승용,남,34세,상해없음,승용,남,79세,경상
2019092400100219,2019년 9월 24일 10시,화요일,경기도 수원시 영통구 이의동,경상사고,0,0,1,0,차대차 - 추돌,안전운전불이행,건조,맑음,단일로 - 기타,승용,남,43세,상해없음,화물,남,49세,경상
2019092400100254,2019년 9월 24일 11시,화요일,경기도 수원시 장안구 율전동,경상사고,0,0,1,0,차대사람 - 기타,안전운전불이행,건조,맑음,단일로 - 기타,승용,여,47세,상해없음,보행자,여,24세,경상
2019092400100293,2019년 9월 24일 12시,화요일,경기도 수원시 권선구 권선동,중상사고,0,1,0,0,차대차 - 추돌,안전운전불이행,건조,맑음,교차로 - 교차로부근,승용,여,40세,상해없음,이륜,남,64세,중상
2019092400100333,2019년 9월 24일 13시,화요일,경기도 수원시 권선구 권선동,경상사고,0,0,1,0,차대차 - 추돌,안전거리미확보,건조,맑음,단일로 - 기타,이륜,남,23세,상해없음,승용,남,56세,경상
2019092400100413,2019년 9월 24일 15시,화요일,경기도 수원시 장안구 조원동,경상사고,0,0,1,0,차대차 - 측면충돌,안전운전불이행,건조,맑음,교차로 - 교차로안,자전거,남,40세,경상,승용,여,60세,상해없음
2019092400100516,2019년 9월 24일 17시,화요일,경기도 수원시 권선구 권선동,부상신고사고,0,0,0,1,차대차 - 측면충돌,교차로운행방법위반,건조,맑음,교차로 - 교차로부근,승용,남,45세,상해없음,화물,남,27세,부상신고
2019092400100519,2019년 9월 24일 17시,화요일,경기도 수원시 권선구 오목천동,중상사고,0,1,0,0,차대차 - 기타,안전운전불이행,건조,맑음,단일로 - 기타,승합,남,53세,상해없음,승용,남,51세,중상
2019092400100566,2019년 9월 24일 18시,화요일,경기도 수원시 장안구 정자동,경상사고,0,0,1,0,차대차 - 기타,신호위반,건조,맑음,교차로 - 교차로안,승합,남,41세,상해없음,이륜,남,38세,경상
2019092400100572,2019년 9월 24일 18시,화요일,경기도 수원시 영통구 매탄동,중상사고,0,1,0,0,차대사람 - 횡단중,보행자보호의무위반,건조,맑음,교차로 - 교차로횡단보도내,승용,남,34세,상해없음,보행자,남,33세,중상
2019092400100629,2019년 9월 24일 19시,화요일,경기도 수원시 권선구 구운동,경상사고,0,0,1,0,차대차 - 기타,안전거리미확보,건조,맑음,단일로 - 기타,승용,남,52세,상해없음,승용,남,42세,경상
2019092400100673,2019년 9월 24일 20시,화요일,경기도 수원시 장안구 율전동,경상사고,0,0,1,0,차대차 - 기타,안전운전불이행,건조,맑음,단일로 - 기타,이륜,남,20세,경상,승용,여,33세,상해없음
2019092400100749,2019년 9월 24일 23시,화요일,경기도 수원시 팔달구 화서동,경상사고,0,0,4,0,차대차 - 추돌,안전운전불이행,건조,맑음,교차로 - 교차로부근,승용,남,32세,상해없음,승용,남,59세,경상
2019092500100035,2019년 9월 25일 00시,수요일,경기도 수원시 영통구 이의동,부상신고사고,0,0,0,1,차대차 - 기타,안전거리미확보,건조,맑음,교차로 - 교차로횡단보도내,승용,남,49세,상해없음,승용,남,22세,부상신고
2019092500100059,2019년 9월 25일 02시,수요일,경기도 수원시 팔달구 인계동,경상사고,0,0,1,0,차대차 - 측면충돌,안전운전불이행,건조,맑음,교차로 - 교차로안,승용,남,24세,상해없음,승용,남,26세,경상
2019092500100069,2019년 9월 25일 04시,수요일,경기도 수원시 권선구 세류동,부상신고사고,0,0,0,1,차대차 - 측면충돌,신호위반,건조,맑음,교차로 - 교차로안,이륜,남,20세,부상신고,승용,남,34세,상해없음
2019092500100105,2019년 9월 25일 07시,수요일,경기도 수원시 권선구 평동,경상사고,0,0,1,0,차대차 - 측면충돌,안전거리미확보,건조,맑음,교차로 - 교차로부근,승용,남,31세,상해없음,화물,남,39세,경상
2019092500100143,2019년 9월 25일 08시,수요일,경기도 수원시 권선구 금곡동,경상사고,0,0,1,0,차대차 - 측면충돌,중앙선침범,건조,맑음,교차로 - 교차로부근,화물,남,39세,상해없음,화물,남,51세,경상
2019092500100174,2019년 9월 25일 09시,수요일,경기도 수원시 장안구 정자동,중상사고,0,1,3,0,차대차 - 추돌,안전운전불이행,건조,맑음,교차로 - 교차로횡단보도내,화물,남,23세,상해없음,승용,여,51세,중상
2019092500100181,2019년 9월 25일 09시,수요일,경기도 수원시 영통구 매탄동,중상사고,0,1,1,0,차대차 - 기타,기타,건조,맑음,단일로 - 기타,승합,남,49세,상해없음,이륜,남,34세,경상
2019092500100255,2019년 9월 25일 11시,수요일,경기도 수원시 장안구 정자동,중상사고,0,1,0,1,차대차 - 측면충돌,직진우회전진행방해,건조,맑음,교차로 - 교차로안,이륜,남,88세,중상,승용,남,37세,부상신고
2019092500100315,2019년 9월 25일 13시,수요일,경기도 수원시 팔달구 우만동,중상사고,0,1,0,0,차대사람 - 횡단중,보행자보호의무위반,건조,맑음,교차로 - 교차로안,승합,남,68세,상해없음,보행자,남,75세,중상
2019092500100316,2019년 9월 25일 13시,수요일,경기도 수원시 장안구 정자동,중상사고,0,1,1,0,차대차 - 기타,안전거리미확보,건조,맑음,교차로 - 교차로부근,승용,여,51세,상해없음,화물,남,62세,중상
2019092500100351,2019년 9월 25일 14시,수요일,경기도 수원시 영통구 하동,경상사고,0,0,1,1,차대차 - 측면충돌,안전운전불이행,건조,맑음,단일로 - 기타,화물,남,51세,상해없음,승용,여,46세,경상
2019092500100382,2019년 9월 25일 15시,수요일,경기도 수원시 팔달구 우만동,부상신고사고,0,0,0,1,차대차 - 기타,안전운전불이행,건조,맑음,단일로 - 기타,승용,여,32세,상해없음,자전거,남,7세,부상신고
2019092500100524,2019년 9월 25일 18시,수요일,경기도 수원시 권선구 권선동,부상신고사고,0,0,0,1,차대사람 - 횡단중,안전운전불이행,건조,맑음,교차로 - 교차로안,승용,남,25세,상해없음,보행자,여,64세,부상신고
2019092500100650,2019년 9월 25일 21시,수요일,경기도 수원시 영통구 매탄동,경상사고,0,0,1,1,차대차 - 기타,안전거리미확보,건조,맑음,단일로 - 기타,승용,남,50세,상해없음,승용,남,25세,부상신고
2019092500100651,2019년 9월 25일 21시,수요일,경기도 수원시 영통구 망포동,경상사고,0,0,1,0,차대차 - 측면충돌,교차로운행방법위반,건조,맑음,교차로 - 교차로안,승용,남,58세,상해없음,승합,남,45세,경상
2019092500100692,2019년 9월 25일 23시,수요일,경기도 수원시 영통구 신동,경상사고,0,0,1,0,차대차 - 측면충돌,교차로운행방법위반,건조,맑음,교차로 - 교차로안,승용,남,42세,상해없음,승용,여,45세,경상
2019092600100034,2019년 9월 26일 01시,목요일,경기도 수원시 팔달구 우만동,경상사고,0,0,2,0,차대차 - 기타,안전운전불이행,건조,맑음,교차로 - 교차로안,승용,남,42세,기타불명,화물,남,54세,경상
2019092600100184,2019년 9월 26일 10시,목요일,경기도 수원시 장안구 조원동,경상사고,0,0,1,0,차대차 - 기타,안전운전불이행,건조,맑음,교차로 - 교차로부근,승용,남,52세,상해없음,화물,남,47세,경상
2019092600100187,2019년 9월 26일 10시,목요일,경기도 수원시 권선구 고색동,경상사고,0,0,2,1,차대차 - 기타,안전운전불이행,건조,맑음,교차로 - 교차로부근,건설기계,남,58세,상해없음,승용,남,37세,경상
2019092600100253,2019년 9월 26일 12시,목요일,경기도 수원시 팔달구 우만동,경상사고,0,0,1,0,차대차 - 추돌,안전거리미확보,건조,맑음,교차로 - 교차로안,승용,남,57세,상해없음,자전거,남,44세,경상
2019092600100288,2019년 9월 26일 13시,목요일,경기도 수원시 팔달구 화서동,경상사고,0,0,1,0,차대차 - 추돌,안전운전불이행,건조,맑음,단일로 - 기타,이륜,남,22세,상해없음,승용,여,34세,경상
2019092600100291,2019년 9월 26일 13시,목요일,경기도 수원시 권선구 권선동,경상사고,0,0,1,0,차대사람 - 차도통행중,안전운전불이행,건조,맑음,단일로 - 기타,화물,남,43세,상해없음,보행자,남,42세,경상
2019092600100315,2019년 9월 26일 14시,목요일,경기도 수원시 장안구 이목동,경상사고,0,0,1,0,차대사람 - 기타,안전운전불이행,건조,맑음,단일로 - 기타,승용,여,51세,상해없음,보행자,남,28세,경상
2019092600100435,2019년 9월 26일 17시,목요일,경기도 수원시 팔달구 우만동,경상사고,0,0,3,0,차대차 - 측면충돌,안전거리미확보,건조,맑음,단일로 - 기타,이륜,남,53세,상해없음,승합,남,58세,상해없음
2019092600100438,2019년 9월 26일 17시,목요일,경기도 수원시 권선구 구운동,부상신고사고,0,0,0,1,차대차 - 측면충돌,안전운전불이행,건조,맑음,기타 - 기타,승용,남,34세,상해없음,승용,남,61세,부상신고
2019092600100439,2019년 9월 26일 17시,목요일,경기도 수원시 장안구 하광교동,경상사고,0,0,1,0,차대차 - 측면충돌,안전거리미확보,건조,맑음,단일로 - 기타,승용,남,50세,상해없음,화물,남,61세,상해없음
2019092600100470,2019년 9월 26일 18시,목요일,경기도 수원시 팔달구 우만동,경상사고,0,0,1,0,차대차 - 후진중충돌,안전운전불이행,건조,맑음,단일로 - 기타,승용,여,52세,상해없음,승용,남,27세,경상
2019092600100485,2019년 9월 26일 18시,목요일,경기도 수원시 권선구 구운동,경상사고,0,0,1,0,차대차 - 추돌,안전운전불이행,건조,맑음,단일로 - 기타,화물,남,33세,상해없음,승용,남,60세,경상
2019092600100538,2019년 9월 26일 19시,목요일,경기도 수원시 권선구 금곡동,부상신고사고,0,0,0,1,차대차 - 기타,신호위반,건조,맑음,교차로 - 교차로안,이륜,남,38세,부상신고,승용,남,48세,상해없음
2019092600100610,2019년 9월 26일 21시,목요일,경기도 수원시 권선구 구운동,중상사고,0,1,5,0,차대차 - 측면충돌,안전운전불이행,건조,맑음,교차로 - 교차로안,승용,여,55세,상해없음,승용,남,27세,중상
2019092700100082,2019년 9월 27일 05시,금요일,경기도 수원시 장안구 이목동,경상사고,0,0,1,0,차대차 - 기타,안전운전불이행,건조,맑음,단일로 - 기타,승용,여,41세,상해없음,화물,남,67세,경상
2019092700100152,2019년 9월 27일 08시,금요일,경기도 수원시 영통구 영통동,경상사고,0,0,1,0,차대차 - 추돌,안전거리미확보,건조,맑음,교차로 - 교차로안,승용,여,36세,상해없음,승용,여,54세,경상
2019092700100276,2019년 9월 27일 11시,금요일,경기도 수원시 영통구 원천동,경상사고,0,0,1,0,차대차 - 측면충돌,차로위반,건조,맑음,단일로 - 기타,승용,여,19세,경상,건설기계,남,37세,상해없음
2019092700100309,2019년 9월 27일 12시,금요일,경기도 수원시 팔달구 매산로1가,중상사고,0,2,1,0,차대차 - 추돌,안전운전불이행,건조,맑음,기타 - 기타,화물,남,24세,상해없음,승용,남,51세,경상
2019092700100348,2019년 9월 27일 13시,금요일,경기도 수원시 권선구 서둔동,경상사고,0,0,1,0,차대차 - 기타,기타,건조,맑음,단일로 - 기타,기타불명,기타불명,미분류,기타불명,이륜,남,57세,경상
2019092700100454,2019년 9월 27일 16시,금요일,경기도 수원시 장안구 조원동,경상사고,0,0,1,0,차대차 - 측면충돌,교차로운행방법위반,건조,맑음,교차로 - 교차로안,승용,남,65세,상해없음,승용,남,42세,경상
2019092700100460,2019년 9월 27일 16시,금요일,경기도 수원시 권선구 권선동,부상신고사고,0,0,0,1,차대차 - 측면충돌,불법유턴,건조,맑음,교차로 - 교차로횡단보도내,자전거,남,67세,부상신고,승용,남,40세,상해없음
2019092700100461,2019년 9월 27일 16시,금요일,경기도 수원시 팔달구 인계동,경상사고,0,0,1,0,차대사람 - 기타,안전운전불이행,건조,맑음,단일로 - 기타,승용,남,28세,상해없음,보행자,남,63세,경상
2019092700100498,2019년 9월 27일 17시,금요일,경기도 수원시 팔달구 팔달로1가,경상사고,0,0,4,0,차대차 - 기타,안전운전불이행,건조,맑음,단일로 - 기타,승용,남,65세,상해없음,승용,여,56세,경상