사고번호,사고일시,요일,시군구,사고내용,사망자수,중상자수,경상자수,부상신고자수,사고유형,법규위반,노면상태,기상상태,도로형태,가해운전자 차종,가해운전자 성별,가해운전자 연령,가해운전자 상해정도,피해운전자 차종,피해운전자 성별,피해운전자 연령,피해운전자 상해정도
2019092700100503,2019년 9월 27일 17시,금요일,경기도 수원시 팔달구 인계동,경상사고,0,0,1,0,차대사람 - 보도통행중,안전운전불이행,건조,맑음,교차로 - 교차로부근,자전거,기타불명,미분류,기타불명,보행자,여,18세,경상
2019092700100508,2019년 9월 27일 17시,금요일,경기도 수원시 권선구 서둔동,경상사고,0,0,1,0,차대차 - 기타,교차로운행방법위반,건조,맑음,교차로 - 교차로안,승용,여,27세,기타불명,승용,여,43세,경상
2019092700100509,2019년 9월 27일 17시,금요일,경기도 수원시 권선구 세류동,경상사고,0,0,1,2,차대차 - 측면충돌,안전운전불이행,건조,맑음,단일로 - 기타,승용,여,23세,상해없음,승용,남,58세,경상
2019092700100562,2019년 9월 27일 18시,금요일,경기도 수원시 영통구 매탄동,경상사고,0,0,1,0,차량단독 - 기타,안전운전불이행,건조,맑음,단일로 - 기타,승합,남,64세,상해없음,,,,
2019092700100606,2019년 9월 27일 19시,금요일,경기도 수원시 영통구 영통동,경상사고,0,0,1,0,차대차 - 기타,안전운전불이행,건조,맑음,교차로 - 교차로안,승용,남,28세,상해없음,승용,남,62세,경상
2019092700100610,2019년 9월 27일 19시,금요일,경기도 수원시 팔달구 매교동,중상사고,0,2,1,0,차대사람 - 기타,기타,건조,맑음,단일로 - 기타,승용,남,76세,상해없음,보행자,남,62세,중상
2019092700100663,2019년 9월 27일 20시,금요일,경기도 수원시 영통구 영통동,부상신고사고,0,0,0,1,차대사람 - 횡단중,안전운전불이행,건조,맑음,기타 - 기타,승합,남,46세,상해없음,보행자,여,15세,부상신고
2019092700100754,2019년 9월 27일 23시,금요일,경기도 수원시 권선구 입북동,경상사고,0,0,2,0,차대차 - 측면충돌,안전거리미확보,건조,맑음,단일로 - 기타,승용,여,52세,상해없음,승용,여,64세,경상
2019092800100045,2019년 9월 28일 00시,토요일,경기도 수원시 영통구 이의동,경상사고,0,0,1,0,차대차 - 기타,중앙선침범,젖음/습기,흐림,단일로 - 기타,승용,남,54세,상해없음,승용,남,49세,경상
2019092800100064,2019년 9월 28일 01시,토요일,경기도 수원시 권선구 고색동,경상사고,0,0,1,0,차대차 - 추돌,안전운전불이행,건조,맑음,교차로 - 교차로부근,승용,남,28세,상해없음,화물,남,46세,경상
2019092800100085,2019년 9월 28일 02시,토요일,경기도 수원시 장안구 영화동,경상사고,0,0,1,0,차대차 - 추돌,안전운전불이행,건조,맑음,단일로 - 기타,승용,남,23세,상해없음,승용,남,62세,경상
2019092800100086,2019년 9월 28일 02시,토요일,경기도 수원시 장안구 조원동,중상사고,0,3,1,0,차대차 - 기타,신호위반,건조,맑음,교차로 - 교차로안,이륜,남,34세,중상,승용,남,71세,경상
2019092800100087,2019년 9월 28일 02시,토요일,경기도 수원시 팔달구 인계동,경상사고,0,0,1,0,차대사람 - 차도통행중,안전운전불이행,건조,맑음,교차로 - 교차로부근,승용,여,19세,상해없음,보행자,여,23세,경상
2019092800100089,2019년 9월 28일 02시,토요일,경기도 수원시 권선구 탑동,경상사고,0,0,1,0,차대차 - 측면충돌,안전거리미확보,건조,맑음,교차로 - 교차로부근,승용,남,38세,상해없음,승용,여,43세,경상
2019092800100111,2019년 9월 28일 04시,토요일,경기도 수원시 팔달구 인계동,경상사고,0,0,1,0,차대차 - 측면충돌,안전운전불이행,건조,맑음,단일로 - 기타,승용,남,33세,경상,승합,남,53세,기타불명
2019092800100194,2019년 9월 28일 09시,토요일,경기도 수원시 권선구 세류동,경상사고,0,0,1,0,차대차 - 기타,안전운전불이행,건조,맑음,교차로 - 교차로안,화물,남,47세,상해없음,이륜,남,45세,경상
2019092800100225,2019년 9월 28일 10시,토요일,경기도 수원시 권선구 구운동,경상사고,0,0,3,0,차대차 - 추돌,안전운전불이행,건조,맑음,단일로 - 기타,승합,남,18세,상해없음,승용,남,65세,경상
2019092800100226,2019년 9월 28일 10시,토요일,경기도 수원시 권선구 금곡동,경상사고,0,0,4,0,차대차 - 기타,안전운전불이행,건조,맑음,교차로 - 교차로안,승용,남,65세,상해없음,승용,여,33세,경상
2019092800100413,2019년 9월 28일 14시,토요일,경기도 수원시 권선구 입북동,중상사고,0,1,0,0,차대차 - 정면충돌,안전운전불이행,건조,맑음,단일로 - 기타,승용,남,54세,상해없음,자전거,남,42세,중상
2019092800100500,2019년 9월 28일 16시,토요일,경기도 수원시 장안구 영화동,경상사고,0,0,3,0,차대차 - 추돌,안전운전불이행,건조,맑음,단일로 - 기타,승용,남,55세,상해없음,승용,여,46세,경상
2019092800100536,2019년 9월 28일 17시,토요일,경기도 수원시 영통구 영통동,경상사고,0,0,1,0,차대사람 - 기타,안전운전불이행,건조,맑음,단일로 - 기타,승용,여,45세,상해없음,보행자,남,23세,경상
2019092800100538,2019년 9월 28일 17시,토요일,경기도 수원시 권선구 탑동,경상사고,0,0,1,0,차대차 - 측면충돌,안전거리미확보,건조,맑음,교차로 - 교차로부근,승용,여,33세,상해없음,승용,남,29세,상해없음
2019092800100539,2019년 9월 28일 17시,토요일,경기도 수원시 권선구 권선동,경상사고,0,0,4,0,차대차 - 기타,교차로운행방법위반,건조,맑음,교차로 - 교차로안,승용,남,54세,경상,승용,여,46세,경상
2019092800100570,2019년 9월 28일 18시,토요일,경기도 수원시 권선구 세류동,경상사고,0,0,1,0,차대사람 - 기타,안전운전불이행,건조,맑음,단일로 - 기타,승용,여,45세,상해없음,보행자,남,67세,경상
2019092800100571,2019년 9월 28일 18시,토요일,경기도 수원시 팔달구 인계동,경상사고,0,0,1,0,차대차 - 기타,차로위반,건조,맑음,단일로 - 기타,화물,남,56세,상해없음,이륜,남,49세,경상
2019092800100620,2019년 9월 28일 19시,토요일,경기도 수원시 장안구 연무동,경상사고,0,0,1,0,차대사람 - 횡단중,신호위반,건조,맑음,교차로 - 교차로횡단보도내,승용,남,27세,상해없음,보행자,남,59세,경상
2019092800100621,2019년 9월 28일 19시,토요일,경기도 수원시 장안구 정자동,중상사고,0,1,0,0,차량단독 - 기타,안전운전불이행,건조,맑음,단일로 - 기타,이륜,남,43세,중상,,,,
2019092800100738,2019년 9월 28일 22시,토요일,경기도 수원시 팔달구 인계동,경상사고,0,0,2,0,차대차 - 기타,안전운전불이행,건조,맑음,단일로 - 기타,이륜,남,50세,상해없음,승용,여,31세,경상
2019092900100024,2019년 9월 29일 00시,일요일,경기도 수원시 장안구 송죽동,중상사고,0,2,0,0,차대차 - 기타,안전운전불이행,건조,맑음,단일로 - 기타,승용,남,20세,상해없음,승용,남,36세,중상
2019092900100025,2019년 9월 29일 00시,일요일,경기도 수원시 팔달구 영동,경상사고,0,0,1,0,차대차 - 기타,안전운전불이행,건조,맑음,단일로 - 기타,자전거,남,45세,경상,승용,남,40세,상해없음
2019092900100046,2019년 9월 29일 01시,일요일,경기도 수원시 영통구 망포동,경상사고,0,0,1,0,차대차 - 기타,중앙선침범,건조,맑음,교차로 - 교차로부근,승용,남,35세,상해없음,승용,여,50세,경상
2019092900100052,2019년 9월 29일 02시,일요일,경기도 수원시 권선구 권선동,중상사고,0,1,0,0,차대사람 - 횡단중,안전운전불이행,건조,맑음,단일로 - 기타,승용,남,25세,상해없음,보행자,남,47세,중상
2019092900100053,2019년 9월 29일 02시,일요일,경기도 수원시 권선구 구운동,경상사고,0,0,3,0,차대차 - 정면충돌,안전운전불이행,건조,맑음,교차로 - 교차로부근,승용,남,30세,상해없음,승용,남,33세,경상
2019092900100102,2019년 9월 29일 07시,일요일,경기도 수원시 팔달구 팔달로2가,경상사고,0,0,2,0,차대차 - 추돌,안전운전불이행,건조,맑음,교차로 - 교차로안,승용,남,60세,경상,승용,남,70세,경상
2019092900100134,2019년 9월 29일 09시,일요일,경기도 수원시 장안구 율전동,경상사고,0,0,1,0,차대차 - 기타,교차로운행방법위반,건조,맑음,교차로 - 교차로안,화물,남,63세,상해없음,승용,남,62세,경상
2019092900100156,2019년 9월 29일 10시,일요일,경기도 수원시 팔달구 우만동,경상사고,0,0,1,0,차대차 - 측면충돌,직진우회전진행방해,건조,맑음,교차로 - 교차로안,승용,남,81세,기타불명,승용,여,60세,경상
2019092900100215,2019년 9월 29일 12시,일요일,경기도 수원시 권선구 세류동,경상사고,0,0,2,1,차대차 - 측면충돌,안전운전불이행,건조,맑음,단일로 - 기타,승용,남,29세,상해없음,승합,여,56세,경상
2019092900100241,2019년 9월 29일 13시,일요일,경기도 수원시 팔달구 매산로3가,경상사고,0,0,1,0,차대차 - 기타,중앙선침범,건조,맑음,단일로 - 기타,자전거,남,83세,경상,화물,남,59세,상해없음
2019092900100379,2019년 9월 29일 17시,일요일,경기도 수원시 팔달구 화서동,부상신고사고,0,0,0,4,차대차 - 추돌,안전거리미확보,건조,맑음,교차로 - 교차로안,승합,남,67세,상해없음,승용,남,46세,부상신고
2019092900100385,2019년 9월 29일 17시,일요일,경기도 수원시 영통구 매탄동,중상사고,0,1,1,0,차대차 - 측면충돌,신호위반,건조,맑음,단일로 - 기타,이륜,남,56세,경상,이륜,남,41세,중상
2019092900100388,2019년 9월 29일 17시,일요일,경기도 수원시 권선구 금곡동,경상사고,0,0,1,0,차대차 - 추돌,안전운전불이행,건조,맑음,단일로 - 기타,승용,남,64세,상해없음,이륜,남,24세,경상
2019092900100418,2019년 9월 29일 18시,일요일,경기도 수원시 영통구 매탄동,경상사고,0,0,1,0,차대차 - 측면충돌,안전운전불이행,건조,맑음,단일로 - 기타,승용,남,52세,상해없음,이륜,남,30세,경상
2019092900100419,2019년 9월 29일 18시,일요일,경기도 수원시 영통구 매탄동,중상사고,0,2,2,0,차대차 - 추돌,안전운전불이행,건조,맑음,단일로 - 기타,승용,남,59세,상해없음,승용,남,31세,경상
2019092900100421,2019년 9월 29일 18시,일요일,경기도 수원시 권선구 호매실동,경상사고,0,0,1,0,차대차 - 후진중충돌,안전운전불이행,건조,맑음,단일로 - 기타,승용,남,35세,상해없음,이륜,남,23세,경상
2019093000100022,2019년 9월 30일 00시,월요일,경기도 수원시 팔달구 구천동,경상사고,0,0,1,0,차대차 - 기타,안전운전불이행,건조,맑음,단일로 - 기타,승용,남,43세,상해없음,승용,남,29세,기타불명
2019093000100047,2019년 9월 30일 03시,월요일,경기도 수원시 권선구 오목천동,경상사고,0,0,1,1,차대차 - 추돌,안전운전불이행,젖음/습기,안개,단일로 - 기타,승용,남,38세,부상신고,화물,남,54세,기타불명
2019093000100048,2019년 9월 30일 03시,월요일,경기도 수원시 권선구 고색동,경상사고,0,0,2,0,차대차 - 추돌,안전운전불이행,건조,맑음,교차로 - 교차로부근,승용,여,22세,상해없음,승합,남,45세,경상
2019093000100058,2019년 9월 30일 05시,월요일,경기도 수원시 권선구 세류동,중상사고,0,1,0,0,차대사람 - 횡단중,신호위반,건조,맑음,단일로 - 기타,승용,남,63세,상해없음,보행자,남,75세,중상
2019093000100243,2019년 9월 30일 11시,월요일,경기도 수원시 권선구 금곡동,경상사고,0,0,2,0,차대차 - 기타,중앙선침범,건조,맑음,단일로 - 기타,이륜,남,83세,경상,승용,여,58세,경상
2019093000100318,2019년 9월 30일 13시,월요일,경기도 수원시 권선구 권선동,경상사고,0,0,1,0,차대차 - 측면충돌,안전운전불이행,건조,맑음,교차로 - 교차로안,승용,여,61세,상해없음,승용,여,61세,경상
2019093000100321,2019년 9월 30일 13시,월요일,경기도 수원시 권선구 고색동,경상사고,0,0,2,0,차대차 - 기타,교차로운행방법위반,건조,맑음,교차로 - 교차로부근,이륜,남,41세,경상,이륜,남,28세,경상
2019093000100398,2019년 9월 30일 15시,월요일,경기도 수원시 팔달구 북수동,부상신고사고,0,0,0,1,차대사람 - 횡단중,기타,건조,맑음,단일로 - 기타,자전거,남,64세,기타불명,보행자,남,51세,부상신고
2019093000100404,2019년 9월 30일 15시,월요일,경기도 수원시 권선구 권선동,경상사고,0,0,1,0,차대차 - 측면충돌,안전운전불이행,건조,맑음,단일로 - 기타,승용,여,48세,상해없음,화물,남,41세,경상
2019093000100441,2019년 9월 30일 16시,월요일,경기도 수원시 팔달구 팔달로2가,경상사고,0,0,1,0,차대사람 - 기타,안전운전불이행,건조,맑음,교차로 - 교차로안,승합,남,50세,상해없음,보행자,여,60세,경상
2019093000100446,2019년 9월 30일 16시,월요일,경기도 수원시 권선구 구운동,경상사고,0,0,2,0,차대차 - 기타,안전거리미확보,건조,맑음,교차로 - 교차로부근,승용,남,34세,경상,화물,남,34세,상해없음
2019093000100494,2019년 9월 30일 17시,월요일,경기도 수원시 장안구 정자동,경상사고,0,0,1,0,차대사람 - 횡단중,안전운전불이행,건조,맑음,단일로 - 기타,승합,남,47세,상해없음,보행자,남,7세,경상
2019093000100499,2019년 9월 30일 17시,월요일,경기도 수원시 영통구 영통동,경상사고,0,0,1,0,차대차 - 측면충돌,안전운전불이행,건조,맑음,교차로 - 교차로부근,승용,여,61세,상해없음,승용,여,41세,경상
2019093000100502,2019년 9월 30일 17시,월요일,경기도 수원시 권선구 오목천동,경상사고,0,0,2,0,차대차 - 기타,신호위반,건조,맑음,교차로 - 교차로안,승용,남,58세,상해없음,승용,여,28세,경상
2019093000100544,2019년 9월 30일 18시,월요일,경기도 수원시 팔달구 중동,경상사고,0,0,1,0,차대사람 - 횡단중,신호위반,건조,맑음,단일로 - 기타,승용,남,23세,상해없음,보행자,남,65세,경상
2019093000100548,2019년 9월 30일 18시,월요일,경기도 수원시 영통구 매탄동,경상사고,0,0,1,0,차대차 - 측면충돌,신호위반,건조,맑음,교차로 - 교차로부근,이륜,남,43세,상해없음,승용,여,34세,경상
2019093000100610,2019년 9월 30일 19시,월요일,경기도 수원시 장안구 조원동,경상사고,0,0,2,0,차대차 - 측면충돌,안전거리미확보,건조,맑음,교차로 - 교차로부근,승용,남,56세,경상,승용,남,27세,경상
2019093000100615,2019년 9월 30일 19시,월요일,경기도 수원시 영통구 망포동,경상사고,0,0,1,0,차대차 - 후진중충돌,안전운전불이행,건조,맑음,단일로 - 기타,승용,남,60세,상해없음,이륜,남,25세,경상
2019093000100616,2019년 9월 30일 19시,월요일,경기도 수원시 권선구 권선동,경상사고,0,0,2,0,차대차 - 측면충돌,안전운전불이행,건조,맑음,교차로 - 교차로안,승용,남,41세,상해없음,승용,남,26세,경상
2019093000100654,2019년 9월 30일 20시,월요일,경기도 수원시 권선구 권선동,경상사고,0,0,2,0,차대차 - 측면충돌,신호위반,건조,맑음,교차로 - 교차로안,승용,여,58세,상해없음,승합,남,59세,경상
2019093000100681,2019년 9월 30일 21시,월요일,경기도 수원시 팔달구 장안동,경상사고,0,0,1,0,차대차 - 추돌,안전운전불이행,건조,맑음,단일로 - 기타,승용,남,55세,상해없음,승용,남,25세,경상
2019100100100063,2019년 10월 1일 04시,화요일,경기도 수원시 권선구 호매실동,경상사고,0,0,1,0,차대차 - 기타,안전운전불이행,건조,맑음,단일로 - 기타,승합,남,47세,상해없음,화물,남,59세,경상
2019100100100135,2019년 10월 1일 08시,화요일,경기도 수원시 장안구 연무동,경상사고,0,0,1,0,차대차 - 측면충돌,교차로운행방법위반,건조,맑음,교차로 - 교차로안,승용,남,54세,상해없음,승용,여,55세,경상
2019100100100142,2019년 10월 1일 08시,화요일,경기도 수원시 영통구 이의동,경상사고,0,0,1,0,차대차 - 기타,안전거리미확보,건조,맑음,단일로 - 기타,승용,여,25세,상해없음,승용,남,34세,경상
2019100100100175,2019년 10월 1일 09시,화요일,경기도 수원시 장안구 정자동,경상사고,0,0,1,0,차대차 - 기타,안전운전불이행,건조,맑음,교차로 - 교차로횡단보도내,승용,남,74세,상해없음,자전거,남,47세,경상
2019100100100215,2019년 10월 1일 10시,화요일,경기도 수원시 영통구 영통동,경상사고,0,0,1,0,차대차 - 측면충돌,안전운전불이행,건조,맑음,교차로 - 교차로안,승용,여,58세,상해없음,이륜,남,24세,경상
2019100100100377,2019년 10월 1일 15시,화요일,경기도 수원시 장안구 조원동,경상사고,0,0,1,0,차대차 - 추돌,안전거리미확보,건조,흐림,단일로 - 기타,승용,여,63세,상해없음,승용,여,63세,경상
2019100100100415,2019년 10월 1일 16시,화요일,경기도 수원시 팔달구 팔달로1가,경상사고,0,0,1,0,차대사람 - 기타,기타,건조,맑음,단일로 - 기타,승용,여,22세,상해없음,보행자,여,64세,경상
2019100100100451,2019년 10월 1일 17시,화요일,경기도 수원시 장안구 정자동,부상신고사고,0,0,0,1,차대차 - 측면충돌,안전운전불이행,건조,맑음,단일로 - 기타,자전거,남,14세,부상신고,자전거,남,15세,상해없음
2019100100100567,2019년 10월 1일 19시,화요일,경기도 수원시 장안구 정자동,중상사고,0,1,0,0,차대차 - 측면충돌,신호위반,건조,맑음,교차로 - 교차로안,승합,남,64세,상해없음,자전거,여,53세,중상
2019100100100569,2019년 10월 1일 19시,화요일,경기도 수원시 영통구 망포동,경상사고,0,0,1,0,차대차 - 측면충돌,기타,건조,맑음,단일로 - 기타,승용,여,48세,상해없음,화물,남,62세,경상
2019100100100571,2019년 10월 1일 19시,화요일,경기도 수원시 권선구 서둔동,경상사고,0,0,1,0,차대사람 - 횡단중,보행자보호의무위반,건조,맑음,기타 - 기타,승용,남,24세,상해없음,보행자,남,61세,경상
2019100100100682,2019년 10월 1일 22시,화요일,경기도 수원시 장안구 송죽동,경상사고,0,0,2,0,차대차 - 기타,신호위반,건조,맑음,교차로 - 교차로안,승용,여,54세,상해없음,승합,남,64세,경상
2019100100100711,2019년 10월 1일 23시,화요일,경기도 수원시 팔달구 지동,중상사고,0,1,0,0,차대차 - 기타,교차로운행방법위반,건조,맑음,교차로 - 교차로부근,승용,남,53세,상해없음,자전거,남,54세,중상
2019100200100130,2019년 10월 2일 08시,수요일,경기도 수원시 장안구 파장동,경상사고,0,0,1,0,차대사람 - 횡단중,안전운전불이행,건조,맑음,단일로 - 기타,승용,남,27세,기타불명,보행자,여,69세,경상
2019100200100131,2019년 10월 2일 08시,수요일,경기도 수원시 장안구 율전동,경상사고,0,0,1,0,차대차 - 측면충돌,기타,건조,맑음,교차로 - 교차로안,승용,여,24세,상해없음,승용,남,50세,경상
2019100200100185,2019년 10월 2일 09시,수요일,경기도 수원시 권선구 평동,경상사고,0,0,1,0,차대차 - 측면충돌,안전거리미확보,건조,맑음,단일로 - 기타,화물,남,77세,상해없음,승용,남,28세,경상
2019100200100223,2019년 10월 2일 10시,수요일,경기도 수원시 팔달구 인계동,경상사고,0,0,1,0,차대차 - 추돌,안전운전불이행,젖음/습기,비,교차로 - 교차로부근,승용,남,32세,상해없음,승용,남,23세,경상
2019100200100255,2019년 10월 2일 11시,수요일,경기도 수원시 권선구 세류동,경상사고,0,0,3,0,차대차 - 기타,안전거리미확보,젖음/습기,비,단일로 - 기타,승용,여,47세,경상,이륜,남,39세,상해없음
2019100200100256,2019년 10월 2일 11시,수요일,경기도 수원시 권선구 서둔동,경상사고,0,0,1,0,차대차 - 기타,교차로운행방법위반,건조,맑음,교차로 - 교차로부근,화물,남,67세,상해없음,승용,남,33세,경상
2019100200100293,2019년 10월 2일 12시,수요일,경기도 수원시 팔달구 중동,경상사고,0,0,1,0,차대차 - 추돌,안전운전불이행,건조,맑음,교차로 - 교차로부근,승용,남,46세,상해없음,승용,여,41세,경상
2019100200100329,2019년 10월 2일 13시,수요일,경기도 수원시 권선구 세류동,경상사고,0,0,1,0,차대차 - 기타,직진우회전진행방해,젖음/습기,맑음,교차로 - 교차로안,특수,남,22세,상해없음,이륜,남,25세,경상
2019100200100331,2019년 10월 2일 13시,수요일,경기도 수원시 권선구 세류동,부상신고사고,0,0,0,1,차대차 - 기타,안전운전불이행,젖음/습기,비,단일로 - 기타,이륜,남,34세,부상신고,승용,남,38세,상해없음
2019100200100366,2019년 10월 2일 14시,수요일,경기도 수원시 팔달구 인계동,경상사고,0,0,3,0,차대차 - 추돌,안전운전불이행,건조,맑음,단일로 - 기타,승용,남,34세,상해없음,승용,남,32세,경상
2019100200100367,2019년 10월 2일 14시,수요일,경기도 수원시 권선구 세류동,경상사고,0,0,1,0,차대사람 - 횡단중,안전운전불이행,건조,맑음,교차로 - 교차로횡단보도내,승용,남,36세,상해없음,보행자,남,8세,경상
2019100200100407,2019년 10월 2일 15시,수요일,경기도 수원시 팔달구 화서동,부상신고사고,0,0,0,1,차대차 - 추돌,안전운전불이행,건조,맑음,단일로 - 기타,화물,남,54세,상해없음,화물,남,42세,상해없음
2019100200100408,2019년 10월 2일 15시,수요일,경기도 수원시 팔달구 우만동,중상사고,0,1,0,0,차대차 - 기타,중앙선침범,건조,맑음,교차로 - 교차로안,승용,여,52세,상해없음,이륜,남,34세,중상
2019100200100499,2019년 10월 2일 17시,수요일,경기도 수원시 팔달구 화서동,경상사고,0,0,1,0,차대사람 - 기타,보행자보호의무위반,건조,맑음,단일로 - 기타,이륜,남,47세,상해없음,보행자,여,18세,경상
2019100200100504,2019년 10월 2일 17시,수요일,경기도 수원시 권선구 권선동,중상사고,0,2,0,0,차대차 - 측면충돌,차로위반,젖음/습기,비,단일로 - 기타,화물,남,46세,상해없음,승용,남,47세,중상
2019100200100573,2019년 10월 2일 18시,수요일,경기도 수원시 영통구 원천동,경상사고,0,0,1,0,차대사람 - 기타,안전운전불이행,젖음/습기,비,기타 - 기타,승합,남,68세,상해없음,보행자,여,55세,경상
2019100200100576,2019년 10월 2일 18시,수요일,경기도 수원시 권선구 세류동,경상사고,0,0,1,0,차대차 - 측면충돌,신호위반,젖음/습기,비,단일로 - 기타,승용,남,56세,상해없음,승용,남,37세,경상
2019100200100644,2019년 10월 2일 19시,수요일,경기도 수원시 장안구 영화동,경상사고,0,0,1,0,차대차 - 기타,교차로운행방법위반,건조,맑음,교차로 - 교차로안,승용,남,53세,상해없음,승용,남,34세,경상
2019100200100658,2019년 10월 2일 19시,수요일,경기도 수원시 권선구 곡반정동,경상사고,0,0,1,0,차대차 - 측면충돌,안전운전불이행,젖음/습기,비,교차로 - 교차로안,승용,여,22세,상해없음,이륜,남,36세,경상
2019100200100663,2019년 10월 2일 19시,수요일,경기도 수원시 권선구 호매실동,경상사고,0,0,1,0,차대사람 - 보도통행중,신호위반,젖음/습기,비,단일로 - 기타,이륜,남,19세,상해없음,보행자,남,30세,경상
2019100200100664,2019년 10월 2일 19시,수요일,경기도 수원시 팔달구 매산로1가,경상사고,0,0,2,0,차대차 - 추돌,안전운전불이행,젖음/습기,비,단일로 - 기타,승합,남,61세,상해없음,승용,남,36세,경상
2019100200100742,2019년 10월 2일 20시,수요일,경기도 수원시 영통구 이의동,경상사고,0,0,2,0,차대차 - 후진중충돌,안전운전불이행,젖음/습기,비,교차로 - 교차로부근,승용,남,68세,상해없음,승용,남,32세,경상
2019100200100743,2019년 10월 2일 20시,수요일,경기도 수원시 영통구 망포동,경상사고,0,0,1,0,차대사람 - 기타,보행자보호의무위반,젖음/습기,맑음,기타 - 기타,승용,남,58세,기타불명,보행자,여,47세,경상
2019100200100746,2019년 10월 2일 20시,수요일,경기도 수원시 권선구 고색동,중상사고,0,1,0,0,차대차 - 측면충돌,안전운전불이행,젖음/습기,비,단일로 - 기타,승용,여,47세,상해없음,이륜,남,27세,중상
2019100200100806,2019년 10월 2일 21시,수요일,경기도 수원시 영통구 매탄동,경상사고,0,0,1,0,차대사람 - 기타,안전운전불이행,젖음/습기,비,교차로 - 교차로횡단보도내,승용,남,25세,상해없음,보행자,여,55세,경상
2019100200100807,2019년 10월 2일 21시,수요일,경기도 수원시 영통구 매탄동,경상사고,0,0,1,0,차대차 - 기타,신호위반,젖음/습기,비,기타 - 기타,이륜,남,22세,경상,승용,남,58세,상해없음
2019100200100905,2019년 10월 2일 23시,수요일,경기도 수원시 팔달구 인계동,경상사고,0,0,1,0,차대사람 - 기타,신호위반,젖음/습기,비,기타 - 기타,이륜,남,35세,상해없음,보행자,남,30세,경상
2019100200100908,2019년 10월 2일 23시,수요일,경기도 수원시 권선구 호매실동,경상사고,0,0,1,0,차대사람 - 횡단중,보행자보호의무위반,젖음/습기,비,교차로 - 교차로횡단보도내,승용,남,57세,기타불명,보행자,남,28세,경상
2019100300100038,2019년 10월 3일 00시,목요일,경기도 수원시 팔달구 매산로1가,경상사고,0,0,2,0,차대사람 - 횡단중,안전운전불이행,젖음/습기,비,단일로 - 기타,승용,남,42세,기타불명,보행자,남,58세,경상
2019100300100071,2019년 10월 3일 01시,목요일,경기도 수원시 장안구 정자동,중상사고,0,1,0,0,차대차 - 측면충돌,신호위반,젖음/습기,비,교차로 - 교차로안,승용,남,24세,중상,승용,여,36세,상해없음
2019100300100105,2019년 10월 3일 02시,목요일,경기도 수원시 팔달구 인계동,중상사고,0,1,0,0,차대사람 - 기타,안전운전불이행,젖음/습기,비,단일로 - 기타,승용,남,64세,상해없음,보행자,남,53세,중상
2019100300100106,2019년 10월 3일 02시,목요일,경기도 수원시 권선구 서둔동,경상사고,0,0,2,0,차대차 - 추돌,기타,젖음/습기,비,단일로 - 기타,승용,남,25세,상해없음,승용,남,46세,경상
2019100300100159,2019년 10월 3일 05시,목요일,경기도 수원시 팔달구 인계동,경상사고,0,0,1,0,차대사람 - 기타,안전운전불이행,젖음/습기,비,교차로 - 교차로부근,승용,여,22세,상해없음,보행자,남,29세,경상
2019100300100160,2019년 10월 3일 05시,목요일,경기도 수원시 팔달구 인계동,경상사고,0,0,1,0,차대차 - 정면충돌,차로위반,젖음/습기,비,교차로 - 교차로부근,승용,남,55세,상해없음,승용,남,29세,경상
2019100300100306,2019년 10월 3일 13시,목요일,경기도 수원시 영통구 이의동,중상사고,0,1,0,0,차대차 - 측면충돌,차로위반,건조,맑음,기타 - 기타,건설기계,남,58세,기타불명,승용,남,40세,중상
2019100300100373,2019년 10월 3일 15시,목요일,경기도 수원시 팔달구 북수동,경상사고,0,0,1,0,차량단독 - 기타,안전운전불이행,건조,맑음,단일로 - 기타,승합,남,59세,상해없음,,,,
2019100300100374,2019년 10월 3일 15시,목요일,경기도 수원시 장안구 정자동,경상사고,0,0,1,0,차대차 - 후진중충돌,안전운전불이행,건조,맑음,단일로 - 기타,승용,남,60세,상해없음,승용,남,57세,경상
2019100300100480,2019년 10월 3일 18시,목요일,경기도 수원시 팔달구 인계동,경상사고,0,0,6,0,차대차 - 측면충돌,직진우회전진행방해,건조,맑음,교차로 - 교차로안,승용,남,42세,경상,승용,남,26세,경상
2019100300100584,2019년 10월 3일 22시,목요일,경기도 수원시 권선구 평동,경상사고,0,0,2,0,차대차 - 추돌,안전운전불이행,건조,맑음,교차로 - 교차로부근,승용,남,59세,상해없음,승용,여,50세,경상
2019100400100054,2019년 10월 4일 03시,금요일,경기도 수원시 장안구 파장동,경상사고,0,0,1,0,차대차 - 기타,신호위반,건조,맑음,교차로 - 교차로안,승용,여,47세,상해없음,승용,남,24세,경상
2019100400100138,2019년 10월 4일 08시,금요일,경기도 수원시 장안구 영화동,경상사고,0,0,1,0,차대차 - 측면충돌,신호위반,건조,맑음,단일로 - 기타,승용,여,54세,상해없음,이륜,남,20세,경상
2019100400100141,2019년 10월 4일 08시,금요일,경기도 수원시 영통구 영통동,경상사고,0,0,1,0,차대차 - 추돌,안전운전불이행,건조,맑음,단일로 - 기타,승용,여,49세,상해없음,승용,남,50세,경상
2019100400100183,2019년 10월 4일 09시,금요일,경기도 수원시 권선구 금곡동,중상사고,0,1,0,0,차대차 - 기타,안전운전불이행,건조,맑음,단일로 - 기타,화물,남,35세,상해없음,이륜,남,30세,중상