사고번호,사고일시,요일,시군구,사고내용,사망자수,중상자수,경상자수,부상신고자수,사고유형,법규위반,노면상태,기상상태,도로형태,가해운전자 차종,가해운전자 성별,가해운전자 연령,가해운전자 상해정도,피해운전자 차종,피해운전자 성별,피해운전자 연령,피해운전자 상해정도
2019102100100428,2019년 10월 21일 15시,월요일,경기도 수원시 장안구 송죽동,경상사고,0,0,1,0,차대사람 - 기타,기타,건조,맑음,단일로 - 기타,승용,여,59세,상해없음,보행자,남,62세,경상
2019102100100560,2019년 10월 21일 18시,월요일,경기도 수원시 장안구 송죽동,경상사고,0,0,1,0,차량단독 - 전도전복 - 전도,안전운전불이행,건조,맑음,단일로 - 기타,이륜,남,18세,경상,,,,
2019102100100567,2019년 10월 21일 18시,월요일,경기도 수원시 영통구 매탄동,경상사고,0,0,1,0,차대차 - 측면충돌,교차로운행방법위반,건조,맑음,교차로 - 교차로안,승용,남,47세,상해없음,이륜,남,50세,경상
2019102100100654,2019년 10월 21일 20시,월요일,경기도 수원시 영통구 망포동,경상사고,0,0,1,0,차대차 - 측면충돌,교차로운행방법위반,건조,맑음,교차로 - 교차로안,승용,남,30세,상해없음,승용,여,53세,경상
2019102100100709,2019년 10월 21일 22시,월요일,경기도 수원시 영통구 이의동,경상사고,0,0,1,0,차대차 - 측면충돌,안전운전불이행,건조,맑음,단일로 - 기타,승용,여,52세,상해없음,원동기,남,16세,상해없음
2019102200100028,2019년 10월 22일 00시,화요일,경기도 수원시 영통구 매탄동,경상사고,0,0,2,0,차대차 - 기타,신호위반,건조,맑음,교차로 - 교차로안,승용,남,60세,상해없음,승용,남,50세,경상
2019102200100083,2019년 10월 22일 06시,화요일,경기도 수원시 장안구 하광교동,경상사고,0,0,1,0,차대차 - 기타,안전거리미확보,건조,맑음,단일로 - 기타,승용,여,58세,상해없음,화물,남,44세,경상
2019102200100107,2019년 10월 22일 07시,화요일,경기도 수원시 팔달구 인계동,경상사고,0,0,2,0,차대차 - 측면충돌,안전운전불이행,건조,맑음,단일로 - 기타,승용,남,42세,상해없음,승용,남,28세,경상
2019102200100137,2019년 10월 22일 08시,화요일,경기도 수원시 장안구 영화동,경상사고,0,0,1,0,차대차 - 추돌,안전운전불이행,건조,맑음,단일로 - 기타,승용,여,32세,상해없음,승용,여,44세,경상
2019102200100145,2019년 10월 22일 08시,화요일,경기도 수원시 영통구 매탄동,경상사고,0,0,1,0,차대차 - 측면충돌,안전거리미확보,건조,맑음,단일로 - 기타,승용,남,52세,상해없음,이륜,남,39세,경상
2019102200100189,2019년 10월 22일 09시,화요일,경기도 수원시 장안구 연무동,경상사고,0,0,1,0,차대차 - 기타,안전운전불이행,건조,맑음,교차로 - 교차로안,승용,남,79세,상해없음,승용,여,28세,경상
2019102200100221,2019년 10월 22일 10시,화요일,경기도 수원시 장안구 정자동,경상사고,0,0,2,0,차대차 - 기타,직진우회전진행방해,건조,맑음,교차로 - 교차로안,화물,남,59세,상해없음,승용,남,67세,경상
2019102200100222,2019년 10월 22일 10시,화요일,경기도 수원시 장안구 조원동,부상신고사고,0,0,0,1,차대사람 - 차도통행중,안전운전불이행,건조,맑음,기타 - 기타,승합,남,57세,상해없음,보행자,남,72세,부상신고
2019102200100281,2019년 10월 22일 12시,화요일,경기도 수원시 장안구 송죽동,부상신고사고,0,0,0,1,차대차 - 기타,교차로운행방법위반,건조,맑음,교차로 - 교차로안,승용,여,60세,상해없음,원동기,남,73세,부상신고
2019102200100325,2019년 10월 22일 13시,화요일,경기도 수원시 팔달구 지동,경상사고,0,0,1,0,차대사람 - 기타,안전운전불이행,건조,맑음,교차로 - 교차로횡단보도내,승합,남,43세,상해없음,보행자,여,72세,상해없음
2019102200100358,2019년 10월 22일 14시,화요일,경기도 수원시 장안구 송죽동,경상사고,0,0,1,0,차대차 - 측면충돌,안전운전불이행,건조,맑음,교차로 - 교차로부근,승용,여,41세,상해없음,승용,여,52세,경상
2019102200100364,2019년 10월 22일 14시,화요일,경기도 수원시 팔달구 인계동,경상사고,0,0,1,0,차대차 - 기타,신호위반,건조,맑음,교차로 - 교차로안,이륜,남,83세,경상,승용,여,32세,상해없음
2019102200100367,2019년 10월 22일 14시,화요일,경기도 수원시 권선구 구운동,경상사고,0,0,1,0,차대차 - 측면충돌,교차로운행방법위반,건조,맑음,교차로 - 교차로안,승용,여,33세,상해없음,화물,남,35세,경상
2019102200100432,2019년 10월 22일 16시,화요일,경기도 수원시 장안구 연무동,경상사고,0,0,1,0,차대차 - 추돌,안전운전불이행,건조,맑음,단일로 - 기타,승용,남,72세,상해없음,승용,남,23세,경상
2019102200100440,2019년 10월 22일 16시,화요일,경기도 수원시 영통구 매탄동,중상사고,0,1,0,0,차량단독 - 기타,안전운전불이행,건조,맑음,교차로 - 교차로부근,승합,남,61세,상해없음,,,,
2019102200100441,2019년 10월 22일 16시,화요일,경기도 수원시 권선구 오목천동,경상사고,0,0,1,0,차대차 - 기타,안전운전불이행,건조,맑음,교차로 - 교차로부근,승합,남,45세,상해없음,승용,남,47세,경상
2019102200100479,2019년 10월 22일 17시,화요일,경기도 수원시 팔달구 영동,경상사고,0,0,1,0,차대차 - 측면충돌,불법유턴,건조,맑음,교차로 - 교차로안,자전거,남,55세,경상,승용,여,36세,상해없음
2019102200100483,2019년 10월 22일 17시,화요일,경기도 수원시 영통구 매탄동,경상사고,0,0,2,0,차대차 - 측면충돌,차로위반,건조,맑음,단일로 - 교량,승용,여,66세,상해없음,승용,여,26세,경상
2019102200100524,2019년 10월 22일 18시,화요일,경기도 수원시 팔달구 신풍동,경상사고,0,0,1,0,차대차 - 측면충돌,직진우회전진행방해,건조,맑음,교차로 - 교차로안,승용,남,45세,상해없음,승용,남,37세,경상
2019102200100655,2019년 10월 22일 20시,화요일,경기도 수원시 장안구 영화동,경상사고,0,0,2,0,차대차 - 기타,안전운전불이행,건조,맑음,단일로 - 기타,승용,남,56세,상해없음,승용,남,23세,경상
2019102200100660,2019년 10월 22일 20시,화요일,경기도 수원시 권선구 곡반정동,경상사고,0,0,1,0,차대차 - 기타,안전운전불이행,건조,맑음,단일로 - 기타,승용,여,39세,상해없음,승용,남,22세,상해없음
2019102200100708,2019년 10월 22일 22시,화요일,경기도 수원시 장안구 천천동,경상사고,0,0,1,0,차대차 - 추돌,안전거리미확보,건조,맑음,단일로 - 기타,승용,남,37세,상해없음,승용,여,40세,경상
2019102200100712,2019년 10월 22일 22시,화요일,경기도 수원시 권선구 권선동,경상사고,0,0,1,0,차대차 - 기타,안전운전불이행,건조,맑음,교차로 - 교차로안,이륜,남,20세,상해없음,이륜,남,28세,경상
2019102300100061,2019년 10월 23일 02시,수요일,경기도 수원시 팔달구 인계동,경상사고,0,0,1,0,차대차 - 측면충돌,신호위반,건조,맑음,교차로 - 교차로안,승용,남,25세,상해없음,이륜,남,47세,경상
2019102300100264,2019년 10월 23일 12시,수요일,경기도 수원시 영통구 영통동,경상사고,0,0,1,0,차대차 - 측면충돌,신호위반,건조,맑음,교차로 - 교차로안,승용,여,47세,상해없음,자전거,여,28세,경상
2019102300100265,2019년 10월 23일 12시,수요일,경기도 수원시 권선구 탑동,경상사고,0,0,3,0,차대차 - 측면충돌,신호위반,건조,맑음,교차로 - 교차로안,화물,남,73세,경상,승용,여,72세,경상
2019102300100295,2019년 10월 23일 13시,수요일,경기도 수원시 권선구 고색동,경상사고,0,0,1,0,차대차 - 기타,교차로운행방법위반,건조,맑음,교차로 - 교차로안,승용,남,67세,상해없음,승용,여,53세,경상
2019102300100486,2019년 10월 23일 18시,수요일,경기도 수원시 권선구 탑동,경상사고,0,0,1,0,차대사람 - 횡단중,보행자보호의무위반,건조,맑음,교차로 - 교차로횡단보도내,승용,남,37세,상해없음,보행자,남,10세,경상
2019102300100487,2019년 10월 23일 18시,수요일,경기도 수원시 팔달구 매산로1가,경상사고,0,0,1,0,차대차 - 측면충돌,안전운전불이행,건조,맑음,교차로 - 교차로안,승합,남,56세,상해없음,승용,남,24세,경상
2019102300100619,2019년 10월 23일 21시,수요일,경기도 수원시 영통구 매탄동,경상사고,0,0,1,0,차대사람 - 횡단중,보행자보호의무위반,건조,맑음,교차로 - 교차로횡단보도내,승용,남,26세,상해없음,보행자,남,37세,경상
2019102300100647,2019년 10월 23일 22시,수요일,경기도 수원시 영통구 매탄동,경상사고,0,0,1,0,차대차 - 측면충돌,교차로운행방법위반,건조,맑음,교차로 - 교차로안,이륜,남,49세,상해없음,이륜,남,18세,경상
2019102400100050,2019년 10월 24일 02시,목요일,경기도 수원시 장안구 조원동,경상사고,0,0,1,0,차대차 - 추돌,안전거리미확보,건조,맑음,교차로 - 교차로안,승용,남,33세,상해없음,승용,남,50세,경상
2019102400100051,2019년 10월 24일 02시,목요일,경기도 수원시 권선구 호매실동,경상사고,0,0,1,0,차대차 - 추돌,안전거리미확보,건조,맑음,단일로 - 기타,승용,남,27세,상해없음,승용,남,59세,경상
2019102400100067,2019년 10월 24일 05시,목요일,경기도 수원시 권선구 권선동,경상사고,0,0,1,0,차대차 - 기타,안전거리미확보,건조,맑음,교차로 - 교차로부근,기타불명,기타불명,미분류,기타불명,이륜,남,27세,경상
2019102400100212,2019년 10월 24일 10시,목요일,경기도 수원시 장안구 영화동,경상사고,0,0,1,0,차대차 - 기타,안전거리미확보,건조,맑음,단일로 - 기타,승용,여,36세,상해없음,승용,남,29세,경상
2019102400100240,2019년 10월 24일 11시,목요일,경기도 수원시 팔달구 화서동,경상사고,0,0,1,0,차대차 - 추돌,안전운전불이행,건조,맑음,단일로 - 기타,화물,남,45세,상해없음,승용,여,41세,경상
2019102400100248,2019년 10월 24일 11시,목요일,경기도 수원시 권선구 고색동,중상사고,0,1,0,0,차대차 - 기타,안전운전불이행,건조,맑음,단일로 - 기타,승용,남,24세,상해없음,자전거,남,27세,중상
2019102400100249,2019년 10월 24일 11시,목요일,경기도 수원시 장안구 율전동,경상사고,0,0,1,0,차대차 - 측면충돌,신호위반,건조,맑음,교차로 - 교차로안,승용,여,52세,상해없음,승용,여,66세,경상
2019102400100277,2019년 10월 24일 12시,목요일,경기도 수원시 권선구 세류동,경상사고,0,0,2,0,차대차 - 추돌,안전거리미확보,건조,맑음,교차로 - 교차로안,특수,남,40세,상해없음,승용,남,51세,경상
2019102400100425,2019년 10월 24일 16시,목요일,경기도 수원시 장안구 영화동,중상사고,0,1,0,0,차대차 - 기타,신호위반,건조,맑음,교차로 - 교차로안,승용,여,48세,상해없음,이륜,남,60세,중상
2019102400100430,2019년 10월 24일 16시,목요일,경기도 수원시 권선구 권선동,경상사고,0,0,1,0,차대차 - 기타,교차로운행방법위반,건조,맑음,교차로 - 교차로부근,승용,남,45세,상해없음,승합,남,59세,상해없음
2019102400100479,2019년 10월 24일 17시,목요일,경기도 수원시 팔달구 지동,중상사고,0,1,0,0,차대차 - 추돌,안전운전불이행,건조,맑음,교차로 - 교차로안,승용,남,53세,상해없음,이륜,남,21세,중상
2019102400100483,2019년 10월 24일 17시,목요일,경기도 수원시 팔달구 매교동,중상사고,0,1,0,0,차대사람 - 기타,안전운전불이행,건조,맑음,단일로 - 기타,기타불명,기타불명,미분류,기타불명,보행자,남,66세,중상
2019102400100541,2019년 10월 24일 18시,목요일,경기도 수원시 권선구 권선동,경상사고,0,0,1,0,차대차 - 추돌,안전운전불이행,건조,맑음,교차로 - 교차로부근,승용,남,72세,상해없음,승용,남,41세,경상
2019102400100602,2019년 10월 24일 19시,목요일,경기도 수원시 장안구 율전동,부상신고사고,0,0,0,1,차대사람 - 기타,안전운전불이행,건조,맑음,교차로 - 교차로안,승용,여,38세,상해없음,보행자,남,13세,부상신고
2019102400100607,2019년 10월 24일 19시,목요일,경기도 수원시 권선구 권선동,경상사고,0,0,1,0,차대차 - 후진중충돌,안전운전불이행,건조,맑음,단일로 - 기타,승용,여,44세,상해없음,이륜,남,43세,경상
2019102400100673,2019년 10월 24일 20시,목요일,경기도 수원시 팔달구 매산로1가,경상사고,0,0,1,0,차대사람 - 보도통행중,기타,건조,맑음,주차장 - 주차장,승용,여,25세,상해없음,보행자,남,59세,경상
2019102400100706,2019년 10월 24일 21시,목요일,경기도 수원시 영통구 망포동,경상사고,0,0,1,0,차대차 - 측면충돌,안전운전불이행,건조,맑음,교차로 - 교차로횡단보도내,승용,여,65세,상해없음,승용,여,30세,경상
2019102500100031,2019년 10월 25일 00시,금요일,경기도 수원시 권선구 금곡동,사망사고,1,0,0,0,차대사람 - 기타,안전운전불이행,건조,맑음,단일로 - 기타,승용,남,31세,상해없음,보행자,남,54세,사망
2019102500100032,2019년 10월 25일 00시,금요일,경기도 수원시 권선구 호매실동,중상사고,0,1,1,1,차대차 - 추돌,안전운전불이행,건조,맑음,교차로 - 교차로부근,승용,남,64세,상해없음,승용,남,51세,부상신고
2019102500100179,2019년 10월 25일 09시,금요일,경기도 수원시 장안구 영화동,부상신고사고,0,0,0,1,차대차 - 측면충돌,안전운전불이행,건조,맑음,교차로 - 교차로안,자전거,여,63세,부상신고,승용,여,35세,상해없음
2019102500100184,2019년 10월 25일 09시,금요일,경기도 수원시 영통구 매탄동,경상사고,0,0,1,0,차대차 - 측면충돌,안전운전불이행,건조,맑음,교차로 - 교차로부근,승용,여,25세,상해없음,이륜,남,27세,경상
2019102500100224,2019년 10월 25일 10시,금요일,경기도 수원시 팔달구 팔달로3가,경상사고,0,0,1,0,차대차 - 추돌,안전운전불이행,건조,맑음,교차로 - 교차로안,승용,남,51세,상해없음,승용,남,31세,경상
2019102500100284,2019년 10월 25일 12시,금요일,경기도 수원시 장안구 조원동,경상사고,0,0,1,0,차대차 - 기타,안전거리미확보,건조,맑음,단일로 - 기타,승용,남,43세,상해없음,승용,여,46세,경상
2019102500100318,2019년 10월 25일 13시,금요일,경기도 수원시 장안구 연무동,중상사고,0,1,4,0,차대차 - 기타,신호위반,건조,맑음,단일로 - 기타,승용,남,63세,경상,승합,남,56세,중상
2019102500100325,2019년 10월 25일 13시,금요일,경기도 수원시 팔달구 인계동,경상사고,0,0,1,0,차대사람 - 기타,안전운전불이행,건조,맑음,기타 - 기타,승용,남,22세,상해없음,보행자,남,27세,경상
2019102500100369,2019년 10월 25일 14시,금요일,경기도 수원시 권선구 고색동,중상사고,0,1,2,1,차대차 - 추돌,안전운전불이행,건조,맑음,단일로 - 기타,승용,남,73세,부상신고,승용,여,56세,중상
2019102500100409,2019년 10월 25일 15시,금요일,경기도 수원시 장안구 영화동,경상사고,0,0,1,0,차대차 - 기타,안전거리미확보,건조,맑음,교차로 - 교차로안,승용,남,73세,상해없음,화물,남,76세,경상
2019102500100414,2019년 10월 25일 15시,금요일,경기도 수원시 팔달구 매교동,중상사고,0,1,0,0,차대차 - 기타,중앙선침범,건조,맑음,단일로 - 기타,자전거,여,64세,중상,화물,남,44세,상해없음
2019102500100571,2019년 10월 25일 18시,금요일,경기도 수원시 팔달구 우만동,경상사고,0,0,1,0,차대사람 - 기타,안전운전불이행,건조,맑음,단일로 - 기타,승용,남,55세,상해없음,보행자,남,44세,경상
2019102500100579,2019년 10월 25일 18시,금요일,경기도 수원시 영통구 이의동,경상사고,0,0,2,0,차대차 - 추돌,안전운전불이행,건조,맑음,교차로 - 교차로부근,기타불명,기타불명,미분류,기타불명,승용,여,37세,경상
2019102500100580,2019년 10월 25일 18시,금요일,경기도 수원시 영통구 매탄동,경상사고,0,0,1,0,차대차 - 기타,안전거리미확보,건조,맑음,기타 - 기타,승용,남,51세,상해없음,승합,여,52세,상해없음
2019102500100665,2019년 10월 25일 19시,금요일,경기도 수원시 영통구 신동,경상사고,0,0,2,0,차대차 - 기타,안전거리미확보,건조,맑음,단일로 - 기타,화물,남,64세,상해없음,승합,여,46세,상해없음
2019102500100666,2019년 10월 25일 19시,금요일,경기도 수원시 팔달구 인계동,중상사고,0,1,0,0,차대사람 - 횡단중,보행자보호의무위반,젖음/습기,비,교차로 - 교차로횡단보도내,승용,남,67세,상해없음,보행자,남,54세,중상
2019102500100734,2019년 10월 25일 20시,금요일,경기도 수원시 영통구 원천동,경상사고,0,0,4,0,차대차 - 추돌,안전운전불이행,건조,맑음,교차로 - 교차로안,승용,남,47세,상해없음,승용,여,38세,경상
2019102500100735,2019년 10월 25일 20시,금요일,경기도 수원시 권선구 권선동,중상사고,0,1,0,0,차대차 - 측면충돌,신호위반,건조,맑음,교차로 - 교차로안,이륜,남,32세,상해없음,이륜,남,21세,중상
2019102500100770,2019년 10월 25일 21시,금요일,경기도 수원시 팔달구 인계동,경상사고,0,0,1,0,차대차 - 측면충돌,신호위반,건조,맑음,교차로 - 교차로안,승용,남,29세,상해없음,이륜,남,49세,경상
2019102600100034,2019년 10월 26일 00시,토요일,경기도 수원시 권선구 호매실동,중상사고,0,3,2,0,차대차 - 기타,안전운전불이행,건조,맑음,단일로 - 기타,승용,남,27세,중상,화물,남,42세,중상
2019102600100058,2019년 10월 26일 02시,토요일,경기도 수원시 장안구 파장동,경상사고,0,0,1,0,차대차 - 측면충돌,안전거리미확보,건조,맑음,단일로 - 기타,승용,남,55세,상해없음,승용,남,59세,경상
2019102600100059,2019년 10월 26일 02시,토요일,경기도 수원시 팔달구 인계동,경상사고,0,0,1,0,차대사람 - 기타,안전운전불이행,건조,맑음,기타 - 기타,승용,남,56세,상해없음,보행자,남,20세,경상
2019102600100078,2019년 10월 26일 04시,토요일,경기도 수원시 팔달구 매산로3가,경상사고,0,0,2,0,차대차 - 기타,안전운전불이행,건조,맑음,교차로 - 교차로안,승용,남,29세,상해없음,승용,남,45세,경상
2019102600100079,2019년 10월 26일 04시,토요일,경기도 수원시 권선구 구운동,경상사고,0,0,1,0,차대차 - 추돌,안전운전불이행,건조,맑음,교차로 - 교차로부근,승용,남,34세,상해없음,승용,남,69세,경상
2019102600100106,2019년 10월 26일 06시,토요일,경기도 수원시 팔달구 인계동,경상사고,0,0,1,0,차대차 - 측면충돌,신호위반,건조,맑음,교차로 - 교차로안,화물,남,54세,상해없음,승용,남,70세,경상
2019102600100146,2019년 10월 26일 08시,토요일,경기도 수원시 장안구 천천동,경상사고,0,0,1,0,차대차 - 기타,신호위반,건조,맑음,교차로 - 교차로횡단보도내,승합,남,47세,상해없음,자전거,여,10세,경상
2019102600100175,2019년 10월 26일 09시,토요일,경기도 수원시 팔달구 인계동,경상사고,0,0,3,0,차대차 - 추돌,안전운전불이행,건조,맑음,단일로 - 기타,승용,남,20세,상해없음,승용,여,55세,경상
2019102600100176,2019년 10월 26일 09시,토요일,경기도 수원시 권선구 곡반정동,경상사고,0,0,1,0,차대차 - 기타,안전운전불이행,건조,맑음,기타 - 기타,승용,남,36세,상해없음,이륜,남,48세,경상
2019102600100240,2019년 10월 26일 11시,토요일,경기도 수원시 팔달구 화서동,경상사고,0,0,1,0,차대사람 - 기타,안전운전불이행,건조,맑음,단일로 - 기타,승합,남,50세,상해없음,보행자,남,29세,경상
2019102600100323,2019년 10월 26일 13시,토요일,경기도 수원시 권선구 고색동,경상사고,0,0,5,0,차대차 - 추돌,안전운전불이행,건조,맑음,단일로 - 기타,화물,남,54세,기타불명,승용,여,33세,경상
2019102600100365,2019년 10월 26일 14시,토요일,경기도 수원시 장안구 영화동,경상사고,0,0,1,0,차대차 - 기타,교차로운행방법위반,건조,맑음,교차로 - 교차로안,승용,여,44세,상해없음,승용,남,25세,경상
2019102600100369,2019년 10월 26일 14시,토요일,경기도 수원시 권선구 구운동,경상사고,0,0,1,0,차대차 - 기타,안전운전불이행,건조,맑음,단일로 - 기타,승용,남,31세,경상,화물,남,64세,상해없음
2019102600100450,2019년 10월 26일 16시,토요일,경기도 수원시 장안구 파장동,경상사고,0,0,2,0,차대차 - 기타,안전거리미확보,건조,맑음,단일로 - 기타,승용,남,28세,상해없음,승용,여,52세,경상
2019102600100453,2019년 10월 26일 16시,토요일,경기도 수원시 영통구 신동,경상사고,0,0,2,1,차대차 - 기타,신호위반,건조,맑음,교차로 - 교차로안,승용,여,37세,부상신고,승용,남,23세,경상
2019102600100454,2019년 10월 26일 16시,토요일,경기도 수원시 권선구 권선동,경상사고,0,0,2,0,차대차 - 기타,안전거리미확보,건조,맑음,교차로 - 교차로부근,승용,여,42세,상해없음,승용,여,48세,경상
2019102600100455,2019년 10월 26일 16시,토요일,경기도 수원시 권선구 세류동,부상신고사고,0,0,0,1,차대차 - 기타,안전거리미확보,건조,맑음,교차로 - 교차로부근,승용,남,67세,상해없음,승용,남,28세,부상신고
2019102600100568,2019년 10월 26일 19시,토요일,경기도 수원시 영통구 매탄동,부상신고사고,0,0,0,1,차대차 - 측면충돌,안전거리미확보,건조,맑음,교차로 - 교차로부근,승용,남,45세,상해없음,이륜,남,21세,부상신고
2019102600100569,2019년 10월 26일 19시,토요일,경기도 수원시 권선구 권선동,중상사고,0,1,0,0,차대사람 - 기타,안전운전불이행,건조,맑음,단일로 - 기타,화물,남,37세,상해없음,보행자,여,62세,중상
2019102600100611,2019년 10월 26일 20시,토요일,경기도 수원시 장안구 정자동,경상사고,0,0,1,0,차대차 - 기타,신호위반,건조,맑음,교차로 - 교차로안,기타불명,기타불명,미분류,기타불명,이륜,남,36세,경상
2019102600100612,2019년 10월 26일 20시,토요일,경기도 수원시 장안구 정자동,중상사고,0,2,0,0,차대차 - 측면충돌,안전운전불이행,건조,맑음,교차로 - 교차로안,승용,남,66세,상해없음,이륜,남,48세,중상
2019102600100620,2019년 10월 26일 20시,토요일,경기도 수원시 권선구 고색동,중상사고,0,1,1,0,차대차 - 기타,안전운전불이행,건조,맑음,교차로 - 교차로부근,승용,여,51세,상해없음,승합,남,58세,상해없음
2019102600100657,2019년 10월 26일 21시,토요일,경기도 수원시 팔달구 매산로2가,경상사고,0,0,1,0,차대사람 - 기타,안전운전불이행,건조,맑음,단일로 - 기타,승용,남,33세,기타불명,보행자,남,28세,경상
2019102600100714,2019년 10월 26일 23시,토요일,경기도 수원시 영통구 매탄동,부상신고사고,0,0,0,1,차대차 - 기타,안전운전불이행,건조,맑음,단일로 - 기타,사륜오토바이(ATV),남,34세,부상신고,승용,남,65세,상해없음
2019102700100056,2019년 10월 27일 01시,일요일,경기도 수원시 팔달구 인계동,경상사고,0,0,1,0,차대사람 - 기타,안전운전불이행,건조,맑음,교차로 - 교차로부근,승용,남,24세,상해없음,보행자,남,20세,경상
2019102700100057,2019년 10월 27일 01시,일요일,경기도 수원시 권선구 세류동,경상사고,0,0,2,0,차대차 - 측면충돌,신호위반,건조,맑음,교차로 - 교차로안,승용,남,46세,상해없음,승용,남,60세,경상
2019102700100073,2019년 10월 27일 02시,일요일,경기도 수원시 팔달구 인계동,경상사고,0,0,1,0,차대사람 - 기타,안전운전불이행,건조,맑음,교차로 - 교차로안,승용,남,26세,상해없음,보행자,남,22세,경상
2019102700100074,2019년 10월 27일 02시,일요일,경기도 수원시 팔달구 매교동,경상사고,0,0,1,0,차대사람 - 기타,안전운전불이행,건조,맑음,단일로 - 기타,자전거,여,61세,상해없음,보행자,남,47세,경상
2019102700100132,2019년 10월 27일 07시,일요일,경기도 수원시 권선구 세류동,부상신고사고,0,0,0,1,차대사람 - 기타,안전운전불이행,건조,맑음,기타 - 기타,화물,남,57세,상해없음,보행자,여,76세,부상신고
2019102700100286,2019년 10월 27일 13시,일요일,경기도 수원시 권선구 금곡동,경상사고,0,0,1,0,차대사람 - 횡단중,신호위반,건조,맑음,교차로 - 교차로횡단보도내,이륜,남,27세,상해없음,보행자,남,13세,경상
2019102700100326,2019년 10월 27일 14시,일요일,경기도 수원시 팔달구 매산로2가,부상신고사고,0,0,0,1,차대사람 - 횡단중,안전운전불이행,건조,맑음,단일로 - 기타,특수,남,61세,상해없음,보행자,남,51세,부상신고
2019102700100327,2019년 10월 27일 14시,일요일,경기도 수원시 팔달구 매산로1가,경상사고,0,0,1,0,차량단독 - 기타,기타,건조,맑음,단일로 - 기타,승합,남,57세,상해없음,,,,
2019102700100367,2019년 10월 27일 15시,일요일,경기도 수원시 영통구 이의동,경상사고,0,0,1,0,차대차 - 측면충돌,신호위반,건조,맑음,교차로 - 교차로안,이륜,남,25세,상해없음,승합,남,53세,상해없음
2019102700100368,2019년 10월 27일 15시,일요일,경기도 수원시 팔달구 인계동,중상사고,0,1,0,0,차대사람 - 횡단중,안전운전불이행,건조,맑음,기타 - 기타,승용,남,66세,상해없음,보행자,여,65세,중상
2019102700100410,2019년 10월 27일 16시,일요일,경기도 수원시 팔달구 우만동,경상사고,0,0,1,0,차대사람 - 기타,안전운전불이행,건조,맑음,단일로 - 기타,화물,남,64세,기타불명,보행자,남,28세,경상
2019102700100482,2019년 10월 27일 18시,일요일,경기도 수원시 영통구 매탄동,중상사고,0,1,0,0,차대차 - 측면충돌,불법유턴,건조,맑음,교차로 - 교차로횡단보도내,자전거,남,12세,중상,승용,남,33세,상해없음
2019102700100529,2019년 10월 27일 19시,일요일,경기도 수원시 장안구 정자동,경상사고,0,0,5,0,차대차 - 추돌,안전운전불이행,건조,맑음,교차로 - 교차로안,화물,남,72세,상해없음,승용,여,63세,경상
2019102700100559,2019년 10월 27일 20시,일요일,경기도 수원시 팔달구 매산로1가,경상사고,0,0,1,0,차대사람 - 기타,안전운전불이행,건조,맑음,단일로 - 기타,기타불명,기타불명,미분류,기타불명,보행자,여,66세,경상
2019102700100613,2019년 10월 27일 22시,일요일,경기도 수원시 팔달구 우만동,경상사고,0,0,2,0,차대차 - 기타,안전운전불이행,건조,맑음,단일로 - 기타,승용,남,59세,상해없음,승합,남,54세,경상
2019102800100059,2019년 10월 28일 05시,월요일,경기도 수원시 권선구 권선동,경상사고,0,0,1,0,차대차 - 추돌,안전운전불이행,건조,맑음,단일로 - 기타,승용,남,49세,상해없음,화물,남,45세,경상
2019102800100092,2019년 10월 28일 07시,월요일,경기도 수원시 영통구 이의동,부상신고사고,0,0,0,1,차대차 - 기타,교차로운행방법위반,건조,맑음,단일로 - 기타,승용,남,36세,상해없음,승용,남,47세,부상신고
2019102800100093,2019년 10월 28일 07시,월요일,경기도 수원시 권선구 탑동,경상사고,0,0,1,0,차대차 - 측면충돌,안전운전불이행,건조,맑음,단일로 - 기타,승용,남,56세,상해없음,승용,남,49세,경상
2019102800100124,2019년 10월 28일 08시,월요일,경기도 수원시 영통구 영통동,경상사고,0,0,1,0,차대사람 - 횡단중,신호위반,건조,맑음,교차로 - 교차로안,승용,여,48세,상해없음,보행자,여,67세,경상
2019102800100199,2019년 10월 28일 10시,월요일,경기도 수원시 팔달구 남수동,중상사고,0,1,0,0,차대차 - 측면충돌,신호위반,건조,맑음,단일로 - 기타,승용,여,35세,상해없음,이륜,남,57세,중상
2019102800100200,2019년 10월 28일 10시,월요일,경기도 수원시 팔달구 지동,경상사고,0,0,1,0,차대차 - 추돌,신호위반,건조,맑음,교차로 - 교차로안,승용,여,57세,상해없음,승용,남,54세,경상
2019102800100256,2019년 10월 28일 11시,월요일,경기도 수원시 권선구 세류동,경상사고,0,0,2,0,차대차 - 측면충돌,안전운전불이행,건조,맑음,단일로 - 기타,승용,여,44세,상해없음,승용,여,34세,경상
2019102800100329,2019년 10월 28일 13시,월요일,경기도 수원시 영통구 원천동,중상사고,0,1,0,0,차대차 - 측면충돌,교차로운행방법위반,건조,맑음,교차로 - 교차로안,승용,여,51세,상해없음,이륜,남,39세,중상
2019102800100330,2019년 10월 28일 13시,월요일,경기도 수원시 권선구 세류동,사망사고,1,0,0,0,차대사람 - 횡단중,보행자보호의무위반,건조,맑음,교차로 - 교차로횡단보도내,건설기계,남,57세,상해없음,보행자,여,79세,사망