사고번호,사고일시,요일,시군구,사고내용,사망자수,중상자수,경상자수,부상신고자수,사고유형,법규위반,노면상태,기상상태,도로형태,가해운전자 차종,가해운전자 성별,가해운전자 연령,가해운전자 상해정도,피해운전자 차종,피해운전자 성별,피해운전자 연령,피해운전자 상해정도
2019102800100367,2019년 10월 28일 14시,월요일,경기도 수원시 영통구 망포동,경상사고,0,0,1,0,차대차 - 측면충돌,차로위반,건조,맑음,단일로 - 기타,승합,남,49세,상해없음,승용,남,34세,경상
2019102800100401,2019년 10월 28일 15시,월요일,경기도 수원시 장안구 정자동,경상사고,0,0,1,0,차대차 - 측면충돌,신호위반,건조,맑음,교차로 - 교차로안,승용,남,40세,상해없음,승용,여,44세,경상
2019102800100402,2019년 10월 28일 15시,월요일,경기도 수원시 장안구 연무동,경상사고,0,0,1,0,차대사람 - 기타,보행자보호의무위반,건조,맑음,교차로 - 교차로횡단보도내,이륜,남,69세,상해없음,보행자,여,43세,경상
2019102800100603,2019년 10월 28일 19시,월요일,경기도 수원시 권선구 금곡동,부상신고사고,0,0,0,1,차대차 - 기타,신호위반,건조,맑음,교차로 - 교차로부근,이륜,남,18세,부상신고,승용,남,55세,상해없음
2019102800100604,2019년 10월 28일 19시,월요일,경기도 수원시 권선구 호매실동,경상사고,0,0,2,0,차대차 - 기타,안전운전불이행,건조,맑음,단일로 - 기타,승용,여,36세,상해없음,승용,남,50세,경상
2019102800100663,2019년 10월 28일 21시,월요일,경기도 수원시 팔달구 화서동,중상사고,0,1,0,0,차대차 - 측면충돌,신호위반,건조,맑음,교차로 - 교차로안,승용,남,46세,상해없음,이륜,남,17세,중상
2019102800100668,2019년 10월 28일 21시,월요일,경기도 수원시 권선구 오목천동,경상사고,0,0,2,0,차대차 - 추돌,안전운전불이행,건조,맑음,단일로 - 기타,승용,남,35세,기타불명,승용,남,61세,경상
2019102800100669,2019년 10월 28일 21시,월요일,경기도 수원시 권선구 탑동,부상신고사고,0,0,0,4,차대차 - 기타,안전거리미확보,젖음/습기,맑음,교차로 - 교차로부근,승용,여,56세,상해없음,승용,남,24세,부상신고
2019102800100670,2019년 10월 28일 21시,월요일,경기도 수원시 팔달구 매산로2가,중상사고,0,1,0,0,차대차 - 정면충돌,안전운전불이행,젖음/습기,비,교차로 - 교차로안,자전거,남,17세,상해없음,이륜,남,35세,중상
2019102900100031,2019년 10월 29일 00시,화요일,경기도 수원시 팔달구 매산로2가,경상사고,0,0,1,0,차대사람 - 차도통행중,안전운전불이행,건조,맑음,교차로 - 교차로부근,승용,남,31세,상해없음,보행자,여,29세,경상
2019102900100089,2019년 10월 29일 06시,화요일,경기도 수원시 영통구 신동,경상사고,0,0,1,0,차대사람 - 보도통행중,보행자보호의무위반,건조,맑음,교차로 - 교차로안,승용,남,49세,상해없음,보행자,여,50세,경상
2019102900100197,2019년 10월 29일 09시,화요일,경기도 수원시 권선구 고색동,경상사고,0,0,3,0,차대차 - 측면충돌,안전운전불이행,건조,맑음,교차로 - 교차로안,승용,남,34세,경상,승용,남,45세,경상
2019102900100268,2019년 10월 29일 11시,화요일,경기도 수원시 팔달구 인계동,중상사고,0,1,0,0,차대차 - 측면충돌,신호위반,건조,맑음,교차로 - 교차로안,건설기계,남,58세,상해없음,이륜,남,51세,중상
2019102900100317,2019년 10월 29일 13시,화요일,경기도 수원시 장안구 파장동,중상사고,0,1,0,0,차대사람 - 기타,안전운전불이행,건조,맑음,단일로 - 기타,승용,남,70세,상해없음,보행자,남,73세,중상
2019102900100497,2019년 10월 29일 17시,화요일,경기도 수원시 장안구 영화동,부상신고사고,0,0,0,1,차대사람 - 횡단중,교차로운행방법위반,건조,맑음,교차로 - 교차로안,승용,남,46세,상해없음,보행자,남,52세,부상신고
2019102900100498,2019년 10월 29일 17시,화요일,경기도 수원시 팔달구 화서동,경상사고,0,0,2,0,차대차 - 기타,신호위반,건조,맑음,교차로 - 교차로안,승용,여,31세,상해없음,승용,여,37세,경상
2019102900100499,2019년 10월 29일 17시,화요일,경기도 수원시 팔달구 우만동,경상사고,0,0,1,0,차량단독 - 기타,안전운전불이행,건조,맑음,단일로 - 기타,승합,남,57세,상해없음,,,,
2019102900100551,2019년 10월 29일 18시,화요일,경기도 수원시 권선구 당수동,경상사고,0,0,1,0,차대차 - 추돌,안전거리미확보,건조,맑음,단일로 - 기타,승용,남,54세,상해없음,승용,여,47세,경상
2019102900100644,2019년 10월 29일 20시,화요일,경기도 수원시 장안구 천천동,경상사고,0,0,1,0,차대차 - 측면충돌,안전운전불이행,건조,맑음,교차로 - 교차로안,승용,남,34세,상해없음,원동기,남,23세,경상
2019102900100646,2019년 10월 29일 20시,화요일,경기도 수원시 영통구 영통동,경상사고,0,0,1,0,차대차 - 측면충돌,안전운전불이행,건조,맑음,교차로 - 교차로부근,승용,남,52세,상해없음,승용,남,46세,경상
2019102900100677,2019년 10월 29일 21시,화요일,경기도 수원시 장안구 파장동,중상사고,0,1,0,0,차대차 - 추돌,안전운전불이행,건조,맑음,단일로 - 기타,승용,남,50세,상해없음,승용,여,50세,중상
2019103000100119,2019년 10월 30일 07시,수요일,경기도 수원시 팔달구 우만동,중상사고,0,1,0,0,차량단독 - 기타,안전운전불이행,건조,맑음,단일로 - 기타,승합,남,51세,상해없음,,,,
2019103000100211,2019년 10월 30일 09시,수요일,경기도 수원시 팔달구 고등동,경상사고,0,0,1,0,차대차 - 기타,안전거리미확보,건조,맑음,교차로 - 교차로부근,화물,남,62세,기타불명,승합,남,26세,경상
2019103000100277,2019년 10월 30일 11시,수요일,경기도 수원시 장안구 율전동,경상사고,0,0,1,0,차대사람 - 기타,안전운전불이행,건조,맑음,교차로 - 교차로안,승용,여,37세,상해없음,보행자,여,42세,경상
2019103000100278,2019년 10월 30일 11시,수요일,경기도 수원시 장안구 파장동,경상사고,0,0,3,0,차대차 - 추돌,안전거리미확보,건조,맑음,교차로 - 교차로부근,화물,남,53세,상해없음,승용,여,51세,경상
2019103000100389,2019년 10월 30일 14시,수요일,경기도 수원시 장안구 조원동,중상사고,0,1,1,0,차대사람 - 횡단중,안전운전불이행,건조,맑음,교차로 - 교차로안,승용,남,59세,상해없음,보행자,여,7세,중상
2019103000100399,2019년 10월 30일 14시,수요일,경기도 수원시 권선구 서둔동,중상사고,0,4,2,0,차대차 - 추돌,과속,건조,맑음,단일로 - 교량,승용,남,21세,중상,승용,남,24세,경상
2019103000100400,2019년 10월 30일 14시,수요일,경기도 수원시 팔달구 매산로2가,중상사고,0,1,0,0,차대사람 - 기타,안전운전불이행,건조,맑음,주차장 - 주차장,화물,남,51세,상해없음,보행자,남,48세,중상
2019103000100547,2019년 10월 30일 17시,수요일,경기도 수원시 팔달구 매산로2가,경상사고,0,0,2,0,차대차 - 기타,안전거리미확보,건조,맑음,교차로 - 교차로부근,승용,여,58세,상해없음,승합,남,49세,상해없음
2019103000100596,2019년 10월 30일 18시,수요일,경기도 수원시 팔달구 화서동,경상사고,0,0,1,0,차대차 - 추돌,안전거리미확보,건조,맑음,단일로 - 기타,건설기계,남,48세,상해없음,승용,남,72세,경상
2019103000100663,2019년 10월 30일 19시,수요일,경기도 수원시 장안구 율전동,중상사고,0,1,0,0,차대차 - 기타,신호위반,건조,맑음,교차로 - 교차로안,기타불명,기타불명,미분류,기타불명,이륜,남,28세,중상
2019103000100668,2019년 10월 30일 19시,수요일,경기도 수원시 권선구 권선동,경상사고,0,0,1,0,차대차 - 기타,안전운전불이행,건조,맑음,교차로 - 교차로안,승용,남,48세,상해없음,이륜,남,30세,경상
2019103000100781,2019년 10월 30일 22시,수요일,경기도 수원시 팔달구 인계동,중상사고,0,1,0,0,차대사람 - 기타,안전운전불이행,건조,맑음,기타 - 기타,이륜,남,32세,기타불명,보행자,남,43세,중상
2019103100100046,2019년 10월 31일 00시,목요일,경기도 수원시 권선구 탑동,경상사고,0,0,3,0,차대차 - 기타,안전운전불이행,건조,맑음,교차로 - 교차로부근,이륜,남,16세,상해없음,승용,남,29세,경상
2019103100100063,2019년 10월 31일 04시,목요일,경기도 수원시 팔달구 인계동,경상사고,0,0,1,0,차대차 - 측면충돌,안전운전불이행,건조,맑음,단일로 - 기타,승용,여,66세,상해없음,이륜,남,29세,경상
2019103100100085,2019년 10월 31일 07시,목요일,경기도 수원시 장안구 영화동,중상사고,0,1,0,0,차대차 - 기타,안전운전불이행,건조,맑음,교차로 - 교차로안,자전거,남,78세,중상,승용,남,61세,상해없음
2019103100100088,2019년 10월 31일 07시,목요일,경기도 수원시 권선구 고색동,경상사고,0,0,1,0,차대차 - 측면충돌,신호위반,건조,맑음,교차로 - 교차로안,승용,여,38세,상해없음,승용,여,23세,경상
2019103100100109,2019년 10월 31일 08시,목요일,경기도 수원시 장안구 연무동,경상사고,0,0,2,0,차대차 - 기타,안전운전불이행,건조,맑음,단일로 - 기타,승용,여,42세,상해없음,승용,남,42세,경상
2019103100100110,2019년 10월 31일 08시,목요일,경기도 수원시 장안구 정자동,경상사고,0,0,1,0,차대차 - 측면충돌,교차로운행방법위반,건조,맑음,교차로 - 교차로안,승용,여,46세,상해없음,승용,여,58세,경상
2019103100100119,2019년 10월 31일 08시,목요일,경기도 수원시 권선구 구운동,경상사고,0,0,1,0,차대차 - 추돌,안전운전불이행,건조,맑음,교차로 - 교차로부근,승용,남,33세,상해없음,승용,여,45세,경상
2019103100100287,2019년 10월 31일 12시,목요일,경기도 수원시 팔달구 인계동,경상사고,0,0,1,0,차대차 - 측면충돌,안전거리미확보,건조,맑음,단일로 - 기타,승용,여,51세,상해없음,승용,여,37세,경상
2019103100100324,2019년 10월 31일 13시,목요일,경기도 수원시 권선구 호매실동,경상사고,0,0,1,0,차대차 - 기타,교차로운행방법위반,건조,맑음,교차로 - 교차로안,승용,남,39세,상해없음,이륜,남,38세,경상
2019103100100362,2019년 10월 31일 14시,목요일,경기도 수원시 영통구 영통동,중상사고,0,1,0,0,차대사람 - 보도통행중,신호위반,건조,맑음,단일로 - 기타,승합,남,61세,상해없음,보행자,남,38세,중상
2019103100100363,2019년 10월 31일 14시,목요일,경기도 수원시 권선구 권선동,중상사고,0,1,0,1,차대차 - 정면충돌,중앙선침범,건조,맑음,단일로 - 기타,승용,여,61세,부상신고,승용,여,51세,중상
2019103100100438,2019년 10월 31일 16시,목요일,경기도 수원시 팔달구 화서동,경상사고,0,0,2,0,차량단독 - 기타,안전운전불이행,건조,맑음,교차로 - 교차로부근,승합,남,65세,상해없음,,,,
2019103100100490,2019년 10월 31일 17시,목요일,경기도 수원시 팔달구 매산로1가,경상사고,0,0,1,0,차대차 - 기타,안전거리미확보,건조,맑음,교차로 - 교차로부근,승용,남,54세,상해없음,승용,여,63세,경상
2019103100100553,2019년 10월 31일 18시,목요일,경기도 수원시 권선구 호매실동,부상신고사고,0,0,0,1,차대차 - 측면충돌,기타,건조,맑음,교차로 - 교차로안,승합,남,75세,상해없음,자전거,여,10세,부상신고
2019103100100608,2019년 10월 31일 19시,목요일,경기도 수원시 팔달구 매산로1가,경상사고,0,0,1,0,차대차 - 측면충돌,안전거리미확보,건조,맑음,단일로 - 기타,승용,남,58세,상해없음,승용,여,56세,경상
2019103100100609,2019년 10월 31일 19시,목요일,경기도 수원시 팔달구 고등동,경상사고,0,0,2,0,차대차 - 기타,직진우회전진행방해,건조,맑음,교차로 - 교차로안,승용,남,64세,상해없음,승용,남,26세,경상
2019103100100655,2019년 10월 31일 20시,목요일,경기도 수원시 영통구 원천동,경상사고,0,0,1,0,차대차 - 측면충돌,불법유턴,건조,맑음,단일로 - 기타,승용,여,65세,상해없음,이륜,남,29세,경상
2019103100100685,2019년 10월 31일 21시,목요일,경기도 수원시 영통구 매탄동,경상사고,0,0,1,0,차대사람 - 길가장자리구역통행중,안전운전불이행,건조,맑음,교차로 - 교차로부근,승용,남,28세,상해없음,보행자,남,45세,경상
2019103100100709,2019년 10월 31일 22시,목요일,경기도 수원시 장안구 영화동,중상사고,0,1,0,0,차대차 - 기타,신호위반,건조,맑음,교차로 - 교차로안,승합,남,66세,상해없음,이륜,남,28세,중상
2019103100100735,2019년 10월 31일 23시,목요일,경기도 수원시 장안구 송죽동,경상사고,0,0,1,0,차량단독 - 기타,안전운전불이행,건조,맑음,단일로 - 기타,승합,남,53세,상해없음,,,,
2019103100100739,2019년 10월 31일 23시,목요일,경기도 수원시 팔달구 인계동,경상사고,0,0,5,0,차대차 - 추돌,안전거리미확보,건조,맑음,기타 - 기타,승용,여,39세,경상,승용,남,61세,상해없음
2019110100100035,2019년 11월 1일 00시,금요일,경기도 수원시 영통구 이의동,경상사고,0,0,1,0,차대차 - 기타,안전거리미확보,건조,맑음,단일로 - 기타,승용,남,55세,상해없음,승용,남,47세,경상
2019110100100082,2019년 11월 1일 05시,금요일,경기도 수원시 장안구 율전동,경상사고,0,0,1,0,차대차 - 기타,안전운전불이행,젖음/습기,안개,교차로 - 교차로안,승용,남,73세,상해없음,화물,남,34세,경상
2019110100100083,2019년 11월 1일 05시,금요일,경기도 수원시 권선구 평동,중상사고,0,1,1,0,차대차 - 추돌,안전거리미확보,건조,맑음,단일로 - 기타,승용,남,62세,경상,승용,남,49세,중상
2019110100100160,2019년 11월 1일 08시,금요일,경기도 수원시 권선구 권선동,경상사고,0,0,1,0,차대차 - 측면충돌,안전운전불이행,건조,맑음,단일로 - 기타,승용,여,41세,상해없음,승용,남,30세,경상
2019110100100222,2019년 11월 1일 09시,금요일,경기도 수원시 권선구 탑동,부상신고사고,0,0,0,1,차대사람 - 기타,보행자보호의무위반,건조,흐림,교차로 - 교차로횡단보도내,기타불명,기타불명,미분류,기타불명,보행자,남,45세,부상신고
2019110100100286,2019년 11월 1일 11시,금요일,경기도 수원시 권선구 호매실동,경상사고,0,0,1,0,차대차 - 측면충돌,차로위반,건조,맑음,단일로 - 기타,이륜,남,79세,경상,화물,남,64세,상해없음
2019110100100287,2019년 11월 1일 11시,금요일,경기도 수원시 권선구 고색동,경상사고,0,0,2,0,차대차 - 정면충돌,중앙선침범,건조,맑음,단일로 - 기타,승용,남,49세,경상,승용,여,50세,경상
2019110100100330,2019년 11월 1일 12시,금요일,경기도 수원시 팔달구 매교동,중상사고,0,1,0,0,차대차 - 기타,안전운전불이행,건조,맑음,교차로 - 교차로안,승용,남,41세,상해없음,자전거,남,75세,중상
2019110100100404,2019년 11월 1일 14시,금요일,경기도 수원시 장안구 정자동,중상사고,0,1,0,0,차대차 - 측면충돌,신호위반,건조,맑음,교차로 - 교차로안,승용,남,26세,상해없음,이륜,남,19세,중상
2019110100100486,2019년 11월 1일 16시,금요일,경기도 수원시 영통구 매탄동,경상사고,0,0,1,0,차대차 - 측면충돌,교차로운행방법위반,건조,맑음,교차로 - 교차로안,승합,남,54세,상해없음,승용,여,65세,경상
2019110100100578,2019년 11월 1일 18시,금요일,경기도 수원시 장안구 정자동,중상사고,0,1,0,0,차대차 - 기타,교차로운행방법위반,건조,맑음,교차로 - 교차로안,승용,남,45세,상해없음,이륜,남,34세,중상
2019110100100579,2019년 11월 1일 18시,금요일,경기도 수원시 장안구 율전동,경상사고,0,0,1,0,차대사람 - 횡단중,신호위반,건조,맑음,교차로 - 교차로안,승용,남,62세,상해없음,보행자,남,17세,경상
2019110100100586,2019년 11월 1일 18시,금요일,경기도 수원시 팔달구 인계동,경상사고,0,0,3,0,차대차 - 기타,안전운전불이행,건조,맑음,단일로 - 기타,승합,남,49세,상해없음,승용,남,30세,상해없음
2019110100100589,2019년 11월 1일 18시,금요일,경기도 수원시 팔달구 매교동,경상사고,0,0,1,0,차대차 - 기타,안전거리미확보,건조,맑음,단일로 - 기타,승용,남,18세,상해없음,승용,남,47세,경상
2019110100100661,2019년 11월 1일 19시,금요일,경기도 수원시 권선구 세류동,경상사고,0,0,1,0,차대차 - 측면충돌,안전운전불이행,건조,맑음,단일로 - 기타,자전거,남,18세,경상,승합,남,52세,상해없음
2019110100100713,2019년 11월 1일 20시,금요일,경기도 수원시 영통구 이의동,경상사고,0,0,2,0,차대차 - 측면충돌,신호위반,건조,맑음,교차로 - 교차로부근,승용,남,30세,상해없음,승용,남,30세,경상
2019110100100766,2019년 11월 1일 22시,금요일,경기도 수원시 장안구 정자동,경상사고,0,0,1,0,차대차 - 측면충돌,신호위반,건조,맑음,교차로 - 교차로안,화물,남,67세,상해없음,자전거,남,25세,경상
2019110100100773,2019년 11월 1일 22시,금요일,경기도 수원시 권선구 세류동,경상사고,0,0,2,0,차대차 - 정면충돌,안전운전불이행,건조,맑음,교차로 - 교차로안,승용,남,54세,상해없음,화물,남,58세,경상
2019110100100795,2019년 11월 1일 23시,금요일,경기도 수원시 팔달구 인계동,경상사고,0,0,1,0,차대사람 - 보도통행중,안전운전불이행,건조,맑음,단일로 - 기타,승용,남,19세,상해없음,보행자,남,25세,경상
2019110200100034,2019년 11월 2일 00시,토요일,경기도 수원시 권선구 세류동,경상사고,0,0,1,0,차대사람 - 기타,안전운전불이행,건조,맑음,기타 - 기타,자전거,남,55세,상해없음,보행자,여,45세,경상
2019110200100044,2019년 11월 2일 01시,토요일,경기도 수원시 팔달구 인계동,부상신고사고,0,0,0,1,차량단독 - 기타,기타,건조,맑음,단일로 - 기타,승용,남,65세,상해없음,,,,
2019110200100081,2019년 11월 2일 04시,토요일,경기도 수원시 권선구 호매실동,중상사고,0,1,0,0,차대차 - 기타,안전운전불이행,건조,흐림,단일로 - 기타,이륜,남,17세,중상,승합,남,51세,기타불명
2019110200100096,2019년 11월 2일 05시,토요일,경기도 수원시 권선구 권선동,중상사고,0,1,0,0,차대차 - 측면충돌,차로위반,건조,맑음,단일로 - 기타,승용,여,25세,상해없음,승용,남,32세,중상
2019110200100112,2019년 11월 2일 06시,토요일,경기도 수원시 권선구 세류동,중상사고,0,1,0,0,차대사람 - 횡단중,신호위반,건조,맑음,단일로 - 기타,승용,남,31세,상해없음,보행자,남,34세,중상
2019110200100113,2019년 11월 2일 06시,토요일,경기도 수원시 권선구 호매실동,경상사고,0,0,2,0,차대차 - 추돌,안전운전불이행,건조,맑음,교차로 - 교차로부근,승용,남,26세,상해없음,승용,남,44세,경상
2019110200100264,2019년 11월 2일 11시,토요일,경기도 수원시 권선구 금곡동,경상사고,0,0,1,0,차대차 - 추돌,안전운전불이행,건조,맑음,교차로 - 교차로부근,승용,남,56세,상해없음,승용,여,36세,경상
2019110200100265,2019년 11월 2일 11시,토요일,경기도 수원시 권선구 당수동,부상신고사고,0,0,0,1,차대차 - 기타,안전거리미확보,건조,맑음,단일로 - 기타,이륜,남,42세,부상신고,승용,남,61세,상해없음
2019110200100314,2019년 11월 2일 12시,토요일,경기도 수원시 팔달구 우만동,경상사고,0,0,3,0,차대차 - 추돌,안전운전불이행,건조,맑음,기타 - 기타,승합,남,44세,상해없음,승용,남,59세,상해없음
2019110200100352,2019년 11월 2일 13시,토요일,경기도 수원시 팔달구 인계동,경상사고,0,0,1,0,차대차 - 기타,안전운전불이행,건조,맑음,교차로 - 교차로부근,승용,여,30세,상해없음,이륜,남,39세,경상
2019110200100390,2019년 11월 2일 14시,토요일,경기도 수원시 장안구 조원동,중상사고,0,1,1,0,차대차 - 추돌,안전운전불이행,건조,맑음,단일로 - 기타,승용,남,75세,상해없음,승용,여,30세,중상
2019110200100504,2019년 11월 2일 17시,토요일,경기도 수원시 장안구 율전동,경상사고,0,0,1,0,차대사람 - 기타,보행자보호의무위반,건조,맑음,교차로 - 교차로안,승용,남,58세,상해없음,보행자,남,52세,경상
2019110200100511,2019년 11월 2일 17시,토요일,경기도 수원시 영통구 이의동,중상사고,0,1,0,0,차대차 - 측면충돌,불법유턴,건조,맑음,단일로 - 기타,승용,남,56세,중상,승용,여,25세,상해없음
2019110200100513,2019년 11월 2일 17시,토요일,경기도 수원시 팔달구 매산로1가,부상신고사고,0,0,0,1,차대사람 - 기타,안전운전불이행,건조,맑음,단일로 - 기타,승용,여,20세,상해없음,보행자,남,57세,부상신고
2019110200100557,2019년 11월 2일 18시,토요일,경기도 수원시 팔달구 우만동,경상사고,0,0,1,0,차대사람 - 횡단중,안전운전불이행,건조,맑음,교차로 - 교차로안,승용,여,23세,상해없음,보행자,남,70세,경상
2019110200100564,2019년 11월 2일 18시,토요일,경기도 수원시 팔달구 인계동,경상사고,0,0,1,0,차대차 - 측면충돌,안전운전불이행,건조,맑음,단일로 - 기타,승용,여,57세,상해없음,승용,여,40세,경상
2019110200100566,2019년 11월 2일 18시,토요일,경기도 수원시 권선구 구운동,부상신고사고,0,0,0,1,차대차 - 기타,안전운전불이행,건조,맑음,교차로 - 교차로부근,기타불명,기타불명,미분류,기타불명,이륜,남,20세,부상신고
2019110200100669,2019년 11월 2일 20시,토요일,경기도 수원시 영통구 영통동,중상사고,0,2,2,0,차대차 - 측면충돌,안전거리미확보,건조,맑음,단일로 - 기타,승용,남,36세,상해없음,승용,남,55세,경상
2019110200100730,2019년 11월 2일 22시,토요일,경기도 수원시 영통구 원천동,경상사고,0,0,1,0,차대차 - 추돌,안전운전불이행,건조,맑음,교차로 - 교차로부근,승용,여,56세,상해없음,승용,여,62세,경상
2019110200100748,2019년 11월 2일 23시,토요일,경기도 수원시 장안구 율전동,경상사고,0,0,1,0,차대차 - 기타,안전운전불이행,건조,맑음,교차로 - 교차로안,승용,남,28세,상해없음,이륜,남,41세,경상
2019110200100751,2019년 11월 2일 23시,토요일,경기도 수원시 팔달구 교동,경상사고,0,0,1,0,차대차 - 추돌,안전거리미확보,건조,맑음,단일로 - 기타,기타불명,기타불명,미분류,기타불명,승용,여,56세,경상
2019110300100033,2019년 11월 3일 00시,일요일,경기도 수원시 팔달구 인계동,경상사고,0,0,1,0,차대사람 - 횡단중,안전운전불이행,건조,맑음,교차로 - 교차로안,승용,남,32세,상해없음,보행자,남,50세,경상
2019110300100034,2019년 11월 3일 00시,일요일,경기도 수원시 팔달구 인계동,경상사고,0,0,1,0,차대사람 - 횡단중,안전운전불이행,건조,맑음,단일로 - 기타,승용,남,27세,상해없음,보행자,남,26세,경상
2019110300100035,2019년 11월 3일 00시,일요일,경기도 수원시 팔달구 인계동,경상사고,0,0,2,0,차대차 - 추돌,안전운전불이행,건조,맑음,교차로 - 교차로부근,승용,남,29세,상해없음,승용,남,27세,경상
2019110300100048,2019년 11월 3일 01시,일요일,경기도 수원시 팔달구 인계동,부상신고사고,0,0,0,3,차대차 - 측면충돌,안전거리미확보,건조,맑음,단일로 - 기타,승용,남,53세,상해없음,승용,남,19세,부상신고
2019110300100059,2019년 11월 3일 02시,일요일,경기도 수원시 장안구 율전동,경상사고,0,0,3,0,차대차 - 기타,안전운전불이행,건조,맑음,교차로 - 교차로안,승용,남,25세,상해없음,승용,여,39세,경상
2019110300100084,2019년 11월 3일 05시,일요일,경기도 수원시 팔달구 인계동,중상사고,0,1,0,0,차대사람 - 횡단중,신호위반,건조,맑음,단일로 - 기타,승용,남,42세,상해없음,보행자,여,47세,중상
2019110300100236,2019년 11월 3일 13시,일요일,경기도 수원시 권선구 권선동,경상사고,0,0,2,0,차대차 - 측면충돌,안전거리미확보,건조,맑음,단일로 - 기타,승용,남,35세,상해없음,승용,남,68세,경상
2019110300100301,2019년 11월 3일 15시,일요일,경기도 수원시 권선구 서둔동,경상사고,0,0,1,0,차대차 - 기타,신호위반,건조,맑음,단일로 - 기타,승용,남,49세,기타불명,승용,남,38세,상해없음
2019110300100373,2019년 11월 3일 17시,일요일,경기도 수원시 권선구 구운동,중상사고,0,1,0,0,차량단독 - 기타,기타,건조,맑음,단일로 - 기타,승합,남,51세,상해없음,,,,
2019110300100447,2019년 11월 3일 19시,일요일,경기도 수원시 영통구 원천동,경상사고,0,0,1,0,차대차 - 측면충돌,신호위반,건조,맑음,단일로 - 기타,이륜,남,37세,경상,승용,남,30세,상해없음
2019110300100449,2019년 11월 3일 19시,일요일,경기도 수원시 권선구 평동,경상사고,0,0,1,1,차대차 - 정면충돌,중앙선침범,건조,맑음,교차로 - 교차로부근,승용,여,40세,부상신고,화물,남,61세,경상
2019110300100496,2019년 11월 3일 21시,일요일,경기도 수원시 영통구 망포동,경상사고,0,0,1,0,차대차 - 측면충돌,직진우회전진행방해,건조,맑음,교차로 - 교차로안,승용,여,60세,상해없음,승용,남,48세,경상
2019110300100535,2019년 11월 3일 23시,일요일,경기도 수원시 권선구 금곡동,경상사고,0,0,1,0,차대차 - 정면충돌,중앙선침범,건조,맑음,단일로 - 기타,승용,남,23세,상해없음,승용,여,30세,경상
2019110400100031,2019년 11월 4일 00시,월요일,경기도 수원시 권선구 구운동,경상사고,0,0,1,0,차대차 - 추돌,안전운전불이행,건조,맑음,교차로 - 교차로부근,승용,남,24세,상해없음,승용,남,40세,경상
2019110400100146,2019년 11월 4일 08시,월요일,경기도 수원시 권선구 권선동,경상사고,0,0,1,0,차대차 - 기타,차로위반,건조,맑음,단일로 - 기타,이륜,남,24세,상해없음,승합,여,46세,상해없음
2019110400100148,2019년 11월 4일 08시,월요일,경기도 수원시 권선구 호매실동,경상사고,0,0,1,0,차대사람 - 기타,안전운전불이행,건조,맑음,교차로 - 교차로부근,승합,남,51세,상해없음,보행자,여,14세,경상
2019110400100206,2019년 11월 4일 09시,월요일,경기도 수원시 권선구 호매실동,경상사고,0,0,1,0,차대차 - 추돌,안전거리미확보,건조,맑음,단일로 - 기타,승용,남,55세,상해없음,승용,여,53세,경상
2019110400100317,2019년 11월 4일 12시,월요일,경기도 수원시 장안구 파장동,경상사고,0,0,2,0,차대차 - 측면충돌,안전거리미확보,건조,맑음,단일로 - 기타,특수,남,51세,상해없음,승용,남,38세,경상
2019110400100356,2019년 11월 4일 13시,월요일,경기도 수원시 권선구 금곡동,경상사고,0,0,2,0,차대차 - 측면충돌,기타,건조,맑음,단일로 - 기타,승용,남,54세,상해없음,승용,여,66세,경상
2019110400100402,2019년 11월 4일 14시,월요일,경기도 수원시 권선구 세류동,경상사고,0,0,1,0,차대차 - 측면충돌,신호위반,건조,맑음,교차로 - 교차로부근,승용,여,50세,상해없음,승용,남,68세,경상
2019110400100441,2019년 11월 4일 15시,월요일,경기도 수원시 장안구 율전동,부상신고사고,0,0,0,1,차대사람 - 기타,안전운전불이행,건조,맑음,교차로 - 교차로안,승용,남,64세,상해없음,보행자,여,45세,부상신고
2019110400100546,2019년 11월 4일 17시,월요일,경기도 수원시 권선구 권선동,중상사고,0,1,0,0,차대차 - 측면충돌,안전거리미확보,건조,맑음,기타 - 기타,승용,남,36세,상해없음,승용,여,33세,중상
2019110400100601,2019년 11월 4일 18시,월요일,경기도 수원시 팔달구 화서동,경상사고,0,0,1,0,차대차 - 기타,직진우회전진행방해,건조,맑음,교차로 - 교차로안,승용,여,43세,상해없음,승용,남,61세,상해없음
2019110400100658,2019년 11월 4일 19시,월요일,경기도 수원시 권선구 곡반정동,경상사고,0,0,2,0,차대차 - 측면충돌,차로위반,건조,맑음,단일로 - 기타,기타불명,기타불명,미분류,기타불명,승용,남,21세,경상
2019110400100700,2019년 11월 4일 20시,월요일,경기도 수원시 팔달구 팔달로3가,경상사고,0,0,2,0,차대차 - 측면충돌,안전거리미확보,건조,맑음,단일로 - 기타,승용,남,29세,상해없음,승용,남,25세,경상
2019110400100701,2019년 11월 4일 20시,월요일,경기도 수원시 영통구 영통동,경상사고,0,0,4,0,차대차 - 측면충돌,안전거리미확보,건조,맑음,단일로 - 기타,기타불명,기타불명,미분류,기타불명,승용,남,39세,경상
2019110400100780,2019년 11월 4일 23시,월요일,경기도 수원시 권선구 권선동,경상사고,0,0,1,0,차대차 - 측면충돌,신호위반,건조,맑음,교차로 - 교차로안,이륜,남,19세,상해없음,승용,남,23세,경상