사고번호,사고일시,요일,시군구,사고내용,사망자수,중상자수,경상자수,부상신고자수,사고유형,법규위반,노면상태,기상상태,도로형태,가해운전자 차종,가해운전자 성별,가해운전자 연령,가해운전자 상해정도,피해운전자 차종,피해운전자 성별,피해운전자 연령,피해운전자 상해정도
2019110500100056,2019년 11월 5일 04시,화요일,경기도 수원시 권선구 권선동,경상사고,0,0,1,0,차대차 - 기타,불법유턴,건조,맑음,교차로 - 교차로부근,승용,여,50세,상해없음,화물,남,52세,경상
2019110500100067,2019년 11월 5일 05시,화요일,경기도 수원시 팔달구 화서동,경상사고,0,0,1,0,차대차 - 측면충돌,신호위반,건조,맑음,교차로 - 교차로안,승용,남,54세,상해없음,승용,여,63세,경상
2019110500100073,2019년 11월 5일 05시,화요일,경기도 수원시 팔달구 인계동,경상사고,0,0,3,0,차대차 - 추돌,안전운전불이행,건조,맑음,교차로 - 교차로부근,특수,남,25세,상해없음,화물,남,69세,경상
2019110500100143,2019년 11월 5일 08시,화요일,경기도 수원시 영통구 매탄동,경상사고,0,0,1,0,차대차 - 기타,안전운전불이행,건조,맑음,교차로 - 교차로안,승용,여,47세,상해없음,승용,남,29세,경상
2019110500100193,2019년 11월 5일 09시,화요일,경기도 수원시 팔달구 지동,부상신고사고,0,0,0,1,차대차 - 측면충돌,교차로운행방법위반,건조,맑음,교차로 - 교차로안,승용,남,66세,상해없음,이륜,남,55세,부상신고
2019110500100198,2019년 11월 5일 09시,화요일,경기도 수원시 권선구 권선동,경상사고,0,0,2,0,차대차 - 측면충돌,안전거리미확보,건조,맑음,교차로 - 교차로부근,승용,남,56세,상해없음,승용,남,27세,경상
2019110500100199,2019년 11월 5일 09시,화요일,경기도 수원시 권선구 권선동,경상사고,0,0,1,0,차대차 - 측면충돌,안전운전불이행,건조,맑음,단일로 - 기타,승용,남,75세,상해없음,승용,남,44세,경상
2019110500100200,2019년 11월 5일 09시,화요일,경기도 수원시 영통구 망포동,중상사고,0,1,0,0,차대사람 - 횡단중,보행자보호의무위반,건조,맑음,교차로 - 교차로부근,화물,남,59세,상해없음,보행자,남,8세,중상
2019110500100313,2019년 11월 5일 12시,화요일,경기도 수원시 팔달구 북수동,부상신고사고,0,0,0,1,차대차 - 측면충돌,직진우회전진행방해,건조,맑음,교차로 - 교차로안,승용,여,67세,상해없음,자전거,남,59세,부상신고
2019110500100444,2019년 11월 5일 15시,화요일,경기도 수원시 팔달구 인계동,중상사고,0,1,0,0,차대차 - 측면충돌,안전거리미확보,건조,맑음,단일로 - 기타,승용,여,23세,중상,승용,남,57세,상해없음
2019110500100482,2019년 11월 5일 16시,화요일,경기도 수원시 권선구 서둔동,경상사고,0,0,2,0,차대차 - 측면충돌,안전운전불이행,건조,맑음,단일로 - 기타,화물,남,48세,상해없음,승용,여,42세,경상
2019110500100529,2019년 11월 5일 17시,화요일,경기도 수원시 권선구 오목천동,경상사고,0,0,2,0,차대차 - 측면충돌,안전거리미확보,건조,맑음,교차로 - 교차로안,화물,남,57세,상해없음,승용,여,34세,경상
2019110500100576,2019년 11월 5일 18시,화요일,경기도 수원시 장안구 영화동,경상사고,0,0,1,0,차대사람 - 보도통행중,기타,건조,맑음,기타 - 기타,자전거,남,68세,상해없음,보행자,여,43세,경상
2019110500100577,2019년 11월 5일 18시,화요일,경기도 수원시 팔달구 중동,경상사고,0,0,1,0,차대차 - 측면충돌,안전거리미확보,건조,맑음,교차로 - 교차로안,화물,남,67세,상해없음,화물,남,29세,경상
2019110500100584,2019년 11월 5일 18시,화요일,경기도 수원시 권선구 권선동,중상사고,0,1,0,1,차대차 - 측면충돌,안전거리미확보,건조,맑음,단일로 - 기타,승합,남,52세,상해없음,승용,남,51세,부상신고
2019110500100637,2019년 11월 5일 19시,화요일,경기도 수원시 장안구 정자동,중상사고,0,1,0,0,차대사람 - 차도통행중,안전운전불이행,건조,맑음,단일로 - 기타,이륜,남,35세,상해없음,보행자,남,83세,중상
2019110500100639,2019년 11월 5일 19시,화요일,경기도 수원시 영통구 원천동,경상사고,0,0,1,0,차대차 - 추돌,안전운전불이행,건조,맑음,단일로 - 기타,승용,여,41세,상해없음,승용,남,50세,경상
2019110600100067,2019년 11월 6일 05시,수요일,경기도 수원시 장안구 영화동,중상사고,0,1,0,0,차대차 - 측면충돌,불법유턴,건조,맑음,단일로 - 기타,자전거,남,84세,중상,승용,남,72세,상해없음
2019110600100080,2019년 11월 6일 06시,수요일,경기도 수원시 팔달구 인계동,중상사고,0,3,4,12,차대차 - 측면충돌,신호위반,건조,맑음,교차로 - 교차로안,승합,남,53세,상해없음,승합,남,60세,중상
2019110600100134,2019년 11월 6일 08시,수요일,경기도 수원시 권선구 탑동,부상신고사고,0,0,0,1,차대차 - 기타,안전운전불이행,건조,맑음,기타 - 기타,승용,여,49세,상해없음,자전거,남,13세,부상신고
2019110600100135,2019년 11월 6일 08시,수요일,경기도 수원시 팔달구 고등동,경상사고,0,0,1,0,차대차 - 기타,안전운전불이행,건조,맑음,교차로 - 교차로안,승용,여,56세,상해없음,승용,남,43세,경상
2019110600100218,2019년 11월 6일 10시,수요일,경기도 수원시 권선구 오목천동,중상사고,0,1,0,0,차량단독 - 공작물충돌,안전운전불이행,건조,맑음,단일로 - 기타,승합,남,63세,상해없음,,,,
2019110600100254,2019년 11월 6일 11시,수요일,경기도 수원시 장안구 영화동,중상사고,0,1,0,0,차대차 - 기타,신호위반,건조,맑음,교차로 - 교차로안,승용,남,69세,상해없음,이륜,남,40세,중상
2019110600100258,2019년 11월 6일 11시,수요일,경기도 수원시 영통구 이의동,경상사고,0,0,1,0,차대차 - 측면충돌,교차로운행방법위반,건조,맑음,교차로 - 교차로안,승용,여,54세,상해없음,승용,남,62세,상해없음
2019110600100287,2019년 11월 6일 12시,수요일,경기도 수원시 팔달구 화서동,경상사고,0,0,1,0,차대사람 - 횡단중,불법유턴,건조,맑음,단일로 - 기타,기타불명,기타불명,미분류,기타불명,보행자,여,79세,경상
2019110600100323,2019년 11월 6일 13시,수요일,경기도 수원시 팔달구 매교동,경상사고,0,0,1,0,차대차 - 기타,안전거리미확보,건조,맑음,단일로 - 기타,승용,여,47세,상해없음,이륜,남,26세,경상
2019110600100541,2019년 11월 6일 18시,수요일,경기도 수원시 팔달구 화서동,경상사고,0,0,1,0,차대차 - 추돌,안전운전불이행,건조,맑음,단일로 - 기타,승용,남,36세,상해없음,승용,여,52세,경상
2019110600100552,2019년 11월 6일 18시,수요일,경기도 수원시 영통구 망포동,경상사고,0,0,1,0,차대차 - 측면충돌,차로위반,건조,맑음,단일로 - 기타,승용,남,55세,상해없음,승용,남,27세,경상
2019110600100617,2019년 11월 6일 19시,수요일,경기도 수원시 팔달구 화서동,경상사고,0,0,1,0,차대차 - 측면충돌,교차로운행방법위반,건조,맑음,교차로 - 교차로안,승합,남,51세,상해없음,자전거,남,10세,경상
2019110600100623,2019년 11월 6일 19시,수요일,경기도 수원시 권선구 구운동,경상사고,0,0,2,0,차대차 - 기타,신호위반,건조,맑음,교차로 - 교차로안,화물,남,59세,상해없음,이륜,남,38세,경상
2019110600100660,2019년 11월 6일 20시,수요일,경기도 수원시 팔달구 매산로1가,부상신고사고,0,0,0,1,차대차 - 기타,안전거리미확보,건조,맑음,교차로 - 교차로부근,기타불명,기타불명,미분류,기타불명,이륜,여,22세,부상신고
2019110600100688,2019년 11월 6일 21시,수요일,경기도 수원시 권선구 권선동,경상사고,0,0,1,0,차대차 - 추돌,안전운전불이행,건조,맑음,단일로 - 기타,승용,남,48세,상해없음,승용,남,44세,경상
2019110600100719,2019년 11월 6일 22시,수요일,경기도 수원시 팔달구 장안동,경상사고,0,0,1,0,차대차 - 기타,안전운전불이행,건조,맑음,단일로 - 기타,승용,남,51세,상해없음,화물,남,55세,상해없음
2019110700100136,2019년 11월 7일 08시,목요일,경기도 수원시 영통구 영통동,중상사고,0,1,0,0,차대차 - 측면충돌,안전운전불이행,건조,맑음,단일로 - 기타,개인형이동수단(PM),남,28세,중상,승용,남,47세,상해없음
2019110700100295,2019년 11월 7일 12시,목요일,경기도 수원시 장안구 영화동,경상사고,0,0,2,0,차대차 - 기타,신호위반,건조,맑음,교차로 - 교차로안,승용,남,32세,상해없음,승용,남,41세,경상
2019110700100296,2019년 11월 7일 12시,목요일,경기도 수원시 장안구 조원동,경상사고,0,0,1,0,차대차 - 측면충돌,교차로운행방법위반,건조,맑음,단일로 - 기타,기타불명,기타불명,미분류,기타불명,승합,남,48세,기타불명
2019110700100376,2019년 11월 7일 14시,목요일,경기도 수원시 영통구 매탄동,중상사고,0,4,8,0,차대차 - 기타,차로위반,건조,맑음,교차로 - 교차로부근,승용,여,35세,상해없음,승합,남,51세,상해없음
2019110700100377,2019년 11월 7일 14시,목요일,경기도 수원시 팔달구 매산로2가,경상사고,0,0,1,0,차대사람 - 횡단중,안전운전불이행,건조,맑음,단일로 - 기타,승용,남,65세,상해없음,보행자,여,46세,경상
2019110700100453,2019년 11월 7일 16시,목요일,경기도 수원시 팔달구 지동,경상사고,0,0,3,0,차대차 - 기타,안전거리미확보,건조,맑음,단일로 - 기타,화물,남,54세,상해없음,승용,남,21세,경상
2019110700100459,2019년 11월 7일 16시,목요일,경기도 수원시 권선구 권선동,경상사고,0,0,1,0,차대차 - 후진중충돌,안전운전불이행,건조,맑음,단일로 - 기타,승용,여,29세,상해없음,승용,남,49세,경상
2019110700100563,2019년 11월 7일 18시,목요일,경기도 수원시 영통구 신동,경상사고,0,0,2,0,차대차 - 추돌,안전운전불이행,건조,맑음,기타 - 기타,승합,남,19세,상해없음,승용,남,34세,경상
2019110700100621,2019년 11월 7일 19시,목요일,경기도 수원시 팔달구 팔달로3가,경상사고,0,0,2,0,차대차 - 추돌,안전운전불이행,건조,맑음,교차로 - 교차로안,승용,남,67세,상해없음,승용,남,44세,경상
2019110700100705,2019년 11월 7일 21시,목요일,경기도 수원시 팔달구 인계동,경상사고,0,0,1,0,차대차 - 측면충돌,교차로운행방법위반,건조,맑음,교차로 - 교차로안,승용,남,41세,상해없음,이륜,여,29세,경상
2019110700100706,2019년 11월 7일 21시,목요일,경기도 수원시 권선구 권선동,경상사고,0,0,1,0,차대차 - 추돌,안전거리미확보,건조,맑음,교차로 - 교차로부근,승용,여,26세,상해없음,승용,여,30세,경상
2019110700100739,2019년 11월 7일 22시,목요일,경기도 수원시 장안구 영화동,경상사고,0,0,1,2,차대차 - 측면충돌,안전운전불이행,건조,맑음,교차로 - 교차로안,승용,여,53세,상해없음,승용,남,27세,경상
2019110700100764,2019년 11월 7일 23시,목요일,경기도 수원시 장안구 송죽동,중상사고,0,1,0,0,차대사람 - 횡단중,안전운전불이행,건조,맑음,단일로 - 기타,이륜,남,40세,상해없음,보행자,여,62세,중상
2019110800100022,2019년 11월 8일 00시,금요일,경기도 수원시 권선구 호매실동,중상사고,0,1,2,0,차대차 - 추돌,안전운전불이행,건조,맑음,단일로 - 기타,승용,남,31세,상해없음,화물,남,45세,상해없음
2019110800100157,2019년 11월 8일 08시,금요일,경기도 수원시 영통구 망포동,경상사고,0,0,1,0,차대차 - 정면충돌,안전운전불이행,건조,맑음,교차로 - 교차로안,승용,여,34세,상해없음,승용,남,60세,경상
2019110800100158,2019년 11월 8일 08시,금요일,경기도 수원시 영통구 망포동,경상사고,0,0,1,0,차대차 - 측면충돌,안전운전불이행,건조,맑음,교차로 - 교차로횡단보도내,승용,남,39세,상해없음,자전거,남,41세,경상
2019110800100160,2019년 11월 8일 08시,금요일,경기도 수원시 권선구 서둔동,경상사고,0,0,1,0,차대사람 - 횡단중,신호위반,건조,맑음,교차로 - 교차로횡단보도내,승용,남,77세,상해없음,보행자,여,21세,경상
2019110800100215,2019년 11월 8일 09시,금요일,경기도 수원시 팔달구 지동,경상사고,0,0,1,0,차대차 - 기타,안전운전불이행,건조,맑음,단일로 - 기타,승용,남,69세,상해없음,승용,여,59세,경상
2019110800100223,2019년 11월 8일 09시,금요일,경기도 수원시 영통구 매탄동,중상사고,0,1,0,0,차대사람 - 보도통행중,신호위반,건조,맑음,교차로 - 교차로횡단보도내,승용,여,50세,상해없음,보행자,여,13세,중상
2019110800100288,2019년 11월 8일 11시,금요일,경기도 수원시 권선구 금곡동,중상사고,0,1,0,0,차대차 - 기타,교차로운행방법위반,건조,맑음,교차로 - 교차로안,화물,남,56세,상해없음,승용,여,56세,중상
2019110800100408,2019년 11월 8일 14시,금요일,경기도 수원시 영통구 매탄동,경상사고,0,0,1,0,차대사람 - 기타,안전운전불이행,건조,맑음,기타 - 기타,승용,여,30세,상해없음,보행자,남,77세,경상
2019110800100543,2019년 11월 8일 17시,금요일,경기도 수원시 팔달구 화서동,중상사고,0,1,0,0,차대사람 - 기타,안전운전불이행,건조,맑음,교차로 - 교차로부근,승용,여,25세,상해없음,보행자,여,76세,중상
2019110800100553,2019년 11월 8일 17시,금요일,경기도 수원시 영통구 영통동,경상사고,0,0,1,0,차대차 - 기타,교차로운행방법위반,건조,맑음,교차로 - 교차로안,승용,남,75세,상해없음,이륜,남,30세,상해없음
2019110800100607,2019년 11월 8일 18시,금요일,경기도 수원시 팔달구 인계동,경상사고,0,0,1,0,차대차 - 측면충돌,안전운전불이행,건조,맑음,기타 - 기타,이륜,남,62세,상해없음,승용,여,40세,경상
2019110800100608,2019년 11월 8일 18시,금요일,경기도 수원시 권선구 권선동,경상사고,0,0,1,0,차대차 - 측면충돌,신호위반,젖음/습기,맑음,교차로 - 교차로부근,승용,여,47세,상해없음,이륜,남,32세,경상
2019110800100693,2019년 11월 8일 19시,금요일,경기도 수원시 권선구 세류동,경상사고,0,0,1,0,차대차 - 추돌,안전운전불이행,건조,맑음,단일로 - 고가도로위,승용,남,57세,상해없음,승용,남,26세,경상
2019110800100694,2019년 11월 8일 19시,금요일,경기도 수원시 권선구 오목천동,경상사고,0,0,1,0,차대차 - 측면충돌,신호위반,건조,맑음,교차로 - 교차로안,화물,남,41세,상해없음,이륜,남,18세,경상
2019110800100763,2019년 11월 8일 21시,금요일,경기도 수원시 장안구 천천동,중상사고,0,1,0,0,차대사람 - 횡단중,보행자보호의무위반,건조,맑음,교차로 - 교차로안,승합,남,36세,상해없음,보행자,여,34세,중상
2019110800100764,2019년 11월 8일 21시,금요일,경기도 수원시 팔달구 화서동,경상사고,0,0,1,0,차대차 - 기타,교차로운행방법위반,건조,맑음,교차로 - 교차로안,승용,남,44세,상해없음,이륜,남,17세,경상
2019110800100774,2019년 11월 8일 21시,금요일,경기도 수원시 권선구 오목천동,경상사고,0,0,1,0,차대차 - 측면충돌,안전운전불이행,건조,맑음,교차로 - 교차로부근,승용,남,38세,상해없음,승용,남,25세,경상
2019110900100097,2019년 11월 9일 05시,토요일,경기도 수원시 팔달구 지동,경상사고,0,0,1,0,차대차 - 추돌,안전운전불이행,건조,맑음,교차로 - 교차로안,승용,남,71세,상해없음,승용,남,53세,경상
2019110900100141,2019년 11월 9일 08시,토요일,경기도 수원시 팔달구 팔달로2가,중상사고,0,1,0,0,차량단독 - 기타,안전운전불이행,건조,맑음,단일로 - 기타,승합,남,51세,상해없음,,,,
2019110900100174,2019년 11월 9일 09시,토요일,경기도 수원시 장안구 파장동,경상사고,0,0,1,0,차대차 - 추돌,안전운전불이행,건조,맑음,교차로 - 교차로부근,승용,남,47세,상해없음,승용,여,44세,경상
2019110900100179,2019년 11월 9일 09시,토요일,경기도 수원시 영통구 매탄동,부상신고사고,0,0,0,1,차대차 - 측면충돌,안전운전불이행,건조,맑음,단일로 - 기타,승용,남,60세,상해없음,승합,남,54세,상해없음
2019110900100224,2019년 11월 9일 10시,토요일,경기도 수원시 팔달구 매산로2가,중상사고,0,1,2,1,차대차 - 기타,직진우회전진행방해,건조,맑음,교차로 - 교차로안,승용,여,36세,기타불명,승합,남,63세,상해없음
2019110900100253,2019년 11월 9일 11시,토요일,경기도 수원시 권선구 세류동,경상사고,0,0,2,0,차대차 - 측면충돌,교차로운행방법위반,건조,맑음,교차로 - 교차로안,화물,남,36세,상해없음,승용,남,19세,경상
2019110900100305,2019년 11월 9일 12시,토요일,경기도 수원시 팔달구 장안동,중상사고,0,1,1,0,차대차 - 측면충돌,안전거리미확보,건조,맑음,교차로 - 교차로안,승용,여,26세,상해없음,승합,남,47세,경상
2019110900100310,2019년 11월 9일 12시,토요일,경기도 수원시 팔달구 매산로1가,경상사고,0,0,2,0,차대차 - 추돌,안전운전불이행,건조,맑음,교차로 - 교차로부근,승합,남,48세,상해없음,화물,남,51세,경상
2019110900100392,2019년 11월 9일 14시,토요일,경기도 수원시 장안구 율전동,경상사고,0,0,1,0,차대차 - 측면충돌,직진우회전진행방해,건조,맑음,교차로 - 교차로안,승용,여,22세,상해없음,이륜,남,70세,경상
2019110900100396,2019년 11월 9일 14시,토요일,경기도 수원시 영통구 매탄동,중상사고,0,1,0,0,차대차 - 추돌,안전운전불이행,건조,맑음,기타 - 기타,승용,여,30세,상해없음,승용,여,50세,중상
2019110900100454,2019년 11월 9일 15시,토요일,경기도 수원시 권선구 권선동,경상사고,0,0,2,0,차대차 - 추돌,안전운전불이행,건조,맑음,기타 - 기타,승용,남,46세,상해없음,승용,남,54세,경상
2019110900100489,2019년 11월 9일 16시,토요일,경기도 수원시 영통구 이의동,경상사고,0,0,2,0,차대차 - 추돌,안전운전불이행,건조,맑음,단일로 - 기타,승용,여,46세,상해없음,승용,남,36세,경상
2019110900100580,2019년 11월 9일 18시,토요일,경기도 수원시 팔달구 인계동,경상사고,0,0,2,0,차대사람 - 차도통행중,안전운전불이행,건조,맑음,교차로 - 교차로안,화물,남,54세,상해없음,보행자,여,11세,경상
2019110900100630,2019년 11월 9일 19시,토요일,경기도 수원시 팔달구 지동,경상사고,0,0,2,0,차대차 - 기타,안전운전불이행,건조,맑음,단일로 - 기타,승용,남,48세,상해없음,승용,여,62세,경상
2019110900100664,2019년 11월 9일 20시,토요일,경기도 수원시 권선구 고색동,경상사고,0,0,2,0,차대차 - 후진중충돌,안전운전불이행,건조,맑음,교차로 - 교차로부근,승용,여,51세,상해없음,승용,남,26세,경상
2019110900100687,2019년 11월 9일 21시,토요일,경기도 수원시 팔달구 매산로1가,경상사고,0,0,1,0,차대사람 - 기타,안전운전불이행,건조,맑음,단일로 - 기타,승용,여,23세,상해없음,보행자,남,18세,경상
2019110900100711,2019년 11월 9일 22시,토요일,경기도 수원시 장안구 정자동,부상신고사고,0,0,0,1,차대사람 - 횡단중,안전운전불이행,건조,맑음,단일로 - 기타,승용,남,52세,상해없음,보행자,남,59세,부상신고
2019110900100713,2019년 11월 9일 22시,토요일,경기도 수원시 영통구 망포동,중상사고,0,1,0,0,차대사람 - 횡단중,보행자보호의무위반,건조,맑음,단일로 - 기타,이륜,남,26세,상해없음,보행자,여,43세,중상
2019110900100714,2019년 11월 9일 22시,토요일,경기도 수원시 영통구 매탄동,경상사고,0,0,2,0,차대차 - 측면충돌,안전운전불이행,건조,맑음,교차로 - 교차로안,승용,남,27세,상해없음,이륜,남,45세,경상
2019110900100729,2019년 11월 9일 23시,토요일,경기도 수원시 영통구 원천동,중상사고,0,1,0,0,차대사람 - 길가장자리구역통행중,안전운전불이행,건조,맑음,단일로 - 기타,기타불명,기타불명,미분류,기타불명,보행자,남,22세,중상
2019111000100214,2019년 11월 10일 12시,일요일,경기도 수원시 권선구 탑동,경상사고,0,0,1,1,차대차 - 측면충돌,안전운전불이행,건조,맑음,교차로 - 교차로부근,승용,남,26세,부상신고,승용,남,29세,경상
2019111000100349,2019년 11월 10일 17시,일요일,경기도 수원시 장안구 연무동,중상사고,0,1,4,0,차대차 - 추돌,안전운전불이행,건조,맑음,교차로 - 교차로부근,승용,남,32세,상해없음,승용,남,44세,중상
2019111000100405,2019년 11월 10일 18시,일요일,경기도 수원시 팔달구 매산로2가,부상신고사고,0,0,0,1,차대사람 - 횡단중,보행자보호의무위반,젖음/습기,흐림,교차로 - 교차로횡단보도내,기타불명,기타불명,미분류,기타불명,보행자,여,22세,부상신고
2019111000100470,2019년 11월 10일 19시,일요일,경기도 수원시 영통구 영통동,경상사고,0,0,1,0,차대차 - 측면충돌,교차로운행방법위반,젖음/습기,비,교차로 - 교차로안,승용,남,50세,상해없음,승용,남,39세,경상
2019111000100475,2019년 11월 10일 19시,일요일,경기도 수원시 권선구 구운동,부상신고사고,0,0,0,1,차량단독 - 공작물충돌,안전운전불이행,젖음/습기,비,교차로 - 교차로안,화물,남,66세,부상신고,,,,
2019111000100526,2019년 11월 10일 20시,일요일,경기도 수원시 장안구 이목동,경상사고,0,0,1,0,차대차 - 기타,안전거리미확보,젖음/습기,비,단일로 - 기타,승용,남,59세,상해없음,승용,남,31세,경상
2019111000100538,2019년 11월 10일 20시,일요일,경기도 수원시 영통구 이의동,경상사고,0,0,1,0,차대차 - 측면충돌,신호위반,젖음/습기,비,교차로 - 교차로안,승용,남,29세,상해없음,승용,남,24세,경상
2019111000100539,2019년 11월 10일 20시,일요일,경기도 수원시 권선구 세류동,경상사고,0,0,1,0,차대차 - 기타,안전운전불이행,젖음/습기,비,교차로 - 교차로안,승용,남,62세,상해없음,이륜,남,38세,경상
2019111000100570,2019년 11월 10일 21시,일요일,경기도 수원시 영통구 원천동,경상사고,0,0,1,0,차대차 - 기타,안전거리미확보,젖음/습기,흐림,교차로 - 교차로부근,승용,남,43세,상해없음,승용,여,36세,경상
2019111000100609,2019년 11월 10일 22시,일요일,경기도 수원시 영통구 망포동,중상사고,0,2,2,0,차대차 - 정면충돌,중앙선침범,젖음/습기,맑음,기타 - 기타,승용,남,60세,상해없음,승용,남,43세,중상
2019111100100054,2019년 11월 11일 02시,월요일,경기도 수원시 팔달구 매산로1가,부상신고사고,0,0,0,1,차대차 - 정면충돌,중앙선침범,젖음/습기,비,교차로 - 교차로부근,승용,남,33세,상해없음,화물,남,48세,부상신고
2019111100100079,2019년 11월 11일 06시,월요일,경기도 수원시 장안구 연무동,경상사고,0,0,1,0,차대차 - 추돌,안전거리미확보,건조,맑음,단일로 - 기타,승용,남,42세,상해없음,승용,여,51세,경상
2019111100100082,2019년 11월 11일 06시,월요일,경기도 수원시 영통구 매탄동,경상사고,0,0,2,0,차대차 - 기타,교차로운행방법위반,젖음/습기,비,교차로 - 교차로부근,승용,남,70세,경상,화물,남,29세,경상
2019111100100148,2019년 11월 11일 08시,월요일,경기도 수원시 장안구 정자동,경상사고,0,0,1,0,차대차 - 측면충돌,차로위반,건조,맑음,교차로 - 교차로안,승용,남,44세,상해없음,승용,여,48세,경상
2019111100100154,2019년 11월 11일 08시,월요일,경기도 수원시 권선구 권선동,경상사고,0,0,1,0,차대차 - 측면충돌,차로위반,건조,맑음,단일로 - 기타,화물,남,52세,상해없음,승용,남,72세,경상
2019111100100191,2019년 11월 11일 09시,월요일,경기도 수원시 팔달구 우만동,경상사고,0,0,1,0,차대차 - 기타,신호위반,건조,맑음,교차로 - 교차로안,승용,여,62세,상해없음,승용,여,53세,상해없음
2019111100100200,2019년 11월 11일 09시,월요일,경기도 수원시 팔달구 매산로1가,경상사고,0,0,1,0,차대차 - 측면충돌,안전운전불이행,건조,맑음,교차로 - 교차로안,승용,여,53세,기타불명,승합,남,43세,경상
2019111100100241,2019년 11월 11일 10시,월요일,경기도 수원시 영통구 매탄동,경상사고,0,0,1,0,차대사람 - 횡단중,신호위반,건조,맑음,교차로 - 교차로횡단보도내,이륜,여,58세,상해없음,보행자,여,54세,경상
2019111100100361,2019년 11월 11일 13시,월요일,경기도 수원시 팔달구 인계동,경상사고,0,0,2,0,차대차 - 측면충돌,안전운전불이행,건조,맑음,단일로 - 기타,승용,남,28세,경상,승용,남,61세,경상
2019111100100362,2019년 11월 11일 13시,월요일,경기도 수원시 팔달구 매교동,중상사고,0,1,0,0,차대차 - 기타,교차로운행방법위반,건조,맑음,교차로 - 교차로안,승용,남,44세,상해없음,자전거,남,72세,중상
2019111100100363,2019년 11월 11일 13시,월요일,경기도 수원시 팔달구 매산로3가,경상사고,0,0,1,0,차대사람 - 횡단중,보행자보호의무위반,건조,맑음,교차로 - 교차로부근,이륜,남,55세,상해없음,보행자,여,52세,경상
2019111100100404,2019년 11월 11일 14시,월요일,경기도 수원시 팔달구 지동,중상사고,0,1,0,0,차대차 - 측면충돌,안전운전불이행,건조,맑음,교차로 - 교차로안,자전거,남,74세,중상,승합,남,63세,상해없음
2019111100100436,2019년 11월 11일 15시,월요일,경기도 수원시 장안구 파장동,중상사고,0,1,0,0,차대사람 - 횡단중,안전운전불이행,건조,맑음,교차로 - 교차로안,승용,여,57세,상해없음,보행자,여,63세,중상
2019111100100523,2019년 11월 11일 17시,월요일,경기도 수원시 장안구 정자동,경상사고,0,0,1,0,차대차 - 기타,교차로운행방법위반,건조,맑음,교차로 - 교차로안,승용,남,72세,상해없음,자전거,여,67세,경상
2019111100100524,2019년 11월 11일 17시,월요일,경기도 수원시 팔달구 우만동,경상사고,0,0,2,0,차대차 - 기타,중앙선침범,건조,맑음,단일로 - 기타,원동기,남,51세,경상,승용,남,63세,상해없음
2019111100100738,2019년 11월 11일 22시,월요일,경기도 수원시 권선구 권선동,부상신고사고,0,0,0,1,차량단독 - 기타,안전운전불이행,건조,맑음,교차로 - 교차로부근,승용,남,49세,부상신고,,,,
2019111100100742,2019년 11월 11일 22시,월요일,경기도 수원시 권선구 금곡동,경상사고,0,0,3,0,차대차 - 기타,신호위반,건조,맑음,교차로 - 교차로안,승용,남,59세,상해없음,승용,여,32세,경상
2019111100100758,2019년 11월 11일 23시,월요일,경기도 수원시 영통구 영통동,중상사고,0,1,0,0,차대차 - 추돌,안전운전불이행,건조,맑음,교차로 - 교차로안,승용,남,49세,상해없음,자전거,남,62세,중상
2019111200100092,2019년 11월 12일 07시,화요일,경기도 수원시 권선구 금곡동,경상사고,0,0,1,0,차대차 - 기타,안전운전불이행,건조,맑음,단일로 - 기타,승용,여,33세,상해없음,승용,남,41세,상해없음
2019111200100133,2019년 11월 12일 08시,화요일,경기도 수원시 팔달구 인계동,경상사고,0,0,1,0,차대사람 - 횡단중,안전운전불이행,건조,맑음,단일로 - 기타,승용,여,36세,상해없음,보행자,남,32세,경상
2019111200100134,2019년 11월 12일 08시,화요일,경기도 수원시 영통구 매탄동,경상사고,0,0,1,0,차대차 - 추돌,안전거리미확보,건조,맑음,기타 - 기타,승합,남,46세,상해없음,승용,남,43세,경상
2019111200100135,2019년 11월 12일 08시,화요일,경기도 수원시 팔달구 매산로2가,경상사고,0,0,1,0,차대차 - 측면충돌,교차로운행방법위반,건조,맑음,교차로 - 교차로안,승용,여,32세,상해없음,승용,남,67세,경상
2019111200100273,2019년 11월 12일 12시,화요일,경기도 수원시 권선구 탑동,중상사고,0,1,0,0,차대차 - 측면충돌,중앙선침범,건조,맑음,단일로 - 기타,승용,여,20세,상해없음,이륜,남,40세,중상
2019111200100328,2019년 11월 12일 14시,화요일,경기도 수원시 팔달구 매산로1가,경상사고,0,0,2,0,차대차 - 측면충돌,교차로운행방법위반,건조,맑음,교차로 - 교차로안,승용,여,50세,상해없음,승용,여,39세,경상
2019111200100552,2019년 11월 12일 19시,화요일,경기도 수원시 권선구 오목천동,경상사고,0,0,1,0,차대사람 - 보도통행중,보행자보호의무위반,건조,맑음,단일로 - 기타,승용,남,35세,상해없음,보행자,여,24세,경상
2019111200100553,2019년 11월 12일 19시,화요일,경기도 수원시 권선구 호매실동,경상사고,0,0,1,0,차대차 - 측면충돌,신호위반,건조,맑음,교차로 - 교차로안,이륜,남,23세,상해없음,승용,남,41세,경상
2019111200100637,2019년 11월 12일 22시,화요일,경기도 수원시 팔달구 화서동,경상사고,0,0,1,0,차대사람 - 횡단중,안전운전불이행,건조,맑음,교차로 - 교차로부근,승용,남,22세,상해없음,보행자,남,35세,경상