사고번호,사고일시,요일,시군구,사고내용,사망자수,중상자수,경상자수,부상신고자수,사고유형,법규위반,노면상태,기상상태,도로형태,가해운전자 차종,가해운전자 성별,가해운전자 연령,가해운전자 상해정도,피해운전자 차종,피해운전자 성별,피해운전자 연령,피해운전자 상해정도
2019111200100650,2019년 11월 12일 23시,화요일,경기도 수원시 장안구 정자동,중상사고,0,1,0,0,차대차 - 기타,안전운전불이행,건조,맑음,교차로 - 교차로부근,승용,남,58세,상해없음,이륜,남,17세,중상
2019111300100028,2019년 11월 13일 00시,수요일,경기도 수원시 장안구 연무동,중상사고,0,1,0,0,차량단독 - 공작물충돌,안전운전불이행,건조,맑음,단일로 - 터널,이륜,남,47세,중상,,,,
2019111300100105,2019년 11월 13일 07시,수요일,경기도 수원시 팔달구 인계동,경상사고,0,0,1,0,차대차 - 기타,안전운전불이행,건조,맑음,교차로 - 교차로부근,특수,남,43세,상해없음,승용,남,41세,경상
2019111300100249,2019년 11월 13일 12시,수요일,경기도 수원시 장안구 조원동,경상사고,0,0,2,0,차대사람 - 횡단중,안전운전불이행,젖음/습기,비,단일로 - 기타,이륜,남,26세,경상,보행자,여,17세,경상
2019111300100390,2019년 11월 13일 16시,수요일,경기도 수원시 장안구 조원동,중상사고,0,1,0,0,차대사람 - 횡단중,안전운전불이행,건조,맑음,단일로 - 기타,화물,남,59세,상해없음,보행자,남,5세,중상
2019111300100485,2019년 11월 13일 18시,수요일,경기도 수원시 팔달구 화서동,중상사고,0,1,0,0,차대사람 - 횡단중,안전운전불이행,젖음/습기,흐림,단일로 - 기타,승용,남,60세,상해없음,보행자,남,71세,중상
2019111300100574,2019년 11월 13일 19시,수요일,경기도 수원시 팔달구 화서동,중상사고,0,1,0,0,차대사람 - 횡단중,안전운전불이행,젖음/습기,흐림,단일로 - 기타,이륜,남,21세,상해없음,보행자,남,64세,중상
2019111300100636,2019년 11월 13일 20시,수요일,경기도 수원시 영통구 매탄동,경상사고,0,0,1,0,차대차 - 추돌,안전운전불이행,젖음/습기,비,교차로 - 교차로부근,승용,남,38세,상해없음,승용,남,30세,경상
2019111300100639,2019년 11월 13일 20시,수요일,경기도 수원시 권선구 탑동,경상사고,0,0,1,0,차대차 - 측면충돌,안전거리미확보,건조,맑음,단일로 - 기타,승합,남,22세,상해없음,이륜,남,51세,경상
2019111300100721,2019년 11월 13일 23시,수요일,경기도 수원시 영통구 이의동,경상사고,0,0,2,0,차대차 - 측면충돌,신호위반,건조,맑음,교차로 - 교차로안,승용,남,21세,상해없음,승용,남,41세,경상
2019111300100723,2019년 11월 13일 23시,수요일,경기도 수원시 팔달구 매교동,경상사고,0,0,1,0,차대사람 - 기타,기타,건조,맑음,단일로 - 기타,승합,남,49세,상해없음,보행자,남,21세,경상
2019111400100042,2019년 11월 14일 01시,목요일,경기도 수원시 팔달구 인계동,경상사고,0,0,1,0,차대차 - 측면충돌,안전운전불이행,건조,맑음,단일로 - 기타,승용,남,31세,기타불명,승합,남,38세,경상
2019111400100066,2019년 11월 14일 05시,목요일,경기도 수원시 권선구 고색동,경상사고,0,0,1,0,차대차 - 측면충돌,안전거리미확보,건조,맑음,교차로 - 교차로안,승용,여,47세,상해없음,승용,남,44세,경상
2019111400100094,2019년 11월 14일 07시,목요일,경기도 수원시 권선구 금곡동,경상사고,0,0,2,0,차대차 - 기타,안전거리미확보,건조,맑음,단일로 - 기타,특수,남,41세,상해없음,승용,남,57세,경상
2019111400100129,2019년 11월 14일 08시,목요일,경기도 수원시 장안구 하광교동,중상사고,0,2,2,1,차대차 - 추돌,안전운전불이행,건조,맑음,단일로 - 기타,승합,남,39세,상해없음,화물,남,52세,중상
2019111400100186,2019년 11월 14일 09시,목요일,경기도 수원시 권선구 권선동,경상사고,0,0,1,0,차대사람 - 기타,안전운전불이행,건조,맑음,단일로 - 기타,승용,남,21세,상해없음,보행자,남,31세,경상
2019111400100187,2019년 11월 14일 09시,목요일,경기도 수원시 권선구 세류동,경상사고,0,0,1,0,차대차 - 후진중충돌,안전운전불이행,건조,맑음,단일로 - 기타,특수,남,60세,상해없음,승용,여,33세,경상
2019111400100230,2019년 11월 14일 10시,목요일,경기도 수원시 팔달구 인계동,부상신고사고,0,0,0,1,차대차 - 기타,안전운전불이행,건조,맑음,교차로 - 교차로부근,자전거,여,61세,부상신고,이륜,여,58세,상해없음
2019111400100269,2019년 11월 14일 11시,목요일,경기도 수원시 영통구 이의동,경상사고,0,0,1,0,차대차 - 기타,차로위반,건조,맑음,교차로 - 교차로부근,승용,남,43세,상해없음,승용,여,39세,경상
2019111400100271,2019년 11월 14일 11시,목요일,경기도 수원시 권선구 구운동,경상사고,0,0,1,0,차대차 - 후진중충돌,안전운전불이행,건조,맑음,단일로 - 기타,화물,남,69세,상해없음,승용,여,54세,경상
2019111400100347,2019년 11월 14일 13시,목요일,경기도 수원시 장안구 연무동,경상사고,0,0,2,0,차대차 - 후진중충돌,불법유턴,건조,맑음,단일로 - 기타,승용,남,78세,기타불명,승용,여,40세,경상
2019111400100349,2019년 11월 14일 13시,목요일,경기도 수원시 팔달구 인계동,중상사고,0,2,2,0,차대차 - 기타,안전운전불이행,건조,맑음,기타 - 기타,승용,여,30세,상해없음,승용,남,46세,경상
2019111400100383,2019년 11월 14일 14시,목요일,경기도 수원시 팔달구 화서동,경상사고,0,0,1,0,차대사람 - 기타,안전운전불이행,건조,맑음,단일로 - 기타,승용,여,49세,상해없음,보행자,남,43세,경상
2019111400100384,2019년 11월 14일 14시,목요일,경기도 수원시 팔달구 남수동,경상사고,0,0,2,0,차대차 - 기타,교차로운행방법위반,건조,맑음,교차로 - 교차로안,자전거,여,69세,경상,이륜,남,50세,경상
2019111400100429,2019년 11월 14일 15시,목요일,경기도 수원시 팔달구 화서동,경상사고,0,0,1,0,차대사람 - 기타,안전운전불이행,건조,맑음,단일로 - 기타,승용,남,38세,상해없음,보행자,여,72세,경상
2019111400100529,2019년 11월 14일 17시,목요일,경기도 수원시 영통구 신동,경상사고,0,0,1,1,차대차 - 측면충돌,신호위반,건조,맑음,교차로 - 교차로안,승용,남,53세,상해없음,승용,남,62세,경상
2019111400100530,2019년 11월 14일 17시,목요일,경기도 수원시 영통구 영통동,경상사고,0,0,1,0,차대차 - 기타,안전운전불이행,건조,맑음,교차로 - 교차로안,승용,남,27세,상해없음,이륜,남,37세,경상
2019111400100590,2019년 11월 14일 18시,목요일,경기도 수원시 장안구 송죽동,중상사고,0,1,0,0,차대차 - 측면충돌,중앙선침범,건조,맑음,교차로 - 교차로안,이륜,남,86세,중상,승용,남,81세,상해없음
2019111400100659,2019년 11월 14일 19시,목요일,경기도 수원시 팔달구 인계동,부상신고사고,0,0,0,1,차대차 - 기타,차로위반,건조,맑음,기타 - 기타,이륜,남,55세,부상신고,승용,남,58세,상해없음
2019111400100660,2019년 11월 14일 19시,목요일,경기도 수원시 팔달구 인계동,부상신고사고,0,0,0,1,차대차 - 기타,직진우회전진행방해,건조,맑음,교차로 - 교차로부근,이륜,남,63세,부상신고,승용,남,26세,상해없음
2019111400100735,2019년 11월 14일 21시,목요일,경기도 수원시 영통구 망포동,경상사고,0,0,2,0,차대차 - 추돌,안전운전불이행,건조,맑음,단일로 - 기타,승용,남,24세,상해없음,승용,남,55세,경상
2019111400100736,2019년 11월 14일 21시,목요일,경기도 수원시 권선구 서둔동,경상사고,0,0,1,1,차대차 - 추돌,신호위반,건조,맑음,교차로 - 교차로안,승용,남,28세,부상신고,승용,여,54세,경상
2019111500100033,2019년 11월 15일 00시,금요일,경기도 수원시 팔달구 인계동,경상사고,0,0,5,0,차대차 - 측면충돌,안전거리미확보,건조,맑음,단일로 - 기타,승용,남,28세,상해없음,승용,남,33세,경상
2019111500100156,2019년 11월 15일 08시,금요일,경기도 수원시 권선구 대황교동,사망사고,1,0,0,0,차대차 - 기타,중앙선침범,젖음/습기,비,단일로 - 기타,승용,남,24세,상해없음,이륜,남,38세,사망
2019111500100158,2019년 11월 15일 08시,금요일,경기도 수원시 팔달구 매산로2가,경상사고,0,0,1,0,차대차 - 기타,안전운전불이행,젖음/습기,비,교차로 - 교차로횡단보도내,승용,남,61세,상해없음,자전거,남,10세,경상
2019111500100211,2019년 11월 15일 09시,금요일,경기도 수원시 팔달구 매산로1가,중상사고,0,1,0,0,차대사람 - 차도통행중,안전운전불이행,젖음/습기,비,단일로 - 기타,승합,남,64세,상해없음,보행자,여,19세,중상
2019111500100249,2019년 11월 15일 10시,금요일,경기도 수원시 장안구 천천동,경상사고,0,0,1,0,차대차 - 추돌,안전거리미확보,젖음/습기,비,교차로 - 교차로안,승용,남,59세,상해없음,승용,남,33세,경상
2019111500100255,2019년 11월 15일 10시,금요일,경기도 수원시 영통구 원천동,경상사고,0,0,1,0,차대사람 - 횡단중,신호위반,젖음/습기,맑음,단일로 - 기타,승용,여,55세,상해없음,보행자,여,63세,경상
2019111500100476,2019년 11월 15일 15시,금요일,경기도 수원시 영통구 영통동,중상사고,0,1,0,0,차대사람 - 기타,안전운전불이행,젖음/습기,비,교차로 - 교차로부근,승용,여,48세,상해없음,보행자,남,56세,중상
2019111500100478,2019년 11월 15일 15시,금요일,경기도 수원시 권선구 호매실동,경상사고,0,0,1,0,차대차 - 기타,안전거리미확보,건조,맑음,교차로 - 교차로부근,승용,여,30세,상해없음,승용,남,48세,경상
2019111500100519,2019년 11월 15일 16시,금요일,경기도 수원시 권선구 고색동,경상사고,0,0,1,0,차대차 - 측면충돌,안전거리미확보,건조,맑음,교차로 - 교차로부근,승용,남,59세,상해없음,승용,여,47세,경상
2019111500100633,2019년 11월 15일 18시,금요일,경기도 수원시 장안구 연무동,부상신고사고,0,0,0,1,차대차 - 측면충돌,안전운전불이행,젖음/습기,비,단일로 - 기타,승용,남,57세,기타불명,이륜,남,21세,부상신고
2019111500100643,2019년 11월 15일 18시,금요일,경기도 수원시 영통구 영통동,경상사고,0,0,1,0,차대사람 - 횡단중,보행자보호의무위반,젖음/습기,비,교차로 - 교차로부근,기타불명,기타불명,미분류,기타불명,보행자,여,31세,경상
2019111500100644,2019년 11월 15일 18시,금요일,경기도 수원시 팔달구 인계동,경상사고,0,0,1,0,차대사람 - 횡단중,안전운전불이행,건조,맑음,단일로 - 기타,승용,여,67세,상해없음,보행자,여,54세,경상
2019111500100645,2019년 11월 15일 18시,금요일,경기도 수원시 팔달구 교동,경상사고,0,0,1,0,차대차 - 기타,안전거리미확보,기타,흐림,단일로 - 기타,승용,여,35세,상해없음,승용,남,38세,경상
2019111500100646,2019년 11월 15일 18시,금요일,경기도 수원시 권선구 오목천동,경상사고,0,0,3,0,차대차 - 기타,신호위반,건조,맑음,교차로 - 교차로안,기타불명,기타불명,미분류,기타불명,승합,남,26세,상해없음
2019111500100788,2019년 11월 15일 20시,금요일,경기도 수원시 권선구 곡반정동,부상신고사고,0,0,0,1,차대차 - 기타,안전운전불이행,젖음/습기,흐림,교차로 - 교차로안,자전거,남,13세,부상신고,승용,남,46세,기타불명
2019111500100789,2019년 11월 15일 20시,금요일,경기도 수원시 영통구 영통동,중상사고,0,1,2,0,차대차 - 추돌,안전운전불이행,젖음/습기,비,교차로 - 교차로부근,승용,여,51세,상해없음,승용,여,28세,중상
2019111500100792,2019년 11월 15일 20시,금요일,경기도 수원시 권선구 서둔동,중상사고,0,1,0,0,차대차 - 추돌,안전운전불이행,건조,맑음,교차로 - 교차로부근,화물,남,34세,상해없음,승용,여,57세,중상
2019111500100843,2019년 11월 15일 21시,금요일,경기도 수원시 영통구 영통동,중상사고,0,1,0,0,차대사람 - 기타,안전운전불이행,젖음/습기,비,단일로 - 기타,승용,남,41세,상해없음,보행자,여,30세,중상
2019111500100844,2019년 11월 15일 21시,금요일,경기도 수원시 권선구 권선동,경상사고,0,0,1,0,차대차 - 기타,안전거리미확보,젖음/습기,비,기타 - 기타,화물,남,58세,상해없음,이륜,남,28세,경상
2019111600100028,2019년 11월 16일 00시,토요일,경기도 수원시 팔달구 매산로1가,경상사고,0,0,1,0,차대차 - 측면충돌,신호위반,건조,맑음,교차로 - 교차로안,승용,남,25세,상해없음,승용,남,55세,경상
2019111600100081,2019년 11월 16일 04시,토요일,경기도 수원시 팔달구 인계동,경상사고,0,0,1,0,차대차 - 추돌,안전운전불이행,건조,맑음,단일로 - 기타,승용,남,24세,상해없음,승용,남,32세,경상
2019111600100101,2019년 11월 16일 06시,토요일,경기도 수원시 권선구 세류동,경상사고,0,0,1,0,차대차 - 기타,신호위반,건조,맑음,교차로 - 교차로부근,승용,남,25세,상해없음,자전거,남,63세,경상
2019111600100173,2019년 11월 16일 09시,토요일,경기도 수원시 팔달구 중동,중상사고,0,1,0,0,차대차 - 기타,중앙선침범,건조,맑음,단일로 - 기타,개인형이동수단(PM),남,45세,상해없음,자전거,남,42세,중상
2019111600100196,2019년 11월 16일 10시,토요일,경기도 수원시 팔달구 인계동,경상사고,0,0,3,0,차대차 - 측면충돌,직진우회전진행방해,건조,맑음,교차로 - 교차로안,승용,여,60세,경상,승용,남,45세,경상
2019111600100237,2019년 11월 16일 11시,토요일,경기도 수원시 팔달구 인계동,경상사고,0,0,2,0,차대차 - 측면충돌,직진우회전진행방해,건조,맑음,교차로 - 교차로안,승용,여,52세,상해없음,승용,남,50세,경상
2019111600100322,2019년 11월 16일 13시,토요일,경기도 수원시 영통구 영통동,경상사고,0,0,1,0,차대차 - 측면충돌,차로위반,건조,맑음,단일로 - 기타,승용,남,50세,상해없음,승용,여,35세,경상
2019111600100413,2019년 11월 16일 15시,토요일,경기도 수원시 권선구 입북동,경상사고,0,0,3,0,차대차 - 추돌,안전운전불이행,건조,맑음,단일로 - 기타,승용,남,66세,상해없음,승합,남,45세,경상
2019111600100450,2019년 11월 16일 16시,토요일,경기도 수원시 팔달구 인계동,중상사고,0,1,1,1,차대차 - 측면충돌,직진우회전진행방해,건조,맑음,교차로 - 교차로안,승용,여,36세,부상신고,승용,남,24세,중상
2019111600100451,2019년 11월 16일 16시,토요일,경기도 수원시 권선구 권선동,경상사고,0,0,1,0,차대차 - 측면충돌,안전거리미확보,건조,맑음,단일로 - 기타,승용,남,66세,상해없음,이륜,남,32세,경상
2019111600100531,2019년 11월 16일 18시,토요일,경기도 수원시 장안구 이목동,경상사고,0,0,1,0,차대차 - 추돌,안전거리미확보,건조,맑음,단일로 - 기타,승용,남,50세,상해없음,승용,여,30세,경상
2019111600100532,2019년 11월 16일 18시,토요일,경기도 수원시 팔달구 지동,경상사고,0,0,1,0,차대차 - 기타,안전운전불이행,건조,맑음,교차로 - 교차로부근,승용,남,56세,상해없음,승용,여,61세,경상
2019111600100540,2019년 11월 16일 18시,토요일,경기도 수원시 권선구 곡반정동,경상사고,0,0,1,0,차대사람 - 횡단중,안전운전불이행,건조,맑음,단일로 - 기타,승용,여,51세,상해없음,보행자,여,55세,경상
2019111600100595,2019년 11월 16일 19시,토요일,경기도 수원시 팔달구 매산로1가,경상사고,0,0,2,0,차대차 - 측면충돌,신호위반,건조,맑음,교차로 - 교차로안,승용,여,58세,상해없음,승용,남,56세,경상
2019111600100628,2019년 11월 16일 20시,토요일,경기도 수원시 영통구 신동,중상사고,0,1,0,0,차대차 - 기타,교차로운행방법위반,건조,맑음,교차로 - 교차로부근,승용,남,30세,상해없음,이륜,남,58세,중상
2019111600100630,2019년 11월 16일 20시,토요일,경기도 수원시 권선구 구운동,경상사고,0,0,1,0,차대차 - 후진중충돌,안전운전불이행,건조,맑음,교차로 - 교차로안,승용,남,57세,상해없음,이륜,남,39세,경상
2019111600100656,2019년 11월 16일 21시,토요일,경기도 수원시 장안구 천천동,중상사고,0,1,0,0,차대사람 - 기타,신호위반,건조,맑음,교차로 - 교차로횡단보도내,승용,여,70세,상해없음,보행자,여,26세,중상
2019111700100075,2019년 11월 17일 02시,일요일,경기도 수원시 팔달구 인계동,경상사고,0,0,1,0,차대차 - 기타,안전운전불이행,건조,맑음,단일로 - 기타,승합,남,52세,상해없음,승용,남,61세,상해없음
2019111700100110,2019년 11월 17일 06시,일요일,경기도 수원시 권선구 구운동,사망사고,1,0,0,0,차대차 - 측면충돌,안전운전불이행,건조,맑음,단일로 - 기타,승용,남,56세,기타불명,승용,남,71세,상해없음
2019111700100151,2019년 11월 17일 10시,일요일,경기도 수원시 팔달구 우만동,경상사고,0,0,1,0,차대사람 - 기타,안전운전불이행,젖음/습기,비,교차로 - 교차로안,승용,남,53세,상해없음,보행자,남,58세,경상
2019111700100198,2019년 11월 17일 12시,일요일,경기도 수원시 영통구 이의동,경상사고,0,0,2,0,차대차 - 추돌,안전운전불이행,젖음/습기,비,단일로 - 기타,승용,남,31세,상해없음,승용,남,36세,경상
2019111700100386,2019년 11월 17일 18시,일요일,경기도 수원시 팔달구 중동,중상사고,0,1,1,0,차대사람 - 횡단중,보행자보호의무위반,젖음/습기,비,교차로 - 교차로횡단보도내,승용,남,74세,상해없음,보행자,남,29세,중상
2019111700100459,2019년 11월 17일 19시,일요일,경기도 수원시 영통구 매탄동,경상사고,0,0,1,0,차대차 - 측면충돌,안전운전불이행,젖음/습기,비,교차로 - 교차로횡단보도내,승용,여,38세,상해없음,자전거,남,29세,경상
2019111700100460,2019년 11월 17일 19시,일요일,경기도 수원시 팔달구 인계동,경상사고,0,0,1,0,차대차 - 측면충돌,안전운전불이행,젖음/습기,비,교차로 - 교차로안,승용,남,68세,상해없음,승용,남,26세,경상
2019111700100463,2019년 11월 17일 19시,일요일,경기도 수원시 권선구 구운동,경상사고,0,0,3,0,차대차 - 측면충돌,신호위반,젖음/습기,비,교차로 - 교차로안,승용,남,56세,상해없음,승용,여,50세,경상
2019111700100464,2019년 11월 17일 19시,일요일,경기도 수원시 권선구 입북동,경상사고,0,0,1,0,차대차 - 기타,안전거리미확보,젖음/습기,비,단일로 - 기타,승용,여,64세,상해없음,승용,남,26세,경상
2019111700100511,2019년 11월 17일 20시,일요일,경기도 수원시 팔달구 인계동,경상사고,0,0,1,0,차대차 - 측면충돌,중앙선침범,젖음/습기,비,교차로 - 교차로부근,승용,남,55세,상해없음,승용,남,59세,경상
2019111700100566,2019년 11월 17일 22시,일요일,경기도 수원시 팔달구 화서동,경상사고,0,0,3,2,차량단독 - 공작물충돌,안전운전불이행,젖음/습기,비,단일로 - 지하차도(도로)내,승용,여,18세,경상,,,,
2019111800100047,2019년 11월 18일 01시,월요일,경기도 수원시 권선구 고색동,중상사고,0,2,0,0,차대차 - 측면충돌,신호위반,젖음/습기,비,교차로 - 교차로안,승용,남,54세,상해없음,화물,남,34세,중상
2019111800100145,2019년 11월 18일 08시,월요일,경기도 수원시 장안구 율전동,경상사고,0,0,1,0,차대차 - 추돌,안전거리미확보,건조,맑음,교차로 - 교차로부근,승용,남,64세,상해없음,승용,여,50세,경상
2019111800100151,2019년 11월 18일 08시,월요일,경기도 수원시 권선구 고색동,경상사고,0,0,1,0,차대차 - 추돌,안전운전불이행,건조,맑음,단일로 - 기타,승용,남,23세,상해없음,승용,여,28세,경상
2019111800100289,2019년 11월 18일 12시,월요일,경기도 수원시 장안구 정자동,경상사고,0,0,1,0,차대차 - 기타,안전운전불이행,건조,맑음,교차로 - 교차로안,승용,여,32세,기타불명,자전거,남,63세,경상
2019111800100353,2019년 11월 18일 14시,월요일,경기도 수원시 장안구 영화동,경상사고,0,0,1,0,차대차 - 측면충돌,안전거리미확보,건조,맑음,교차로 - 교차로부근,승용,남,47세,상해없음,화물,남,25세,경상
2019111800100354,2019년 11월 18일 14시,월요일,경기도 수원시 장안구 조원동,경상사고,0,0,1,0,차대차 - 측면충돌,안전운전불이행,건조,맑음,교차로 - 교차로안,승용,남,70세,상해없음,승용,여,40세,경상
2019111800100360,2019년 11월 18일 14시,월요일,경기도 수원시 권선구 호매실동,중상사고,0,1,1,0,차대차 - 기타,기타,건조,맑음,단일로 - 기타,화물,남,61세,경상,승용,남,44세,중상
2019111800100406,2019년 11월 18일 15시,월요일,경기도 수원시 영통구 하동,경상사고,0,0,1,0,차대차 - 추돌,안전운전불이행,건조,맑음,교차로 - 교차로부근,승용,여,40세,상해없음,승합,남,53세,상해없음
2019111800100410,2019년 11월 18일 15시,월요일,경기도 수원시 권선구 서둔동,중상사고,0,1,0,0,차대차 - 측면충돌,안전거리미확보,건조,맑음,단일로 - 기타,승용,남,53세,상해없음,이륜,남,34세,중상
2019111800100475,2019년 11월 18일 17시,월요일,경기도 수원시 장안구 천천동,경상사고,0,0,1,0,차대사람 - 횡단중,안전운전불이행,건조,맑음,단일로 - 기타,승용,여,53세,상해없음,보행자,남,16세,경상
2019111800100480,2019년 11월 18일 17시,월요일,경기도 수원시 영통구 매탄동,부상신고사고,0,0,0,1,차대사람 - 차도통행중,안전운전불이행,건조,맑음,기타 - 기타,화물,남,78세,상해없음,보행자,여,24세,부상신고
2019111800100544,2019년 11월 18일 18시,월요일,경기도 수원시 권선구 곡반정동,부상신고사고,0,0,0,1,차대차 - 측면충돌,교차로운행방법위반,건조,맑음,기타 - 기타,승용,남,54세,상해없음,이륜,남,23세,부상신고
2019111800100546,2019년 11월 18일 18시,월요일,경기도 수원시 권선구 금곡동,경상사고,0,0,1,2,차대차 - 기타,교차로운행방법위반,건조,맑음,교차로 - 교차로부근,승용,여,36세,상해없음,승용,여,28세,경상
2019111800100663,2019년 11월 18일 21시,월요일,경기도 수원시 팔달구 화서동,경상사고,0,0,2,0,차대차 - 추돌,안전거리미확보,건조,맑음,교차로 - 교차로안,승용,남,53세,상해없음,승용,남,50세,경상
2019111800100682,2019년 11월 18일 22시,월요일,경기도 수원시 장안구 연무동,경상사고,0,0,1,0,차대차 - 기타,안전운전불이행,건조,맑음,단일로 - 기타,승용,여,59세,상해없음,승용,남,59세,경상
2019111900100056,2019년 11월 19일 02시,화요일,경기도 수원시 권선구 세류동,경상사고,0,0,1,0,차대차 - 후진중충돌,안전운전불이행,건조,맑음,단일로 - 기타,승용,남,38세,상해없음,이륜,남,34세,경상
2019111900100152,2019년 11월 19일 08시,화요일,경기도 수원시 영통구 매탄동,경상사고,0,0,1,0,차대차 - 추돌,안전거리미확보,건조,맑음,단일로 - 기타,승용,여,40세,상해없음,승용,여,39세,상해없음
2019111900100153,2019년 11월 19일 08시,화요일,경기도 수원시 권선구 고색동,중상사고,0,1,1,1,차대차 - 측면충돌,안전거리미확보,건조,맑음,단일로 - 기타,승용,남,24세,상해없음,승용,남,37세,중상
2019111900100154,2019년 11월 19일 08시,화요일,경기도 수원시 권선구 세류동,중상사고,0,1,0,0,차대사람 - 기타,안전운전불이행,건조,맑음,교차로 - 교차로부근,승용,여,49세,상해없음,보행자,여,89세,중상
2019111900100197,2019년 11월 19일 09시,화요일,경기도 수원시 팔달구 북수동,경상사고,0,0,4,0,차대차 - 측면충돌,신호위반,건조,맑음,교차로 - 교차로안,승용,남,63세,상해없음,승용,여,55세,경상
2019111900100253,2019년 11월 19일 10시,화요일,경기도 수원시 권선구 권선동,경상사고,0,0,1,0,차대차 - 추돌,안전운전불이행,건조,맑음,단일로 - 기타,승용,남,56세,상해없음,승용,남,29세,경상
2019111900100289,2019년 11월 19일 11시,화요일,경기도 수원시 팔달구 화서동,경상사고,0,0,1,0,차대차 - 기타,안전운전불이행,건조,맑음,단일로 - 기타,승용,여,60세,상해없음,자전거,남,81세,경상
2019111900100370,2019년 11월 19일 13시,화요일,경기도 수원시 권선구 구운동,경상사고,0,0,1,1,차대차 - 측면충돌,안전운전불이행,건조,흐림,교차로 - 교차로부근,승용,남,27세,상해없음,승합,여,58세,상해없음
2019111900100404,2019년 11월 19일 14시,화요일,경기도 수원시 팔달구 인계동,경상사고,0,0,2,0,차대차 - 추돌,안전운전불이행,건조,맑음,교차로 - 교차로부근,승용,여,49세,경상,승용,여,50세,경상
2019111900100440,2019년 11월 19일 15시,화요일,경기도 수원시 팔달구 인계동,중상사고,0,1,0,0,차대사람 - 횡단중,기타,건조,맑음,단일로 - 기타,승용,남,78세,상해없음,보행자,남,8세,중상
2019111900100520,2019년 11월 19일 17시,화요일,경기도 수원시 권선구 입북동,경상사고,0,0,1,0,차대차 - 측면충돌,안전운전불이행,건조,맑음,단일로 - 기타,승용,여,72세,상해없음,승용,남,29세,경상
2019111900100521,2019년 11월 19일 17시,화요일,경기도 수원시 팔달구 매산로3가,경상사고,0,0,2,0,차대차 - 기타,안전운전불이행,건조,맑음,교차로 - 교차로부근,승용,여,27세,경상,승합,남,59세,경상
2019111900100690,2019년 11월 19일 20시,화요일,경기도 수원시 권선구 권선동,사망사고,1,0,0,0,차대사람 - 횡단중,안전운전불이행,건조,맑음,기타 - 기타,이륜,남,38세,상해없음,보행자,여,55세,사망
2019111900100759,2019년 11월 19일 22시,화요일,경기도 수원시 영통구 원천동,경상사고,0,0,1,0,차대차 - 기타,안전운전불이행,건조,맑음,교차로 - 교차로안,승용,여,40세,상해없음,이륜,남,20세,경상
2019111900100760,2019년 11월 19일 22시,화요일,경기도 수원시 권선구 구운동,경상사고,0,0,1,0,차대차 - 측면충돌,신호위반,건조,맑음,교차로 - 교차로부근,승합,남,28세,상해없음,승용,남,58세,경상
2019111900100777,2019년 11월 19일 23시,화요일,경기도 수원시 영통구 영통동,경상사고,0,0,2,0,차대차 - 기타,안전운전불이행,건조,맑음,기타 - 기타,승용,남,35세,상해없음,승용,남,25세,경상
2019112000100047,2019년 11월 20일 01시,수요일,경기도 수원시 팔달구 인계동,중상사고,0,1,0,0,차대차 - 기타,직진우회전진행방해,건조,맑음,교차로 - 교차로안,승용,남,36세,상해없음,개인형이동수단(PM),남,44세,중상
2019112000100077,2019년 11월 20일 05시,수요일,경기도 수원시 장안구 정자동,경상사고,0,0,1,0,차대사람 - 기타,안전운전불이행,건조,맑음,단일로 - 기타,승용,남,57세,상해없음,보행자,남,27세,경상
2019112000100205,2019년 11월 20일 09시,수요일,경기도 수원시 장안구 조원동,경상사고,0,0,2,0,차대차 - 추돌,안전거리미확보,건조,맑음,단일로 - 기타,승용,남,54세,상해없음,승용,여,31세,경상
2019112000100206,2019년 11월 20일 09시,수요일,경기도 수원시 팔달구 화서동,경상사고,0,0,1,0,차대차 - 기타,안전거리미확보,건조,맑음,단일로 - 기타,승용,여,67세,상해없음,승용,여,54세,경상
2019112000100211,2019년 11월 20일 09시,수요일,경기도 수원시 권선구 오목천동,경상사고,0,0,1,0,차대차 - 기타,안전운전불이행,건조,맑음,교차로 - 교차로부근,이륜,남,57세,경상,화물,남,57세,상해없음
2019112000100248,2019년 11월 20일 10시,수요일,경기도 수원시 팔달구 매교동,경상사고,0,0,1,1,차대차 - 추돌,안전운전불이행,건조,맑음,교차로 - 교차로안,승용,남,70세,상해없음,화물,남,22세,상해없음
2019112000100321,2019년 11월 20일 12시,수요일,경기도 수원시 팔달구 화서동,경상사고,0,0,1,0,차대차 - 기타,안전운전불이행,건조,맑음,단일로 - 기타,화물,남,38세,상해없음,이륜,남,40세,경상
2019112000100365,2019년 11월 20일 13시,수요일,경기도 수원시 권선구 당수동,경상사고,0,0,1,0,차대차 - 기타,안전운전불이행,건조,맑음,교차로 - 교차로안,승용,남,48세,상해없음,화물,남,44세,경상
2019112000100451,2019년 11월 20일 15시,수요일,경기도 수원시 팔달구 인계동,경상사고,0,0,1,0,차대사람 - 횡단중,보행자보호의무위반,건조,맑음,교차로 - 교차로횡단보도내,승용,남,58세,상해없음,보행자,여,26세,경상
2019112000100490,2019년 11월 20일 16시,수요일,경기도 수원시 권선구 권선동,경상사고,0,0,1,0,차대차 - 측면충돌,교차로운행방법위반,건조,맑음,교차로 - 교차로안,화물,남,52세,상해없음,이륜,남,29세,경상