사고번호,사고일시,요일,시군구,사고내용,사망자수,중상자수,경상자수,부상신고자수,사고유형,법규위반,노면상태,기상상태,도로형태,가해운전자 차종,가해운전자 성별,가해운전자 연령,가해운전자 상해정도,피해운전자 차종,피해운전자 성별,피해운전자 연령,피해운전자 상해정도
2019112000100491,2019년 11월 20일 16시,수요일,경기도 수원시 권선구 권선동,경상사고,0,0,1,0,차대차 - 기타,안전운전불이행,건조,맑음,기타 - 기타,승용,여,35세,상해없음,승용,여,52세,경상
2019112000100537,2019년 11월 20일 17시,수요일,경기도 수원시 권선구 세류동,중상사고,0,1,0,0,차대차 - 측면충돌,차로위반,건조,맑음,단일로 - 기타,승용,남,63세,상해없음,승용,남,35세,중상
2019112000100540,2019년 11월 20일 17시,수요일,경기도 수원시 권선구 세류동,중상사고,0,1,0,0,차대차 - 추돌,안전운전불이행,건조,맑음,교차로 - 교차로안,승용,남,43세,상해없음,이륜,남,38세,중상
2019112000100594,2019년 11월 20일 18시,수요일,경기도 수원시 권선구 고색동,경상사고,0,0,1,0,차대차 - 추돌,안전운전불이행,건조,맑음,단일로 - 기타,승용,여,41세,상해없음,승용,여,48세,경상
2019112000100766,2019년 11월 20일 22시,수요일,경기도 수원시 권선구 세류동,부상신고사고,0,0,0,1,차대차 - 측면충돌,신호위반,건조,맑음,교차로 - 교차로안,이륜,남,28세,부상신고,승용,남,61세,상해없음
2019112000100768,2019년 11월 20일 22시,수요일,경기도 수원시 권선구 금곡동,경상사고,0,0,2,0,차대차 - 후진중충돌,안전운전불이행,건조,맑음,교차로 - 교차로부근,승용,남,49세,상해없음,승용,여,41세,경상
2019112100100102,2019년 11월 21일 07시,목요일,경기도 수원시 영통구 매탄동,경상사고,0,0,1,0,차대차 - 측면충돌,직진우회전진행방해,건조,맑음,교차로 - 교차로안,화물,남,65세,상해없음,승용,남,40세,경상
2019112100100134,2019년 11월 21일 08시,목요일,경기도 수원시 영통구 매탄동,중상사고,0,1,0,0,차대사람 - 차도통행중,안전운전불이행,건조,맑음,교차로 - 교차로안,승용,남,59세,상해없음,보행자,여,35세,중상
2019112100100186,2019년 11월 21일 09시,목요일,경기도 수원시 권선구 곡반정동,경상사고,0,0,1,0,차대차 - 측면충돌,안전운전불이행,건조,맑음,교차로 - 교차로횡단보도내,승용,남,37세,상해없음,자전거,여,27세,경상
2019112100100286,2019년 11월 21일 12시,목요일,경기도 수원시 영통구 매탄동,중상사고,0,1,0,0,차대사람 - 차도통행중,안전운전불이행,건조,맑음,교차로 - 교차로안,승용,남,43세,상해없음,보행자,여,72세,중상
2019112100100287,2019년 11월 21일 12시,목요일,경기도 수원시 권선구 세류동,중상사고,0,1,0,0,차대사람 - 기타,안전운전불이행,건조,맑음,기타 - 기타,이륜,남,28세,상해없음,보행자,여,33세,중상
2019112100100327,2019년 11월 21일 13시,목요일,경기도 수원시 영통구 원천동,경상사고,0,0,4,0,차대차 - 추돌,안전거리미확보,건조,맑음,교차로 - 교차로부근,승용,남,28세,상해없음,승합,남,51세,경상
2019112100100328,2019년 11월 21일 13시,목요일,경기도 수원시 팔달구 인계동,경상사고,0,0,1,0,차대차 - 측면충돌,안전운전불이행,건조,맑음,교차로 - 교차로부근,승용,여,38세,상해없음,화물,남,45세,경상
2019112100100405,2019년 11월 21일 15시,목요일,경기도 수원시 팔달구 화서동,경상사고,0,0,1,0,차대차 - 측면충돌,신호위반,건조,맑음,교차로 - 교차로부근,승용,남,48세,상해없음,승용,남,46세,경상
2019112100100409,2019년 11월 21일 15시,목요일,경기도 수원시 팔달구 매산로1가,부상신고사고,0,0,0,1,차대차 - 기타,안전거리미확보,건조,맑음,교차로 - 교차로안,승용,남,70세,상해없음,승용,남,22세,부상신고
2019112100100438,2019년 11월 21일 16시,목요일,경기도 수원시 장안구 송죽동,경상사고,0,0,2,0,차대차 - 기타,안전거리미확보,건조,맑음,단일로 - 기타,승용,여,45세,기타불명,승합,여,47세,상해없음
2019112100100444,2019년 11월 21일 16시,목요일,경기도 수원시 영통구 영통동,경상사고,0,0,1,0,차대차 - 측면충돌,안전운전불이행,건조,맑음,단일로 - 기타,승용,여,49세,상해없음,승용,남,43세,경상
2019112100100498,2019년 11월 21일 17시,목요일,경기도 수원시 장안구 정자동,경상사고,0,0,1,0,차대사람 - 횡단중,보행자보호의무위반,건조,맑음,교차로 - 교차로안,승용,남,65세,상해없음,보행자,남,12세,경상
2019112100100552,2019년 11월 21일 18시,목요일,경기도 수원시 장안구 정자동,부상신고사고,0,0,0,1,차대사람 - 기타,안전운전불이행,건조,맑음,단일로 - 기타,이륜,남,46세,부상신고,보행자,여,39세,상해없음
2019112100100561,2019년 11월 21일 18시,목요일,경기도 수원시 권선구 세류동,경상사고,0,0,1,0,차대차 - 추돌,안전거리미확보,건조,맑음,단일로 - 고가도로위,승용,남,45세,상해없음,승용,남,52세,경상
2019112100100562,2019년 11월 21일 18시,목요일,경기도 수원시 권선구 권선동,경상사고,0,0,1,0,차대차 - 측면충돌,안전운전불이행,건조,맑음,교차로 - 교차로안,승용,여,54세,상해없음,승용,남,51세,경상
2019112100100564,2019년 11월 21일 18시,목요일,경기도 수원시 권선구 호매실동,경상사고,0,0,3,0,차대차 - 추돌,안전운전불이행,건조,맑음,교차로 - 교차로안,승용,남,40세,상해없음,승용,여,42세,경상
2019112100100565,2019년 11월 21일 18시,목요일,경기도 수원시 권선구 탑동,경상사고,0,0,3,0,차대차 - 기타,안전운전불이행,건조,맑음,교차로 - 교차로부근,승용,남,29세,경상,승용,남,77세,경상
2019112100100636,2019년 11월 21일 19시,목요일,경기도 수원시 팔달구 매산로2가,부상신고사고,0,0,0,1,차대차 - 측면충돌,안전거리미확보,건조,맑음,단일로 - 기타,승용,여,59세,상해없음,승용,남,37세,부상신고
2019112100100752,2019년 11월 21일 23시,목요일,경기도 수원시 장안구 연무동,경상사고,0,0,1,0,차대사람 - 횡단중,안전운전불이행,건조,맑음,단일로 - 기타,승용,남,48세,상해없음,보행자,남,33세,경상
2019112100100753,2019년 11월 21일 23시,목요일,경기도 수원시 팔달구 우만동,경상사고,0,0,2,0,차대차 - 기타,직진우회전진행방해,건조,맑음,교차로 - 교차로안,승용,남,46세,상해없음,승용,남,34세,경상
2019112200100073,2019년 11월 22일 04시,금요일,경기도 수원시 장안구 조원동,경상사고,0,0,1,0,차대사람 - 기타,안전운전불이행,건조,맑음,단일로 - 기타,승용,남,49세,상해없음,보행자,남,46세,경상
2019112200100141,2019년 11월 22일 08시,금요일,경기도 수원시 장안구 정자동,경상사고,0,0,1,0,차대사람 - 기타,안전운전불이행,건조,맑음,단일로 - 기타,승용,여,26세,기타불명,보행자,남,30세,경상
2019112200100142,2019년 11월 22일 08시,금요일,경기도 수원시 장안구 천천동,경상사고,0,0,1,0,차대차 - 추돌,안전거리미확보,건조,맑음,교차로 - 교차로안,승용,남,26세,상해없음,승용,여,42세,경상
2019112200100241,2019년 11월 22일 10시,금요일,경기도 수원시 권선구 구운동,경상사고,0,0,2,0,차대차 - 측면충돌,교차로운행방법위반,건조,맑음,교차로 - 교차로안,화물,남,71세,경상,화물,남,38세,경상
2019112200100278,2019년 11월 22일 11시,금요일,경기도 수원시 권선구 세류동,중상사고,0,1,1,0,차대차 - 측면충돌,신호위반,건조,맑음,교차로 - 교차로안,승용,남,75세,상해없음,승용,남,35세,경상
2019112200100338,2019년 11월 22일 13시,금요일,경기도 수원시 팔달구 지동,경상사고,0,0,4,0,차대차 - 기타,안전운전불이행,건조,맑음,단일로 - 기타,승용,여,53세,상해없음,승용,남,56세,경상
2019112200100339,2019년 11월 22일 13시,금요일,경기도 수원시 팔달구 화서동,중상사고,0,2,2,0,차대차 - 기타,안전운전불이행,건조,맑음,교차로 - 교차로안,승용,여,57세,상해없음,승용,남,35세,중상
2019112200100346,2019년 11월 22일 13시,금요일,경기도 수원시 권선구 서둔동,중상사고,0,1,0,0,차대차 - 기타,불법유턴,건조,맑음,교차로 - 교차로부근,자전거,남,63세,중상,승용,남,71세,상해없음
2019112200100382,2019년 11월 22일 14시,금요일,경기도 수원시 팔달구 인계동,부상신고사고,0,0,0,1,차대차 - 기타,안전운전불이행,건조,맑음,단일로 - 기타,자전거,남,60세,부상신고,승용,남,66세,상해없음
2019112200100601,2019년 11월 22일 18시,금요일,경기도 수원시 장안구 연무동,중상사고,0,2,1,0,차대차 - 측면충돌,교차로운행방법위반,건조,맑음,교차로 - 교차로안,승합,남,37세,상해없음,화물,남,63세,중상
2019112200100605,2019년 11월 22일 18시,금요일,경기도 수원시 영통구 원천동,경상사고,0,0,1,0,차대차 - 측면충돌,안전거리미확보,건조,맑음,단일로 - 기타,승용,여,48세,상해없음,승합,여,52세,상해없음
2019112200100606,2019년 11월 22일 18시,금요일,경기도 수원시 영통구 영통동,부상신고사고,0,0,0,1,차대사람 - 횡단중,보행자보호의무위반,건조,맑음,교차로 - 교차로안,기타불명,기타불명,미분류,기타불명,보행자,남,11세,부상신고
2019112200100608,2019년 11월 22일 18시,금요일,경기도 수원시 권선구 평동,경상사고,0,0,1,1,차대차 - 측면충돌,안전거리미확보,건조,맑음,교차로 - 교차로안,기타불명,기타불명,미분류,기타불명,화물,남,58세,경상
2019112200100680,2019년 11월 22일 19시,금요일,경기도 수원시 장안구 영화동,경상사고,0,0,1,0,차대차 - 후진중충돌,안전운전불이행,건조,맑음,단일로 - 기타,승용,남,46세,상해없음,승용,남,60세,경상
2019112200100684,2019년 11월 22일 19시,금요일,경기도 수원시 권선구 권선동,경상사고,0,0,1,0,차대차 - 추돌,안전운전불이행,건조,맑음,교차로 - 교차로부근,승용,남,46세,상해없음,이륜,남,41세,경상
2019112200100761,2019년 11월 22일 21시,금요일,경기도 수원시 장안구 조원동,경상사고,0,0,2,0,차대차 - 추돌,안전운전불이행,건조,맑음,단일로 - 기타,이륜,남,21세,상해없음,승용,남,35세,경상
2019112200100768,2019년 11월 22일 21시,금요일,경기도 수원시 권선구 세류동,중상사고,0,1,1,0,차대차 - 추돌,안전운전불이행,건조,맑음,단일로 - 기타,화물,남,36세,상해없음,승용,남,37세,경상
2019112200100771,2019년 11월 22일 21시,금요일,경기도 수원시 권선구 호매실동,경상사고,0,0,1,0,차대차 - 기타,신호위반,건조,맑음,교차로 - 교차로안,승용,남,52세,기타불명,자전거,여,28세,경상
2019112200100831,2019년 11월 22일 23시,금요일,경기도 수원시 권선구 구운동,중상사고,0,1,0,0,차대사람 - 기타,기타,건조,맑음,단일로 - 기타,승합,남,40세,상해없음,보행자,남,19세,중상
2019112300100031,2019년 11월 23일 00시,토요일,경기도 수원시 팔달구 매산로1가,중상사고,0,1,0,0,차대사람 - 횡단중,과속,건조,맑음,단일로 - 기타,승용,남,60세,상해없음,보행자,남,57세,중상
2019112300100045,2019년 11월 23일 01시,토요일,경기도 수원시 장안구 조원동,경상사고,0,0,1,0,차대사람 - 횡단중,안전운전불이행,건조,맑음,교차로 - 교차로안,승용,남,43세,상해없음,보행자,남,40세,경상
2019112300100075,2019년 11월 23일 03시,토요일,경기도 수원시 팔달구 인계동,경상사고,0,0,1,0,차대사람 - 기타,안전운전불이행,건조,맑음,교차로 - 교차로부근,승합,남,36세,상해없음,보행자,여,25세,경상
2019112300100076,2019년 11월 23일 03시,토요일,경기도 수원시 권선구 권선동,경상사고,0,0,1,0,차대차 - 측면충돌,안전거리미확보,건조,맑음,기타 - 기타,승용,남,66세,상해없음,승용,남,26세,경상
2019112300100105,2019년 11월 23일 06시,토요일,경기도 수원시 영통구 매탄동,부상신고사고,0,0,0,1,차대차 - 측면충돌,안전운전불이행,건조,맑음,기타 - 기타,이륜,남,23세,상해없음,자전거,남,49세,부상신고
2019112300100134,2019년 11월 23일 08시,토요일,경기도 수원시 영통구 신동,중상사고,0,1,0,0,차대차 - 측면충돌,안전거리미확보,건조,맑음,단일로 - 기타,승용,남,33세,상해없음,승용,남,27세,중상
2019112300100156,2019년 11월 23일 09시,토요일,경기도 수원시 장안구 조원동,경상사고,0,0,1,0,차대차 - 측면충돌,교차로운행방법위반,건조,맑음,교차로 - 교차로안,승용,여,61세,상해없음,승용,여,28세,경상
2019112300100326,2019년 11월 23일 13시,토요일,경기도 수원시 영통구 매탄동,중상사고,0,1,0,0,차대차 - 기타,불법유턴,건조,맑음,교차로 - 교차로부근,승용,여,47세,상해없음,이륜,남,45세,중상
2019112300100381,2019년 11월 23일 14시,토요일,경기도 수원시 권선구 금곡동,중상사고,0,1,0,0,차대사람 - 횡단중,안전운전불이행,건조,맑음,단일로 - 기타,승용,남,27세,상해없음,보행자,남,9세,중상
2019112300100412,2019년 11월 23일 15시,토요일,경기도 수원시 권선구 권선동,중상사고,0,1,0,0,차대차 - 측면충돌,안전거리미확보,건조,맑음,교차로 - 교차로안,승용,남,39세,상해없음,승용,남,37세,중상
2019112300100493,2019년 11월 23일 17시,토요일,경기도 수원시 권선구 권선동,중상사고,0,1,0,0,차대차 - 기타,신호위반,건조,맑음,교차로 - 교차로안,승용,여,36세,상해없음,승용,남,37세,중상
2019112300100556,2019년 11월 23일 18시,토요일,경기도 수원시 권선구 서둔동,경상사고,0,0,2,0,차대차 - 기타,안전운전불이행,건조,맑음,교차로 - 교차로부근,승용,남,62세,상해없음,승용,여,50세,경상
2019112300100593,2019년 11월 23일 19시,토요일,경기도 수원시 장안구 천천동,경상사고,0,0,2,0,차대차 - 측면충돌,안전운전불이행,건조,맑음,교차로 - 교차로안,승용,남,43세,상해없음,승용,남,29세,경상
2019112300100645,2019년 11월 23일 20시,토요일,경기도 수원시 영통구 매탄동,중상사고,0,1,2,0,차대차 - 기타,신호위반,건조,맑음,교차로 - 교차로안,승용,여,47세,상해없음,승용,남,32세,중상
2019112300100648,2019년 11월 23일 20시,토요일,경기도 수원시 권선구 구운동,중상사고,0,1,0,0,차대차 - 기타,안전운전불이행,젖음/습기,비,단일로 - 기타,이륜,남,33세,중상,이륜,남,33세,상해없음
2019112300100705,2019년 11월 23일 22시,토요일,경기도 수원시 권선구 세류동,경상사고,0,0,2,0,차대차 - 기타,안전운전불이행,건조,맑음,교차로 - 교차로부근,승용,남,60세,상해없음,승용,남,34세,경상
2019112300100725,2019년 11월 23일 23시,토요일,경기도 수원시 영통구 매탄동,경상사고,0,0,1,0,차대차 - 기타,안전운전불이행,건조,맑음,단일로 - 기타,승용,남,32세,상해없음,개인형이동수단(PM),남,35세,경상
2019112400100038,2019년 11월 24일 01시,일요일,경기도 수원시 장안구 영화동,중상사고,0,1,0,0,차대차 - 기타,안전거리미확보,건조,맑음,단일로 - 기타,승용,남,45세,상해없음,승용,남,29세,중상
2019112400100220,2019년 11월 24일 13시,일요일,경기도 수원시 장안구 정자동,경상사고,0,0,1,0,차대차 - 기타,안전운전불이행,젖음/습기,비,교차로 - 교차로안,승용,남,62세,상해없음,이륜,남,39세,경상
2019112400100241,2019년 11월 24일 14시,일요일,경기도 수원시 팔달구 우만동,부상신고사고,0,0,0,2,차대차 - 기타,안전운전불이행,젖음/습기,비,단일로 - 기타,이륜,남,34세,부상신고,승용,남,67세,부상신고
2019112400100343,2019년 11월 24일 17시,일요일,경기도 수원시 장안구 율전동,중상사고,0,1,0,0,차대사람 - 횡단중,보행자보호의무위반,젖음/습기,비,교차로 - 교차로횡단보도내,이륜,남,59세,상해없음,보행자,여,24세,중상
2019112400100344,2019년 11월 24일 17시,일요일,경기도 수원시 팔달구 팔달로2가,경상사고,0,0,1,0,차대차 - 측면충돌,안전거리미확보,젖음/습기,비,단일로 - 기타,승용,남,46세,상해없음,승용,여,39세,경상
2019112400100351,2019년 11월 24일 17시,일요일,경기도 수원시 권선구 탑동,부상신고사고,0,0,0,1,차대차 - 기타,안전운전불이행,젖음/습기,비,교차로 - 교차로부근,기타불명,기타불명,미분류,기타불명,이륜,남,39세,부상신고
2019112400100494,2019년 11월 24일 20시,일요일,경기도 수원시 권선구 당수동,경상사고,0,0,1,0,차대차 - 측면충돌,안전운전불이행,젖음/습기,흐림,교차로 - 교차로안,승용,남,64세,상해없음,이륜,남,19세,경상
2019112400100548,2019년 11월 24일 23시,일요일,경기도 수원시 장안구 율전동,경상사고,0,0,1,0,차대차 - 기타,안전운전불이행,건조,맑음,단일로 - 기타,승용,남,27세,상해없음,이륜,남,16세,경상
2019112500100127,2019년 11월 25일 08시,월요일,경기도 수원시 팔달구 팔달로2가,경상사고,0,0,1,0,차대차 - 기타,안전거리미확보,건조,맑음,단일로 - 기타,승용,남,75세,상해없음,승용,남,33세,경상
2019112500100212,2019년 11월 25일 10시,월요일,경기도 수원시 장안구 천천동,경상사고,0,0,1,0,차대사람 - 기타,안전운전불이행,건조,맑음,교차로 - 교차로부근,기타불명,기타불명,미분류,기타불명,보행자,여,73세,경상
2019112500100339,2019년 11월 25일 14시,월요일,경기도 수원시 영통구 원천동,중상사고,0,2,0,0,차대차 - 측면충돌,중앙선침범,건조,맑음,단일로 - 기타,승용,남,64세,상해없음,승용,남,58세,중상
2019112500100372,2019년 11월 25일 15시,월요일,경기도 수원시 권선구 금곡동,경상사고,0,0,2,0,차대차 - 측면충돌,안전운전불이행,건조,맑음,교차로 - 교차로부근,승용,남,76세,상해없음,승용,여,39세,경상
2019112500100403,2019년 11월 25일 16시,월요일,경기도 수원시 팔달구 장안동,경상사고,0,0,1,0,차대차 - 기타,안전운전불이행,건조,맑음,단일로 - 기타,승용,남,59세,상해없음,승용,남,63세,경상
2019112500100406,2019년 11월 25일 16시,월요일,경기도 수원시 팔달구 인계동,경상사고,0,0,1,0,차대사람 - 횡단중,신호위반,건조,흐림,교차로 - 교차로횡단보도내,화물,남,35세,상해없음,보행자,여,51세,경상
2019112500100407,2019년 11월 25일 16시,월요일,경기도 수원시 권선구 권선동,경상사고,0,0,1,0,차대차 - 추돌,안전운전불이행,건조,맑음,단일로 - 기타,승합,남,28세,상해없음,승용,남,44세,경상
2019112500100451,2019년 11월 25일 17시,월요일,경기도 수원시 팔달구 인계동,경상사고,0,0,7,0,차대차 - 측면충돌,신호위반,건조,맑음,교차로 - 교차로부근,승용,남,20세,상해없음,승합,남,44세,경상
2019112500100512,2019년 11월 25일 18시,월요일,경기도 수원시 장안구 정자동,경상사고,0,0,1,0,차대차 - 기타,신호위반,건조,맑음,교차로 - 교차로부근,이륜,남,35세,경상,승용,남,57세,상해없음
2019112500100513,2019년 11월 25일 18시,월요일,경기도 수원시 장안구 연무동,부상신고사고,0,0,0,1,차대사람 - 기타,안전운전불이행,건조,맑음,단일로 - 기타,승용,남,48세,상해없음,보행자,여,56세,부상신고
2019112500100514,2019년 11월 25일 18시,월요일,경기도 수원시 장안구 정자동,경상사고,0,0,1,1,차대차 - 추돌,안전운전불이행,건조,맑음,교차로 - 교차로안,승용,여,57세,상해없음,승합,남,69세,경상
2019112500100624,2019년 11월 25일 20시,월요일,경기도 수원시 권선구 오목천동,경상사고,0,0,1,0,차대사람 - 기타,안전운전불이행,건조,흐림,교차로 - 교차로안,승용,남,38세,상해없음,보행자,남,37세,경상
2019112500100677,2019년 11월 25일 22시,월요일,경기도 수원시 권선구 고색동,경상사고,0,0,1,0,차대차 - 추돌,안전운전불이행,건조,맑음,단일로 - 기타,승용,남,38세,상해없음,화물,남,60세,경상
2019112600100138,2019년 11월 26일 08시,화요일,경기도 수원시 팔달구 화서동,사망사고,1,0,0,0,차대사람 - 기타,안전운전불이행,건조,맑음,교차로 - 교차로안,승합,남,63세,상해없음,보행자,여,19세,사망
2019112600100143,2019년 11월 26일 08시,화요일,경기도 수원시 권선구 권선동,경상사고,0,0,1,0,차대차 - 기타,안전운전불이행,건조,맑음,교차로 - 교차로부근,승용,남,40세,상해없음,자전거,남,15세,경상
2019112600100287,2019년 11월 26일 12시,화요일,경기도 수원시 팔달구 매교동,경상사고,0,0,3,0,차대차 - 측면충돌,안전거리미확보,건조,맑음,단일로 - 교량,승합,남,61세,기타불명,승용,남,49세,상해없음
2019112600100357,2019년 11월 26일 14시,화요일,경기도 수원시 권선구 탑동,경상사고,0,0,2,0,차대차 - 측면충돌,신호위반,건조,맑음,교차로 - 교차로안,승용,여,51세,경상,건설기계,남,54세,경상
2019112600100389,2019년 11월 26일 15시,화요일,경기도 수원시 영통구 영통동,중상사고,0,1,0,0,차대차 - 기타,안전거리미확보,건조,맑음,교차로 - 교차로부근,승용,남,21세,상해없음,승용,여,56세,중상
2019112600100390,2019년 11월 26일 15시,화요일,경기도 수원시 권선구 권선동,경상사고,0,0,2,1,차대차 - 측면충돌,안전운전불이행,건조,맑음,단일로 - 지하차도(도로)내,화물,남,30세,상해없음,승용,여,40세,경상
2019112600100429,2019년 11월 26일 16시,화요일,경기도 수원시 영통구 매탄동,경상사고,0,0,1,0,차대차 - 측면충돌,안전운전불이행,건조,맑음,기타 - 기타,승용,남,62세,상해없음,이륜,남,30세,경상
2019112600100430,2019년 11월 26일 16시,화요일,경기도 수원시 영통구 이의동,경상사고,0,0,1,0,차대사람 - 차도통행중,안전운전불이행,건조,맑음,단일로 - 기타,승용,여,40세,상해없음,보행자,남,11세,경상
2019112600100433,2019년 11월 26일 16시,화요일,경기도 수원시 권선구 구운동,경상사고,0,0,1,0,차량단독 - 기타,기타,건조,맑음,단일로 - 기타,승합,남,59세,상해없음,,,,
2019112600100520,2019년 11월 26일 18시,화요일,경기도 수원시 장안구 영화동,경상사고,0,0,1,0,차대차 - 추돌,신호위반,건조,맑음,단일로 - 기타,승용,남,55세,상해없음,승용,여,54세,경상
2019112600100526,2019년 11월 26일 18시,화요일,경기도 수원시 영통구 이의동,경상사고,0,0,2,0,차대차 - 후진중충돌,안전운전불이행,건조,맑음,단일로 - 기타,승용,여,57세,상해없음,승합,남,39세,경상
2019112600100578,2019년 11월 26일 19시,화요일,경기도 수원시 팔달구 화서동,경상사고,0,0,1,0,차대사람 - 기타,안전운전불이행,건조,맑음,단일로 - 기타,승용,남,58세,상해없음,보행자,남,57세,경상
2019112600100583,2019년 11월 26일 19시,화요일,경기도 수원시 영통구 매탄동,경상사고,0,0,1,0,차대사람 - 차도통행중,안전운전불이행,건조,맑음,기타 - 기타,승용,남,54세,상해없음,보행자,여,12세,경상
2019112600100660,2019년 11월 26일 21시,화요일,경기도 수원시 팔달구 매산로2가,부상신고사고,0,0,0,1,차대사람 - 기타,안전운전불이행,건조,맑음,교차로 - 교차로안,승용,남,25세,상해없음,보행자,남,53세,부상신고
2019112600100687,2019년 11월 26일 22시,화요일,경기도 수원시 장안구 조원동,경상사고,0,0,1,0,차대차 - 측면충돌,안전거리미확보,건조,맑음,단일로 - 기타,승용,남,41세,상해없음,화물,남,36세,경상
2019112600100689,2019년 11월 26일 22시,화요일,경기도 수원시 영통구 망포동,경상사고,0,0,1,0,차대차 - 측면충돌,안전운전불이행,건조,맑음,단일로 - 기타,승용,남,26세,상해없음,승용,여,45세,경상
2019112600100707,2019년 11월 26일 23시,화요일,경기도 수원시 팔달구 장안동,경상사고,0,0,1,0,차대사람 - 기타,안전운전불이행,건조,맑음,단일로 - 기타,이륜,남,34세,상해없음,보행자,여,38세,경상
2019112700100072,2019년 11월 27일 06시,수요일,경기도 수원시 장안구 정자동,경상사고,0,0,1,0,차대사람 - 기타,안전운전불이행,건조,맑음,교차로 - 교차로안,기타불명,기타불명,미분류,기타불명,보행자,여,58세,경상
2019112700100093,2019년 11월 27일 07시,수요일,경기도 수원시 장안구 천천동,경상사고,0,0,1,0,차대차 - 추돌,안전거리미확보,건조,맑음,교차로 - 교차로안,승용,남,41세,상해없음,승용,남,53세,경상
2019112700100120,2019년 11월 27일 08시,수요일,경기도 수원시 장안구 조원동,중상사고,0,1,0,0,차대사람 - 기타,안전운전불이행,건조,맑음,단일로 - 기타,승용,남,71세,상해없음,보행자,남,15세,중상
2019112700100164,2019년 11월 27일 09시,수요일,경기도 수원시 영통구 원천동,중상사고,0,1,0,0,차대차 - 측면충돌,차로위반,건조,맑음,단일로 - 기타,승용,여,31세,상해없음,승용,남,43세,중상
2019112700100194,2019년 11월 27일 10시,수요일,경기도 수원시 장안구 송죽동,경상사고,0,0,3,0,차대차 - 추돌,안전거리미확보,건조,맑음,단일로 - 기타,승용,여,43세,상해없음,승용,남,55세,경상
2019112700100226,2019년 11월 27일 11시,수요일,경기도 수원시 장안구 정자동,부상신고사고,0,0,0,1,차대차 - 기타,교차로운행방법위반,건조,맑음,교차로 - 교차로안,이륜,남,42세,부상신고,승용,여,65세,상해없음
2019112700100330,2019년 11월 27일 14시,수요일,경기도 수원시 팔달구 우만동,경상사고,0,0,1,0,차대차 - 측면충돌,안전운전불이행,건조,맑음,교차로 - 교차로부근,승용,여,58세,상해없음,승용,남,59세,경상
2019112700100331,2019년 11월 27일 14시,수요일,경기도 수원시 팔달구 고등동,경상사고,0,0,1,0,차대차 - 추돌,안전운전불이행,건조,맑음,교차로 - 교차로부근,건설기계,남,48세,상해없음,승용,남,40세,경상
2019112700100332,2019년 11월 27일 14시,수요일,경기도 수원시 권선구 고색동,경상사고,0,0,1,0,차량단독 - 기타,기타,건조,맑음,단일로 - 기타,승합,여,59세,상해없음,,,,
2019112700100379,2019년 11월 27일 15시,수요일,경기도 수원시 팔달구 우만동,중상사고,0,1,0,0,차대차 - 추돌,신호위반,건조,맑음,교차로 - 교차로안,승합,남,57세,상해없음,승용,남,60세,중상
2019112700100507,2019년 11월 27일 18시,수요일,경기도 수원시 권선구 세류동,경상사고,0,0,2,0,차대차 - 기타,안전거리미확보,건조,맑음,단일로 - 기타,승용,남,25세,상해없음,승용,여,26세,경상
2019112700100559,2019년 11월 27일 19시,수요일,경기도 수원시 장안구 송죽동,경상사고,0,0,1,0,차대차 - 기타,안전거리미확보,건조,맑음,단일로 - 기타,승용,남,38세,상해없음,이륜,남,39세,경상
2019112700100566,2019년 11월 27일 19시,수요일,경기도 수원시 권선구 권선동,중상사고,0,1,0,0,차대차 - 기타,신호위반,건조,맑음,교차로 - 교차로안,승용,여,66세,상해없음,이륜,남,35세,중상
2019112700100571,2019년 11월 27일 19시,수요일,경기도 수원시 권선구 입북동,경상사고,0,0,1,1,차대차 - 기타,안전거리미확보,건조,맑음,단일로 - 기타,승용,여,37세,부상신고,기타불명,기타불명,미분류,기타불명
2019112800100038,2019년 11월 28일 01시,목요일,경기도 수원시 권선구 권선동,경상사고,0,0,1,0,차대사람 - 기타,기타,건조,맑음,기타 - 기타,기타불명,기타불명,미분류,기타불명,보행자,남,56세,경상
2019112800100127,2019년 11월 28일 08시,목요일,경기도 수원시 장안구 파장동,부상신고사고,0,0,0,2,차대차 - 추돌,안전운전불이행,건조,맑음,단일로 - 기타,승합,남,70세,상해없음,승용,남,30세,부상신고
2019112800100179,2019년 11월 28일 09시,목요일,경기도 수원시 권선구 구운동,경상사고,0,0,1,0,차대차 - 기타,안전거리미확보,건조,맑음,단일로 - 기타,승용,여,19세,상해없음,승합,남,45세,상해없음
2019112800100212,2019년 11월 28일 10시,목요일,경기도 수원시 영통구 매탄동,경상사고,0,0,1,0,차대사람 - 횡단중,안전운전불이행,건조,맑음,단일로 - 기타,승용,여,26세,상해없음,보행자,여,18세,경상
2019112800100242,2019년 11월 28일 11시,목요일,경기도 수원시 장안구 정자동,부상신고사고,0,0,0,1,차대사람 - 기타,기타,건조,맑음,단일로 - 기타,자전거,기타불명,미분류,기타불명,보행자,여,80세,부상신고