사고번호,사고일시,요일,시군구,사고내용,사망자수,중상자수,경상자수,부상신고자수,사고유형,법규위반,노면상태,기상상태,도로형태,가해운전자 차종,가해운전자 성별,가해운전자 연령,가해운전자 상해정도,피해운전자 차종,피해운전자 성별,피해운전자 연령,피해운전자 상해정도
2019112800100245,2019년 11월 28일 11시,목요일,경기도 수원시 권선구 호매실동,경상사고,0,0,1,1,차대차 - 추돌,안전운전불이행,건조,맑음,단일로 - 지하차도(도로)내,화물,남,43세,부상신고,승용,남,31세,경상
2019112800100304,2019년 11월 28일 13시,목요일,경기도 수원시 팔달구 매산로3가,경상사고,0,0,1,0,차대차 - 측면충돌,신호위반,건조,맑음,교차로 - 교차로안,원동기,남,58세,상해없음,승용,여,39세,경상
2019112800100338,2019년 11월 28일 14시,목요일,경기도 수원시 영통구 원천동,경상사고,0,0,2,0,차대차 - 기타,신호위반,건조,맑음,교차로 - 교차로안,승용,여,67세,상해없음,승용,남,62세,상해없음
2019112800100407,2019년 11월 28일 16시,목요일,경기도 수원시 장안구 정자동,경상사고,0,0,1,0,차대차 - 추돌,교차로운행방법위반,건조,맑음,교차로 - 교차로안,승합,여,64세,상해없음,승용,여,47세,경상
2019112800100410,2019년 11월 28일 16시,목요일,경기도 수원시 영통구 망포동,중상사고,0,1,0,0,차대차 - 추돌,안전운전불이행,건조,맑음,단일로 - 기타,화물,남,59세,상해없음,승용,남,66세,중상
2019112800100511,2019년 11월 28일 18시,목요일,경기도 수원시 장안구 조원동,중상사고,0,1,0,0,차대사람 - 기타,안전운전불이행,건조,맑음,기타 - 기타,승용,남,38세,상해없음,보행자,여,11세,중상
2019112800100577,2019년 11월 28일 19시,목요일,경기도 수원시 영통구 하동,경상사고,0,0,1,0,차대차 - 측면충돌,중앙선침범,건조,맑음,단일로 - 기타,화물,남,77세,상해없음,이륜,남,39세,경상
2019112800100578,2019년 11월 28일 19시,목요일,경기도 수원시 영통구 원천동,경상사고,0,0,1,0,차대차 - 추돌,안전운전불이행,건조,맑음,교차로 - 교차로부근,승용,여,40세,상해없음,승용,여,71세,경상
2019112800100616,2019년 11월 28일 20시,목요일,경기도 수원시 권선구 권선동,경상사고,0,0,1,0,차대차 - 측면충돌,신호위반,건조,맑음,교차로 - 교차로안,승용,남,41세,상해없음,이륜,여,25세,경상
2019112800100648,2019년 11월 28일 21시,목요일,경기도 수원시 영통구 이의동,부상신고사고,0,0,0,1,차대차 - 측면충돌,교차로운행방법위반,건조,맑음,교차로 - 교차로횡단보도내,승용,여,61세,상해없음,승용,여,32세,부상신고
2019112900100026,2019년 11월 29일 00시,금요일,경기도 수원시 팔달구 매교동,경상사고,0,0,2,0,차대차 - 추돌,안전운전불이행,건조,맑음,교차로 - 교차로부근,승용,남,30세,상해없음,승용,남,27세,경상
2019112900100038,2019년 11월 29일 01시,금요일,경기도 수원시 영통구 이의동,경상사고,0,0,2,0,차대차 - 추돌,안전운전불이행,건조,맑음,교차로 - 교차로부근,승용,남,36세,상해없음,승용,남,57세,경상
2019112900100049,2019년 11월 29일 02시,금요일,경기도 수원시 영통구 망포동,경상사고,0,0,1,0,차대차 - 추돌,안전운전불이행,건조,맑음,단일로 - 기타,승용,여,54세,상해없음,승용,남,53세,경상
2019112900100099,2019년 11월 29일 07시,금요일,경기도 수원시 장안구 정자동,경상사고,0,0,1,0,차대차 - 추돌,안전운전불이행,건조,맑음,교차로 - 교차로안,승용,남,29세,상해없음,승용,남,47세,경상
2019112900100235,2019년 11월 29일 10시,금요일,경기도 수원시 권선구 탑동,경상사고,0,0,3,0,차대차 - 측면충돌,직진우회전진행방해,건조,맑음,교차로 - 교차로안,승용,남,68세,경상,승용,여,40세,경상
2019112900100272,2019년 11월 29일 11시,금요일,경기도 수원시 권선구 세류동,중상사고,0,1,0,0,차대사람 - 횡단중,신호위반,건조,맑음,단일로 - 기타,승용,여,58세,상해없음,보행자,남,73세,중상
2019112900100601,2019년 11월 29일 18시,금요일,경기도 수원시 장안구 정자동,경상사고,0,0,1,0,차대차 - 기타,안전거리미확보,건조,맑음,단일로 - 기타,승용,남,45세,상해없음,이륜,남,49세,경상
2019112900100607,2019년 11월 29일 18시,금요일,경기도 수원시 권선구 세류동,경상사고,0,0,1,0,차대사람 - 길가장자리구역통행중,안전운전불이행,건조,맑음,단일로 - 기타,승용,여,34세,상해없음,보행자,여,37세,경상
2019112900100609,2019년 11월 29일 18시,금요일,경기도 수원시 권선구 구운동,경상사고,0,0,1,0,차대차 - 기타,안전거리미확보,건조,맑음,단일로 - 기타,승용,남,36세,상해없음,승용,남,69세,경상
2019112900100675,2019년 11월 29일 19시,금요일,경기도 수원시 영통구 원천동,경상사고,0,0,1,0,차대차 - 측면충돌,직진우회전진행방해,건조,맑음,교차로 - 교차로안,특수,남,29세,상해없음,이륜,남,40세,경상
2019112900100676,2019년 11월 29일 19시,금요일,경기도 수원시 권선구 권선동,경상사고,0,0,1,0,차대사람 - 횡단중,안전운전불이행,건조,맑음,단일로 - 기타,승용,남,66세,상해없음,보행자,남,21세,경상
2019112900100721,2019년 11월 29일 20시,금요일,경기도 수원시 장안구 정자동,경상사고,0,0,1,0,차대차 - 측면충돌,안전운전불이행,건조,맑음,교차로 - 교차로안,승용,남,60세,상해없음,이륜,남,18세,경상
2019112900100726,2019년 11월 29일 20시,금요일,경기도 수원시 영통구 매탄동,경상사고,0,0,1,0,차대사람 - 횡단중,신호위반,건조,맑음,교차로 - 교차로안,승용,여,28세,상해없음,보행자,남,19세,경상
2019112900100727,2019년 11월 29일 20시,금요일,경기도 수원시 권선구 탑동,경상사고,0,0,1,0,차대차 - 측면충돌,중앙선침범,건조,맑음,단일로 - 기타,승용,남,28세,상해없음,이륜,남,20세,경상
2019112900100765,2019년 11월 29일 21시,금요일,경기도 수원시 영통구 영통동,경상사고,0,0,1,0,차대차 - 측면충돌,안전거리미확보,건조,맑음,단일로 - 기타,승용,남,47세,상해없음,승용,남,42세,경상
2019112900100789,2019년 11월 29일 22시,금요일,경기도 수원시 권선구 세류동,부상신고사고,0,0,0,1,차량단독 - 기타,안전운전불이행,건조,맑음,단일로 - 기타,원동기,남,15세,부상신고,,,,
2019113000100032,2019년 11월 30일 00시,토요일,경기도 수원시 팔달구 인계동,경상사고,0,0,2,0,차대차 - 추돌,안전거리미확보,건조,맑음,교차로 - 교차로부근,화물,남,27세,상해없음,승용,남,51세,경상
2019113000100157,2019년 11월 30일 08시,토요일,경기도 수원시 권선구 서둔동,중상사고,0,1,7,0,차대차 - 추돌,안전운전불이행,건조,맑음,단일로 - 기타,승용,남,35세,상해없음,승용,남,55세,경상
2019113000100253,2019년 11월 30일 11시,토요일,경기도 수원시 팔달구 인계동,경상사고,0,0,2,0,차대차 - 측면충돌,신호위반,건조,맑음,단일로 - 기타,승용,남,20세,기타불명,승용,여,39세,경상
2019113000100295,2019년 11월 30일 12시,토요일,경기도 수원시 권선구 구운동,경상사고,0,0,1,0,차대차 - 기타,안전거리미확보,건조,맑음,단일로 - 기타,이륜,남,39세,경상,승용,남,45세,상해없음
2019113000100330,2019년 11월 30일 13시,토요일,경기도 수원시 팔달구 우만동,경상사고,0,0,2,0,차대차 - 기타,안전운전불이행,건조,맑음,교차로 - 교차로안,승용,남,29세,상해없음,승용,여,47세,경상
2019113000100332,2019년 11월 30일 13시,토요일,경기도 수원시 팔달구 우만동,부상신고사고,0,0,0,1,차량단독 - 기타,신호위반,건조,맑음,교차로 - 교차로부근,이륜,남,40세,부상신고,,,,
2019113000100404,2019년 11월 30일 15시,토요일,경기도 수원시 장안구 천천동,경상사고,0,0,4,0,차대차 - 측면충돌,교차로운행방법위반,건조,맑음,교차로 - 교차로안,승용,여,57세,상해없음,승용,여,38세,경상
2019113000100448,2019년 11월 30일 16시,토요일,경기도 수원시 팔달구 고등동,경상사고,0,0,1,0,차량단독 - 기타,안전운전불이행,건조,맑음,단일로 - 기타,승합,남,37세,상해없음,,,,
2019113000100493,2019년 11월 30일 17시,토요일,경기도 수원시 팔달구 화서동,경상사고,0,0,3,0,차대차 - 추돌,안전운전불이행,건조,맑음,단일로 - 기타,승용,여,50세,상해없음,승용,남,28세,경상
2019113000100548,2019년 11월 30일 18시,토요일,경기도 수원시 영통구 매탄동,중상사고,0,1,0,0,차대차 - 측면충돌,신호위반,건조,맑음,교차로 - 교차로안,승용,여,46세,상해없음,자전거,남,16세,중상
2019113000100549,2019년 11월 30일 18시,토요일,경기도 수원시 영통구 원천동,경상사고,0,0,1,0,차대차 - 측면충돌,안전운전불이행,건조,맑음,교차로 - 교차로부근,승용,남,64세,상해없음,이륜,남,26세,경상
2019113000100605,2019년 11월 30일 19시,토요일,경기도 수원시 권선구 세류동,경상사고,0,0,3,0,차대차 - 측면충돌,안전거리미확보,건조,맑음,단일로 - 기타,승용,남,71세,상해없음,승용,여,37세,상해없음
2019113000100662,2019년 11월 30일 21시,토요일,경기도 수원시 권선구 고색동,경상사고,0,0,4,0,차대차 - 측면충돌,안전거리미확보,건조,맑음,단일로 - 기타,승용,남,44세,상해없음,승용,남,54세,경상
2019113000100712,2019년 11월 30일 23시,토요일,경기도 수원시 장안구 영화동,경상사고,0,0,1,0,차대차 - 기타,교차로운행방법위반,건조,맑음,교차로 - 교차로안,승용,남,29세,상해없음,승용,남,41세,경상
2019113000100716,2019년 11월 30일 23시,토요일,경기도 수원시 권선구 세류동,중상사고,0,1,1,0,차대차 - 측면충돌,신호위반,건조,맑음,교차로 - 교차로안,승용,남,18세,상해없음,승용,남,46세,경상
2019113000100718,2019년 11월 30일 23시,토요일,경기도 수원시 권선구 오목천동,부상신고사고,0,0,0,1,차대차 - 기타,안전운전불이행,건조,맑음,단일로 - 기타,승용,남,28세,부상신고,승합,남,55세,상해없음
2019120100100030,2019년 12월 1일 00시,일요일,경기도 수원시 영통구 매탄동,중상사고,0,1,1,0,차대차 - 측면충돌,신호위반,건조,맑음,교차로 - 교차로안,화물,남,38세,상해없음,승용,남,63세,경상
2019120100100031,2019년 12월 1일 00시,일요일,경기도 수원시 권선구 권선동,부상신고사고,0,0,0,1,차대차 - 추돌,안전운전불이행,건조,맑음,교차로 - 교차로부근,승용,남,38세,상해없음,승용,남,53세,부상신고
2019120100100032,2019년 12월 1일 00시,일요일,경기도 수원시 영통구 이의동,경상사고,0,0,1,0,차대차 - 측면충돌,교차로운행방법위반,건조,맑음,교차로 - 교차로안,승용,남,43세,상해없음,승용,남,47세,경상
2019120100100148,2019년 12월 1일 09시,일요일,경기도 수원시 팔달구 우만동,경상사고,0,0,2,0,차대차 - 기타,안전운전불이행,건조,맑음,교차로 - 교차로안,승용,여,29세,상해없음,승용,남,59세,경상
2019120100100190,2019년 12월 1일 11시,일요일,경기도 수원시 영통구 매탄동,경상사고,0,0,2,0,차대차 - 정면충돌,안전운전불이행,건조,맑음,단일로 - 기타,승용,여,27세,경상,승용,남,29세,경상
2019120100100248,2019년 12월 1일 13시,일요일,경기도 수원시 권선구 권선동,중상사고,0,1,0,0,차대차 - 추돌,안전운전불이행,젖음/습기,비,교차로 - 교차로부근,화물,남,59세,상해없음,승용,남,62세,상해없음
2019120100100250,2019년 12월 1일 13시,일요일,경기도 수원시 권선구 금곡동,경상사고,0,0,1,0,차대차 - 기타,중앙선침범,젖음/습기,비,단일로 - 기타,승용,여,46세,상해없음,승용,남,40세,기타불명
2019120100100251,2019년 12월 1일 13시,일요일,경기도 수원시 권선구 평동,경상사고,0,0,2,0,차대차 - 추돌,안전운전불이행,젖음/습기,비,교차로 - 교차로부근,승용,남,49세,상해없음,승용,남,32세,경상
2019120100100308,2019년 12월 1일 15시,일요일,경기도 수원시 영통구 이의동,경상사고,0,0,1,0,차대차 - 기타,차로위반,젖음/습기,비,단일로 - 터널,승용,남,64세,상해없음,이륜,남,26세,경상
2019120100100374,2019년 12월 1일 17시,일요일,경기도 수원시 영통구 망포동,경상사고,0,0,1,0,차대차 - 기타,안전운전불이행,젖음/습기,비,교차로 - 교차로안,승용,여,54세,상해없음,이륜,남,20세,경상
2019120100100519,2019년 12월 1일 20시,일요일,경기도 수원시 장안구 조원동,경상사고,0,0,1,0,차대사람 - 횡단중,안전운전불이행,젖음/습기,흐림,교차로 - 교차로안,승용,남,50세,상해없음,보행자,여,15세,경상
2019120100100523,2019년 12월 1일 20시,일요일,경기도 수원시 팔달구 매교동,경상사고,0,0,1,0,차대차 - 측면충돌,교차로운행방법위반,젖음/습기,비,교차로 - 교차로안,승용,남,33세,상해없음,승용,남,57세,경상
2019120100100567,2019년 12월 1일 22시,일요일,경기도 수원시 장안구 정자동,경상사고,0,0,1,0,차대차 - 기타,신호위반,젖음/습기,흐림,교차로 - 교차로횡단보도내,승용,남,66세,상해없음,승합,남,46세,경상
2019120100100569,2019년 12월 1일 22시,일요일,경기도 수원시 팔달구 인계동,부상신고사고,0,0,0,1,차대사람 - 기타,안전운전불이행,건조,맑음,단일로 - 기타,승용,남,27세,상해없음,보행자,남,43세,부상신고
2019120100100596,2019년 12월 1일 23시,일요일,경기도 수원시 팔달구 인계동,경상사고,0,0,1,0,차대차 - 기타,안전거리미확보,젖음/습기,비,교차로 - 교차로부근,승용,남,32세,상해없음,이륜,남,24세,경상
2019120200100080,2019년 12월 2일 07시,월요일,경기도 수원시 장안구 이목동,경상사고,0,0,1,0,차대사람 - 기타,보행자보호의무위반,건조,맑음,교차로 - 교차로횡단보도내,승용,여,67세,기타불명,보행자,여,16세,경상
2019120200100085,2019년 12월 2일 07시,월요일,경기도 수원시 권선구 호매실동,중상사고,0,1,0,0,차대차 - 측면충돌,신호위반,건조,맑음,교차로 - 교차로안,승용,남,39세,상해없음,화물,남,66세,중상
2019120200100111,2019년 12월 2일 08시,월요일,경기도 수원시 영통구 매탄동,중상사고,0,1,0,1,차대차 - 측면충돌,안전운전불이행,건조,맑음,교차로 - 교차로안,이륜,남,16세,상해없음,승용,여,35세,부상신고
2019120200100152,2019년 12월 2일 09시,월요일,경기도 수원시 권선구 곡반정동,경상사고,0,0,1,0,차대차 - 측면충돌,교차로운행방법위반,건조,맑음,교차로 - 교차로안,승용,남,24세,기타불명,승용,여,49세,경상
2019120200100155,2019년 12월 2일 09시,월요일,경기도 수원시 권선구 금곡동,경상사고,0,0,1,0,차대차 - 측면충돌,안전거리미확보,건조,맑음,단일로 - 기타,화물,남,57세,상해없음,승용,여,43세,경상
2019120200100304,2019년 12월 2일 14시,월요일,경기도 수원시 권선구 구운동,경상사고,0,0,1,0,차대차 - 측면충돌,교차로운행방법위반,건조,맑음,교차로 - 교차로안,자전거,여,29세,경상,화물,남,58세,상해없음
2019120200100374,2019년 12월 2일 16시,월요일,경기도 수원시 권선구 세류동,경상사고,0,0,1,0,차대차 - 기타,교차로운행방법위반,건조,맑음,교차로 - 교차로안,승용,남,57세,상해없음,이륜,남,39세,경상
2019120200100538,2019년 12월 2일 19시,월요일,경기도 수원시 영통구 원천동,경상사고,0,0,1,0,차대차 - 기타,안전거리미확보,건조,맑음,교차로 - 교차로부근,승용,여,38세,상해없음,승용,남,43세,상해없음
2019120200100539,2019년 12월 2일 19시,월요일,경기도 수원시 영통구 신동,경상사고,0,0,1,0,차대차 - 기타,신호위반,건조,맑음,교차로 - 교차로안,승용,남,57세,상해없음,승용,여,49세,경상
2019120200100569,2019년 12월 2일 20시,월요일,경기도 수원시 권선구 권선동,경상사고,0,0,2,0,차대차 - 기타,안전운전불이행,건조,맑음,단일로 - 기타,승용,여,42세,상해없음,승용,남,25세,경상
2019120300100030,2019년 12월 3일 01시,화요일,경기도 수원시 권선구 금곡동,경상사고,0,0,1,0,차대차 - 기타,안전운전불이행,건조,맑음,단일로 - 기타,승합,남,62세,상해없음,특수,남,36세,상해없음
2019120300100049,2019년 12월 3일 03시,화요일,경기도 수원시 장안구 영화동,경상사고,0,0,1,0,차대차 - 기타,신호위반,건조,맑음,교차로 - 교차로안,승용,남,38세,상해없음,승용,남,67세,경상
2019120300100124,2019년 12월 3일 08시,화요일,경기도 수원시 권선구 권선동,경상사고,0,0,2,0,차대차 - 기타,안전거리미확보,건조,맑음,기타 - 기타,승용,남,67세,상해없음,승용,남,39세,경상
2019120300100165,2019년 12월 3일 09시,화요일,경기도 수원시 장안구 연무동,경상사고,0,0,1,0,차대차 - 측면충돌,신호위반,건조,맑음,교차로 - 교차로안,화물,여,58세,상해없음,승용,여,68세,경상
2019120300100212,2019년 12월 3일 10시,화요일,경기도 수원시 권선구 호매실동,부상신고사고,0,0,0,1,차대차 - 기타,안전운전불이행,젖음/습기,흐림,교차로 - 교차로안,이륜,남,39세,부상신고,승용,남,32세,상해없음
2019120300100235,2019년 12월 3일 11시,화요일,경기도 수원시 팔달구 매산로3가,경상사고,0,0,1,0,차대사람 - 기타,안전운전불이행,건조,맑음,단일로 - 기타,승용,여,42세,상해없음,보행자,남,90세 이상,경상
2019120300100263,2019년 12월 3일 12시,화요일,경기도 수원시 권선구 권선동,중상사고,0,1,0,0,차대사람 - 차도통행중,보행자보호의무위반,젖음/습기,눈,단일로 - 기타,승용,남,41세,상해없음,보행자,여,52세,중상
2019120300100305,2019년 12월 3일 13시,화요일,경기도 수원시 권선구 구운동,중상사고,0,1,0,0,차대차 - 기타,안전거리미확보,건조,맑음,단일로 - 기타,승용,남,60세,상해없음,승용,남,28세,중상
2019120300100411,2019년 12월 3일 16시,화요일,경기도 수원시 영통구 이의동,경상사고,0,0,1,0,차대사람 - 기타,기타,건조,맑음,단일로 - 기타,승합,남,56세,상해없음,보행자,여,28세,경상
2019120300100412,2019년 12월 3일 16시,화요일,경기도 수원시 권선구 세류동,경상사고,0,0,1,0,차대차 - 측면충돌,직진우회전진행방해,젖음/습기,흐림,교차로 - 교차로안,승용,남,64세,상해없음,승용,남,32세,경상
2019120300100443,2019년 12월 3일 17시,화요일,경기도 수원시 팔달구 화서동,중상사고,0,1,0,0,차대사람 - 기타,신호위반,건조,맑음,교차로 - 교차로횡단보도내,승용,남,63세,상해없음,보행자,여,44세,중상
2019120300100452,2019년 12월 3일 17시,화요일,경기도 수원시 권선구 구운동,경상사고,0,0,1,0,차대차 - 기타,안전운전불이행,건조,맑음,단일로 - 기타,기타불명,기타불명,미분류,기타불명,이륜,남,47세,경상
2019120300100546,2019년 12월 3일 19시,화요일,경기도 수원시 팔달구 중동,중상사고,0,1,1,0,차대사람 - 기타,안전운전불이행,건조,맑음,교차로 - 교차로횡단보도내,승합,남,52세,상해없음,보행자,남,18세,경상
2019120300100574,2019년 12월 3일 20시,화요일,경기도 수원시 팔달구 화서동,경상사고,0,0,1,0,차대차 - 기타,안전운전불이행,건조,맑음,단일로 - 기타,화물,남,57세,상해없음,승용,남,26세,경상
2019120300100577,2019년 12월 3일 20시,화요일,경기도 수원시 권선구 서둔동,경상사고,0,0,1,0,차대차 - 기타,신호위반,건조,맑음,교차로 - 교차로안,승용,남,35세,상해없음,승용,여,50세,경상
2019120300100604,2019년 12월 3일 21시,화요일,경기도 수원시 권선구 호매실동,경상사고,0,0,2,0,차대차 - 기타,안전거리미확보,건조,맑음,단일로 - 기타,승합,남,53세,상해없음,승합,남,41세,상해없음
2019120300100662,2019년 12월 3일 23시,화요일,경기도 수원시 장안구 송죽동,경상사고,0,0,1,0,차대사람 - 기타,안전운전불이행,건조,맑음,단일로 - 기타,원동기,여,30세,상해없음,보행자,여,28세,경상
2019120300100665,2019년 12월 3일 23시,화요일,경기도 수원시 권선구 고색동,경상사고,0,0,1,0,차대사람 - 기타,안전운전불이행,건조,맑음,단일로 - 기타,승용,남,55세,상해없음,보행자,남,51세,경상
2019120400100055,2019년 12월 4일 01시,수요일,경기도 수원시 권선구 고색동,중상사고,0,1,0,0,차대차 - 기타,신호위반,젖음/습기,비,교차로 - 교차로안,승용,남,28세,상해없음,화물,남,44세,중상
2019120400100079,2019년 12월 4일 04시,수요일,경기도 수원시 팔달구 인계동,경상사고,0,0,1,0,차대사람 - 횡단중,신호위반,건조,맑음,교차로 - 교차로안,승용,남,20세,상해없음,보행자,남,26세,경상
2019120400100102,2019년 12월 4일 05시,수요일,경기도 수원시 권선구 서둔동,부상신고사고,0,0,0,1,차량단독 - 전도전복 - 전복,안전운전불이행,서리/결빙,흐림,단일로 - 기타,화물,남,36세,부상신고,,,,
2019120400100103,2019년 12월 4일 05시,수요일,경기도 수원시 권선구 평동,경상사고,0,0,6,0,차대차 - 추돌,안전운전불이행,서리/결빙,흐림,단일로 - 기타,승용,남,49세,기타불명,승용,남,22세,상해없음
2019120400100127,2019년 12월 4일 06시,수요일,경기도 수원시 장안구 이목동,경상사고,0,0,2,0,차량단독 - 공작물충돌,안전운전불이행,서리/결빙,맑음,교차로 - 교차로안,승합,남,34세,상해없음,,,,
2019120400100128,2019년 12월 4일 06시,수요일,경기도 수원시 팔달구 우만동,경상사고,0,0,1,0,차대차 - 기타,안전운전불이행,젖음/습기,비,단일로 - 기타,승용,남,31세,상해없음,승용,남,67세,경상
2019120400100136,2019년 12월 4일 06시,수요일,경기도 수원시 팔달구 인계동,경상사고,0,0,1,0,차대차 - 추돌,안전거리미확보,서리/결빙,맑음,단일로 - 기타,승용,남,28세,상해없음,이륜,남,58세,경상
2019120400100137,2019년 12월 4일 06시,수요일,경기도 수원시 권선구 권선동,경상사고,0,0,7,0,차대차 - 추돌,안전운전불이행,서리/결빙,흐림,단일로 - 기타,화물,남,54세,상해없음,승합,남,61세,상해없음
2019120400100145,2019년 12월 4일 06시,수요일,경기도 수원시 권선구 호매실동,경상사고,0,0,1,0,차대차 - 기타,안전운전불이행,서리/결빙,기타,단일로 - 기타,승용,남,49세,상해없음,화물,남,36세,경상
2019120400100167,2019년 12월 4일 07시,수요일,경기도 수원시 권선구 금곡동,중상사고,0,1,0,0,차대차 - 기타,신호위반,서리/결빙,맑음,교차로 - 교차로안,승용,남,49세,상해없음,승용,남,41세,중상
2019120400100190,2019년 12월 4일 08시,수요일,경기도 수원시 장안구 연무동,경상사고,0,0,1,0,차대차 - 기타,중앙선침범,젖음/습기,흐림,단일로 - 기타,승용,여,47세,상해없음,승용,남,52세,경상
2019120400100205,2019년 12월 4일 08시,수요일,경기도 수원시 팔달구 매교동,경상사고,0,0,1,0,차대차 - 추돌,안전운전불이행,서리/결빙,맑음,단일로 - 교량,승용,남,26세,상해없음,승용,여,53세,경상
2019120400100371,2019년 12월 4일 12시,수요일,경기도 수원시 팔달구 우만동,경상사고,0,0,1,0,차대차 - 기타,안전거리미확보,건조,맑음,기타 - 기타,기타불명,기타불명,미분류,기타불명,승합,남,48세,상해없음
2019120400100403,2019년 12월 4일 13시,수요일,경기도 수원시 권선구 입북동,중상사고,0,1,0,0,차대차 - 추돌,안전거리미확보,건조,맑음,단일로 - 기타,화물,남,62세,상해없음,승용,여,49세,상해없음
2019120400100404,2019년 12월 4일 13시,수요일,경기도 수원시 권선구 고색동,경상사고,0,0,1,0,차대차 - 기타,교차로운행방법위반,건조,맑음,교차로 - 교차로부근,승용,남,54세,상해없음,승용,남,57세,상해없음
2019120400100422,2019년 12월 4일 14시,수요일,경기도 수원시 영통구 영통동,경상사고,0,0,1,0,차대사람 - 기타,안전운전불이행,건조,맑음,교차로 - 교차로부근,승합,남,36세,상해없음,보행자,남,89세,경상
2019120400100486,2019년 12월 4일 16시,수요일,경기도 수원시 권선구 서둔동,경상사고,0,0,3,0,차대차 - 추돌,안전운전불이행,건조,맑음,교차로 - 교차로부근,건설기계,남,46세,상해없음,승용,여,36세,경상
2019120400100526,2019년 12월 4일 17시,수요일,경기도 수원시 권선구 고색동,경상사고,0,0,1,0,차대차 - 측면충돌,안전운전불이행,건조,맑음,교차로 - 교차로안,승용,남,60세,상해없음,승용,남,32세,경상
2019120400100577,2019년 12월 4일 18시,수요일,경기도 수원시 영통구 이의동,경상사고,0,0,1,0,차대차 - 추돌,안전운전불이행,건조,맑음,단일로 - 기타,승용,남,59세,상해없음,승용,여,44세,경상
2019120400100635,2019년 12월 4일 19시,수요일,경기도 수원시 권선구 서둔동,중상사고,0,1,0,0,차대차 - 기타,안전운전불이행,건조,맑음,단일로 - 기타,승합,남,57세,상해없음,자전거,여,21세,중상
2019120400100636,2019년 12월 4일 19시,수요일,경기도 수원시 권선구 구운동,부상신고사고,0,0,0,1,차량단독 - 기타,안전운전불이행,건조,맑음,교차로 - 교차로안,이륜,남,17세,부상신고,,,,
2019120400100671,2019년 12월 4일 20시,수요일,경기도 수원시 권선구 고색동,중상사고,0,1,0,0,차대차 - 추돌,신호위반,건조,맑음,교차로 - 교차로안,승용,남,59세,상해없음,승용,남,52세,중상
2019120400100672,2019년 12월 4일 20시,수요일,경기도 수원시 영통구 이의동,중상사고,0,1,1,1,차대차 - 추돌,안전운전불이행,건조,맑음,단일로 - 기타,승용,남,25세,상해없음,승용,남,38세,중상
2019120400100699,2019년 12월 4일 21시,수요일,경기도 수원시 권선구 권선동,경상사고,0,0,1,0,차대차 - 측면충돌,안전거리미확보,건조,맑음,단일로 - 기타,승용,남,26세,상해없음,이륜,남,26세,경상
2019120400100700,2019년 12월 4일 21시,수요일,경기도 수원시 영통구 매탄동,중상사고,0,1,0,0,차대사람 - 횡단중,안전운전불이행,건조,맑음,기타 - 기타,승용,남,47세,상해없음,보행자,남,33세,중상
2019120500100037,2019년 12월 5일 00시,목요일,경기도 수원시 권선구 구운동,경상사고,0,0,1,0,차대차 - 추돌,안전거리미확보,건조,맑음,단일로 - 지하차도(도로)내,승용,남,53세,상해없음,승용,남,31세,경상
2019120500100061,2019년 12월 5일 02시,목요일,경기도 수원시 권선구 서둔동,경상사고,0,0,1,0,차대사람 - 기타,보행자보호의무위반,건조,맑음,단일로 - 기타,승용,남,21세,상해없음,보행자,남,38세,경상
2019120500100067,2019년 12월 5일 03시,목요일,경기도 수원시 팔달구 지동,경상사고,0,0,1,0,차대차 - 측면충돌,중앙선침범,건조,맑음,단일로 - 기타,승용,여,53세,상해없음,승용,남,39세,경상
2019120500100136,2019년 12월 5일 08시,목요일,경기도 수원시 장안구 조원동,경상사고,0,0,2,0,차대차 - 기타,직진우회전진행방해,건조,맑음,교차로 - 교차로안,화물,남,40세,경상,화물,남,59세,상해없음
2019120500100140,2019년 12월 5일 08시,목요일,경기도 수원시 팔달구 인계동,경상사고,0,0,2,0,차대차 - 추돌,안전운전불이행,건조,맑음,단일로 - 기타,승용,남,34세,상해없음,승용,남,26세,경상
2019120500100183,2019년 12월 5일 09시,목요일,경기도 수원시 장안구 연무동,중상사고,0,1,0,0,차대사람 - 기타,기타,건조,맑음,단일로 - 기타,승합,남,52세,상해없음,보행자,여,65세,중상
2019120500100186,2019년 12월 5일 09시,목요일,경기도 수원시 권선구 구운동,중상사고,0,1,0,0,차대사람 - 횡단중,신호위반,건조,맑음,교차로 - 교차로안,승용,여,45세,상해없음,보행자,남,24세,중상
2019120500100280,2019년 12월 5일 12시,목요일,경기도 수원시 권선구 당수동,사망사고,1,1,0,0,차대차 - 측면충돌,안전운전불이행,건조,맑음,단일로 - 기타,승용,남,57세,중상,이륜,남,55세,사망
2019120500100374,2019년 12월 5일 15시,목요일,경기도 수원시 장안구 송죽동,중상사고,0,1,0,0,차대사람 - 횡단중,보행자보호의무위반,건조,맑음,교차로 - 교차로횡단보도내,이륜,남,64세,기타불명,보행자,여,46세,중상
2019120500100512,2019년 12월 5일 18시,목요일,경기도 수원시 영통구 이의동,경상사고,0,0,1,0,차대차 - 정면충돌,안전운전불이행,건조,맑음,교차로 - 교차로안,승용,남,46세,상해없음,승용,남,47세,경상
2019120500100567,2019년 12월 5일 19시,목요일,경기도 수원시 장안구 영화동,경상사고,0,0,1,0,차대차 - 기타,교차로운행방법위반,건조,맑음,교차로 - 교차로안,자전거,남,45세,경상,승용,남,66세,상해없음