사고번호,사고일시,요일,시군구,사고내용,사망자수,중상자수,경상자수,부상신고자수,사고유형,법규위반,노면상태,기상상태,도로형태,가해운전자 차종,가해운전자 성별,가해운전자 연령,가해운전자 상해정도,피해운전자 차종,피해운전자 성별,피해운전자 연령,피해운전자 상해정도
2019120500100602,2019년 12월 5일 20시,목요일,경기도 수원시 장안구 천천동,중상사고,0,1,0,0,차량단독 - 기타,안전운전불이행,건조,맑음,단일로 - 기타,승합,남,52세,상해없음,,,,
2019120500100651,2019년 12월 5일 22시,목요일,경기도 수원시 권선구 권선동,경상사고,0,0,4,0,차대차 - 기타,안전운전불이행,건조,맑음,교차로 - 교차로안,승용,남,29세,상해없음,승용,남,45세,경상
2019120500100671,2019년 12월 5일 23시,목요일,경기도 수원시 장안구 영화동,경상사고,0,0,1,0,차대차 - 추돌,안전운전불이행,건조,맑음,단일로 - 기타,승용,남,49세,상해없음,승용,남,52세,경상
2019120600100047,2019년 12월 6일 01시,금요일,경기도 수원시 팔달구 고등동,중상사고,0,3,0,0,차량단독 - 공작물충돌,안전운전불이행,건조,맑음,교차로 - 교차로안,승용,남,21세,상해없음,,,,
2019120600100059,2019년 12월 6일 04시,금요일,경기도 수원시 권선구 세류동,경상사고,0,0,2,0,차대차 - 기타,신호위반,건조,맑음,교차로 - 교차로안,화물,남,54세,상해없음,승용,여,46세,경상
2019120600100135,2019년 12월 6일 08시,금요일,경기도 수원시 권선구 호매실동,중상사고,0,1,0,0,차대차 - 추돌,안전거리미확보,건조,맑음,단일로 - 기타,승용,여,40세,상해없음,승용,여,53세,중상
2019120600100179,2019년 12월 6일 09시,금요일,경기도 수원시 장안구 영화동,경상사고,0,0,1,1,차대차 - 기타,안전거리미확보,건조,맑음,단일로 - 기타,승용,여,59세,상해없음,승합,남,48세,상해없음
2019120600100183,2019년 12월 6일 09시,금요일,경기도 수원시 영통구 원천동,경상사고,0,0,1,0,차대차 - 측면충돌,안전운전불이행,건조,맑음,교차로 - 교차로안,승용,남,29세,상해없음,승용,남,34세,경상
2019120600100285,2019년 12월 6일 12시,금요일,경기도 수원시 권선구 구운동,경상사고,0,0,2,1,차대차 - 추돌,안전운전불이행,건조,맑음,단일로 - 기타,승용,여,47세,상해없음,승용,남,28세,부상신고
2019120600100457,2019년 12월 6일 17시,금요일,경기도 수원시 팔달구 우만동,경상사고,0,0,1,0,차대차 - 기타,안전운전불이행,건조,맑음,단일로 - 기타,승용,남,59세,상해없음,기타불명,기타불명,미분류,기타불명
2019120600100521,2019년 12월 6일 18시,금요일,경기도 수원시 영통구 이의동,경상사고,0,0,1,0,차대차 - 측면충돌,안전운전불이행,건조,맑음,단일로 - 기타,승용,여,38세,상해없음,승용,남,54세,경상
2019120600100522,2019년 12월 6일 18시,금요일,경기도 수원시 팔달구 인계동,경상사고,0,0,2,0,차대차 - 측면충돌,차로위반,건조,맑음,단일로 - 기타,승용,여,33세,상해없음,승용,남,46세,경상
2019120600100594,2019년 12월 6일 19시,금요일,경기도 수원시 권선구 호매실동,부상신고사고,0,0,0,1,차대사람 - 기타,안전운전불이행,건조,맑음,단일로 - 기타,승합,남,57세,상해없음,보행자,남,26세,부상신고
2019120600100677,2019년 12월 6일 21시,금요일,경기도 수원시 장안구 천천동,중상사고,0,1,0,0,차대사람 - 기타,안전운전불이행,건조,맑음,교차로 - 교차로부근,승용,남,25세,상해없음,보행자,남,21세,중상
2019120600100740,2019년 12월 6일 23시,금요일,경기도 수원시 권선구 곡반정동,경상사고,0,0,4,0,차대차 - 측면충돌,교차로운행방법위반,건조,맑음,교차로 - 교차로부근,승용,남,60세,상해없음,승용,남,58세,경상
2019120600100741,2019년 12월 6일 23시,금요일,경기도 수원시 권선구 세류동,경상사고,0,0,1,0,차대차 - 측면충돌,불법유턴,건조,맑음,교차로 - 교차로부근,승용,여,18세,상해없음,승용,남,27세,경상
2019120700100092,2019년 12월 7일 05시,토요일,경기도 수원시 팔달구 인계동,경상사고,0,0,1,0,차대차 - 기타,안전거리미확보,건조,맑음,단일로 - 기타,승용,남,29세,상해없음,건설기계,남,27세,경상
2019120700100095,2019년 12월 7일 05시,토요일,경기도 수원시 팔달구 매산로1가,경상사고,0,0,1,0,차대차 - 기타,교차로운행방법위반,건조,맑음,교차로 - 교차로안,승합,남,50세,상해없음,승용,남,40세,경상
2019120700100135,2019년 12월 7일 08시,토요일,경기도 수원시 영통구 매탄동,경상사고,0,0,1,0,차대차 - 측면충돌,차로위반,건조,맑음,단일로 - 기타,건설기계,남,40세,상해없음,승용,여,57세,경상
2019120700100180,2019년 12월 7일 10시,토요일,경기도 수원시 팔달구 우만동,경상사고,0,0,1,0,차대차 - 추돌,안전운전불이행,건조,맑음,단일로 - 기타,승용,남,55세,상해없음,승용,남,61세,경상
2019120700100207,2019년 12월 7일 11시,토요일,경기도 수원시 장안구 율전동,경상사고,0,0,1,0,차대차 - 측면충돌,직진우회전진행방해,건조,맑음,교차로 - 교차로안,승용,여,33세,상해없음,자전거,남,17세,경상
2019120700100329,2019년 12월 7일 14시,토요일,경기도 수원시 장안구 정자동,경상사고,0,0,1,0,차대차 - 기타,직진우회전진행방해,건조,맑음,교차로 - 교차로부근,승용,남,29세,상해없음,이륜,남,47세,경상
2019120700100401,2019년 12월 7일 16시,토요일,경기도 수원시 권선구 권선동,부상신고사고,0,0,0,1,차대사람 - 기타,안전운전불이행,건조,맑음,교차로 - 교차로안,승용,남,47세,상해없음,보행자,남,10세,부상신고
2019120700100403,2019년 12월 7일 16시,토요일,경기도 수원시 권선구 오목천동,경상사고,0,0,1,0,차대차 - 기타,신호위반,건조,맑음,교차로 - 교차로안,승용,여,40세,상해없음,승용,남,63세,경상
2019120700100404,2019년 12월 7일 16시,토요일,경기도 수원시 팔달구 매산로1가,경상사고,0,0,1,0,차대차 - 측면충돌,교차로운행방법위반,건조,맑음,교차로 - 교차로안,건설기계,남,43세,상해없음,승용,여,23세,경상
2019120700100431,2019년 12월 7일 17시,토요일,경기도 수원시 영통구 매탄동,중상사고,0,1,1,0,차대사람 - 횡단중,신호위반,건조,맑음,교차로 - 교차로안,이륜,남,25세,상해없음,보행자,여,41세,중상
2019120700100475,2019년 12월 7일 18시,토요일,경기도 수원시 장안구 정자동,중상사고,0,1,0,0,차대차 - 측면충돌,안전거리미확보,건조,맑음,단일로 - 기타,승용,여,37세,상해없음,승합,남,61세,중상
2019120700100534,2019년 12월 7일 19시,토요일,경기도 수원시 영통구 이의동,경상사고,0,0,1,0,차대차 - 측면충돌,신호위반,건조,맑음,교차로 - 교차로안,승용,남,60세,상해없음,이륜,남,18세,경상
2019120700100578,2019년 12월 7일 20시,토요일,경기도 수원시 권선구 금곡동,부상신고사고,0,0,0,1,차대차 - 측면충돌,신호위반,건조,맑음,교차로 - 교차로부근,원동기,남,24세,부상신고,승용,남,29세,상해없음
2019120700100579,2019년 12월 7일 20시,토요일,경기도 수원시 권선구 금곡동,부상신고사고,0,0,0,1,차대차 - 추돌,안전운전불이행,건조,맑음,교차로 - 교차로부근,승용,남,40세,상해없음,승용,남,46세,부상신고
2019120700100612,2019년 12월 7일 21시,토요일,경기도 수원시 권선구 권선동,경상사고,0,0,5,0,차대차 - 측면충돌,안전운전불이행,건조,맑음,단일로 - 기타,승용,여,24세,상해없음,승용,남,37세,경상
2019120800100023,2019년 12월 8일 00시,일요일,경기도 수원시 영통구 원천동,경상사고,0,0,2,0,차대차 - 측면충돌,신호위반,건조,맑음,교차로 - 교차로안,승용,남,33세,상해없음,승용,남,63세,경상
2019120800100025,2019년 12월 8일 00시,일요일,경기도 수원시 권선구 고색동,경상사고,0,0,1,0,차량단독 - 도로외이탈 - 기타,안전운전불이행,건조,맑음,단일로 - 기타,승용,남,55세,상해없음,,,,
2019120800100056,2019년 12월 8일 01시,일요일,경기도 수원시 장안구 조원동,경상사고,0,0,2,0,차대차 - 측면충돌,교차로운행방법위반,건조,맑음,교차로 - 교차로안,승용,남,43세,상해없음,승용,남,54세,경상
2019120800100066,2019년 12월 8일 01시,일요일,경기도 수원시 팔달구 교동,경상사고,0,0,2,0,차대차 - 추돌,안전운전불이행,건조,맑음,기타 - 기타,승용,남,24세,상해없음,승용,남,47세,경상
2019120800100108,2019년 12월 8일 04시,일요일,경기도 수원시 권선구 서둔동,중상사고,0,1,0,0,차대차 - 추돌,중앙선침범,건조,기타,단일로 - 기타,승용,남,25세,상해없음,승용,여,59세,중상
2019120800100116,2019년 12월 8일 05시,일요일,경기도 수원시 장안구 파장동,중상사고,0,1,0,0,차대차 - 추돌,신호위반,젖음/습기,안개,교차로 - 교차로안,화물,남,46세,상해없음,승용,남,34세,중상
2019120800100158,2019년 12월 8일 09시,일요일,경기도 수원시 팔달구 우만동,경상사고,0,0,1,3,차대차 - 추돌,안전운전불이행,건조,맑음,단일로 - 기타,승용,여,49세,상해없음,승용,남,46세,경상
2019120800100228,2019년 12월 8일 12시,일요일,경기도 수원시 장안구 조원동,경상사고,0,0,1,0,차대차 - 기타,안전운전불이행,건조,맑음,단일로 - 기타,화물,남,28세,상해없음,승용,남,47세,경상
2019120800100308,2019년 12월 8일 15시,일요일,경기도 수원시 영통구 망포동,경상사고,0,0,3,0,차대차 - 기타,신호위반,건조,맑음,교차로 - 교차로부근,승용,여,28세,상해없음,승합,남,55세,상해없음
2019120800100309,2019년 12월 8일 15시,일요일,경기도 수원시 영통구 매탄동,경상사고,0,0,2,0,차대차 - 추돌,안전운전불이행,건조,맑음,단일로 - 기타,승용,남,68세,상해없음,승용,남,59세,경상
2019120800100369,2019년 12월 8일 17시,일요일,경기도 수원시 권선구 호매실동,경상사고,0,0,1,0,차대차 - 측면충돌,신호위반,건조,맑음,교차로 - 교차로안,자전거,남,78세,상해없음,이륜,남,25세,경상
2019120800100370,2019년 12월 8일 17시,일요일,경기도 수원시 권선구 서둔동,경상사고,0,0,2,0,차대차 - 기타,기타,젖음/습기,맑음,교차로 - 교차로안,이륜,남,47세,경상,승용,남,30세,경상
2019120800100394,2019년 12월 8일 18시,일요일,경기도 수원시 팔달구 중동,경상사고,0,0,1,0,차대사람 - 기타,안전운전불이행,건조,맑음,단일로 - 기타,승용,남,27세,상해없음,보행자,남,59세,경상
2019120800100431,2019년 12월 8일 19시,일요일,경기도 수원시 영통구 매탄동,경상사고,0,0,1,0,차대차 - 측면충돌,신호위반,건조,맑음,교차로 - 교차로안,이륜,남,20세,기타불명,승용,여,43세,경상
2019120800100471,2019년 12월 8일 21시,일요일,경기도 수원시 장안구 율전동,부상신고사고,0,0,0,1,차대차 - 기타,교차로운행방법위반,건조,맑음,단일로 - 기타,기타불명,기타불명,미분류,기타불명,이륜,남,22세,부상신고
2019120800100518,2019년 12월 8일 23시,일요일,경기도 수원시 권선구 세류동,중상사고,0,1,1,0,차대차 - 측면충돌,교차로운행방법위반,건조,맑음,교차로 - 교차로안,승용,남,28세,상해없음,화물,남,48세,중상
2019120900100065,2019년 12월 9일 05시,월요일,경기도 수원시 팔달구 매교동,경상사고,0,0,1,0,차대차 - 측면충돌,신호위반,건조,맑음,교차로 - 교차로안,승용,남,62세,상해없음,화물,남,68세,경상
2019120900100113,2019년 12월 9일 07시,월요일,경기도 수원시 권선구 평동,경상사고,0,0,1,0,차대차 - 기타,안전운전불이행,건조,맑음,단일로 - 기타,승용,남,37세,상해없음,화물,남,41세,경상
2019120900100114,2019년 12월 9일 07시,월요일,경기도 수원시 권선구 세류동,경상사고,0,0,1,0,차대차 - 기타,안전운전불이행,건조,맑음,단일로 - 기타,승합,남,56세,기타불명,승용,남,26세,경상
2019120900100345,2019년 12월 9일 14시,월요일,경기도 수원시 권선구 금곡동,경상사고,0,0,1,0,차대차 - 기타,신호위반,건조,맑음,교차로 - 교차로부근,승용,여,45세,기타불명,승합,남,54세,상해없음
2019120900100383,2019년 12월 9일 15시,월요일,경기도 수원시 권선구 권선동,경상사고,0,0,1,0,차대차 - 측면충돌,안전운전불이행,건조,맑음,교차로 - 교차로부근,승용,남,27세,상해없음,이륜,남,26세,경상
2019120900100414,2019년 12월 9일 16시,월요일,경기도 수원시 영통구 매탄동,부상신고사고,0,0,0,1,차대차 - 측면충돌,안전거리미확보,건조,맑음,단일로 - 기타,승용,여,40세,상해없음,이륜,남,63세,부상신고
2019120900100452,2019년 12월 9일 17시,월요일,경기도 수원시 권선구 곡반정동,경상사고,0,0,2,0,차대차 - 측면충돌,안전운전불이행,건조,맑음,교차로 - 교차로안,승용,여,49세,상해없음,승용,남,28세,경상
2019120900100495,2019년 12월 9일 18시,월요일,경기도 수원시 장안구 영화동,경상사고,0,0,1,0,차대사람 - 기타,안전운전불이행,건조,맑음,단일로 - 기타,승합,남,58세,상해없음,보행자,남,50세,경상
2019120900100501,2019년 12월 9일 18시,월요일,경기도 수원시 영통구 이의동,경상사고,0,0,1,0,차대차 - 기타,신호위반,건조,맑음,교차로 - 교차로안,화물,남,56세,상해없음,승용,남,44세,경상
2019120900100504,2019년 12월 9일 18시,월요일,경기도 수원시 팔달구 매교동,경상사고,0,0,1,0,차대차 - 기타,안전운전불이행,건조,맑음,단일로 - 기타,승용,여,36세,상해없음,승용,여,26세,경상
2019120900100581,2019년 12월 9일 20시,월요일,경기도 수원시 권선구 구운동,부상신고사고,0,0,0,1,차대차 - 기타,안전거리미확보,건조,맑음,교차로 - 교차로부근,화물,남,51세,상해없음,승용,남,50세,부상신고
2019120900100601,2019년 12월 9일 21시,월요일,경기도 수원시 장안구 정자동,중상사고,0,1,0,0,차대차 - 기타,기타,건조,맑음,교차로 - 교차로부근,기타불명,기타불명,미분류,기타불명,자전거,남,38세,중상
2019120900100634,2019년 12월 9일 22시,월요일,경기도 수원시 영통구 이의동,부상신고사고,0,0,0,1,차량단독 - 전도전복 - 전도,안전운전불이행,건조,맑음,단일로 - 터널,승용,남,56세,부상신고,,,,
2019120900100646,2019년 12월 9일 23시,월요일,경기도 수원시 영통구 원천동,경상사고,0,0,2,0,차대차 - 추돌,안전운전불이행,건조,맑음,교차로 - 교차로부근,승용,남,32세,상해없음,승용,남,54세,경상
2019121000100096,2019년 12월 10일 06시,화요일,경기도 수원시 권선구 세류동,경상사고,0,0,1,0,차대차 - 기타,안전거리미확보,건조,맑음,단일로 - 기타,건설기계,남,55세,상해없음,승합,남,29세,상해없음
2019121000100120,2019년 12월 10일 07시,화요일,경기도 수원시 팔달구 남수동,경상사고,0,0,1,0,차대차 - 추돌,안전운전불이행,젖음/습기,흐림,교차로 - 교차로부근,승용,남,66세,상해없음,승용,여,56세,상해없음
2019121000100199,2019년 12월 10일 09시,화요일,경기도 수원시 팔달구 인계동,중상사고,0,1,0,0,차대차 - 측면충돌,신호위반,건조,맑음,교차로 - 교차로부근,승용,여,48세,상해없음,자전거,남,28세,중상
2019121000100228,2019년 12월 10일 10시,화요일,경기도 수원시 팔달구 고등동,중상사고,0,1,0,0,차대사람 - 기타,안전운전불이행,건조,흐림,교차로 - 교차로안,승합,남,30세,상해없음,보행자,여,87세,중상
2019121000100287,2019년 12월 10일 12시,화요일,경기도 수원시 팔달구 인계동,경상사고,0,0,1,0,차대차 - 측면충돌,신호위반,건조,맑음,교차로 - 교차로안,승용,남,37세,상해없음,이륜,남,19세,경상
2019121000100339,2019년 12월 10일 14시,화요일,경기도 수원시 팔달구 인계동,경상사고,0,0,1,0,차대차 - 측면충돌,신호위반,건조,맑음,교차로 - 교차로안,이륜,남,63세,상해없음,승용,남,31세,경상
2019121000100375,2019년 12월 10일 15시,화요일,경기도 수원시 영통구 원천동,사망사고,1,0,0,0,차대차 - 측면충돌,안전운전불이행,건조,맑음,교차로 - 교차로부근,개인형이동수단(PM),남,89세,사망,승용,남,62세,상해없음
2019121000100376,2019년 12월 10일 15시,화요일,경기도 수원시 팔달구 인계동,경상사고,0,0,1,0,차대사람 - 횡단중,보행자보호의무위반,건조,맑음,교차로 - 교차로횡단보도내,승용,여,55세,상해없음,보행자,여,23세,경상
2019121000100446,2019년 12월 10일 17시,화요일,경기도 수원시 장안구 영화동,경상사고,0,0,1,0,차대차 - 측면충돌,신호위반,건조,맑음,교차로 - 교차로안,승용,남,55세,상해없음,승용,남,49세,경상
2019121000100451,2019년 12월 10일 17시,화요일,경기도 수원시 권선구 구운동,경상사고,0,0,1,0,차대차 - 추돌,안전운전불이행,건조,맑음,교차로 - 교차로부근,승용,여,67세,상해없음,승용,여,33세,경상
2019121000100505,2019년 12월 10일 18시,화요일,경기도 수원시 장안구 연무동,경상사고,0,0,1,0,차대차 - 기타,안전운전불이행,젖음/습기,비,교차로 - 교차로안,이륜,남,41세,경상,승용,남,51세,상해없음
2019121000100671,2019년 12월 10일 22시,화요일,경기도 수원시 권선구 구운동,경상사고,0,0,1,0,차량단독 - 공작물충돌,안전운전불이행,건조,맑음,단일로 - 기타,이륜,남,15세,상해없음,,,,
2019121100100032,2019년 12월 11일 00시,수요일,경기도 수원시 팔달구 화서동,경상사고,0,0,1,0,차대차 - 기타,안전운전불이행,젖음/습기,기타,단일로 - 기타,원동기,남,29세,경상,승용,남,45세,기타불명
2019121100100089,2019년 12월 11일 06시,수요일,경기도 수원시 팔달구 우만동,중상사고,0,1,0,0,차대사람 - 기타,기타,건조,흐림,단일로 - 기타,승합,남,52세,상해없음,보행자,남,75세,중상
2019121100100090,2019년 12월 11일 06시,수요일,경기도 수원시 영통구 이의동,경상사고,0,0,5,0,차대차 - 추돌,안전거리미확보,젖음/습기,비,교차로 - 교차로부근,승합,남,47세,상해없음,승용,남,34세,경상
2019121100100116,2019년 12월 11일 07시,수요일,경기도 수원시 권선구 오목천동,경상사고,0,0,1,0,차대차 - 추돌,안전거리미확보,젖음/습기,흐림,교차로 - 교차로부근,건설기계,남,61세,상해없음,승용,남,46세,경상
2019121100100228,2019년 12월 11일 11시,수요일,경기도 수원시 장안구 송죽동,경상사고,0,0,1,0,차대차 - 추돌,안전운전불이행,건조,맑음,교차로 - 교차로안,승용,여,31세,상해없음,승용,남,45세,경상
2019121100100317,2019년 12월 11일 14시,수요일,경기도 수원시 팔달구 매산로1가,중상사고,0,1,1,1,차대차 - 측면충돌,신호위반,건조,맑음,교차로 - 교차로안,승용,여,35세,상해없음,승용,남,66세,경상
2019121100100318,2019년 12월 11일 14시,수요일,경기도 수원시 권선구 세류동,경상사고,0,0,2,0,차대차 - 기타,직진우회전진행방해,건조,맑음,교차로 - 교차로안,승용,여,57세,상해없음,승용,여,53세,경상
2019121100100474,2019년 12월 11일 18시,수요일,경기도 수원시 팔달구 인계동,경상사고,0,0,1,0,차대차 - 추돌,신호위반,건조,맑음,단일로 - 기타,이륜,남,32세,경상,승용,여,50세,상해없음
2019121100100530,2019년 12월 11일 19시,수요일,경기도 수원시 팔달구 지동,중상사고,0,1,0,0,차대사람 - 횡단중,안전운전불이행,건조,맑음,교차로 - 교차로안,승용,남,56세,상해없음,보행자,여,60세,중상
2019121100100633,2019년 12월 11일 23시,수요일,경기도 수원시 영통구 이의동,경상사고,0,0,1,0,차대차 - 측면충돌,신호위반,건조,맑음,교차로 - 교차로안,승용,여,55세,상해없음,특수,남,24세,경상
2019121200100050,2019년 12월 12일 01시,목요일,경기도 수원시 권선구 곡반정동,경상사고,0,0,1,0,차대차 - 측면충돌,차로위반,건조,맑음,교차로 - 교차로안,승용,남,28세,상해없음,화물,남,55세,경상
2019121200100123,2019년 12월 12일 07시,목요일,경기도 수원시 팔달구 인계동,경상사고,0,0,1,0,차대차 - 후진중충돌,안전운전불이행,건조,맑음,단일로 - 기타,승용,남,30세,상해없음,승용,남,25세,경상
2019121200100124,2019년 12월 12일 07시,목요일,경기도 수원시 영통구 원천동,경상사고,0,0,1,0,차대사람 - 기타,안전운전불이행,건조,맑음,교차로 - 교차로안,승용,남,38세,상해없음,보행자,남,23세,경상
2019121200100152,2019년 12월 12일 08시,목요일,경기도 수원시 권선구 세류동,경상사고,0,0,1,0,차량단독 - 기타,안전운전불이행,건조,맑음,단일로 - 기타,승합,남,35세,상해없음,,,,
2019121200100196,2019년 12월 12일 09시,목요일,경기도 수원시 장안구 천천동,부상신고사고,0,0,0,1,차대차 - 기타,교차로운행방법위반,건조,맑음,교차로 - 교차로안,승용,여,46세,상해없음,자전거,남,44세,부상신고
2019121200100198,2019년 12월 12일 09시,목요일,경기도 수원시 팔달구 인계동,경상사고,0,0,1,1,차대차 - 측면충돌,안전거리미확보,건조,맑음,교차로 - 교차로부근,승용,여,42세,부상신고,승용,남,50세,경상
2019121200100227,2019년 12월 12일 10시,목요일,경기도 수원시 장안구 송죽동,경상사고,0,0,1,0,차대차 - 기타,교차로운행방법위반,건조,맑음,교차로 - 교차로부근,승용,남,41세,상해없음,승합,남,53세,상해없음
2019121200100265,2019년 12월 12일 11시,목요일,경기도 수원시 영통구 영통동,중상사고,0,2,0,0,차대차 - 추돌,안전운전불이행,건조,맑음,단일로 - 기타,건설기계,남,44세,상해없음,승용,남,73세,중상
2019121200100326,2019년 12월 12일 13시,목요일,경기도 수원시 팔달구 매교동,경상사고,0,0,3,0,차대차 - 측면충돌,신호위반,건조,맑음,교차로 - 교차로안,화물,남,84세,상해없음,승용,남,38세,경상
2019121200100349,2019년 12월 12일 14시,목요일,경기도 수원시 장안구 조원동,경상사고,0,0,2,0,차대차 - 기타,안전운전불이행,건조,맑음,교차로 - 교차로부근,승용,여,33세,상해없음,승용,여,50세,경상
2019121200100350,2019년 12월 12일 14시,목요일,경기도 수원시 장안구 천천동,경상사고,0,0,2,1,차대차 - 측면충돌,안전운전불이행,건조,맑음,교차로 - 교차로부근,승용,여,40세,경상,승용,여,37세,경상
2019121200100425,2019년 12월 12일 16시,목요일,경기도 수원시 팔달구 매산로1가,경상사고,0,0,1,0,차대차 - 기타,안전거리미확보,건조,맑음,단일로 - 기타,승용,남,64세,상해없음,승합,남,50세,상해없음
2019121200100521,2019년 12월 12일 18시,목요일,경기도 수원시 영통구 원천동,경상사고,0,0,2,0,차대차 - 측면충돌,신호위반,건조,맑음,교차로 - 교차로안,승용,남,40세,상해없음,승용,남,46세,경상
2019121200100592,2019년 12월 12일 19시,목요일,경기도 수원시 장안구 연무동,중상사고,0,1,3,0,차대차 - 기타,신호위반,건조,맑음,단일로 - 기타,화물,남,65세,상해없음,승합,남,28세,경상
2019121200100656,2019년 12월 12일 21시,목요일,경기도 수원시 영통구 망포동,경상사고,0,0,1,0,차대차 - 측면충돌,안전운전불이행,건조,맑음,교차로 - 교차로부근,승용,남,32세,상해없음,승용,남,30세,경상
2019121300100049,2019년 12월 13일 01시,금요일,경기도 수원시 영통구 매탄동,중상사고,0,1,0,0,차대사람 - 횡단중,신호위반,건조,맑음,단일로 - 기타,화물,남,76세,상해없음,보행자,남,74세,중상
2019121300100050,2019년 12월 13일 01시,금요일,경기도 수원시 팔달구 인계동,경상사고,0,0,1,0,차대사람 - 차도통행중,안전운전불이행,건조,맑음,교차로 - 교차로부근,승용,여,31세,상해없음,보행자,남,43세,경상
2019121300100144,2019년 12월 13일 08시,금요일,경기도 수원시 권선구 고색동,경상사고,0,0,1,0,차대차 - 기타,직진우회전진행방해,건조,맑음,교차로 - 교차로안,승용,남,27세,상해없음,자전거,남,28세,경상
2019121300100185,2019년 12월 13일 09시,금요일,경기도 수원시 권선구 세류동,경상사고,0,0,1,0,차대차 - 기타,차로위반,건조,맑음,단일로 - 기타,화물,남,58세,상해없음,이륜,남,31세,경상
2019121300100296,2019년 12월 13일 13시,금요일,경기도 수원시 장안구 율전동,중상사고,0,1,0,0,차대사람 - 차도통행중,안전운전불이행,건조,맑음,교차로 - 교차로안,승용,여,29세,상해없음,보행자,여,69세,중상
2019121300100304,2019년 12월 13일 13시,금요일,경기도 수원시 팔달구 매산로2가,경상사고,0,0,1,0,차대차 - 기타,안전운전불이행,건조,맑음,단일로 - 기타,화물,남,57세,상해없음,자전거,남,22세,경상
2019121300100305,2019년 12월 13일 13시,금요일,경기도 수원시 팔달구 교동,경상사고,0,0,1,0,차량단독 - 기타,안전운전불이행,건조,맑음,단일로 - 기타,승합,남,57세,상해없음,,,,
2019121300100328,2019년 12월 13일 14시,금요일,경기도 수원시 팔달구 팔달로3가,부상신고사고,0,0,0,1,차대차 - 기타,안전거리미확보,건조,맑음,단일로 - 기타,승용,여,29세,상해없음,승용,여,28세,부상신고
2019121300100331,2019년 12월 13일 14시,금요일,경기도 수원시 권선구 권선동,중상사고,0,1,0,0,차대차 - 기타,안전운전불이행,건조,맑음,교차로 - 교차로안,승용,남,37세,상해없음,이륜,남,50세,중상
2019121300100367,2019년 12월 13일 15시,금요일,경기도 수원시 권선구 권선동,경상사고,0,0,1,0,차대차 - 측면충돌,신호위반,건조,맑음,교차로 - 교차로안,이륜,남,80세,상해없음,승용,여,63세,경상
2019121300100368,2019년 12월 13일 15시,금요일,경기도 수원시 권선구 권선동,경상사고,0,0,2,0,차대차 - 측면충돌,차로위반,건조,맑음,단일로 - 기타,승용,남,48세,상해없음,승용,여,58세,경상
2019121300100466,2019년 12월 13일 17시,금요일,경기도 수원시 장안구 천천동,경상사고,0,0,1,0,차대차 - 기타,안전운전불이행,건조,맑음,교차로 - 교차로안,이륜,남,47세,경상,승용,여,47세,상해없음
2019121300100473,2019년 12월 13일 17시,금요일,경기도 수원시 영통구 이의동,경상사고,0,0,3,0,차대차 - 기타,안전운전불이행,건조,맑음,단일로 - 기타,승용,남,32세,상해없음,승용,남,54세,경상
2019121300100542,2019년 12월 13일 18시,금요일,경기도 수원시 권선구 서둔동,경상사고,0,0,1,0,차대사람 - 횡단중,안전운전불이행,건조,맑음,단일로 - 기타,기타불명,기타불명,미분류,기타불명,보행자,여,30세,경상
2019121300100543,2019년 12월 13일 18시,금요일,경기도 수원시 권선구 평동,경상사고,0,0,1,0,차대차 - 추돌,안전운전불이행,건조,맑음,단일로 - 고가도로위,승용,남,63세,상해없음,승용,남,46세,경상
2019121300100611,2019년 12월 13일 19시,금요일,경기도 수원시 권선구 권선동,중상사고,0,1,1,0,차대차 - 기타,안전운전불이행,건조,맑음,단일로 - 기타,자전거,남,34세,경상,승합,남,62세,상해없음
2019121300100694,2019년 12월 13일 21시,금요일,경기도 수원시 장안구 율전동,중상사고,0,1,0,0,차대사람 - 기타,안전운전불이행,건조,맑음,단일로 - 기타,승용,여,26세,상해없음,보행자,여,63세,중상
2019121300100697,2019년 12월 13일 21시,금요일,경기도 수원시 팔달구 인계동,부상신고사고,0,0,0,1,차대차 - 기타,안전운전불이행,건조,맑음,기타 - 기타,자전거,남,12세,부상신고,승용,여,51세,상해없음
2019121300100698,2019년 12월 13일 21시,금요일,경기도 수원시 권선구 세류동,부상신고사고,0,0,0,1,차대차 - 기타,교차로운행방법위반,건조,맑음,교차로 - 교차로안,이륜,남,56세,부상신고,화물,남,46세,상해없음
2019121300100727,2019년 12월 13일 22시,금요일,경기도 수원시 장안구 정자동,경상사고,0,0,1,0,차대사람 - 기타,안전운전불이행,건조,맑음,단일로 - 기타,승용,남,45세,상해없음,보행자,남,47세,경상
2019121300100728,2019년 12월 13일 22시,금요일,경기도 수원시 장안구 천천동,중상사고,0,1,0,0,차대사람 - 차도통행중,안전운전불이행,건조,흐림,교차로 - 교차로안,승용,남,18세,상해없음,보행자,남,69세,중상
2019121300100778,2019년 12월 13일 23시,금요일,경기도 수원시 장안구 율전동,중상사고,0,1,0,0,차대사람 - 기타,안전운전불이행,젖음/습기,비,교차로 - 교차로부근,승용,남,47세,상해없음,보행자,남,29세,중상