사고번호,사고일시,요일,시군구,사고내용,사망자수,중상자수,경상자수,부상신고자수,사고유형,법규위반,노면상태,기상상태,도로형태,가해운전자 차종,가해운전자 성별,가해운전자 연령,가해운전자 상해정도,피해운전자 차종,피해운전자 성별,피해운전자 연령,피해운전자 상해정도
2020011000100277,2020년 1월 10일 13시,금요일,경기도 수원시 권선구 고색동,경상사고,0,0,2,0,차대차 - 기타,안전운전불이행,건조,맑음,교차로 - 교차로안,승용,남,22세,상해없음,화물,남,59세,경상
2020011000100312,2020년 1월 10일 14시,금요일,경기도 수원시 권선구 권선동,중상사고,0,1,0,0,차대차 - 측면충돌,안전거리미확보,건조,맑음,교차로 - 교차로안,화물,남,57세,상해없음,승용,남,48세,중상
2020011000100412,2020년 1월 10일 17시,금요일,경기도 수원시 권선구 금곡동,경상사고,0,0,1,0,차대차 - 기타,신호위반,건조,맑음,교차로 - 교차로부근,이륜,남,17세,경상,승용,남,48세,상해없음
2020011000100595,2020년 1월 10일 22시,금요일,경기도 수원시 장안구 영화동,경상사고,0,0,1,0,차대사람 - 기타,안전운전불이행,건조,맑음,단일로 - 기타,승용,남,23세,상해없음,보행자,남,59세,경상
2020011000100630,2020년 1월 10일 23시,금요일,경기도 수원시 팔달구 인계동,경상사고,0,0,1,0,차대사람 - 기타,안전운전불이행,건조,맑음,단일로 - 기타,승용,남,26세,상해없음,보행자,남,24세,경상
2020011100100009,2020년 1월 11일 00시,토요일,경기도 수원시 팔달구 매산로1가,경상사고,0,0,1,0,차대사람 - 길가장자리구역통행중,안전운전불이행,건조,맑음,단일로 - 기타,승용,남,62세,상해없음,보행자,여,38세,경상
2020011100100029,2020년 1월 11일 01시,토요일,경기도 수원시 영통구 영통동,경상사고,0,0,1,0,차대차 - 추돌,안전운전불이행,건조,맑음,단일로 - 기타,이륜,남,50세,경상,승용,남,53세,상해없음
2020011100100030,2020년 1월 11일 01시,토요일,경기도 수원시 권선구 고색동,경상사고,0,0,1,0,차대차 - 측면충돌,중앙선침범,건조,맑음,교차로 - 교차로부근,승용,남,38세,상해없음,승용,남,30세,경상
2020011100100039,2020년 1월 11일 02시,토요일,경기도 수원시 팔달구 인계동,경상사고,0,0,3,0,차대차 - 측면충돌,안전거리미확보,건조,맑음,단일로 - 기타,승용,남,52세,상해없음,승용,남,21세,경상
2020011100100075,2020년 1월 11일 06시,토요일,경기도 수원시 영통구 망포동,중상사고,0,1,0,0,차대차 - 기타,안전운전불이행,서리/결빙,맑음,단일로 - 터널,화물,남,34세,상해없음,화물,남,67세,중상
2020011100100145,2020년 1월 11일 10시,토요일,경기도 수원시 권선구 호매실동,경상사고,0,0,2,0,차대차 - 측면충돌,신호위반,건조,맑음,교차로 - 교차로안,승용,여,52세,상해없음,승용,남,37세,경상
2020011100100289,2020년 1월 11일 14시,토요일,경기도 수원시 권선구 권선동,경상사고,0,0,1,0,차대차 - 측면충돌,안전운전불이행,건조,맑음,기타 - 기타,승용,남,59세,상해없음,승용,남,36세,경상
2020011100100291,2020년 1월 11일 14시,토요일,경기도 수원시 권선구 탑동,경상사고,0,0,1,0,차대차 - 기타,안전운전불이행,건조,맑음,교차로 - 교차로부근,승용,남,61세,상해없음,이륜,남,37세,경상
2020011100100320,2020년 1월 11일 15시,토요일,경기도 수원시 권선구 세류동,경상사고,0,0,1,0,차대차 - 측면충돌,안전거리미확보,건조,맑음,단일로 - 기타,승용,여,42세,상해없음,건설기계,남,55세,경상
2020011100100343,2020년 1월 11일 16시,토요일,경기도 수원시 팔달구 매교동,경상사고,0,0,1,0,차대사람 - 보도통행중,안전운전불이행,건조,맑음,단일로 - 기타,승용,남,66세,상해없음,보행자,남,67세,경상
2020011100100421,2020년 1월 11일 18시,토요일,경기도 수원시 팔달구 매산로3가,경상사고,0,0,2,0,차대차 - 추돌,안전운전불이행,건조,맑음,교차로 - 교차로부근,화물,남,59세,상해없음,승용,남,44세,경상
2020011100100459,2020년 1월 11일 19시,토요일,경기도 수원시 장안구 천천동,경상사고,0,0,1,0,차대차 - 측면충돌,안전거리미확보,건조,맑음,교차로 - 교차로부근,승용,여,31세,상해없음,승용,남,54세,경상
2020011100100491,2020년 1월 11일 20시,토요일,경기도 수원시 팔달구 지동,경상사고,0,0,1,0,차대차 - 측면충돌,교차로운행방법위반,건조,맑음,교차로 - 교차로안,승용,남,67세,상해없음,이륜,남,49세,경상
2020011100100496,2020년 1월 11일 20시,토요일,경기도 수원시 권선구 세류동,경상사고,0,0,1,0,차대사람 - 기타,안전운전불이행,건조,맑음,단일로 - 기타,승용,남,37세,상해없음,보행자,여,26세,경상
2020011200100004,2020년 1월 12일 00시,일요일,경기도 수원시 영통구 매탄동,부상신고사고,0,0,0,1,차대차 - 측면충돌,안전운전불이행,건조,맑음,교차로 - 교차로안,원동기,남,16세,부상신고,승용,여,67세,상해없음
2020011200100063,2020년 1월 12일 06시,일요일,경기도 수원시 장안구 하광교동,경상사고,0,0,3,0,차대차 - 기타,안전운전불이행,건조,맑음,단일로 - 기타,승용,남,19세,상해없음,승용,남,44세,경상
2020011200100077,2020년 1월 12일 08시,일요일,경기도 수원시 권선구 고색동,중상사고,0,1,1,0,차대차 - 측면충돌,신호위반,건조,맑음,교차로 - 교차로안,화물,남,37세,상해없음,화물,남,57세,경상
2020011200100088,2020년 1월 12일 09시,일요일,경기도 수원시 장안구 파장동,경상사고,0,0,2,0,차대차 - 추돌,안전운전불이행,건조,맑음,단일로 - 기타,승용,남,42세,상해없음,승용,여,27세,경상
2020011200100136,2020년 1월 12일 12시,일요일,경기도 수원시 팔달구 우만동,중상사고,0,2,0,0,차대차 - 기타,신호위반,건조,맑음,교차로 - 교차로안,승용,남,31세,상해없음,승합,남,48세,상해없음
2020011200100137,2020년 1월 12일 12시,일요일,경기도 수원시 팔달구 화서동,경상사고,0,0,1,0,차대차 - 추돌,안전운전불이행,건조,맑음,단일로 - 기타,승용,남,77세,상해없음,승용,여,60세,경상
2020011200100156,2020년 1월 12일 13시,일요일,경기도 수원시 장안구 조원동,경상사고,0,0,1,0,차대사람 - 기타,기타,건조,맑음,단일로 - 기타,화물,남,61세,상해없음,보행자,남,60세,경상
2020011200100157,2020년 1월 12일 13시,일요일,경기도 수원시 장안구 파장동,중상사고,0,1,0,0,차대차 - 기타,안전운전불이행,건조,맑음,단일로 - 기타,승용,남,42세,상해없음,자전거,남,52세,중상
2020011200100357,2020년 1월 12일 21시,일요일,경기도 수원시 권선구 탑동,경상사고,0,0,1,0,차대차 - 기타,신호위반,건조,맑음,단일로 - 기타,승용,남,62세,상해없음,승용,남,33세,경상
2020011200100373,2020년 1월 12일 22시,일요일,경기도 수원시 장안구 율전동,중상사고,0,1,0,0,차대차 - 기타,교차로운행방법위반,건조,맑음,교차로 - 교차로안,승용,남,28세,상해없음,이륜,남,23세,중상
2020011200100384,2020년 1월 12일 23시,일요일,경기도 수원시 장안구 천천동,경상사고,0,0,1,0,차대차 - 추돌,신호위반,건조,맑음,교차로 - 교차로안,승용,여,47세,상해없음,원동기,남,56세,경상
2020011300100030,2020년 1월 13일 06시,월요일,경기도 수원시 권선구 호매실동,경상사고,0,0,1,0,차대차 - 추돌,안전운전불이행,건조,맑음,단일로 - 기타,승용,남,35세,상해없음,승용,여,50세,경상
2020011300100051,2020년 1월 13일 07시,월요일,경기도 수원시 팔달구 인계동,중상사고,0,1,0,0,차대사람 - 횡단중,안전운전불이행,건조,맑음,단일로 - 기타,승용,남,55세,상해없음,보행자,여,77세,중상
2020011300100157,2020년 1월 13일 11시,월요일,경기도 수원시 장안구 영화동,중상사고,0,1,1,0,차대차 - 기타,안전운전불이행,건조,맑음,단일로 - 기타,승합,남,64세,상해없음,승용,남,59세,경상
2020011300100191,2020년 1월 13일 12시,월요일,경기도 수원시 장안구 송죽동,경상사고,0,0,1,0,차대차 - 측면충돌,안전거리미확보,건조,맑음,교차로 - 교차로부근,승용,남,69세,상해없음,이륜,남,27세,경상
2020011300100290,2020년 1월 13일 15시,월요일,경기도 수원시 장안구 천천동,부상신고사고,0,0,0,1,차대차 - 정면충돌,교차로운행방법위반,건조,맑음,교차로 - 교차로안,이륜,남,45세,부상신고,승용,여,60세,상해없음
2020011300100291,2020년 1월 13일 15시,월요일,경기도 수원시 장안구 연무동,경상사고,0,0,1,0,차대차 - 기타,신호위반,건조,맑음,교차로 - 교차로안,승용,여,45세,상해없음,이륜,남,39세,경상
2020011300100296,2020년 1월 13일 15시,월요일,경기도 수원시 영통구 원천동,중상사고,0,1,0,0,차대차 - 측면충돌,신호위반,건조,맑음,교차로 - 교차로안,이륜,남,41세,상해없음,승용,여,39세,중상
2020011300100338,2020년 1월 13일 16시,월요일,경기도 수원시 팔달구 인계동,부상신고사고,0,0,0,1,차대차 - 측면충돌,교차로운행방법위반,건조,맑음,교차로 - 교차로횡단보도내,승용,남,58세,상해없음,자전거,남,66세,부상신고
2020011300100339,2020년 1월 13일 16시,월요일,경기도 수원시 영통구 하동,경상사고,0,0,1,0,차대사람 - 기타,신호위반,건조,맑음,교차로 - 교차로횡단보도내,승용,여,56세,상해없음,보행자,여,48세,경상
2020011300100428,2020년 1월 13일 18시,월요일,경기도 수원시 팔달구 인계동,경상사고,0,0,1,0,차대사람 - 차도통행중,보행자보호의무위반,건조,맑음,단일로 - 기타,승용,남,38세,상해없음,보행자,남,47세,경상
2020011300100476,2020년 1월 13일 19시,월요일,경기도 수원시 권선구 곡반정동,부상신고사고,0,0,0,1,차대차 - 측면충돌,안전운전불이행,건조,맑음,단일로 - 기타,이륜,남,26세,부상신고,승용,남,30세,상해없음
2020011300100506,2020년 1월 13일 20시,월요일,경기도 수원시 장안구 송죽동,경상사고,0,0,2,0,차대사람 - 기타,보행자보호의무위반,건조,맑음,교차로 - 교차로횡단보도내,승용,남,73세,상해없음,보행자,여,39세,경상
2020011300100507,2020년 1월 13일 20시,월요일,경기도 수원시 장안구 율전동,경상사고,0,0,2,0,차대차 - 측면충돌,기타,건조,맑음,교차로 - 교차로안,이륜,남,16세,경상,승용,남,26세,경상
2020011300100568,2020년 1월 13일 22시,월요일,경기도 수원시 팔달구 우만동,경상사고,0,0,3,0,차대차 - 측면충돌,신호위반,건조,맑음,교차로 - 교차로안,승용,남,35세,상해없음,승용,남,72세,경상
2020011300100588,2020년 1월 13일 23시,월요일,경기도 수원시 장안구 영화동,부상신고사고,0,0,0,1,차대차 - 기타,안전운전불이행,건조,맑음,교차로 - 교차로안,이륜,남,29세,부상신고,승용,남,38세,상해없음
2020011300100591,2020년 1월 13일 23시,월요일,경기도 수원시 권선구 서둔동,중상사고,0,1,2,0,차대차 - 측면충돌,신호위반,건조,맑음,교차로 - 교차로안,승용,여,50세,상해없음,승용,남,51세,중상
2020011400100008,2020년 1월 14일 00시,화요일,경기도 수원시 영통구 영통동,사망사고,1,0,0,0,차대사람 - 횡단중,안전운전불이행,건조,맑음,교차로 - 교차로횡단보도내,승용,남,34세,상해없음,보행자,남,60세,사망
2020011400100009,2020년 1월 14일 00시,화요일,경기도 수원시 권선구 권선동,경상사고,0,0,1,0,차대차 - 측면충돌,신호위반,건조,맑음,교차로 - 교차로안,이륜,남,30세,상해없음,이륜,남,40세,경상
2020011400100010,2020년 1월 14일 00시,화요일,경기도 수원시 팔달구 인계동,경상사고,0,0,1,0,차대차 - 기타,안전운전불이행,건조,맑음,단일로 - 기타,승용,남,47세,상해없음,승용,여,28세,경상
2020011400100127,2020년 1월 14일 09시,화요일,경기도 수원시 팔달구 인계동,부상신고사고,0,0,0,1,차대차 - 측면충돌,중앙선침범,건조,맑음,단일로 - 기타,이륜,남,69세,부상신고,승용,여,34세,상해없음
2020011400100128,2020년 1월 14일 09시,화요일,경기도 수원시 권선구 세류동,중상사고,0,1,0,0,차대사람 - 기타,기타,건조,맑음,단일로 - 기타,승합,남,43세,상해없음,보행자,여,83세,중상
2020011400100231,2020년 1월 14일 12시,화요일,경기도 수원시 팔달구 신풍동,경상사고,0,0,3,0,차대차 - 기타,안전거리미확보,건조,맑음,단일로 - 기타,승용,여,38세,상해없음,승용,남,48세,경상
2020011400100398,2020년 1월 14일 17시,화요일,경기도 수원시 팔달구 화서동,경상사고,0,0,1,0,차대차 - 기타,안전운전불이행,건조,맑음,단일로 - 기타,승용,남,31세,상해없음,이륜,남,27세,경상
2020011400100404,2020년 1월 14일 17시,화요일,경기도 수원시 권선구 권선동,경상사고,0,0,1,0,차대차 - 기타,차로위반,건조,맑음,단일로 - 기타,승용,남,58세,상해없음,승용,남,41세,경상
2020011400100448,2020년 1월 14일 18시,화요일,경기도 수원시 영통구 이의동,경상사고,0,0,1,0,차대차 - 기타,교차로운행방법위반,건조,맑음,교차로 - 교차로부근,승용,여,61세,상해없음,승용,남,52세,경상
2020011400100498,2020년 1월 14일 19시,화요일,경기도 수원시 영통구 영통동,경상사고,0,0,1,0,차대차 - 측면충돌,안전운전불이행,건조,맑음,단일로 - 기타,승용,여,51세,상해없음,이륜,남,55세,경상
2020011400100529,2020년 1월 14일 20시,화요일,경기도 수원시 장안구 천천동,경상사고,0,0,2,0,차량단독 - 기타,안전운전불이행,건조,맑음,단일로 - 기타,승합,남,59세,상해없음,,,,
2020011500100017,2020년 1월 15일 01시,수요일,경기도 수원시 권선구 권선동,경상사고,0,0,1,0,차대차 - 추돌,안전운전불이행,젖음/습기,흐림,단일로 - 기타,승용,남,31세,상해없음,승용,남,21세,경상
2020011500100087,2020년 1월 15일 08시,수요일,경기도 수원시 장안구 조원동,경상사고,0,0,1,0,차대사람 - 기타,안전운전불이행,건조,맑음,단일로 - 기타,승용,남,30세,상해없음,보행자,여,30세,경상
2020011500100119,2020년 1월 15일 09시,수요일,경기도 수원시 장안구 조원동,중상사고,0,1,0,0,차대사람 - 횡단중,보행자보호의무위반,건조,맑음,교차로 - 교차로안,승용,여,52세,상해없음,보행자,여,58세,중상
2020011500100122,2020년 1월 15일 09시,수요일,경기도 수원시 권선구 금곡동,중상사고,0,1,0,1,차대차 - 정면충돌,안전운전불이행,건조,맑음,교차로 - 교차로안,승용,남,29세,부상신고,승용,남,73세,중상
2020011500100152,2020년 1월 15일 10시,수요일,경기도 수원시 영통구 원천동,경상사고,0,0,8,0,차대차 - 추돌,안전운전불이행,건조,맑음,교차로 - 교차로부근,승합,남,56세,상해없음,승합,남,63세,경상
2020011500100177,2020년 1월 15일 11시,수요일,경기도 수원시 권선구 곡반정동,경상사고,0,0,1,0,차대차 - 측면충돌,안전운전불이행,건조,맑음,단일로 - 기타,원동기,남,35세,상해없음,승합,남,57세,상해없음
2020011500100238,2020년 1월 15일 13시,수요일,경기도 수원시 팔달구 우만동,경상사고,0,0,2,1,차대차 - 추돌,안전운전불이행,건조,맑음,단일로 - 기타,승용,여,59세,상해없음,승용,여,23세,경상
2020011500100499,2020년 1월 15일 19시,수요일,경기도 수원시 영통구 이의동,경상사고,0,0,1,0,차대차 - 측면충돌,신호위반,건조,맑음,교차로 - 교차로안,승용,여,31세,상해없음,자전거,여,28세,경상
2020011500100501,2020년 1월 15일 19시,수요일,경기도 수원시 팔달구 인계동,중상사고,0,1,0,0,차대차 - 측면충돌,교차로운행방법위반,건조,맑음,교차로 - 교차로안,승용,여,36세,상해없음,이륜,남,26세,중상
2020011500100502,2020년 1월 15일 19시,수요일,경기도 수원시 팔달구 인계동,중상사고,0,1,0,0,차대사람 - 횡단중,신호위반,건조,맑음,교차로 - 교차로횡단보도내,승용,여,62세,상해없음,보행자,여,54세,중상
2020011500100506,2020년 1월 15일 19시,수요일,경기도 수원시 권선구 세류동,경상사고,0,0,1,0,차대차 - 추돌,안전운전불이행,건조,맑음,단일로 - 기타,승용,남,52세,상해없음,승용,여,34세,경상
2020011500100507,2020년 1월 15일 19시,수요일,경기도 수원시 팔달구 매산로2가,경상사고,0,0,1,0,차대차 - 추돌,안전운전불이행,건조,맑음,교차로 - 교차로안,승용,남,29세,상해없음,승용,남,43세,경상
2020011500100581,2020년 1월 15일 21시,수요일,경기도 수원시 영통구 영통동,경상사고,0,0,1,0,차대사람 - 기타,안전운전불이행,건조,맑음,교차로 - 교차로부근,기타불명,기타불명,미분류,기타불명,보행자,남,53세,경상
2020011500100582,2020년 1월 15일 21시,수요일,경기도 수원시 영통구 이의동,중상사고,0,1,0,0,차대차 - 기타,신호위반,건조,맑음,교차로 - 교차로안,승용,남,34세,상해없음,이륜,남,21세,중상
2020011500100583,2020년 1월 15일 21시,수요일,경기도 수원시 팔달구 교동,경상사고,0,0,2,0,차대차 - 추돌,안전운전불이행,건조,맑음,단일로 - 기타,승용,남,55세,상해없음,승합,남,42세,경상
2020011500100631,2020년 1월 15일 23시,수요일,경기도 수원시 영통구 이의동,경상사고,0,0,6,0,차대차 - 기타,신호위반,건조,맑음,교차로 - 교차로안,승용,남,63세,상해없음,승용,남,64세,경상
2020011500100632,2020년 1월 15일 23시,수요일,경기도 수원시 권선구 탑동,경상사고,0,0,2,0,차대차 - 기타,안전운전불이행,건조,맑음,교차로 - 교차로안,이륜,남,33세,상해없음,승용,남,30세,경상
2020011500100633,2020년 1월 15일 23시,수요일,경기도 수원시 권선구 서둔동,경상사고,0,0,1,0,차대차 - 추돌,안전운전불이행,건조,맑음,교차로 - 교차로부근,승용,남,32세,상해없음,승용,남,49세,경상
2020011600100030,2020년 1월 16일 04시,목요일,경기도 수원시 권선구 곡반정동,경상사고,0,0,1,1,차대차 - 측면충돌,안전운전불이행,건조,맑음,단일로 - 기타,이륜,남,40세,부상신고,승용,남,51세,경상
2020011600100048,2020년 1월 16일 06시,목요일,경기도 수원시 영통구 매탄동,부상신고사고,0,0,0,1,차대차 - 추돌,안전거리미확보,건조,맑음,교차로 - 교차로안,승용,남,47세,부상신고,승용,남,72세,상해없음
2020011600100050,2020년 1월 16일 06시,목요일,경기도 수원시 권선구 금곡동,경상사고,0,0,1,0,차대차 - 측면충돌,신호위반,건조,맑음,단일로 - 터널,승용,남,31세,상해없음,승용,여,56세,경상
2020011600100119,2020년 1월 16일 09시,목요일,경기도 수원시 팔달구 중동,경상사고,0,0,1,0,차대차 - 기타,안전운전불이행,건조,맑음,교차로 - 교차로안,승용,남,28세,상해없음,승용,남,81세,경상
2020011600100222,2020년 1월 16일 12시,목요일,경기도 수원시 권선구 서둔동,경상사고,0,0,1,0,차대차 - 기타,안전거리미확보,건조,맑음,단일로 - 기타,승합,남,56세,상해없음,자전거,남,84세,경상
2020011600100287,2020년 1월 16일 14시,목요일,경기도 수원시 권선구 세류동,경상사고,0,0,1,0,차대차 - 기타,안전운전불이행,건조,맑음,단일로 - 기타,승용,남,25세,상해없음,승용,여,41세,경상
2020011600100316,2020년 1월 16일 15시,목요일,경기도 수원시 영통구 영통동,중상사고,0,1,4,0,차량단독 - 기타,안전운전불이행,건조,맑음,단일로 - 기타,승합,여,56세,상해없음,,,,
2020011600100346,2020년 1월 16일 16시,목요일,경기도 수원시 장안구 송죽동,경상사고,0,0,1,0,차대사람 - 횡단중,안전운전불이행,건조,맑음,단일로 - 기타,승용,남,70세,상해없음,보행자,여,55세,경상
2020011600100353,2020년 1월 16일 16시,목요일,경기도 수원시 영통구 영통동,경상사고,0,0,1,0,차대차 - 측면충돌,차로위반,건조,맑음,교차로 - 교차로부근,승용,여,36세,상해없음,승용,남,76세,경상
2020011600100392,2020년 1월 16일 17시,목요일,경기도 수원시 영통구 원천동,경상사고,0,0,3,0,차대차 - 추돌,안전운전불이행,건조,맑음,단일로 - 기타,건설기계,남,74세,상해없음,화물,남,38세,경상
2020011600100393,2020년 1월 16일 17시,목요일,경기도 수원시 권선구 곡반정동,경상사고,0,0,1,0,차대차 - 측면충돌,교차로운행방법위반,건조,맑음,교차로 - 교차로안,승용,여,47세,상해없음,승용,여,34세,경상
2020011600100439,2020년 1월 16일 18시,목요일,경기도 수원시 팔달구 화서동,경상사고,0,0,1,0,차대사람 - 횡단중,신호위반,건조,맑음,단일로 - 기타,승용,여,50세,상해없음,보행자,여,36세,경상
2020011600100507,2020년 1월 16일 19시,목요일,경기도 수원시 권선구 금곡동,경상사고,0,0,1,0,차대차 - 기타,안전운전불이행,건조,맑음,교차로 - 교차로안,승합,남,65세,상해없음,승용,남,30세,경상
2020011600100544,2020년 1월 16일 20시,목요일,경기도 수원시 장안구 연무동,경상사고,0,0,2,0,차대차 - 기타,안전거리미확보,건조,맑음,교차로 - 교차로안,승용,남,65세,경상,화물,남,53세,경상
2020011700100040,2020년 1월 17일 05시,금요일,경기도 수원시 영통구 매탄동,경상사고,0,0,2,0,차대차 - 측면충돌,신호위반,건조,맑음,교차로 - 교차로안,승용,남,62세,상해없음,승용,남,27세,경상
2020011700100056,2020년 1월 17일 06시,금요일,경기도 수원시 장안구 조원동,중상사고,0,1,0,0,차대사람 - 횡단중,신호위반,건조,맑음,교차로 - 교차로안,승용,남,57세,상해없음,보행자,여,58세,중상
2020011700100062,2020년 1월 17일 06시,금요일,경기도 수원시 영통구 매탄동,경상사고,0,0,1,0,차대사람 - 횡단중,신호위반,건조,맑음,단일로 - 기타,승용,여,26세,상해없음,보행자,남,54세,경상
2020011700100199,2020년 1월 17일 12시,금요일,경기도 수원시 권선구 권선동,경상사고,0,0,1,0,차대차 - 추돌,안전운전불이행,건조,맑음,교차로 - 교차로부근,승용,남,32세,상해없음,승용,남,35세,경상
2020011700100336,2020년 1월 17일 16시,금요일,경기도 수원시 장안구 율전동,경상사고,0,0,1,0,차대사람 - 기타,안전운전불이행,건조,맑음,단일로 - 기타,승용,남,29세,상해없음,보행자,여,49세,경상
2020011700100375,2020년 1월 17일 17시,금요일,경기도 수원시 권선구 탑동,경상사고,0,0,1,0,차대차 - 기타,안전운전불이행,건조,맑음,교차로 - 교차로안,화물,남,48세,상해없음,승합,남,63세,상해없음
2020011700100423,2020년 1월 17일 18시,금요일,경기도 수원시 팔달구 매교동,경상사고,0,0,2,0,차대차 - 기타,차로위반,건조,맑음,단일로 - 기타,승용,남,53세,상해없음,승용,남,21세,경상
2020011700100482,2020년 1월 17일 19시,금요일,경기도 수원시 팔달구 매산로1가,경상사고,0,0,1,0,차대차 - 측면충돌,안전운전불이행,건조,맑음,교차로 - 교차로부근,승용,남,23세,경상,승합,남,52세,상해없음
2020011700100530,2020년 1월 17일 20시,금요일,경기도 수원시 팔달구 매산로2가,부상신고사고,0,0,0,1,차대차 - 기타,안전운전불이행,건조,맑음,단일로 - 기타,승용,남,52세,상해없음,승용,남,24세,부상신고
2020011700100597,2020년 1월 17일 22시,금요일,경기도 수원시 영통구 신동,부상신고사고,0,0,0,1,차대차 - 기타,신호위반,건조,맑음,교차로 - 교차로안,승합,남,44세,상해없음,승용,남,60세,부상신고
2020011700100598,2020년 1월 17일 22시,금요일,경기도 수원시 팔달구 인계동,경상사고,0,0,4,0,차대차 - 측면충돌,안전운전불이행,건조,맑음,단일로 - 기타,승용,남,36세,상해없음,승용,남,58세,경상
2020011800100056,2020년 1월 18일 05시,토요일,경기도 수원시 권선구 곡반정동,경상사고,0,0,1,0,차대차 - 기타,안전운전불이행,건조,맑음,단일로 - 기타,승용,남,36세,상해없음,개인형이동수단(PM),남,31세,경상
2020011800100149,2020년 1월 18일 10시,토요일,경기도 수원시 권선구 세류동,중상사고,0,1,0,0,차량단독 - 기타,안전거리미확보,건조,맑음,교차로 - 교차로부근,승합,여,53세,상해없음,,,,
2020011800100179,2020년 1월 18일 11시,토요일,경기도 수원시 권선구 세류동,중상사고,0,1,1,0,차대차 - 측면충돌,신호위반,건조,맑음,교차로 - 교차로안,승합,남,51세,상해없음,승용,남,39세,경상
2020011800100298,2020년 1월 18일 14시,토요일,경기도 수원시 권선구 권선동,중상사고,0,1,0,0,차대차 - 측면충돌,교차로운행방법위반,건조,맑음,교차로 - 교차로안,승용,남,26세,상해없음,이륜,남,33세,중상
2020011800100332,2020년 1월 18일 15시,토요일,경기도 수원시 영통구 영통동,경상사고,0,0,1,0,차대사람 - 기타,기타,건조,맑음,단일로 - 기타,승합,남,55세,상해없음,보행자,여,26세,경상
2020011800100362,2020년 1월 18일 16시,토요일,경기도 수원시 장안구 송죽동,경상사고,0,0,5,0,차대차 - 기타,안전운전불이행,건조,맑음,단일로 - 기타,화물,남,49세,상해없음,승용,여,37세,경상
2020011800100494,2020년 1월 18일 19시,토요일,경기도 수원시 권선구 권선동,경상사고,0,0,1,0,차대차 - 기타,안전운전불이행,건조,맑음,단일로 - 기타,승용,여,49세,상해없음,이륜,남,40세,경상
2020011800100548,2020년 1월 18일 21시,토요일,경기도 수원시 영통구 원천동,경상사고,0,0,1,0,차대사람 - 기타,안전운전불이행,건조,맑음,단일로 - 기타,승용,여,39세,상해없음,보행자,남,51세,경상
2020011800100592,2020년 1월 18일 23시,토요일,경기도 수원시 팔달구 화서동,중상사고,0,1,0,0,차대사람 - 횡단중,안전운전불이행,건조,맑음,단일로 - 기타,승용,남,66세,상해없음,보행자,남,49세,중상
2020011900100052,2020년 1월 19일 04시,일요일,경기도 수원시 권선구 세류동,경상사고,0,0,1,0,차대차 - 추돌,안전운전불이행,건조,맑음,단일로 - 기타,화물,남,30세,기타불명,승용,여,37세,경상
2020011900100060,2020년 1월 19일 06시,일요일,경기도 수원시 장안구 율전동,경상사고,0,0,1,0,차대차 - 기타,안전거리미확보,건조,맑음,단일로 - 기타,승용,남,57세,상해없음,승용,남,31세,경상
2020011900100073,2020년 1월 19일 07시,일요일,경기도 수원시 권선구 탑동,경상사고,0,0,1,0,차대차 - 기타,신호위반,건조,맑음,교차로 - 교차로안,승용,남,64세,상해없음,승용,남,36세,경상
2020011900100098,2020년 1월 19일 09시,일요일,경기도 수원시 팔달구 인계동,경상사고,0,0,1,0,차대사람 - 보도통행중,안전운전불이행,건조,맑음,단일로 - 기타,승용,남,62세,상해없음,보행자,남,21세,경상
2020011900100274,2020년 1월 19일 16시,일요일,경기도 수원시 팔달구 매산로2가,경상사고,0,0,1,0,차대사람 - 기타,안전운전불이행,건조,맑음,단일로 - 기타,승용,남,35세,상해없음,보행자,남,50세,경상
2020011900100364,2020년 1월 19일 19시,일요일,경기도 수원시 장안구 조원동,중상사고,0,1,1,0,차대차 - 기타,안전거리미확보,건조,맑음,교차로 - 교차로부근,승용,남,67세,상해없음,승용,남,28세,경상
2020011900100367,2020년 1월 19일 19시,일요일,경기도 수원시 영통구 영통동,경상사고,0,0,1,0,차대차 - 추돌,안전운전불이행,건조,맑음,교차로 - 교차로부근,승용,남,41세,상해없음,승용,여,35세,경상
2020011900100413,2020년 1월 19일 21시,일요일,경기도 수원시 권선구 탑동,중상사고,0,1,0,0,차대사람 - 횡단중,보행자보호의무위반,건조,맑음,교차로 - 교차로안,승용,여,39세,상해없음,보행자,남,50세,중상
2020011900100430,2020년 1월 19일 22시,일요일,경기도 수원시 팔달구 인계동,경상사고,0,0,2,0,차대차 - 측면충돌,신호위반,건조,맑음,단일로 - 기타,승용,남,72세,상해없음,승용,여,26세,경상
2020012000100071,2020년 1월 20일 07시,월요일,경기도 수원시 팔달구 지동,경상사고,0,0,2,0,차대차 - 추돌,안전운전불이행,건조,맑음,단일로 - 기타,승용,남,81세,상해없음,승합,남,55세,경상
2020012000100075,2020년 1월 20일 07시,월요일,경기도 수원시 영통구 매탄동,중상사고,0,1,0,0,차량단독 - 기타,안전운전불이행,건조,맑음,단일로 - 기타,화물,남,44세,상해없음,,,,
2020012000100113,2020년 1월 20일 08시,월요일,경기도 수원시 팔달구 매산로3가,경상사고,0,0,1,0,차대차 - 측면충돌,안전거리미확보,건조,맑음,교차로 - 교차로부근,승용,여,26세,상해없음,승용,남,37세,경상