사고번호,사고일시,요일,시군구,사고내용,사망자수,중상자수,경상자수,부상신고자수,사고유형,법규위반,노면상태,기상상태,도로형태,가해운전자 차종,가해운전자 성별,가해운전자 연령,가해운전자 상해정도,피해운전자 차종,피해운전자 성별,피해운전자 연령,피해운전자 상해정도
2020012000100147,2020년 1월 20일 09시,월요일,경기도 수원시 영통구 매탄동,경상사고,0,0,2,0,차대차 - 측면충돌,신호위반,건조,맑음,교차로 - 교차로안,승용,남,49세,상해없음,승용,남,35세,경상
2020012000100148,2020년 1월 20일 09시,월요일,경기도 수원시 권선구 권선동,경상사고,0,0,1,0,차대차 - 측면충돌,신호위반,건조,맑음,교차로 - 교차로안,승용,여,44세,상해없음,승용,남,41세,경상
2020012000100149,2020년 1월 20일 09시,월요일,경기도 수원시 팔달구 인계동,부상신고사고,0,0,0,1,차대사람 - 기타,안전운전불이행,건조,맑음,기타 - 기타,승용,여,46세,상해없음,보행자,남,50세,부상신고
2020012000100264,2020년 1월 20일 12시,월요일,경기도 수원시 영통구 망포동,경상사고,0,0,1,1,차대차 - 측면충돌,신호위반,건조,맑음,교차로 - 교차로안,이륜,남,34세,부상신고,화물,남,56세,경상
2020012000100385,2020년 1월 20일 15시,월요일,경기도 수원시 팔달구 지동,경상사고,0,0,4,0,차대차 - 측면충돌,안전운전불이행,건조,맑음,단일로 - 기타,승용,남,39세,상해없음,승용,여,31세,경상
2020012000100430,2020년 1월 20일 16시,월요일,경기도 수원시 팔달구 팔달로2가,경상사고,0,0,2,0,차대차 - 측면충돌,안전거리미확보,건조,맑음,교차로 - 교차로안,승합,남,62세,상해없음,승용,남,27세,경상
2020012000100465,2020년 1월 20일 17시,월요일,경기도 수원시 장안구 정자동,경상사고,0,0,1,0,차대차 - 기타,교차로운행방법위반,건조,맑음,교차로 - 교차로안,승용,남,74세,상해없음,승용,여,34세,경상
2020012000100466,2020년 1월 20일 17시,월요일,경기도 수원시 장안구 정자동,경상사고,0,0,1,0,차대사람 - 기타,안전운전불이행,건조,맑음,교차로 - 교차로안,승용,남,48세,상해없음,보행자,여,41세,경상
2020012000100473,2020년 1월 20일 17시,월요일,경기도 수원시 권선구 권선동,경상사고,0,0,1,0,차대차 - 측면충돌,직진우회전진행방해,건조,맑음,교차로 - 교차로안,승용,여,36세,상해없음,자전거,남,11세,경상
2020012000100520,2020년 1월 20일 18시,월요일,경기도 수원시 권선구 호매실동,경상사고,0,0,1,0,차대차 - 측면충돌,중앙선침범,건조,맑음,교차로 - 교차로부근,승용,남,44세,상해없음,승용,남,33세,경상
2020012000100689,2020년 1월 20일 23시,월요일,경기도 수원시 권선구 세류동,경상사고,0,0,2,0,차량단독 - 기타,안전운전불이행,건조,맑음,단일로 - 기타,승용,남,58세,상해없음,,,,
2020012100100021,2020년 1월 21일 01시,화요일,경기도 수원시 영통구 망포동,경상사고,0,0,2,0,차대차 - 측면충돌,안전운전불이행,건조,맑음,교차로 - 교차로안,승용,남,30세,상해없음,승용,남,64세,경상
2020012100100022,2020년 1월 21일 01시,화요일,경기도 수원시 팔달구 인계동,경상사고,0,0,2,0,차대차 - 추돌,안전운전불이행,건조,맑음,교차로 - 교차로안,승용,남,27세,상해없음,승용,남,58세,경상
2020012100100064,2020년 1월 21일 06시,화요일,경기도 수원시 영통구 원천동,경상사고,0,0,1,0,차대차 - 기타,안전운전불이행,건조,맑음,교차로 - 교차로부근,승합,남,63세,상해없음,승용,남,39세,경상
2020012100100066,2020년 1월 21일 06시,화요일,경기도 수원시 권선구 고색동,경상사고,0,0,1,0,차대차 - 기타,안전운전불이행,건조,맑음,교차로 - 교차로부근,승용,남,55세,상해없음,승용,남,36세,경상
2020012100100115,2020년 1월 21일 08시,화요일,경기도 수원시 영통구 망포동,경상사고,0,0,2,0,차대차 - 기타,안전운전불이행,건조,맑음,단일로 - 기타,승용,여,26세,상해없음,승용,남,28세,경상
2020012100100232,2020년 1월 21일 11시,화요일,경기도 수원시 권선구 세류동,경상사고,0,0,1,0,차대차 - 추돌,안전거리미확보,건조,맑음,단일로 - 기타,승용,남,27세,상해없음,승용,남,31세,경상
2020012100100266,2020년 1월 21일 12시,화요일,경기도 수원시 장안구 조원동,경상사고,0,0,1,0,차대사람 - 길가장자리구역통행중,안전운전불이행,건조,맑음,단일로 - 기타,승용,남,56세,상해없음,보행자,남,31세,경상
2020012100100363,2020년 1월 21일 14시,화요일,경기도 수원시 영통구 이의동,경상사고,0,0,1,0,차대차 - 측면충돌,신호위반,건조,맑음,교차로 - 교차로안,승용,여,35세,상해없음,화물,남,37세,경상
2020012100100404,2020년 1월 21일 15시,화요일,경기도 수원시 팔달구 팔달로1가,경상사고,0,0,2,0,차대차 - 추돌,안전운전불이행,건조,맑음,교차로 - 교차로부근,이륜,남,58세,상해없음,승용,남,59세,상해없음
2020012100100561,2020년 1월 21일 18시,화요일,경기도 수원시 장안구 영화동,중상사고,0,1,1,0,차대차 - 기타,중앙선침범,건조,맑음,교차로 - 교차로안,이륜,남,42세,상해없음,승용,남,53세,경상
2020012100100566,2020년 1월 21일 18시,화요일,경기도 수원시 권선구 권선동,경상사고,0,0,1,0,차대차 - 측면충돌,신호위반,건조,맑음,교차로 - 교차로안,승용,여,44세,상해없음,승합,남,45세,상해없음
2020012100100568,2020년 1월 21일 18시,화요일,경기도 수원시 권선구 입북동,경상사고,0,0,5,0,차대차 - 추돌,안전거리미확보,건조,맑음,단일로 - 기타,승용,남,33세,상해없음,승용,남,60세,경상
2020012100100570,2020년 1월 21일 18시,화요일,경기도 수원시 권선구 호매실동,경상사고,0,0,3,0,차대차 - 추돌,안전운전불이행,건조,맑음,단일로 - 기타,승용,남,78세,상해없음,승용,남,21세,경상
2020012100100624,2020년 1월 21일 19시,화요일,경기도 수원시 장안구 천천동,중상사고,0,1,4,0,차대차 - 측면충돌,신호위반,건조,맑음,교차로 - 교차로안,승합,남,58세,상해없음,승용,남,39세,경상
2020012100100669,2020년 1월 21일 20시,화요일,경기도 수원시 팔달구 인계동,경상사고,0,0,2,0,차대차 - 측면충돌,안전운전불이행,건조,맑음,단일로 - 기타,승용,여,53세,상해없음,승용,여,40세,경상
2020012100100721,2020년 1월 21일 22시,화요일,경기도 수원시 영통구 영통동,경상사고,0,0,2,0,차대차 - 측면충돌,중앙선침범,건조,맑음,단일로 - 기타,화물,남,58세,상해없음,승용,남,22세,경상
2020012100100742,2020년 1월 21일 23시,화요일,경기도 수원시 권선구 금곡동,부상신고사고,0,0,0,1,차대차 - 기타,안전거리미확보,건조,맑음,단일로 - 기타,승용,남,26세,상해없음,이륜,남,22세,부상신고
2020012200100128,2020년 1월 22일 09시,수요일,경기도 수원시 팔달구 지동,경상사고,0,0,1,0,차대차 - 기타,안전운전불이행,건조,맑음,단일로 - 기타,승용,여,30세,상해없음,화물,남,53세,경상
2020012200100365,2020년 1월 22일 16시,수요일,경기도 수원시 권선구 구운동,경상사고,0,0,2,0,차대차 - 기타,안전운전불이행,건조,맑음,단일로 - 기타,화물,남,36세,상해없음,승용,여,50세,경상
2020012200100416,2020년 1월 22일 17시,수요일,경기도 수원시 장안구 송죽동,경상사고,0,0,1,0,차대사람 - 기타,보행자보호의무위반,건조,맑음,단일로 - 기타,승용,남,42세,상해없음,보행자,여,36세,경상
2020012200100475,2020년 1월 22일 18시,수요일,경기도 수원시 장안구 조원동,경상사고,0,0,1,0,차대사람 - 기타,기타,건조,맑음,단일로 - 기타,승용,남,25세,상해없음,보행자,여,57세,경상
2020012200100484,2020년 1월 22일 18시,수요일,경기도 수원시 영통구 매탄동,부상신고사고,0,0,0,1,차대사람 - 횡단중,신호위반,건조,맑음,교차로 - 교차로안,기타불명,기타불명,미분류,기타불명,보행자,여,29세,부상신고
2020012200100485,2020년 1월 22일 18시,수요일,경기도 수원시 팔달구 인계동,경상사고,0,0,1,0,차대차 - 기타,안전거리미확보,건조,맑음,단일로 - 기타,승합,남,58세,상해없음,승합,남,55세,상해없음
2020012200100488,2020년 1월 22일 18시,수요일,경기도 수원시 권선구 서둔동,경상사고,0,0,2,0,차대차 - 추돌,안전거리미확보,건조,맑음,단일로 - 교량,승용,남,29세,상해없음,승용,남,70세,경상
2020012200100657,2020년 1월 22일 21시,수요일,경기도 수원시 권선구 권선동,경상사고,0,0,3,0,차대차 - 추돌,안전운전불이행,건조,맑음,교차로 - 교차로부근,승용,여,41세,상해없음,승용,남,63세,경상
2020012200100726,2020년 1월 22일 23시,수요일,경기도 수원시 장안구 천천동,경상사고,0,0,2,0,차대사람 - 횡단중,신호위반,건조,맑음,교차로 - 교차로안,승용,남,70세,상해없음,보행자,남,22세,경상
2020012300100007,2020년 1월 23일 00시,목요일,경기도 수원시 팔달구 인계동,경상사고,0,0,1,0,차대사람 - 차도통행중,안전운전불이행,건조,맑음,기타 - 기타,승용,남,62세,상해없음,보행자,남,53세,경상
2020012300100072,2020년 1월 23일 05시,목요일,경기도 수원시 팔달구 교동,경상사고,0,0,1,0,차대차 - 기타,안전운전불이행,건조,맑음,단일로 - 기타,승용,남,37세,상해없음,이륜,남,34세,경상
2020012300100145,2020년 1월 23일 09시,목요일,경기도 수원시 장안구 영화동,사망사고,1,0,1,0,차대차 - 측면충돌,교차로운행방법위반,건조,맑음,교차로 - 교차로안,이륜,남,68세,사망,승용,여,33세,경상
2020012300100205,2020년 1월 23일 11시,목요일,경기도 수원시 팔달구 화서동,부상신고사고,0,0,0,1,차대사람 - 횡단중,안전운전불이행,건조,맑음,교차로 - 교차로부근,승용,남,42세,상해없음,보행자,남,85세,부상신고
2020012300100213,2020년 1월 23일 11시,목요일,경기도 수원시 권선구 고색동,경상사고,0,0,1,0,차대차 - 추돌,안전거리미확보,건조,맑음,교차로 - 교차로부근,승합,남,49세,상해없음,승용,여,45세,경상
2020012300100214,2020년 1월 23일 11시,목요일,경기도 수원시 권선구 오목천동,경상사고,0,0,1,0,차대차 - 측면충돌,안전운전불이행,건조,맑음,단일로 - 기타,승용,여,52세,상해없음,이륜,남,40세,경상
2020012300100215,2020년 1월 23일 11시,목요일,경기도 수원시 권선구 호매실동,경상사고,0,0,1,0,차대차 - 기타,안전운전불이행,건조,맑음,단일로 - 기타,승용,남,47세,상해없음,이륜,남,54세,경상
2020012300100252,2020년 1월 23일 12시,목요일,경기도 수원시 장안구 천천동,경상사고,0,0,1,0,차대차 - 기타,기타,건조,맑음,교차로 - 교차로안,승용,남,42세,상해없음,이륜,남,52세,경상
2020012300100511,2020년 1월 23일 17시,목요일,경기도 수원시 팔달구 화서동,경상사고,0,0,1,0,차대사람 - 기타,기타,건조,맑음,단일로 - 기타,승용,남,56세,상해없음,보행자,남,9세,경상
2020012300100568,2020년 1월 23일 18시,목요일,경기도 수원시 팔달구 매산로1가,경상사고,0,0,1,0,차대차 - 측면충돌,안전운전불이행,건조,맑음,교차로 - 교차로부근,승용,남,58세,상해없음,화물,남,58세,경상
2020012300100614,2020년 1월 23일 19시,목요일,경기도 수원시 장안구 율전동,경상사고,0,0,1,0,차대사람 - 횡단중,보행자보호의무위반,건조,맑음,교차로 - 교차로안,화물,남,55세,상해없음,보행자,남,84세,경상
2020012300100665,2020년 1월 23일 20시,목요일,경기도 수원시 영통구 영통동,경상사고,0,0,3,0,차대차 - 추돌,안전거리미확보,건조,맑음,교차로 - 교차로부근,화물,남,58세,상해없음,승용,여,42세,경상
2020012400100105,2020년 1월 24일 09시,금요일,경기도 수원시 장안구 정자동,중상사고,0,1,1,0,차대차 - 측면충돌,중앙선침범,건조,맑음,단일로 - 기타,승용,남,57세,상해없음,승용,여,43세,경상
2020012400100107,2020년 1월 24일 09시,금요일,경기도 수원시 팔달구 인계동,부상신고사고,0,0,0,1,차대차 - 기타,중앙선침범,건조,맑음,교차로 - 교차로부근,자전거,남,82세,부상신고,승용,여,26세,상해없음
2020012400100174,2020년 1월 24일 12시,금요일,경기도 수원시 영통구 영통동,경상사고,0,0,1,0,차대차 - 측면충돌,안전운전불이행,건조,맑음,교차로 - 교차로부근,이륜,남,38세,상해없음,승용,여,58세,경상
2020012400100328,2020년 1월 24일 18시,금요일,경기도 수원시 장안구 파장동,경상사고,0,0,1,0,차대차 - 측면충돌,안전운전불이행,건조,맑음,교차로 - 교차로부근,화물,남,72세,상해없음,승용,남,39세,경상
2020012400100332,2020년 1월 24일 18시,금요일,경기도 수원시 권선구 권선동,경상사고,0,0,1,0,차대사람 - 차도통행중,안전운전불이행,건조,맑음,교차로 - 교차로안,승용,여,54세,상해없음,보행자,남,58세,경상
2020012400100360,2020년 1월 24일 19시,금요일,경기도 수원시 장안구 영화동,경상사고,0,0,1,0,차대차 - 추돌,안전운전불이행,건조,맑음,교차로 - 교차로부근,승용,남,30세,상해없음,승용,남,59세,경상
2020012400100366,2020년 1월 24일 19시,금요일,경기도 수원시 영통구 이의동,경상사고,0,0,5,0,차대차 - 추돌,안전운전불이행,건조,맑음,단일로 - 기타,승용,여,58세,경상,승용,남,61세,경상
2020012400100435,2020년 1월 24일 22시,금요일,경기도 수원시 팔달구 인계동,경상사고,0,0,1,0,차대차 - 측면충돌,신호위반,건조,맑음,단일로 - 기타,승용,남,25세,상해없음,승용,남,35세,경상
2020012500100072,2020년 1월 25일 10시,토요일,경기도 수원시 장안구 연무동,경상사고,0,0,2,0,차대차 - 추돌,안전운전불이행,건조,맑음,교차로 - 교차로부근,승합,남,48세,상해없음,승용,남,40세,경상
2020012500100075,2020년 1월 25일 10시,토요일,경기도 수원시 권선구 서둔동,경상사고,0,0,4,0,차대차 - 추돌,안전운전불이행,건조,맑음,교차로 - 교차로부근,승용,남,54세,상해없음,승용,남,45세,경상
2020012500100094,2020년 1월 25일 11시,토요일,경기도 수원시 영통구 망포동,경상사고,0,0,2,0,차대차 - 기타,교차로운행방법위반,건조,맑음,교차로 - 교차로안,승용,남,42세,상해없음,승용,남,40세,경상
2020012500100095,2020년 1월 25일 11시,토요일,경기도 수원시 권선구 권선동,경상사고,0,0,3,0,차대차 - 기타,중앙선침범,건조,맑음,단일로 - 기타,승용,남,45세,상해없음,승용,남,23세,경상
2020012500100214,2020년 1월 25일 16시,토요일,경기도 수원시 팔달구 매산로1가,경상사고,0,0,1,0,차대차 - 측면충돌,안전거리미확보,건조,맑음,단일로 - 기타,승용,여,28세,상해없음,승용,남,40세,경상
2020012500100253,2020년 1월 25일 18시,토요일,경기도 수원시 권선구 탑동,경상사고,0,0,2,0,차대차 - 기타,안전거리미확보,건조,맑음,교차로 - 교차로안,승용,여,29세,상해없음,승용,남,33세,경상
2020012500100300,2020년 1월 25일 20시,토요일,경기도 수원시 권선구 구운동,경상사고,0,0,1,0,차대차 - 기타,교차로운행방법위반,건조,맑음,교차로 - 교차로안,승용,남,82세,상해없음,승용,남,29세,경상
2020012500100319,2020년 1월 25일 21시,토요일,경기도 수원시 권선구 입북동,경상사고,0,0,4,1,차대차 - 추돌,안전거리미확보,건조,맑음,단일로 - 기타,화물,여,22세,상해없음,승용,남,47세,경상
2020012500100334,2020년 1월 25일 22시,토요일,경기도 수원시 장안구 조원동,부상신고사고,0,0,0,2,차대차 - 기타,신호위반,건조,맑음,교차로 - 교차로안,이륜,남,39세,상해없음,이륜,남,23세,부상신고
2020012600100116,2020년 1월 26일 12시,일요일,경기도 수원시 팔달구 인계동,경상사고,0,0,1,0,차대차 - 기타,교차로운행방법위반,건조,맑음,교차로 - 교차로안,승용,남,25세,상해없음,승용,남,47세,상해없음
2020012600100253,2020년 1월 26일 19시,일요일,경기도 수원시 팔달구 인계동,경상사고,0,0,2,0,차대차 - 측면충돌,안전거리미확보,건조,맑음,기타 - 기타,승용,남,27세,상해없음,이륜,남,48세,경상
2020012600100256,2020년 1월 26일 19시,일요일,경기도 수원시 팔달구 매산로3가,경상사고,0,0,2,0,차대차 - 측면충돌,안전운전불이행,건조,흐림,교차로 - 교차로부근,승용,남,72세,상해없음,승용,남,77세,경상
2020012700100006,2020년 1월 27일 00시,월요일,경기도 수원시 권선구 권선동,경상사고,0,0,1,0,차대차 - 측면충돌,안전운전불이행,건조,맑음,교차로 - 교차로부근,승용,남,23세,기타불명,승용,남,37세,경상
2020012700100024,2020년 1월 27일 01시,월요일,경기도 수원시 팔달구 팔달로3가,경상사고,0,0,1,0,차대차 - 추돌,안전운전불이행,건조,맑음,교차로 - 교차로부근,승용,여,26세,상해없음,승용,남,47세,경상
2020012700100045,2020년 1월 27일 03시,월요일,경기도 수원시 장안구 율전동,경상사고,0,0,1,0,차대차 - 측면충돌,안전운전불이행,건조,맑음,단일로 - 기타,승용,남,38세,상해없음,승용,남,50세,경상
2020012700100047,2020년 1월 27일 03시,월요일,경기도 수원시 영통구 이의동,경상사고,0,0,1,0,차대차 - 측면충돌,중앙선침범,건조,맑음,교차로 - 교차로부근,이륜,남,17세,상해없음,승용,남,51세,경상
2020012700100067,2020년 1월 27일 05시,월요일,경기도 수원시 권선구 고색동,중상사고,0,1,0,0,차대차 - 측면충돌,신호위반,건조,맑음,교차로 - 교차로안,승용,남,27세,상해없음,이륜,남,71세,중상
2020012700100108,2020년 1월 27일 10시,월요일,경기도 수원시 권선구 오목천동,중상사고,0,1,0,0,차대사람 - 횡단중,보행자보호의무위반,건조,흐림,교차로 - 교차로횡단보도내,승용,남,53세,상해없음,보행자,여,81세,중상
2020012700100282,2020년 1월 27일 18시,월요일,경기도 수원시 영통구 매탄동,경상사고,0,0,1,0,차대차 - 측면충돌,안전운전불이행,건조,맑음,단일로 - 기타,승용,남,41세,상해없음,이륜,남,34세,경상
2020012700100318,2020년 1월 27일 19시,월요일,경기도 수원시 팔달구 우만동,부상신고사고,0,0,0,1,차대사람 - 기타,안전운전불이행,젖음/습기,비,기타 - 기타,승용,여,60세,상해없음,보행자,여,60세,부상신고
2020012700100358,2020년 1월 27일 20시,월요일,경기도 수원시 장안구 파장동,중상사고,0,1,0,0,차대차 - 기타,교차로운행방법위반,젖음/습기,비,교차로 - 교차로안,승합,남,65세,상해없음,이륜,남,51세,중상
2020012700100403,2020년 1월 27일 21시,월요일,경기도 수원시 권선구 권선동,부상신고사고,0,0,0,1,차량단독 - 기타,안전운전불이행,젖음/습기,비,단일로 - 기타,이륜,남,48세,부상신고,,,,
2020012700100428,2020년 1월 27일 22시,월요일,경기도 수원시 팔달구 인계동,경상사고,0,0,2,0,차대차 - 측면충돌,차로위반,젖음/습기,비,단일로 - 기타,승용,남,68세,상해없음,승용,남,67세,경상
2020012700100429,2020년 1월 27일 22시,월요일,경기도 수원시 영통구 영통동,경상사고,0,0,1,0,차대사람 - 횡단중,보행자보호의무위반,젖음/습기,비,교차로 - 교차로안,승용,여,39세,상해없음,보행자,남,25세,경상
2020012800100002,2020년 1월 28일 00시,화요일,경기도 수원시 권선구 권선동,경상사고,0,0,6,1,차대차 - 측면충돌,신호위반,젖음/습기,흐림,교차로 - 교차로부근,승용,여,25세,부상신고,승용,남,39세,경상
2020012800100039,2020년 1월 28일 05시,화요일,경기도 수원시 영통구 매탄동,중상사고,0,1,1,0,차대사람 - 기타,안전운전불이행,젖음/습기,비,교차로 - 교차로안,승용,남,67세,상해없음,보행자,남,47세,중상
2020012800100049,2020년 1월 28일 06시,화요일,경기도 수원시 영통구 원천동,경상사고,0,0,1,0,차대차 - 추돌,안전운전불이행,건조,맑음,교차로 - 교차로부근,화물,남,63세,상해없음,승용,남,35세,경상
2020012800100151,2020년 1월 28일 10시,화요일,경기도 수원시 팔달구 북수동,경상사고,0,0,1,0,차대차 - 측면충돌,교차로운행방법위반,건조,맑음,교차로 - 교차로안,화물,남,64세,상해없음,승용,남,44세,경상
2020012800100294,2020년 1월 28일 15시,화요일,경기도 수원시 팔달구 우만동,경상사고,0,0,1,0,차대차 - 측면충돌,안전거리미확보,건조,맑음,단일로 - 기타,승용,남,56세,상해없음,이륜,남,24세,경상
2020012800100295,2020년 1월 28일 15시,화요일,경기도 수원시 장안구 정자동,경상사고,0,0,2,0,차대차 - 기타,교차로운행방법위반,건조,맑음,교차로 - 교차로안,건설기계,남,55세,상해없음,승용,남,28세,경상
2020012800100352,2020년 1월 28일 17시,화요일,경기도 수원시 장안구 정자동,경상사고,0,0,1,0,차대차 - 측면충돌,안전운전불이행,건조,맑음,단일로 - 기타,승용,남,56세,상해없음,승용,여,41세,경상
2020012800100426,2020년 1월 28일 19시,화요일,경기도 수원시 팔달구 우만동,경상사고,0,0,3,0,차대차 - 추돌,안전운전불이행,건조,맑음,단일로 - 기타,이륜,남,17세,경상,승용,남,22세,경상
2020012800100477,2020년 1월 28일 21시,화요일,경기도 수원시 팔달구 북수동,중상사고,0,1,0,0,차량단독 - 기타,안전운전불이행,건조,맑음,단일로 - 기타,승합,남,61세,상해없음,,,,
2020012800100501,2020년 1월 28일 22시,화요일,경기도 수원시 권선구 구운동,경상사고,0,0,1,0,차대사람 - 횡단중,보행자보호의무위반,건조,맑음,교차로 - 교차로횡단보도내,승용,남,74세,상해없음,보행자,여,67세,경상
2020012900100092,2020년 1월 29일 08시,수요일,경기도 수원시 영통구 이의동,경상사고,0,0,1,0,차대차 - 정면충돌,신호위반,건조,맑음,교차로 - 교차로안,승용,여,30세,상해없음,승용,남,36세,경상
2020012900100124,2020년 1월 29일 09시,수요일,경기도 수원시 팔달구 매산로1가,경상사고,0,0,3,1,차대차 - 기타,안전운전불이행,건조,맑음,교차로 - 교차로안,승용,여,54세,기타불명,승용,남,21세,상해없음
2020012900100196,2020년 1월 29일 12시,수요일,경기도 수원시 권선구 고색동,경상사고,0,0,3,0,차대차 - 기타,교차로운행방법위반,건조,맑음,교차로 - 교차로안,승용,여,55세,경상,승합,남,59세,경상
2020012900100278,2020년 1월 29일 15시,수요일,경기도 수원시 팔달구 교동,중상사고,0,1,0,0,차대차 - 정면충돌,안전운전불이행,건조,맑음,교차로 - 교차로안,승용,남,66세,상해없음,원동기,남,19세,중상
2020012900100308,2020년 1월 29일 16시,수요일,경기도 수원시 권선구 권선동,중상사고,0,1,0,0,차대차 - 측면충돌,안전운전불이행,건조,맑음,단일로 - 기타,승용,남,31세,상해없음,이륜,남,44세,중상
2020012900100369,2020년 1월 29일 18시,수요일,경기도 수원시 장안구 율전동,경상사고,0,0,1,0,차대사람 - 기타,기타,건조,맑음,단일로 - 기타,승합,남,65세,기타불명,보행자,여,54세,경상
2020012900100416,2020년 1월 29일 19시,수요일,경기도 수원시 권선구 권선동,경상사고,0,0,1,0,차대차 - 기타,안전운전불이행,건조,맑음,교차로 - 교차로부근,승용,남,36세,상해없음,승용,여,37세,경상
2020013000100036,2020년 1월 30일 04시,목요일,경기도 수원시 영통구 영통동,중상사고,0,1,0,0,차대사람 - 차도통행중,안전운전불이행,건조,맑음,단일로 - 기타,화물,남,47세,상해없음,보행자,남,45세,중상
2020013000100038,2020년 1월 30일 05시,목요일,경기도 수원시 팔달구 인계동,경상사고,0,0,1,0,차대차 - 측면충돌,신호위반,건조,맑음,교차로 - 교차로안,승용,남,23세,상해없음,승용,남,62세,경상
2020013000100102,2020년 1월 30일 08시,목요일,경기도 수원시 장안구 조원동,경상사고,0,0,1,0,차대차 - 기타,안전운전불이행,건조,맑음,단일로 - 기타,승용,남,40세,상해없음,승합,남,44세,상해없음
2020013000100145,2020년 1월 30일 09시,목요일,경기도 수원시 권선구 호매실동,경상사고,0,0,3,0,차대차 - 추돌,신호위반,건조,맑음,교차로 - 교차로안,이륜,남,57세,상해없음,승용,여,36세,경상
2020013000100146,2020년 1월 30일 09시,목요일,경기도 수원시 권선구 호매실동,경상사고,0,0,2,0,차대차 - 추돌,안전거리미확보,건조,맑음,단일로 - 기타,승용,남,32세,상해없음,화물,남,47세,경상
2020013000100245,2020년 1월 30일 12시,목요일,경기도 수원시 영통구 이의동,경상사고,0,0,1,0,차대차 - 측면충돌,안전거리미확보,건조,맑음,단일로 - 기타,승용,남,48세,상해없음,승합,남,36세,경상
2020013000100312,2020년 1월 30일 14시,목요일,경기도 수원시 권선구 당수동,경상사고,0,0,2,0,차대차 - 추돌,안전운전불이행,건조,맑음,교차로 - 교차로부근,승용,남,54세,상해없음,승용,남,38세,경상
2020013000100351,2020년 1월 30일 15시,목요일,경기도 수원시 권선구 오목천동,경상사고,0,0,1,0,차대차 - 측면충돌,안전운전불이행,건조,맑음,단일로 - 기타,건설기계,남,47세,상해없음,화물,남,37세,경상
2020013000100405,2020년 1월 30일 17시,목요일,경기도 수원시 장안구 파장동,경상사고,0,0,2,1,차대차 - 기타,교차로운행방법위반,건조,맑음,교차로 - 교차로안,승용,여,64세,부상신고,승합,남,50세,상해없음
2020013000100410,2020년 1월 30일 17시,목요일,경기도 수원시 권선구 구운동,경상사고,0,0,1,0,차대차 - 측면충돌,안전거리미확보,건조,맑음,단일로 - 기타,승용,여,41세,상해없음,승합,남,48세,경상
2020013000100411,2020년 1월 30일 17시,목요일,경기도 수원시 권선구 오목천동,중상사고,0,1,0,0,차대차 - 기타,신호위반,건조,맑음,교차로 - 교차로부근,승용,여,42세,기타불명,원동기,남,44세,중상
2020013000100528,2020년 1월 30일 21시,목요일,경기도 수원시 영통구 하동,경상사고,0,0,1,0,차대사람 - 횡단중,보행자보호의무위반,건조,맑음,교차로 - 교차로안,승합,남,48세,상해없음,보행자,남,39세,경상
2020013000100569,2020년 1월 30일 23시,목요일,경기도 수원시 팔달구 중동,경상사고,0,0,1,0,차대사람 - 횡단중,안전운전불이행,건조,맑음,교차로 - 교차로안,승용,여,72세,상해없음,보행자,남,46세,경상
2020013100100033,2020년 1월 31일 04시,금요일,경기도 수원시 권선구 금곡동,부상신고사고,0,0,0,1,차대사람 - 기타,안전운전불이행,건조,맑음,기타 - 기타,화물,남,50세,상해없음,보행자,여,49세,부상신고
2020013100100045,2020년 1월 31일 05시,금요일,경기도 수원시 장안구 조원동,중상사고,0,1,0,0,차대차 - 측면충돌,신호위반,건조,맑음,교차로 - 교차로안,승용,여,62세,상해없음,승용,남,62세,중상
2020013100100053,2020년 1월 31일 06시,금요일,경기도 수원시 팔달구 매산로2가,경상사고,0,0,1,0,차대사람 - 횡단중,안전운전불이행,건조,흐림,교차로 - 교차로부근,승용,여,48세,상해없음,보행자,남,35세,경상
2020013100100066,2020년 1월 31일 07시,금요일,경기도 수원시 권선구 세류동,경상사고,0,0,1,0,차대차 - 측면충돌,교차로운행방법위반,건조,맑음,교차로 - 교차로부근,승용,남,61세,상해없음,승용,남,46세,경상
2020013100100068,2020년 1월 31일 07시,금요일,경기도 수원시 영통구 영통동,경상사고,0,0,1,0,차대차 - 기타,안전운전불이행,건조,맑음,단일로 - 터널,기타불명,기타불명,미분류,기타불명,승용,여,42세,경상
2020013100100203,2020년 1월 31일 12시,금요일,경기도 수원시 팔달구 인계동,경상사고,0,0,1,0,차대차 - 기타,중앙선침범,건조,맑음,단일로 - 기타,승용,남,79세,상해없음,이륜,남,28세,경상
2020013100100262,2020년 1월 31일 14시,금요일,경기도 수원시 팔달구 우만동,경상사고,0,0,1,0,차대차 - 측면충돌,안전운전불이행,건조,맑음,교차로 - 교차로안,화물,남,50세,상해없음,화물,남,58세,경상
2020013100100323,2020년 1월 31일 16시,금요일,경기도 수원시 팔달구 화서동,경상사고,0,0,1,0,차대차 - 측면충돌,직진우회전진행방해,건조,맑음,교차로 - 교차로안,승용,여,56세,상해없음,이륜,남,20세,경상
2020013100100324,2020년 1월 31일 16시,금요일,경기도 수원시 장안구 정자동,경상사고,0,0,1,0,차대사람 - 기타,보행자보호의무위반,건조,맑음,교차로 - 교차로안,승용,남,64세,상해없음,보행자,여,9세,경상
2020013100100326,2020년 1월 31일 16시,금요일,경기도 수원시 권선구 세류동,중상사고,0,1,0,0,차대사람 - 길가장자리구역통행중,안전운전불이행,건조,맑음,교차로 - 교차로안,승용,남,52세,기타불명,보행자,여,71세,중상