사고번호,사고일시,요일,시군구,사고내용,사망자수,중상자수,경상자수,부상신고자수,사고유형,법규위반,노면상태,기상상태,도로형태,가해운전자 차종,가해운전자 성별,가해운전자 연령,가해운전자 상해정도,피해운전자 차종,피해운전자 성별,피해운전자 연령,피해운전자 상해정도
2020013100100353,2020년 1월 31일 17시,금요일,경기도 수원시 장안구 정자동,경상사고,0,0,1,0,차대차 - 측면충돌,안전거리미확보,건조,맑음,교차로 - 교차로안,승합,남,65세,상해없음,이륜,남,39세,경상
2020020100100047,2020년 2월 1일 03시,토요일,경기도 수원시 팔달구 인계동,경상사고,0,0,1,0,차대사람 - 기타,기타,건조,맑음,단일로 - 기타,승용,남,46세,상해없음,보행자,여,34세,경상
2020020100100048,2020년 2월 1일 03시,토요일,경기도 수원시 영통구 망포동,경상사고,0,0,1,0,차대차 - 추돌,안전운전불이행,건조,맑음,교차로 - 교차로부근,승용,남,33세,상해없음,승용,남,33세,경상
2020020100100055,2020년 2월 1일 04시,토요일,경기도 수원시 장안구 연무동,경상사고,0,0,1,0,차대사람 - 기타,중앙선침범,건조,맑음,단일로 - 기타,승용,남,37세,상해없음,보행자,여,51세,경상
2020020100100064,2020년 2월 1일 05시,토요일,경기도 수원시 영통구 매탄동,중상사고,0,1,0,0,차대사람 - 기타,안전운전불이행,건조,맑음,단일로 - 기타,화물,남,37세,상해없음,보행자,남,20세,중상
2020020100100176,2020년 2월 1일 12시,토요일,경기도 수원시 팔달구 인계동,중상사고,0,1,0,0,차대사람 - 횡단중,안전운전불이행,건조,흐림,교차로 - 교차로안,승용,여,61세,상해없음,보행자,남,48세,중상
2020020100100205,2020년 2월 1일 13시,토요일,경기도 수원시 영통구 이의동,경상사고,0,0,1,0,차대차 - 추돌,안전운전불이행,건조,맑음,교차로 - 교차로안,승용,남,51세,상해없음,이륜,남,22세,경상
2020020100100258,2020년 2월 1일 15시,토요일,경기도 수원시 영통구 영통동,부상신고사고,0,0,0,1,차대차 - 추돌,안전거리미확보,건조,맑음,교차로 - 교차로안,이륜,남,21세,부상신고,승용,남,57세,상해없음
2020020100100259,2020년 2월 1일 15시,토요일,경기도 수원시 권선구 세류동,경상사고,0,0,1,0,차대차 - 후진중충돌,안전운전불이행,건조,맑음,교차로 - 교차로부근,승용,여,44세,상해없음,승용,남,31세,경상
2020020100100343,2020년 2월 1일 18시,토요일,경기도 수원시 권선구 세류동,경상사고,0,0,1,1,차대차 - 측면충돌,신호위반,건조,맑음,교차로 - 교차로안,승합,남,59세,부상신고,이륜,남,20세,경상
2020020100100367,2020년 2월 1일 19시,토요일,경기도 수원시 장안구 영화동,중상사고,0,1,0,0,차대사람 - 횡단중,안전운전불이행,건조,맑음,단일로 - 기타,승용,남,72세,상해없음,보행자,남,50세,중상
2020020100100368,2020년 2월 1일 19시,토요일,경기도 수원시 장안구 율전동,경상사고,0,0,4,0,차대차 - 기타,안전운전불이행,건조,맑음,단일로 - 기타,승용,여,28세,경상,이륜,남,57세,경상
2020020100100395,2020년 2월 1일 20시,토요일,경기도 수원시 영통구 영통동,경상사고,0,0,1,0,차대사람 - 기타,안전운전불이행,건조,맑음,단일로 - 기타,승용,남,54세,상해없음,보행자,여,45세,경상
2020020100100400,2020년 2월 1일 20시,토요일,경기도 수원시 권선구 평동,경상사고,0,0,3,0,차대차 - 기타,신호위반,건조,맑음,교차로 - 교차로부근,승용,남,28세,기타불명,승용,남,57세,상해없음
2020020100100416,2020년 2월 1일 21시,토요일,경기도 수원시 팔달구 인계동,경상사고,0,0,1,0,차대차 - 기타,안전거리미확보,건조,맑음,단일로 - 기타,승용,남,22세,상해없음,이륜,남,47세,경상
2020020200100007,2020년 2월 2일 00시,일요일,경기도 수원시 장안구 율전동,경상사고,0,0,1,0,차대차 - 기타,교차로운행방법위반,건조,맑음,교차로 - 교차로안,승용,여,30세,상해없음,원동기,남,19세,경상
2020020200100054,2020년 2월 2일 04시,일요일,경기도 수원시 팔달구 인계동,경상사고,0,0,1,0,차대차 - 추돌,안전운전불이행,건조,맑음,교차로 - 교차로부근,승용,남,27세,상해없음,승용,남,64세,경상
2020020200100055,2020년 2월 2일 04시,일요일,경기도 수원시 팔달구 인계동,경상사고,0,0,3,0,차대차 - 추돌,안전운전불이행,건조,맑음,교차로 - 교차로부근,승용,남,27세,상해없음,승용,남,56세,경상
2020020200100222,2020년 2월 2일 15시,일요일,경기도 수원시 팔달구 매산로1가,경상사고,0,0,1,0,차대차 - 측면충돌,안전운전불이행,건조,맑음,교차로 - 교차로횡단보도내,승용,남,46세,상해없음,자전거,남,72세,경상
2020020300100016,2020년 2월 3일 05시,월요일,경기도 수원시 권선구 구운동,경상사고,0,0,1,0,차대차 - 정면충돌,신호위반,건조,맑음,교차로 - 교차로안,승용,남,61세,상해없음,승용,남,59세,경상
2020020300100049,2020년 2월 3일 07시,월요일,경기도 수원시 권선구 대황교동,경상사고,0,0,2,0,차대차 - 측면충돌,안전거리미확보,건조,맑음,단일로 - 기타,화물,남,70세,상해없음,특수,남,53세,경상
2020020300100050,2020년 2월 3일 07시,월요일,경기도 수원시 권선구 권선동,경상사고,0,0,1,0,차대차 - 측면충돌,교차로운행방법위반,건조,맑음,교차로 - 교차로횡단보도내,승용,여,49세,상해없음,승용,여,32세,경상
2020020300100112,2020년 2월 3일 09시,월요일,경기도 수원시 영통구 원천동,경상사고,0,0,1,0,차대차 - 측면충돌,안전운전불이행,건조,맑음,단일로 - 기타,승용,여,64세,상해없음,승용,여,56세,경상
2020020300100114,2020년 2월 3일 09시,월요일,경기도 수원시 권선구 서둔동,경상사고,0,0,3,0,차대차 - 측면충돌,안전운전불이행,건조,맑음,교차로 - 교차로안,화물,남,53세,상해없음,승용,여,64세,경상
2020020300100139,2020년 2월 3일 10시,월요일,경기도 수원시 장안구 파장동,경상사고,0,0,1,0,차대차 - 추돌,안전거리미확보,건조,맑음,단일로 - 기타,승합,남,48세,상해없음,승용,여,39세,경상
2020020300100140,2020년 2월 3일 10시,월요일,경기도 수원시 팔달구 우만동,경상사고,0,0,2,0,차대차 - 측면충돌,직진우회전진행방해,건조,맑음,교차로 - 교차로안,승용,여,54세,경상,화물,남,38세,경상
2020020300100145,2020년 2월 3일 10시,월요일,경기도 수원시 권선구 권선동,경상사고,0,0,1,0,차대차 - 측면충돌,안전거리미확보,건조,맑음,단일로 - 기타,건설기계,남,31세,상해없음,승용,남,28세,경상
2020020300100147,2020년 2월 3일 10시,월요일,경기도 수원시 권선구 세류동,중상사고,0,1,0,0,차대사람 - 보도통행중,신호위반,건조,맑음,교차로 - 교차로안,승용,남,58세,상해없음,보행자,여,51세,중상
2020020300100180,2020년 2월 3일 11시,월요일,경기도 수원시 장안구 영화동,중상사고,0,1,0,0,차대사람 - 기타,안전운전불이행,건조,맑음,교차로 - 교차로안,승용,여,46세,상해없음,보행자,여,76세,중상
2020020300100187,2020년 2월 3일 11시,월요일,경기도 수원시 영통구 매탄동,경상사고,0,0,2,0,차대차 - 측면충돌,직진우회전진행방해,건조,맑음,교차로 - 교차로안,화물,남,30세,상해없음,특수,남,25세,경상
2020020300100378,2020년 2월 3일 16시,월요일,경기도 수원시 팔달구 인계동,경상사고,0,0,1,0,차대차 - 측면충돌,직진우회전진행방해,건조,맑음,교차로 - 교차로안,승용,남,60세,상해없음,승용,남,28세,경상
2020020300100449,2020년 2월 3일 18시,월요일,경기도 수원시 권선구 오목천동,중상사고,0,1,0,0,차대사람 - 기타,안전운전불이행,건조,맑음,교차로 - 교차로부근,승용,남,58세,상해없음,보행자,여,78세,중상
2020020300100450,2020년 2월 3일 18시,월요일,경기도 수원시 팔달구 매산로1가,경상사고,0,0,1,0,차대차 - 기타,안전운전불이행,건조,맑음,단일로 - 기타,승합,남,48세,상해없음,화물,남,50세,상해없음
2020020300100490,2020년 2월 3일 19시,월요일,경기도 수원시 권선구 서둔동,경상사고,0,0,1,0,차대차 - 측면충돌,신호위반,건조,맑음,교차로 - 교차로안,화물,남,54세,상해없음,승용,여,29세,경상
2020020300100525,2020년 2월 3일 20시,월요일,경기도 수원시 권선구 고색동,경상사고,0,0,1,0,차대차 - 기타,안전거리미확보,건조,맑음,교차로 - 교차로안,승용,남,55세,기타불명,승용,여,28세,경상
2020020400100060,2020년 2월 4일 07시,화요일,경기도 수원시 권선구 구운동,중상사고,0,1,2,0,차대차 - 추돌,안전운전불이행,건조,맑음,단일로 - 기타,승용,남,46세,상해없음,농기계,남,64세,중상
2020020400100099,2020년 2월 4일 08시,화요일,경기도 수원시 권선구 호매실동,경상사고,0,0,3,0,차대차 - 기타,중앙선침범,건조,맑음,교차로 - 교차로부근,승용,남,18세,상해없음,승용,남,25세,경상
2020020400100162,2020년 2월 4일 10시,화요일,경기도 수원시 팔달구 인계동,경상사고,0,0,1,0,차대사람 - 차도통행중,안전운전불이행,건조,맑음,단일로 - 기타,승용,남,42세,상해없음,보행자,여,31세,경상
2020020400100228,2020년 2월 4일 12시,화요일,경기도 수원시 권선구 서둔동,경상사고,0,0,1,0,차대차 - 기타,안전운전불이행,건조,맑음,단일로 - 기타,승합,남,57세,상해없음,승용,남,26세,경상
2020020400100254,2020년 2월 4일 13시,화요일,경기도 수원시 영통구 영통동,사망사고,1,0,0,0,차대사람 - 횡단중,안전운전불이행,건조,맑음,단일로 - 기타,승합,남,61세,상해없음,보행자,남,87세,사망
2020020400100279,2020년 2월 4일 14시,화요일,경기도 수원시 장안구 영화동,중상사고,0,1,0,0,차대사람 - 횡단중,안전운전불이행,건조,맑음,단일로 - 기타,승용,남,52세,상해없음,보행자,여,19세,중상
2020020400100449,2020년 2월 4일 18시,화요일,경기도 수원시 영통구 이의동,경상사고,0,0,1,0,차대차 - 측면충돌,안전거리미확보,건조,맑음,단일로 - 기타,승용,여,39세,상해없음,승용,여,40세,경상
2020020400100503,2020년 2월 4일 19시,화요일,경기도 수원시 장안구 영화동,경상사고,0,0,1,0,차대사람 - 기타,안전운전불이행,젖음/습기,비,단일로 - 기타,승용,남,63세,상해없음,보행자,남,65세,경상
2020020400100508,2020년 2월 4일 19시,화요일,경기도 수원시 팔달구 인계동,중상사고,0,1,1,0,차대사람 - 기타,보행자보호의무위반,젖음/습기,비,교차로 - 교차로횡단보도내,화물,남,23세,상해없음,보행자,여,20세,중상
2020020400100512,2020년 2월 4일 19시,화요일,경기도 수원시 권선구 세류동,경상사고,0,0,1,0,차대사람 - 기타,기타,건조,맑음,단일로 - 기타,승합,남,42세,상해없음,보행자,남,58세,경상
2020020400100552,2020년 2월 4일 20시,화요일,경기도 수원시 권선구 금곡동,경상사고,0,0,1,0,차대차 - 측면충돌,안전거리미확보,젖음/습기,눈,단일로 - 기타,승용,남,58세,상해없음,이륜,남,23세,경상
2020020400100584,2020년 2월 4일 21시,화요일,경기도 수원시 장안구 정자동,부상신고사고,0,0,0,1,차대사람 - 횡단중,안전운전불이행,젖음/습기,흐림,교차로 - 교차로안,승용,남,61세,상해없음,보행자,여,74세,부상신고
2020020500100004,2020년 2월 5일 00시,수요일,경기도 수원시 팔달구 우만동,경상사고,0,0,1,0,차대차 - 추돌,안전운전불이행,건조,맑음,단일로 - 기타,승용,남,48세,상해없음,승용,남,26세,경상
2020020500100005,2020년 2월 5일 00시,수요일,경기도 수원시 팔달구 인계동,경상사고,0,0,1,0,차대사람 - 길가장자리구역통행중,안전운전불이행,건조,맑음,단일로 - 기타,승용,남,25세,상해없음,보행자,남,39세,경상
2020020500100006,2020년 2월 5일 00시,수요일,경기도 수원시 팔달구 인계동,중상사고,0,1,0,0,차대사람 - 횡단중,보행자보호의무위반,건조,맑음,교차로 - 교차로횡단보도내,화물,남,65세,상해없음,보행자,여,56세,중상
2020020500100019,2020년 2월 5일 01시,수요일,경기도 수원시 영통구 이의동,경상사고,0,0,2,0,차대차 - 추돌,안전운전불이행,건조,맑음,교차로 - 교차로부근,승용,남,36세,상해없음,승용,남,28세,경상
2020020500100063,2020년 2월 5일 06시,수요일,경기도 수원시 권선구 오목천동,경상사고,0,0,1,0,차대차 - 추돌,안전운전불이행,건조,맑음,단일로 - 기타,승용,남,31세,상해없음,승용,여,43세,경상
2020020500100076,2020년 2월 5일 07시,수요일,경기도 수원시 권선구 권선동,경상사고,0,0,2,0,차대차 - 추돌,안전거리미확보,건조,맑음,교차로 - 교차로안,화물,남,48세,경상,승용,여,50세,상해없음
2020020500100140,2020년 2월 5일 09시,수요일,경기도 수원시 영통구 원천동,경상사고,0,0,1,0,차대차 - 추돌,안전운전불이행,건조,맑음,교차로 - 교차로안,승용,여,54세,상해없음,승용,여,39세,경상
2020020500100289,2020년 2월 5일 13시,수요일,경기도 수원시 권선구 권선동,경상사고,0,0,1,0,차대차 - 측면충돌,안전거리미확보,건조,맑음,단일로 - 기타,화물,남,73세,상해없음,이륜,남,25세,경상
2020020500100290,2020년 2월 5일 13시,수요일,경기도 수원시 팔달구 매산로1가,경상사고,0,0,1,0,차대사람 - 횡단중,보행자보호의무위반,건조,맑음,단일로 - 기타,승용,남,39세,상해없음,보행자,여,20세,경상
2020020500100352,2020년 2월 5일 15시,수요일,경기도 수원시 권선구 오목천동,중상사고,0,1,0,0,차대차 - 측면충돌,신호위반,건조,맑음,교차로 - 교차로안,승용,남,65세,상해없음,승용,여,42세,중상
2020020500100387,2020년 2월 5일 16시,수요일,경기도 수원시 권선구 권선동,경상사고,0,0,1,0,차대차 - 기타,신호위반,건조,맑음,교차로 - 교차로부근,승용,남,38세,상해없음,이륜,남,50세,경상
2020020500100429,2020년 2월 5일 17시,수요일,경기도 수원시 영통구 하동,부상신고사고,0,0,0,1,차대차 - 기타,안전거리미확보,건조,맑음,단일로 - 기타,승용,남,50세,상해없음,이륜,남,63세,부상신고
2020020500100520,2020년 2월 5일 19시,수요일,경기도 수원시 장안구 영화동,경상사고,0,0,1,0,차대차 - 기타,직진우회전진행방해,건조,맑음,교차로 - 교차로안,승용,남,25세,상해없음,이륜,남,24세,경상
2020020500100531,2020년 2월 5일 19시,수요일,경기도 수원시 영통구 영통동,경상사고,0,0,1,0,차대차 - 기타,중앙선침범,건조,맑음,단일로 - 기타,특수,남,27세,상해없음,이륜,남,40세,경상
2020020500100536,2020년 2월 5일 19시,수요일,경기도 수원시 권선구 평동,경상사고,0,0,1,0,차대차 - 측면충돌,신호위반,건조,맑음,단일로 - 기타,승용,남,48세,상해없음,승용,남,61세,경상
2020020500100578,2020년 2월 5일 20시,수요일,경기도 수원시 장안구 천천동,중상사고,0,1,0,0,차대사람 - 기타,안전운전불이행,건조,맑음,단일로 - 기타,승용,남,45세,상해없음,보행자,여,26세,중상
2020020500100586,2020년 2월 5일 20시,수요일,경기도 수원시 영통구 이의동,중상사고,0,1,0,0,차대차 - 추돌,안전운전불이행,건조,맑음,단일로 - 기타,승용,남,51세,상해없음,승용,남,27세,중상
2020020500100587,2020년 2월 5일 20시,수요일,경기도 수원시 영통구 매탄동,중상사고,0,1,0,0,차대차 - 추돌,안전거리미확보,건조,맑음,단일로 - 기타,승용,남,68세,상해없음,이륜,남,51세,중상
2020020500100644,2020년 2월 5일 22시,수요일,경기도 수원시 영통구 망포동,경상사고,0,0,5,0,차대차 - 측면충돌,직진우회전진행방해,건조,맑음,교차로 - 교차로안,승용,남,19세,상해없음,승용,여,42세,경상
2020020500100666,2020년 2월 5일 23시,수요일,경기도 수원시 팔달구 화서동,중상사고,0,1,0,0,차대사람 - 횡단중,안전운전불이행,건조,맑음,단일로 - 기타,화물,남,25세,상해없음,보행자,남,57세,중상
2020020500100667,2020년 2월 5일 23시,수요일,경기도 수원시 장안구 정자동,경상사고,0,0,1,0,차대차 - 기타,신호위반,건조,맑음,교차로 - 교차로안,승합,남,60세,상해없음,이륜,남,33세,경상
2020020600100040,2020년 2월 6일 03시,목요일,경기도 수원시 권선구 오목천동,중상사고,0,1,0,0,차대차 - 측면충돌,신호위반,건조,맑음,교차로 - 교차로안,승용,남,18세,상해없음,승용,남,50세,중상
2020020600100054,2020년 2월 6일 05시,목요일,경기도 수원시 권선구 평동,경상사고,0,0,3,0,차대차 - 측면충돌,안전운전불이행,서리/결빙,맑음,교차로 - 교차로부근,승용,남,67세,상해없음,승용,남,24세,경상
2020020600100092,2020년 2월 6일 07시,목요일,경기도 수원시 팔달구 인계동,경상사고,0,0,1,0,차대사람 - 차도통행중,안전운전불이행,건조,맑음,단일로 - 기타,승용,남,33세,상해없음,보행자,남,31세,경상
2020020600100114,2020년 2월 6일 08시,목요일,경기도 수원시 장안구 율전동,경상사고,0,0,1,0,차대차 - 측면충돌,직진우회전진행방해,건조,맑음,교차로 - 교차로안,승용,남,58세,상해없음,승용,남,62세,경상
2020020600100121,2020년 2월 6일 08시,목요일,경기도 수원시 권선구 서둔동,부상신고사고,0,0,0,1,차대차 - 기타,안전거리미확보,건조,맑음,교차로 - 교차로부근,승용,남,30세,상해없음,승용,남,34세,부상신고
2020020600100155,2020년 2월 6일 09시,목요일,경기도 수원시 영통구 영통동,중상사고,0,1,0,0,차대차 - 기타,안전운전불이행,건조,맑음,단일로 - 기타,기타불명,기타불명,미분류,기타불명,이륜,남,20세,중상
2020020600100157,2020년 2월 6일 09시,목요일,경기도 수원시 장안구 율전동,중상사고,0,2,1,0,차대차 - 기타,교차로운행방법위반,건조,맑음,교차로 - 교차로안,승용,남,22세,상해없음,승용,여,41세,중상
2020020600100188,2020년 2월 6일 10시,목요일,경기도 수원시 팔달구 남수동,중상사고,0,1,1,0,차대차 - 기타,안전거리미확보,건조,맑음,기타 - 기타,승용,여,54세,기타불명,승합,남,42세,상해없음
2020020600100224,2020년 2월 6일 11시,목요일,경기도 수원시 팔달구 인계동,경상사고,0,0,2,0,차대차 - 추돌,안전운전불이행,건조,맑음,교차로 - 교차로부근,승용,남,32세,상해없음,승용,남,45세,경상
2020020600100261,2020년 2월 6일 12시,목요일,경기도 수원시 영통구 이의동,중상사고,0,1,0,0,차대차 - 기타,안전운전불이행,서리/결빙,맑음,기타 - 기타,승용,남,64세,상해없음,이륜,남,38세,중상
2020020600100389,2020년 2월 6일 16시,목요일,경기도 수원시 팔달구 화서동,경상사고,0,0,1,0,차대사람 - 기타,안전운전불이행,건조,맑음,단일로 - 기타,승용,여,42세,상해없음,보행자,여,16세,경상
2020020600100461,2020년 2월 6일 18시,목요일,경기도 수원시 영통구 원천동,중상사고,0,1,0,0,차대차 - 측면충돌,중앙선침범,건조,맑음,단일로 - 기타,승용,남,52세,상해없음,이륜,남,49세,중상
2020020600100505,2020년 2월 6일 19시,목요일,경기도 수원시 장안구 정자동,부상신고사고,0,0,0,1,차대차 - 기타,기타,건조,맑음,교차로 - 교차로부근,이륜,남,64세,부상신고,승용,남,39세,상해없음
2020020600100545,2020년 2월 6일 20시,목요일,경기도 수원시 권선구 구운동,경상사고,0,0,2,0,차대차 - 기타,안전거리미확보,건조,맑음,단일로 - 기타,기타불명,기타불명,미분류,기타불명,승용,남,29세,상해없음
2020020600100573,2020년 2월 6일 21시,목요일,경기도 수원시 장안구 정자동,경상사고,0,0,1,0,차대차 - 추돌,안전운전불이행,건조,맑음,교차로 - 교차로부근,승용,남,62세,상해없음,이륜,남,49세,경상
2020020600100574,2020년 2월 6일 21시,목요일,경기도 수원시 장안구 조원동,경상사고,0,0,1,0,차대차 - 기타,직진우회전진행방해,건조,맑음,교차로 - 교차로안,승용,남,49세,상해없음,승용,남,51세,경상
2020020700100029,2020년 2월 7일 02시,금요일,경기도 수원시 장안구 영화동,경상사고,0,0,2,0,차대차 - 후진중충돌,안전운전불이행,건조,맑음,교차로 - 교차로부근,승용,여,51세,상해없음,승용,남,33세,경상
2020020700100037,2020년 2월 7일 03시,금요일,경기도 수원시 권선구 구운동,중상사고,0,1,0,0,차량단독 - 기타,안전운전불이행,건조,맑음,단일로 - 지하차도(도로)내,승용,남,24세,상해없음,,,,
2020020700100066,2020년 2월 7일 06시,금요일,경기도 수원시 팔달구 인계동,경상사고,0,0,1,0,차대차 - 기타,차로위반,건조,맑음,단일로 - 기타,승용,남,51세,상해없음,화물,남,39세,상해없음
2020020700100067,2020년 2월 7일 06시,금요일,경기도 수원시 영통구 이의동,경상사고,0,0,1,0,차대차 - 기타,안전운전불이행,건조,맑음,단일로 - 기타,승용,남,66세,상해없음,자전거,남,25세,경상
2020020700100069,2020년 2월 7일 06시,금요일,경기도 수원시 영통구 하동,경상사고,0,0,1,1,차대차 - 추돌,안전운전불이행,건조,맑음,단일로 - 기타,화물,남,49세,부상신고,화물,남,60세,경상
2020020700100189,2020년 2월 7일 10시,금요일,경기도 수원시 영통구 원천동,중상사고,0,1,0,0,차대차 - 기타,차로위반,건조,맑음,단일로 - 기타,승용,여,53세,상해없음,이륜,남,52세,중상
2020020700100275,2020년 2월 7일 13시,금요일,경기도 수원시 장안구 연무동,경상사고,0,0,1,0,차대사람 - 기타,안전운전불이행,건조,맑음,단일로 - 기타,승용,여,67세,상해없음,보행자,남,64세,경상
2020020700100353,2020년 2월 7일 15시,금요일,경기도 수원시 권선구 구운동,경상사고,0,0,1,0,차대차 - 추돌,안전운전불이행,건조,맑음,교차로 - 교차로부근,화물,남,56세,상해없음,승용,남,26세,경상
2020020700100432,2020년 2월 7일 17시,금요일,경기도 수원시 팔달구 매교동,중상사고,0,1,0,0,차량단독 - 기타,안전운전불이행,젖음/습기,맑음,단일로 - 기타,원동기,남,36세,중상,,,,
2020020700100471,2020년 2월 7일 18시,금요일,경기도 수원시 장안구 영화동,경상사고,0,0,1,0,차대차 - 기타,안전운전불이행,건조,맑음,교차로 - 교차로부근,승용,남,54세,기타불명,승합,남,53세,경상
2020020700100472,2020년 2월 7일 18시,금요일,경기도 수원시 장안구 연무동,경상사고,0,0,1,0,차대차 - 추돌,안전운전불이행,건조,맑음,교차로 - 교차로부근,승용,남,52세,상해없음,이륜,남,28세,경상
2020020700100478,2020년 2월 7일 18시,금요일,경기도 수원시 영통구 이의동,부상신고사고,0,0,0,1,차대차 - 기타,안전운전불이행,건조,맑음,교차로 - 교차로안,승용,여,39세,상해없음,이륜,남,21세,부상신고
2020020700100546,2020년 2월 7일 19시,금요일,경기도 수원시 권선구 권선동,부상신고사고,0,0,0,1,차대차 - 측면충돌,안전운전불이행,건조,맑음,단일로 - 기타,이륜,남,18세,부상신고,승용,남,66세,상해없음
2020020700100593,2020년 2월 7일 20시,금요일,경기도 수원시 장안구 조원동,경상사고,0,0,1,0,차대차 - 기타,안전운전불이행,건조,맑음,단일로 - 기타,승용,남,54세,상해없음,이륜,남,25세,경상
2020020700100596,2020년 2월 7일 20시,금요일,경기도 수원시 영통구 이의동,부상신고사고,0,0,0,1,차대차 - 측면충돌,교차로운행방법위반,건조,맑음,교차로 - 교차로안,이륜,남,36세,부상신고,승용,여,29세,상해없음
2020020700100639,2020년 2월 7일 21시,금요일,경기도 수원시 권선구 고색동,부상신고사고,0,0,0,1,차대차 - 기타,교차로운행방법위반,건조,맑음,단일로 - 기타,승용,남,55세,상해없음,자전거,남,56세,부상신고
2020020700100667,2020년 2월 7일 22시,금요일,경기도 수원시 팔달구 매산로1가,경상사고,0,0,2,0,차대차 - 추돌,안전운전불이행,건조,맑음,교차로 - 교차로부근,승용,남,51세,상해없음,승용,남,26세,경상
2020020700100704,2020년 2월 7일 23시,금요일,경기도 수원시 영통구 하동,경상사고,0,0,1,0,차대차 - 추돌,안전운전불이행,젖음/습기,비,기타 - 기타,승용,남,51세,상해없음,승용,여,47세,경상
2020020800100008,2020년 2월 8일 00시,토요일,경기도 수원시 팔달구 인계동,경상사고,0,0,2,0,차대사람 - 기타,안전운전불이행,건조,맑음,단일로 - 기타,승용,여,40세,상해없음,보행자,남,21세,경상
2020020800100045,2020년 2월 8일 02시,토요일,경기도 수원시 권선구 오목천동,경상사고,0,0,2,0,차대차 - 추돌,안전거리미확보,건조,맑음,단일로 - 기타,승용,여,49세,기타불명,승용,여,61세,경상
2020020800100094,2020년 2월 8일 06시,토요일,경기도 수원시 영통구 매탄동,경상사고,0,0,1,0,차대차 - 기타,차로위반,건조,맑음,단일로 - 기타,승용,여,54세,상해없음,승용,남,49세,경상
2020020800100139,2020년 2월 8일 09시,토요일,경기도 수원시 권선구 호매실동,경상사고,0,0,1,0,차대차 - 기타,안전운전불이행,건조,맑음,교차로 - 교차로안,승용,여,33세,상해없음,이륜,남,52세,경상
2020020800100140,2020년 2월 8일 09시,토요일,경기도 수원시 권선구 호매실동,경상사고,0,0,5,0,차대차 - 기타,불법유턴,건조,맑음,교차로 - 교차로부근,승용,남,48세,경상,승용,남,56세,경상
2020020800100141,2020년 2월 8일 09시,토요일,경기도 수원시 팔달구 매산로1가,경상사고,0,0,1,0,차량단독 - 기타,기타,건조,맑음,단일로 - 기타,승합,남,51세,상해없음,,,,
2020020800100186,2020년 2월 8일 11시,토요일,경기도 수원시 권선구 오목천동,경상사고,0,0,1,0,차대차 - 추돌,안전운전불이행,건조,맑음,교차로 - 교차로부근,승용,남,58세,상해없음,승용,남,39세,경상
2020020800100395,2020년 2월 8일 18시,토요일,경기도 수원시 팔달구 우만동,경상사고,0,0,1,0,차대차 - 기타,신호위반,건조,맑음,단일로 - 기타,화물,남,66세,상해없음,승용,남,34세,경상
2020020800100397,2020년 2월 8일 18시,토요일,경기도 수원시 권선구 입북동,중상사고,0,2,0,0,차대차 - 측면충돌,안전거리미확보,건조,맑음,단일로 - 기타,승용,여,37세,상해없음,승용,남,26세,중상
2020020800100512,2020년 2월 8일 21시,토요일,경기도 수원시 권선구 권선동,경상사고,0,0,1,0,차대사람 - 길가장자리구역통행중,안전운전불이행,건조,맑음,단일로 - 기타,승용,남,36세,상해없음,보행자,남,30세,경상
2020020800100541,2020년 2월 8일 22시,토요일,경기도 수원시 팔달구 매산로1가,경상사고,0,0,3,0,차대차 - 측면충돌,안전거리미확보,건조,맑음,단일로 - 기타,승용,남,67세,상해없음,승용,남,30세,경상
2020020900100073,2020년 2월 9일 05시,일요일,경기도 수원시 팔달구 인계동,경상사고,0,0,1,0,차대사람 - 기타,안전운전불이행,건조,맑음,교차로 - 교차로부근,승용,남,21세,상해없음,보행자,남,26세,경상
2020020900100082,2020년 2월 9일 06시,일요일,경기도 수원시 팔달구 매산로2가,경상사고,0,0,1,0,차대차 - 기타,안전거리미확보,건조,맑음,교차로 - 교차로부근,승용,여,37세,기타불명,승용,남,31세,경상
2020020900100208,2020년 2월 9일 14시,일요일,경기도 수원시 팔달구 매산로3가,경상사고,0,0,1,0,차대차 - 후진중충돌,중앙선침범,건조,맑음,단일로 - 기타,승용,남,67세,상해없음,화물,남,39세,경상
2020020900100280,2020년 2월 9일 17시,일요일,경기도 수원시 권선구 호매실동,중상사고,0,1,0,0,차대차 - 기타,안전운전불이행,건조,맑음,교차로 - 교차로부근,승용,남,55세,상해없음,이륜,남,25세,중상
2020020900100319,2020년 2월 9일 18시,일요일,경기도 수원시 권선구 서둔동,경상사고,0,0,4,1,차대차 - 추돌,안전운전불이행,건조,맑음,교차로 - 교차로부근,승용,남,30세,부상신고,승용,남,47세,경상
2020020900100380,2020년 2월 9일 20시,일요일,경기도 수원시 권선구 권선동,중상사고,0,1,0,0,차대사람 - 횡단중,신호위반,건조,맑음,단일로 - 기타,승용,여,58세,상해없음,보행자,남,30세,중상
2020020900100381,2020년 2월 9일 20시,일요일,경기도 수원시 권선구 곡반정동,중상사고,0,1,0,0,차대차 - 측면충돌,안전운전불이행,건조,맑음,단일로 - 기타,승용,남,25세,중상,승용,남,37세,기타불명
2020020900100382,2020년 2월 9일 20시,일요일,경기도 수원시 팔달구 인계동,경상사고,0,0,2,0,차대차 - 측면충돌,안전거리미확보,건조,맑음,단일로 - 기타,승용,남,65세,상해없음,승용,남,26세,경상
2020020900100383,2020년 2월 9일 20시,일요일,경기도 수원시 팔달구 교동,부상신고사고,0,0,0,1,차대사람 - 기타,안전운전불이행,건조,맑음,교차로 - 교차로안,승합,남,69세,상해없음,보행자,남,44세,부상신고