사고번호,사고일시,요일,시군구,사고내용,사망자수,중상자수,경상자수,부상신고자수,사고유형,법규위반,노면상태,기상상태,도로형태,가해운전자 차종,가해운전자 성별,가해운전자 연령,가해운전자 상해정도,피해운전자 차종,피해운전자 성별,피해운전자 연령,피해운전자 상해정도
2020032100100387,2020년 3월 21일 17시,토요일,경기도 수원시 영통구 이의동,경상사고,0,0,2,0,차대차 - 측면충돌,교차로운행방법위반,건조,맑음,교차로 - 교차로안,승용,남,27세,상해없음,승용,남,47세,경상
2020032100100448,2020년 3월 21일 19시,토요일,경기도 수원시 팔달구 화서동,경상사고,0,0,1,0,차대차 - 기타,안전거리미확보,건조,맑음,교차로 - 교차로부근,승용,여,47세,상해없음,승용,여,30세,경상
2020032100100449,2020년 3월 21일 19시,토요일,경기도 수원시 영통구 망포동,경상사고,0,0,1,0,차대차 - 측면충돌,안전운전불이행,기타,기타,교차로 - 교차로부근,승용,여,47세,상해없음,승용,남,28세,경상
2020032100100475,2020년 3월 21일 20시,토요일,경기도 수원시 팔달구 인계동,경상사고,0,0,1,0,차대사람 - 차도통행중,안전운전불이행,건조,맑음,단일로 - 기타,승용,남,55세,상해없음,보행자,여,25세,경상
2020032100100501,2020년 3월 21일 21시,토요일,경기도 수원시 장안구 연무동,경상사고,0,0,1,0,차대차 - 추돌,안전거리미확보,건조,맑음,교차로 - 교차로부근,승용,남,40세,상해없음,승용,남,69세,경상
2020032200100036,2020년 3월 22일 02시,일요일,경기도 수원시 권선구 구운동,경상사고,0,0,1,0,차대차 - 후진중충돌,안전운전불이행,건조,맑음,단일로 - 기타,승용,남,29세,상해없음,승용,남,33세,경상
2020032200100068,2020년 3월 22일 05시,일요일,경기도 수원시 권선구 권선동,중상사고,0,2,0,0,차대사람 - 차도통행중,안전운전불이행,건조,맑음,단일로 - 기타,화물,남,50세,상해없음,보행자,남,24세,중상
2020032200100069,2020년 3월 22일 05시,일요일,경기도 수원시 팔달구 인계동,경상사고,0,0,1,0,차대사람 - 기타,안전운전불이행,건조,맑음,단일로 - 기타,승용,여,41세,상해없음,보행자,남,25세,경상
2020032200100075,2020년 3월 22일 06시,일요일,경기도 수원시 권선구 서둔동,경상사고,0,0,1,0,차대차 - 추돌,안전운전불이행,건조,맑음,교차로 - 교차로부근,승용,남,43세,상해없음,승용,남,70세,경상
2020032200100122,2020년 3월 22일 11시,일요일,경기도 수원시 장안구 율전동,경상사고,0,0,2,0,차대사람 - 보도통행중,기타,건조,맑음,단일로 - 기타,승용,남,50세,상해없음,보행자,남,26세,경상
2020032200100149,2020년 3월 22일 12시,일요일,경기도 수원시 권선구 곡반정동,부상신고사고,0,0,0,1,차대차 - 측면충돌,안전거리미확보,건조,맑음,단일로 - 기타,자전거,남,96세,부상신고,승용,여,25세,상해없음
2020032200100162,2020년 3월 22일 13시,일요일,경기도 수원시 장안구 조원동,경상사고,0,0,1,0,차대사람 - 횡단중,보행자보호의무위반,건조,맑음,단일로 - 기타,이륜,남,20세,상해없음,보행자,여,76세,경상
2020032200100197,2020년 3월 22일 14시,일요일,경기도 수원시 장안구 파장동,중상사고,0,1,0,0,차대차 - 측면충돌,신호위반,건조,맑음,교차로 - 교차로안,승합,남,38세,상해없음,이륜,남,59세,중상
2020032200100245,2020년 3월 22일 16시,일요일,경기도 수원시 장안구 영화동,경상사고,0,0,1,0,차대차 - 기타,신호위반,건조,맑음,교차로 - 교차로안,승용,여,60세,상해없음,자전거,남,58세,경상
2020032200100246,2020년 3월 22일 16시,일요일,경기도 수원시 팔달구 우만동,경상사고,0,0,2,0,차대차 - 추돌,안전거리미확보,건조,맑음,교차로 - 교차로부근,이륜,남,22세,상해없음,승용,남,25세,경상
2020032200100270,2020년 3월 22일 17시,일요일,경기도 수원시 장안구 영화동,중상사고,0,1,0,0,차량단독 - 기타,안전운전불이행,건조,맑음,단일로 - 기타,승합,남,47세,상해없음,,,,
2020032200100296,2020년 3월 22일 18시,일요일,경기도 수원시 장안구 조원동,중상사고,0,1,1,0,차대차 - 측면충돌,신호위반,건조,맑음,교차로 - 교차로안,이륜,남,28세,중상,승용,남,61세,경상
2020032200100299,2020년 3월 22일 18시,일요일,경기도 수원시 영통구 이의동,중상사고,0,1,3,0,차대차 - 기타,차로위반,건조,맑음,교차로 - 교차로부근,승용,남,20세,경상,승용,남,31세,상해없음
2020032200100367,2020년 3월 22일 21시,일요일,경기도 수원시 장안구 이목동,경상사고,0,0,1,0,차대차 - 정면충돌,신호위반,건조,맑음,교차로 - 교차로안,승용,남,61세,상해없음,승용,남,53세,경상
2020032300100044,2020년 3월 23일 07시,월요일,경기도 수원시 팔달구 매향동,경상사고,0,0,1,0,차대차 - 기타,불법유턴,건조,맑음,단일로 - 기타,승합,남,40세,상해없음,화물,남,53세,경상
2020032300100080,2020년 3월 23일 08시,월요일,경기도 수원시 권선구 권선동,경상사고,0,0,1,0,차대차 - 추돌,안전운전불이행,건조,맑음,교차로 - 교차로부근,승용,남,33세,상해없음,승용,남,28세,경상
2020032300100081,2020년 3월 23일 08시,월요일,경기도 수원시 영통구 이의동,경상사고,0,0,1,0,차대차 - 측면충돌,차로위반,건조,맑음,기타 - 기타,승용,남,48세,상해없음,승용,남,30세,경상
2020032300100192,2020년 3월 23일 11시,월요일,경기도 수원시 팔달구 북수동,경상사고,0,0,1,0,차대차 - 추돌,안전운전불이행,건조,맑음,교차로 - 교차로부근,승합,남,58세,상해없음,승용,남,28세,경상
2020032300100198,2020년 3월 23일 11시,월요일,경기도 수원시 권선구 탑동,부상신고사고,0,0,0,1,차대사람 - 기타,안전운전불이행,건조,맑음,단일로 - 기타,승용,남,72세,상해없음,보행자,남,53세,부상신고
2020032300100314,2020년 3월 23일 15시,월요일,경기도 수원시 권선구 호매실동,경상사고,0,0,3,1,차대차 - 측면충돌,안전운전불이행,건조,맑음,단일로 - 기타,승용,남,36세,경상,화물,남,68세,부상신고
2020032300100341,2020년 3월 23일 16시,월요일,경기도 수원시 팔달구 북수동,중상사고,0,1,0,0,차대차 - 기타,기타,건조,맑음,단일로 - 기타,기타불명,기타불명,미분류,기타불명,자전거,남,48세,중상
2020032300100348,2020년 3월 23일 16시,월요일,경기도 수원시 권선구 금곡동,중상사고,0,1,0,0,차대차 - 측면충돌,안전거리미확보,건조,맑음,교차로 - 교차로부근,화물,남,59세,상해없음,이륜,남,31세,중상
2020032300100409,2020년 3월 23일 18시,월요일,경기도 수원시 장안구 천천동,경상사고,0,0,3,0,차대차 - 추돌,안전거리미확보,건조,맑음,교차로 - 교차로안,승용,여,45세,상해없음,승용,여,47세,경상
2020032300100411,2020년 3월 23일 18시,월요일,경기도 수원시 영통구 이의동,경상사고,0,0,1,0,차대차 - 기타,안전거리미확보,건조,맑음,교차로 - 교차로횡단보도내,승용,남,32세,상해없음,승용,남,33세,경상
2020032300100568,2020년 3월 23일 23시,월요일,경기도 수원시 권선구 권선동,경상사고,0,0,2,0,차대차 - 기타,안전운전불이행,건조,맑음,교차로 - 교차로부근,승용,남,50세,상해없음,승합,남,47세,상해없음
2020032300100571,2020년 3월 23일 23시,월요일,경기도 수원시 권선구 탑동,경상사고,0,0,1,0,차대차 - 기타,교차로운행방법위반,건조,맑음,교차로 - 교차로안,승용,남,59세,상해없음,승용,남,49세,경상
2020032400100031,2020년 3월 24일 03시,화요일,경기도 수원시 영통구 매탄동,중상사고,0,2,4,0,차대차 - 측면충돌,신호위반,건조,맑음,교차로 - 교차로안,승용,남,20세,상해없음,승용,남,27세,경상
2020032400100117,2020년 3월 24일 09시,화요일,경기도 수원시 장안구 파장동,경상사고,0,0,1,0,차대사람 - 기타,보행자보호의무위반,건조,맑음,교차로 - 교차로횡단보도내,승용,남,36세,상해없음,보행자,여,50세,경상
2020032400100145,2020년 3월 24일 10시,화요일,경기도 수원시 장안구 연무동,경상사고,0,0,2,0,차대차 - 추돌,안전거리미확보,건조,맑음,단일로 - 기타,화물,남,52세,상해없음,승용,여,25세,경상
2020032400100148,2020년 3월 24일 10시,화요일,경기도 수원시 권선구 서둔동,경상사고,0,0,1,0,차대차 - 정면충돌,신호위반,건조,맑음,교차로 - 교차로안,화물,남,70세,상해없음,승용,남,42세,경상
2020032400100149,2020년 3월 24일 10시,화요일,경기도 수원시 팔달구 중동,경상사고,0,0,1,0,차대차 - 기타,안전거리미확보,건조,맑음,교차로 - 교차로부근,승용,여,45세,상해없음,이륜,남,52세,경상
2020032400100411,2020년 3월 24일 18시,화요일,경기도 수원시 장안구 연무동,부상신고사고,0,0,0,1,차대차 - 추돌,교차로운행방법위반,건조,맑음,교차로 - 교차로안,이륜,남,19세,부상신고,승합,남,28세,상해없음
2020032400100462,2020년 3월 24일 19시,화요일,경기도 수원시 권선구 세류동,경상사고,0,0,1,0,차대차 - 측면충돌,안전거리미확보,건조,맑음,단일로 - 기타,승용,남,63세,상해없음,승용,여,20세,경상
2020032400100516,2020년 3월 24일 21시,화요일,경기도 수원시 권선구 금곡동,경상사고,0,0,2,0,차대차 - 추돌,안전운전불이행,건조,맑음,교차로 - 교차로부근,승용,여,44세,상해없음,승용,남,46세,경상
2020032400100531,2020년 3월 24일 22시,화요일,경기도 수원시 권선구 고색동,경상사고,0,0,1,0,차대차 - 추돌,안전운전불이행,건조,맑음,단일로 - 기타,승용,남,52세,상해없음,승용,남,25세,경상
2020032500100208,2020년 3월 25일 12시,수요일,경기도 수원시 권선구 권선동,경상사고,0,0,1,0,차대차 - 기타,신호위반,건조,맑음,교차로 - 교차로횡단보도내,승용,여,26세,상해없음,자전거,여,38세,경상
2020032500100338,2020년 3월 25일 16시,수요일,경기도 수원시 권선구 금곡동,경상사고,0,0,1,0,차대차 - 기타,안전거리미확보,건조,맑음,단일로 - 기타,승용,남,39세,상해없음,승합,남,54세,상해없음
2020032500100380,2020년 3월 25일 17시,수요일,경기도 수원시 팔달구 매산로1가,경상사고,0,0,1,0,차대차 - 기타,안전운전불이행,건조,맑음,교차로 - 교차로부근,화물,남,27세,상해없음,승용,여,53세,경상
2020032500100414,2020년 3월 25일 18시,수요일,경기도 수원시 권선구 권선동,중상사고,0,1,1,0,차대차 - 측면충돌,안전운전불이행,건조,맑음,단일로 - 기타,승합,남,60세,상해없음,이륜,남,34세,경상
2020032500100415,2020년 3월 25일 18시,수요일,경기도 수원시 권선구 대황교동,중상사고,0,1,0,0,차대차 - 측면충돌,안전거리미확보,건조,맑음,단일로 - 기타,화물,남,36세,상해없음,승용,남,53세,중상
2020032500100453,2020년 3월 25일 19시,수요일,경기도 수원시 장안구 연무동,경상사고,0,0,1,0,차대차 - 추돌,안전거리미확보,건조,흐림,기타 - 기타,승용,기타불명,미분류,기타불명,승용,여,51세,경상
2020032500100488,2020년 3월 25일 20시,수요일,경기도 수원시 영통구 매탄동,중상사고,0,1,0,0,차대차 - 측면충돌,안전운전불이행,건조,맑음,교차로 - 교차로부근,이륜,남,52세,상해없음,개인형이동수단(PM),남,23세,중상
2020032500100571,2020년 3월 25일 23시,수요일,경기도 수원시 팔달구 화서동,경상사고,0,0,1,0,차대사람 - 기타,안전운전불이행,건조,맑음,단일로 - 기타,승용,여,44세,상해없음,보행자,여,63세,경상
2020032500100572,2020년 3월 25일 23시,수요일,경기도 수원시 팔달구 인계동,경상사고,0,0,2,0,차대차 - 측면충돌,신호위반,건조,맑음,교차로 - 교차로안,승용,남,24세,상해없음,승용,여,25세,경상
2020032600100005,2020년 3월 26일 00시,목요일,경기도 수원시 영통구 이의동,경상사고,0,0,6,0,차대차 - 측면충돌,안전운전불이행,건조,흐림,단일로 - 기타,이륜,남,24세,경상,승합,남,52세,경상
2020032600100107,2020년 3월 26일 09시,목요일,경기도 수원시 권선구 세류동,사망사고,1,0,0,0,차대차 - 기타,안전운전불이행,건조,맑음,단일로 - 기타,승합,남,50세,상해없음,이륜,남,71세,사망
2020032600100152,2020년 3월 26일 11시,목요일,경기도 수원시 장안구 파장동,경상사고,0,0,1,1,차대차 - 추돌,안전운전불이행,건조,맑음,교차로 - 교차로안,승용,남,26세,상해없음,승용,남,25세,부상신고
2020032600100154,2020년 3월 26일 11시,목요일,경기도 수원시 권선구 권선동,경상사고,0,0,2,0,차대차 - 측면충돌,신호위반,건조,맑음,교차로 - 교차로안,승용,남,21세,상해없음,승합,남,55세,경상
2020032600100157,2020년 3월 26일 11시,목요일,경기도 수원시 영통구 매탄동,중상사고,0,1,0,0,차대차 - 측면충돌,안전거리미확보,기타,기타,단일로 - 기타,승용,남,33세,상해없음,이륜,남,49세,중상
2020032600100238,2020년 3월 26일 14시,목요일,경기도 수원시 팔달구 매산로1가,경상사고,0,0,3,0,차대차 - 기타,안전운전불이행,건조,맑음,단일로 - 기타,승용,남,27세,상해없음,승용,남,23세,상해없음
2020032600100239,2020년 3월 26일 14시,목요일,경기도 수원시 권선구 서둔동,경상사고,0,0,1,0,차대차 - 추돌,안전운전불이행,건조,맑음,교차로 - 교차로부근,승용,남,58세,상해없음,승합,남,45세,경상
2020032600100281,2020년 3월 26일 16시,목요일,경기도 수원시 팔달구 인계동,경상사고,0,0,1,0,차대차 - 기타,안전운전불이행,건조,흐림,교차로 - 교차로안,승용,여,45세,상해없음,특수,남,35세,경상
2020032600100349,2020년 3월 26일 18시,목요일,경기도 수원시 장안구 송죽동,경상사고,0,0,2,0,차대차 - 기타,직진우회전진행방해,건조,맑음,교차로 - 교차로안,승용,여,44세,상해없음,승용,남,24세,경상
2020032600100477,2020년 3월 26일 21시,목요일,경기도 수원시 팔달구 인계동,경상사고,0,0,1,0,차대차 - 기타,신호위반,젖음/습기,비,교차로 - 교차로안,이륜,남,53세,경상,승용,남,45세,상해없음
2020032600100512,2020년 3월 26일 22시,목요일,경기도 수원시 영통구 원천동,중상사고,0,1,0,0,차대사람 - 기타,안전운전불이행,젖음/습기,비,기타 - 기타,승용,남,51세,상해없음,보행자,여,20세,중상
2020032600100513,2020년 3월 26일 22시,목요일,경기도 수원시 영통구 매탄동,중상사고,0,2,0,0,차대차 - 추돌,안전운전불이행,젖음/습기,비,기타 - 기타,승용,남,61세,상해없음,승용,남,49세,중상
2020032600100514,2020년 3월 26일 22시,목요일,경기도 수원시 영통구 원천동,경상사고,0,0,1,0,차대차 - 기타,안전운전불이행,젖음/습기,비,교차로 - 교차로부근,승용,여,23세,상해없음,이륜,남,48세,경상
2020032700100010,2020년 3월 27일 00시,금요일,경기도 수원시 권선구 구운동,중상사고,0,1,0,0,차대사람 - 차도통행중,과속,건조,맑음,단일로 - 기타,승용,남,64세,상해없음,보행자,남,40세,중상
2020032700100125,2020년 3월 27일 09시,금요일,경기도 수원시 팔달구 화서동,중상사고,0,1,0,0,차대차 - 기타,직진우회전진행방해,건조,맑음,교차로 - 교차로안,화물,남,59세,기타불명,화물,남,57세,중상
2020032700100164,2020년 3월 27일 11시,금요일,경기도 수원시 팔달구 우만동,부상신고사고,0,0,0,1,차대차 - 측면충돌,안전거리미확보,건조,맑음,단일로 - 기타,승용,남,67세,상해없음,승용,여,28세,부상신고
2020032700100166,2020년 3월 27일 11시,금요일,경기도 수원시 팔달구 매산로1가,경상사고,0,0,2,0,차대차 - 추돌,안전거리미확보,건조,맑음,교차로 - 교차로안,승용,남,36세,상해없음,승용,여,45세,경상
2020032700100196,2020년 3월 27일 12시,금요일,경기도 수원시 장안구 조원동,경상사고,0,0,2,0,차대차 - 기타,안전거리미확보,건조,맑음,단일로 - 기타,승용,남,44세,경상,승합,남,53세,경상
2020032700100223,2020년 3월 27일 13시,금요일,경기도 수원시 팔달구 지동,중상사고,0,1,0,0,차대사람 - 기타,안전운전불이행,건조,맑음,교차로 - 교차로부근,승용,남,70세,상해없음,보행자,남,51세,중상
2020032700100313,2020년 3월 27일 16시,금요일,경기도 수원시 팔달구 화서동,부상신고사고,0,0,0,1,차대차 - 추돌,안전거리미확보,건조,맑음,단일로 - 기타,승용,여,53세,상해없음,승용,남,47세,부상신고
2020032700100322,2020년 3월 27일 16시,금요일,경기도 수원시 권선구 오목천동,중상사고,0,1,0,1,차대차 - 측면충돌,신호위반,건조,맑음,교차로 - 교차로안,이륜,남,33세,부상신고,이륜,남,37세,중상
2020032700100323,2020년 3월 27일 16시,금요일,경기도 수원시 권선구 평동,중상사고,0,2,2,0,차대차 - 추돌,안전운전불이행,건조,맑음,단일로 - 기타,건설기계,남,58세,상해없음,승용,남,44세,중상
2020032700100354,2020년 3월 27일 17시,금요일,경기도 수원시 장안구 영화동,부상신고사고,0,0,0,2,차대차 - 측면충돌,교차로운행방법위반,건조,맑음,교차로 - 교차로안,승용,남,37세,상해없음,승용,남,37세,부상신고
2020032700100361,2020년 3월 27일 17시,금요일,경기도 수원시 권선구 권선동,경상사고,0,0,1,1,차대차 - 기타,신호위반,건조,맑음,교차로 - 교차로안,승합,남,51세,부상신고,승용,남,29세,경상
2020032700100454,2020년 3월 27일 19시,금요일,경기도 수원시 영통구 원천동,중상사고,0,1,0,0,차대차 - 기타,신호위반,건조,맑음,교차로 - 교차로안,이륜,남,23세,중상,승용,여,40세,상해없음
2020032700100524,2020년 3월 27일 21시,금요일,경기도 수원시 권선구 곡반정동,경상사고,0,0,1,0,차대차 - 추돌,안전운전불이행,건조,맑음,교차로 - 교차로부근,화물,남,46세,상해없음,승용,남,35세,경상
2020032800100006,2020년 3월 28일 00시,토요일,경기도 수원시 팔달구 우만동,경상사고,0,0,1,0,차대차 - 기타,안전운전불이행,건조,맑음,단일로 - 기타,승용,남,39세,상해없음,이륜,남,55세,경상
2020032800100080,2020년 3월 28일 07시,토요일,경기도 수원시 권선구 오목천동,경상사고,0,0,3,0,차대차 - 추돌,안전운전불이행,건조,맑음,단일로 - 기타,화물,남,49세,상해없음,승합,남,62세,상해없음
2020032800100098,2020년 3월 28일 08시,토요일,경기도 수원시 팔달구 매산로1가,경상사고,0,0,1,0,차대차 - 측면충돌,교차로운행방법위반,건조,맑음,교차로 - 교차로안,승용,남,56세,상해없음,승용,여,29세,경상
2020032800100168,2020년 3월 28일 11시,토요일,경기도 수원시 영통구 하동,경상사고,0,0,2,0,차대차 - 측면충돌,안전운전불이행,건조,맑음,단일로 - 기타,승용,여,60세,상해없음,승용,여,28세,경상
2020032800100193,2020년 3월 28일 12시,토요일,경기도 수원시 권선구 탑동,경상사고,0,0,1,0,차대차 - 기타,안전거리미확보,건조,맑음,교차로 - 교차로부근,승용,남,51세,상해없음,승합,여,59세,경상
2020032800100284,2020년 3월 28일 15시,토요일,경기도 수원시 팔달구 팔달로2가,경상사고,0,0,1,0,차대차 - 기타,안전거리미확보,건조,맑음,단일로 - 기타,이륜,남,68세,상해없음,승용,남,45세,경상
2020032800100285,2020년 3월 28일 15시,토요일,경기도 수원시 장안구 정자동,경상사고,0,0,3,0,차대차 - 기타,안전운전불이행,건조,맑음,단일로 - 기타,승용,여,44세,경상,승용,남,51세,경상
2020032800100306,2020년 3월 28일 16시,토요일,경기도 수원시 장안구 율전동,중상사고,0,1,0,0,차대사람 - 횡단중,안전운전불이행,건조,맑음,단일로 - 기타,이륜,남,16세,상해없음,보행자,여,48세,중상
2020032800100310,2020년 3월 28일 16시,토요일,경기도 수원시 영통구 영통동,경상사고,0,0,4,0,차대차 - 측면충돌,안전운전불이행,건조,맑음,교차로 - 교차로부근,이륜,남,46세,상해없음,승용,여,55세,경상
2020032800100463,2020년 3월 28일 21시,토요일,경기도 수원시 영통구 망포동,경상사고,0,0,1,0,차대차 - 측면충돌,안전운전불이행,건조,맑음,단일로 - 기타,승용,남,31세,상해없음,이륜,남,52세,경상
2020032800100488,2020년 3월 28일 22시,토요일,경기도 수원시 영통구 매탄동,경상사고,0,0,1,0,차대차 - 측면충돌,안전운전불이행,건조,맑음,단일로 - 기타,승용,남,60세,상해없음,이륜,남,19세,경상
2020032800100489,2020년 3월 28일 22시,토요일,경기도 수원시 팔달구 인계동,경상사고,0,0,1,0,차대차 - 정면충돌,안전운전불이행,건조,맑음,교차로 - 교차로부근,승합,남,49세,상해없음,이륜,남,59세,경상
2020032800100490,2020년 3월 28일 22시,토요일,경기도 수원시 권선구 금곡동,중상사고,0,1,1,0,차대차 - 기타,신호위반,건조,맑음,교차로 - 교차로안,승용,남,23세,상해없음,이륜,남,21세,중상
2020032900100053,2020년 3월 29일 04시,일요일,경기도 수원시 장안구 영화동,경상사고,0,0,1,0,차대차 - 기타,신호위반,건조,맑음,교차로 - 교차로부근,승용,남,25세,상해없음,승용,남,48세,경상
2020032900100055,2020년 3월 29일 04시,일요일,경기도 수원시 권선구 호매실동,부상신고사고,0,0,0,1,차량단독 - 공작물충돌,안전운전불이행,건조,맑음,단일로 - 기타,승용,남,26세,부상신고,,,,
2020032900100237,2020년 3월 29일 16시,일요일,경기도 수원시 권선구 권선동,경상사고,0,0,2,0,차대차 - 기타,직진우회전진행방해,건조,맑음,교차로 - 교차로안,승용,남,59세,기타불명,승용,남,30세,경상
2020032900100375,2020년 3월 29일 23시,일요일,경기도 수원시 팔달구 우만동,경상사고,0,0,1,0,차대차 - 측면충돌,안전거리미확보,건조,맑음,교차로 - 교차로안,승용,남,57세,상해없음,승용,남,22세,경상
2020033000100053,2020년 3월 30일 07시,월요일,경기도 수원시 권선구 권선동,경상사고,0,0,1,0,차대차 - 추돌,안전거리미확보,건조,맑음,교차로 - 교차로부근,승용,여,39세,상해없음,승용,여,57세,경상
2020033000100075,2020년 3월 30일 08시,월요일,경기도 수원시 장안구 영화동,경상사고,0,0,1,0,차대차 - 기타,안전운전불이행,건조,맑음,기타 - 기타,자전거,남,40세,경상,승용,남,38세,상해없음
2020033000100081,2020년 3월 30일 08시,월요일,경기도 수원시 권선구 세류동,중상사고,0,1,0,0,차대사람 - 기타,보행자보호의무위반,건조,맑음,교차로 - 교차로부근,건설기계,남,59세,상해없음,보행자,여,19세,중상
2020033000100115,2020년 3월 30일 09시,월요일,경기도 수원시 영통구 매탄동,중상사고,0,2,0,0,차대차 - 측면충돌,신호위반,건조,맑음,교차로 - 교차로안,승용,여,51세,상해없음,승용,남,50세,중상
2020033000100136,2020년 3월 30일 10시,월요일,경기도 수원시 장안구 영화동,경상사고,0,0,1,0,차대차 - 기타,안전운전불이행,건조,맑음,교차로 - 교차로부근,화물,남,48세,상해없음,승용,남,53세,경상
2020033000100137,2020년 3월 30일 10시,월요일,경기도 수원시 장안구 정자동,중상사고,0,1,0,0,차대사람 - 기타,안전운전불이행,건조,맑음,교차로 - 교차로안,승용,여,50세,상해없음,보행자,여,81세,중상
2020033000100227,2020년 3월 30일 13시,월요일,경기도 수원시 장안구 송죽동,중상사고,0,1,0,0,차대사람 - 횡단중,안전운전불이행,건조,맑음,단일로 - 기타,승용,여,48세,상해없음,보행자,남,16세,중상
2020033000100231,2020년 3월 30일 13시,월요일,경기도 수원시 권선구 고색동,경상사고,0,0,1,0,차대차 - 기타,안전운전불이행,건조,맑음,교차로 - 교차로안,화물,남,53세,상해없음,승용,여,57세,경상
2020033000100232,2020년 3월 30일 13시,월요일,경기도 수원시 권선구 고색동,경상사고,0,0,1,0,차대차 - 추돌,안전운전불이행,건조,맑음,단일로 - 기타,화물,남,56세,상해없음,화물,남,34세,경상
2020033000100304,2020년 3월 30일 15시,월요일,경기도 수원시 장안구 하광교동,경상사고,0,0,1,0,차대사람 - 보도통행중,기타,건조,맑음,단일로 - 기타,자전거,남,67세,상해없음,보행자,남,71세,경상
2020033000100371,2020년 3월 30일 17시,월요일,경기도 수원시 권선구 권선동,경상사고,0,0,1,0,차대차 - 추돌,안전운전불이행,건조,맑음,단일로 - 기타,승용,여,44세,상해없음,승용,여,30세,경상
2020033000100373,2020년 3월 30일 17시,월요일,경기도 수원시 권선구 금곡동,경상사고,0,0,1,0,차대차 - 기타,교차로운행방법위반,건조,맑음,교차로 - 교차로안,승용,여,38세,상해없음,승용,남,66세,경상
2020033000100406,2020년 3월 30일 18시,월요일,경기도 수원시 팔달구 매산로1가,경상사고,0,0,1,0,차대차 - 기타,안전거리미확보,건조,맑음,단일로 - 기타,승합,남,44세,상해없음,승용,남,62세,상해없음
2020033000100435,2020년 3월 30일 19시,월요일,경기도 수원시 팔달구 팔달로1가,부상신고사고,0,0,0,1,차대차 - 정면충돌,안전거리미확보,건조,맑음,단일로 - 기타,이륜,남,59세,부상신고,승용,남,18세,상해없음
2020033000100436,2020년 3월 30일 19시,월요일,경기도 수원시 장안구 율전동,경상사고,0,0,1,0,차대사람 - 기타,안전운전불이행,건조,맑음,단일로 - 기타,승용,남,30세,상해없음,보행자,남,25세,경상
2020033000100446,2020년 3월 30일 19시,월요일,경기도 수원시 영통구 매탄동,경상사고,0,0,1,2,차대차 - 기타,안전거리미확보,건조,맑음,교차로 - 교차로안,승용,남,54세,상해없음,승용,남,24세,부상신고
2020033000100477,2020년 3월 30일 20시,월요일,경기도 수원시 영통구 이의동,경상사고,0,0,2,0,차대차 - 측면충돌,안전운전불이행,건조,맑음,단일로 - 기타,승용,남,23세,상해없음,승용,남,65세,경상
2020033100100030,2020년 3월 31일 05시,화요일,경기도 수원시 팔달구 우만동,경상사고,0,0,2,0,차대차 - 후진중충돌,안전운전불이행,건조,맑음,단일로 - 기타,승용,남,23세,상해없음,승용,남,40세,경상
2020033100100046,2020년 3월 31일 06시,화요일,경기도 수원시 권선구 권선동,중상사고,0,1,0,0,차대차 - 측면충돌,안전운전불이행,건조,맑음,단일로 - 기타,승용,남,59세,상해없음,자전거,남,58세,중상
2020033100100103,2020년 3월 31일 09시,화요일,경기도 수원시 장안구 파장동,경상사고,0,0,1,0,차량단독 - 기타,기타,건조,맑음,단일로 - 기타,승합,남,58세,상해없음,,,,
2020033100100181,2020년 3월 31일 11시,화요일,경기도 수원시 영통구 영통동,경상사고,0,0,2,0,차대차 - 측면충돌,신호위반,건조,맑음,교차로 - 교차로안,이륜,남,56세,상해없음,승용,여,59세,경상
2020033100100200,2020년 3월 31일 12시,화요일,경기도 수원시 장안구 하광교동,경상사고,0,0,4,0,차대차 - 정면충돌,중앙선침범,건조,맑음,단일로 - 기타,승용,남,79세,기타불명,승용,남,54세,경상
2020033100100290,2020년 3월 31일 15시,화요일,경기도 수원시 팔달구 영동,중상사고,0,1,0,0,차대차 - 추돌,신호위반,건조,맑음,교차로 - 교차로안,승용,남,61세,상해없음,승용,여,63세,중상
2020033100100332,2020년 3월 31일 16시,화요일,경기도 수원시 팔달구 매산로1가,경상사고,0,0,2,0,차대차 - 기타,안전거리미확보,건조,맑음,단일로 - 기타,승용,남,68세,경상,승용,남,51세,상해없음
2020033100100376,2020년 3월 31일 17시,화요일,경기도 수원시 팔달구 인계동,경상사고,0,0,3,0,차대차 - 추돌,안전운전불이행,건조,맑음,교차로 - 교차로부근,승용,여,36세,상해없음,승용,남,29세,경상
2020033100100438,2020년 3월 31일 19시,화요일,경기도 수원시 권선구 권선동,중상사고,0,1,0,0,차대차 - 측면충돌,안전거리미확보,건조,맑음,단일로 - 기타,승용,여,49세,상해없음,이륜,남,29세,중상
2020040100100004,2020년 4월 1일 00시,수요일,경기도 수원시 권선구 고색동,경상사고,0,0,1,0,차대차 - 측면충돌,신호위반,건조,맑음,교차로 - 교차로횡단보도내,승용,남,77세,상해없음,개인형이동수단(PM),남,17세,경상
2020040100100034,2020년 4월 1일 03시,수요일,경기도 수원시 팔달구 인계동,경상사고,0,0,1,0,차량단독 - 공작물충돌,안전운전불이행,기타,기타,단일로 - 기타,승용,남,40세,경상,,,,
2020040100100065,2020년 4월 1일 07시,수요일,경기도 수원시 장안구 파장동,중상사고,0,1,0,0,차량단독 - 기타,안전운전불이행,건조,흐림,단일로 - 기타,승합,남,62세,상해없음,,,,