사고번호,사고일시,요일,시군구,사고내용,사망자수,중상자수,경상자수,부상신고자수,사고유형,법규위반,노면상태,기상상태,도로형태,가해운전자 차종,가해운전자 성별,가해운전자 연령,가해운전자 상해정도,피해운전자 차종,피해운전자 성별,피해운전자 연령,피해운전자 상해정도
2020040100100068,2020년 4월 1일 07시,수요일,경기도 수원시 권선구 평동,경상사고,0,0,1,0,차대차 - 측면충돌,기타,건조,맑음,단일로 - 기타,이륜,남,25세,경상,승용,남,49세,상해없음
2020040100100085,2020년 4월 1일 08시,수요일,경기도 수원시 영통구 영통동,경상사고,0,0,1,0,차대차 - 측면충돌,안전운전불이행,건조,맑음,교차로 - 교차로안,승용,여,32세,상해없음,승용,여,54세,경상
2020040100100184,2020년 4월 1일 12시,수요일,경기도 수원시 장안구 천천동,경상사고,0,0,3,0,차대차 - 측면충돌,신호위반,건조,맑음,교차로 - 교차로안,이륜,남,21세,경상,승용,여,32세,경상
2020040100100219,2020년 4월 1일 13시,수요일,경기도 수원시 권선구 곡반정동,경상사고,0,0,1,0,차대차 - 측면충돌,안전운전불이행,건조,맑음,단일로 - 기타,이륜,남,37세,경상,승용,남,57세,상해없음
2020040100100240,2020년 4월 1일 14시,수요일,경기도 수원시 장안구 영화동,경상사고,0,0,1,0,차대차 - 추돌,안전운전불이행,건조,맑음,단일로 - 기타,화물,남,61세,상해없음,승용,여,65세,경상
2020040100100243,2020년 4월 1일 14시,수요일,경기도 수원시 영통구 이의동,경상사고,0,0,2,0,차대차 - 측면충돌,신호위반,건조,맑음,교차로 - 교차로안,승용,여,61세,상해없음,승용,여,50세,경상
2020040100100281,2020년 4월 1일 15시,수요일,경기도 수원시 영통구 영통동,경상사고,0,0,1,0,차대차 - 측면충돌,안전거리미확보,건조,맑음,단일로 - 기타,승용,남,24세,상해없음,이륜,남,34세,경상
2020040100100305,2020년 4월 1일 16시,수요일,경기도 수원시 팔달구 팔달로1가,경상사고,0,0,1,0,차대사람 - 횡단중,안전운전불이행,건조,맑음,단일로 - 기타,승용,남,48세,상해없음,보행자,남,62세,경상
2020040100100314,2020년 4월 1일 16시,수요일,경기도 수원시 팔달구 교동,경상사고,0,0,2,1,차대차 - 기타,안전운전불이행,건조,맑음,교차로 - 교차로안,승합,남,65세,경상,승용,여,47세,부상신고
2020040100100419,2020년 4월 1일 19시,수요일,경기도 수원시 영통구 영통동,중상사고,0,1,0,0,차대차 - 측면충돌,신호위반,건조,맑음,교차로 - 교차로안,승용,여,28세,상해없음,이륜,남,26세,중상
2020040100100421,2020년 4월 1일 19시,수요일,경기도 수원시 권선구 고색동,중상사고,0,1,0,0,차대사람 - 횡단중,안전운전불이행,건조,맑음,교차로 - 교차로부근,승용,여,57세,상해없음,보행자,남,66세,중상
2020040100100508,2020년 4월 1일 22시,수요일,경기도 수원시 권선구 권선동,경상사고,0,0,1,0,차대사람 - 길가장자리구역통행중,안전운전불이행,건조,맑음,기타 - 기타,승용,여,46세,상해없음,보행자,남,46세,경상
2020040100100509,2020년 4월 1일 22시,수요일,경기도 수원시 권선구 권선동,부상신고사고,0,0,0,1,차대사람 - 보도통행중,보행자보호의무위반,건조,맑음,기타 - 기타,기타불명,기타불명,미분류,기타불명,보행자,남,21세,부상신고
2020040100100511,2020년 4월 1일 22시,수요일,경기도 수원시 권선구 구운동,경상사고,0,0,1,0,차량단독 - 공작물충돌,안전운전불이행,건조,맑음,단일로 - 기타,승용,남,57세,경상,,,,
2020040100100529,2020년 4월 1일 23시,수요일,경기도 수원시 권선구 권선동,경상사고,0,0,1,0,차대차 - 측면충돌,신호위반,건조,맑음,교차로 - 교차로안,승용,남,33세,상해없음,승용,남,26세,경상
2020040200100007,2020년 4월 2일 00시,목요일,경기도 수원시 팔달구 인계동,경상사고,0,0,2,0,차대차 - 측면충돌,교차로운행방법위반,건조,맑음,교차로 - 교차로부근,승용,남,21세,상해없음,승용,남,57세,상해없음
2020040200100045,2020년 4월 2일 05시,목요일,경기도 수원시 장안구 송죽동,경상사고,0,0,2,0,차대차 - 추돌,신호위반,건조,맑음,교차로 - 교차로안,화물,남,56세,상해없음,승용,남,33세,경상
2020040200100067,2020년 4월 2일 07시,목요일,경기도 수원시 팔달구 인계동,경상사고,0,0,1,0,차대차 - 측면충돌,신호위반,건조,맑음,교차로 - 교차로안,승용,남,28세,상해없음,승용,남,40세,경상
2020040200100097,2020년 4월 2일 08시,목요일,경기도 수원시 팔달구 우만동,경상사고,0,0,1,0,차대사람 - 기타,안전운전불이행,건조,맑음,교차로 - 교차로안,승용,여,51세,상해없음,보행자,여,24세,경상
2020040200100128,2020년 4월 2일 09시,목요일,경기도 수원시 영통구 매탄동,중상사고,0,1,0,0,차대사람 - 기타,안전운전불이행,건조,맑음,단일로 - 기타,화물,남,70세,상해없음,보행자,여,80세,중상
2020040200100149,2020년 4월 2일 10시,목요일,경기도 수원시 팔달구 화서동,중상사고,0,1,0,0,차대사람 - 횡단중,보행자보호의무위반,건조,맑음,교차로 - 교차로안,승용,남,48세,상해없음,보행자,여,50세,중상
2020040200100153,2020년 4월 2일 10시,목요일,경기도 수원시 권선구 권선동,경상사고,0,0,1,1,차대차 - 기타,신호위반,건조,맑음,교차로 - 교차로안,화물,남,75세,부상신고,화물,남,53세,경상
2020040200100215,2020년 4월 2일 12시,목요일,경기도 수원시 장안구 이목동,경상사고,0,0,1,2,차대차 - 측면충돌,차로위반,건조,맑음,단일로 - 기타,승용,여,51세,경상,화물,남,52세,부상신고
2020040200100283,2020년 4월 2일 14시,목요일,경기도 수원시 권선구 대황교동,중상사고,0,1,0,0,차대차 - 기타,차로위반,건조,맑음,단일로 - 기타,승용,남,30세,상해없음,승용,남,49세,중상
2020040200100284,2020년 4월 2일 14시,목요일,경기도 수원시 영통구 매탄동,경상사고,0,0,1,0,차대차 - 기타,안전거리미확보,기타,기타,단일로 - 기타,승용,여,60세,상해없음,승합,남,59세,상해없음
2020040200100432,2020년 4월 2일 18시,목요일,경기도 수원시 영통구 매탄동,경상사고,0,0,1,0,차대차 - 기타,안전운전불이행,기타,기타,단일로 - 기타,승용,남,51세,상해없음,이륜,남,32세,경상
2020040200100470,2020년 4월 2일 19시,목요일,경기도 수원시 팔달구 화서동,경상사고,0,0,1,0,차대차 - 기타,불법유턴,건조,맑음,교차로 - 교차로안,자전거,남,56세,경상,승용,여,43세,상해없음
2020040200100477,2020년 4월 2일 19시,목요일,경기도 수원시 팔달구 인계동,경상사고,0,0,1,0,차대차 - 측면충돌,안전운전불이행,건조,맑음,교차로 - 교차로안,승용,남,36세,상해없음,원동기,남,26세,경상
2020040200100478,2020년 4월 2일 19시,목요일,경기도 수원시 영통구 망포동,경상사고,0,0,1,0,차대차 - 측면충돌,안전운전불이행,건조,맑음,교차로 - 교차로안,승용,남,30세,상해없음,승용,여,51세,경상
2020040200100481,2020년 4월 2일 19시,목요일,경기도 수원시 권선구 오목천동,중상사고,0,1,0,0,차대차 - 기타,차로위반,건조,맑음,단일로 - 기타,승용,남,45세,상해없음,승합,남,53세,상해없음
2020040200100482,2020년 4월 2일 19시,목요일,경기도 수원시 권선구 오목천동,중상사고,0,1,0,0,차대차 - 기타,신호위반,건조,맑음,교차로 - 교차로안,화물,남,59세,상해없음,이륜,남,41세,중상
2020040200100507,2020년 4월 2일 20시,목요일,경기도 수원시 팔달구 우만동,경상사고,0,0,1,0,차대차 - 기타,안전운전불이행,건조,맑음,교차로 - 교차로안,승용,남,60세,상해없음,원동기,남,26세,경상
2020040200100535,2020년 4월 2일 21시,목요일,경기도 수원시 권선구 금곡동,중상사고,0,1,0,0,차대사람 - 기타,안전운전불이행,건조,맑음,교차로 - 교차로부근,승용,여,36세,상해없음,보행자,남,64세,중상
2020040200100579,2020년 4월 2일 23시,목요일,경기도 수원시 영통구 영통동,경상사고,0,0,2,0,차대차 - 후진중충돌,안전운전불이행,건조,맑음,교차로 - 교차로횡단보도내,승용,남,46세,기타불명,승용,남,28세,경상
2020040300100032,2020년 4월 3일 05시,금요일,경기도 수원시 영통구 매탄동,경상사고,0,0,1,0,차대차 - 측면충돌,차로위반,건조,맑음,단일로 - 기타,승용,남,61세,상해없음,승용,남,58세,경상
2020040300100051,2020년 4월 3일 07시,금요일,경기도 수원시 권선구 대황교동,경상사고,0,0,1,0,차대차 - 추돌,안전운전불이행,건조,맑음,단일로 - 기타,승용,남,57세,상해없음,승용,남,62세,경상
2020040300100075,2020년 4월 3일 08시,금요일,경기도 수원시 팔달구 팔달로3가,경상사고,0,0,2,0,차대차 - 기타,직진우회전진행방해,건조,맑음,교차로 - 교차로안,승용,남,65세,경상,승용,남,39세,경상
2020040300100076,2020년 4월 3일 08시,금요일,경기도 수원시 장안구 영화동,경상사고,0,0,1,0,차대차 - 기타,안전거리미확보,건조,맑음,교차로 - 교차로부근,승용,여,56세,상해없음,승용,남,22세,경상
2020040300100134,2020년 4월 3일 10시,금요일,경기도 수원시 장안구 율전동,경상사고,0,0,1,0,차대차 - 기타,신호위반,건조,맑음,교차로 - 교차로안,승용,여,55세,상해없음,화물,남,56세,경상
2020040300100138,2020년 4월 3일 10시,금요일,경기도 수원시 권선구 세류동,경상사고,0,0,1,0,차대사람 - 기타,안전운전불이행,건조,맑음,기타 - 기타,승용,남,34세,기타불명,보행자,여,67세,경상
2020040300100164,2020년 4월 3일 11시,금요일,경기도 수원시 팔달구 매산로1가,경상사고,0,0,3,0,차대차 - 기타,안전운전불이행,건조,맑음,단일로 - 기타,화물,남,67세,상해없음,승용,남,27세,경상
2020040300100218,2020년 4월 3일 13시,금요일,경기도 수원시 영통구 영통동,경상사고,0,0,1,0,차대차 - 측면충돌,안전운전불이행,건조,맑음,단일로 - 기타,승용,여,40세,상해없음,이륜,남,33세,경상
2020040300100219,2020년 4월 3일 13시,금요일,경기도 수원시 장안구 하광교동,경상사고,0,0,2,0,차대차 - 측면충돌,안전운전불이행,건조,맑음,단일로 - 기타,건설기계,남,59세,상해없음,화물,남,58세,경상
2020040300100279,2020년 4월 3일 15시,금요일,경기도 수원시 권선구 금곡동,부상신고사고,0,0,0,1,차대사람 - 기타,안전운전불이행,건조,맑음,단일로 - 기타,승용,여,39세,상해없음,보행자,여,3세,부상신고
2020040300100405,2020년 4월 3일 18시,금요일,경기도 수원시 장안구 정자동,경상사고,0,0,2,0,차대차 - 기타,안전운전불이행,건조,맑음,교차로 - 교차로안,승용,남,71세,상해없음,이륜,남,26세,경상
2020040300100412,2020년 4월 3일 18시,금요일,경기도 수원시 영통구 이의동,중상사고,0,1,0,0,차대차 - 기타,신호위반,건조,맑음,교차로 - 교차로안,승용,남,32세,상해없음,승용,남,39세,중상
2020040300100413,2020년 4월 3일 18시,금요일,경기도 수원시 영통구 영통동,경상사고,0,0,1,0,차대차 - 기타,안전운전불이행,건조,맑음,교차로 - 교차로안,승용,남,30세,상해없음,이륜,남,26세,경상
2020040300100525,2020년 4월 3일 21시,금요일,경기도 수원시 장안구 정자동,경상사고,0,0,1,0,차대차 - 기타,기타,건조,맑음,교차로 - 교차로부근,승용,남,54세,상해없음,자전거,남,48세,경상
2020040300100530,2020년 4월 3일 21시,금요일,경기도 수원시 영통구 매탄동,경상사고,0,0,1,0,차대차 - 기타,기타,건조,맑음,기타 - 기타,승용,남,54세,상해없음,승용,여,30세,경상
2020040300100561,2020년 4월 3일 22시,금요일,경기도 수원시 팔달구 인계동,경상사고,0,0,1,0,차대차 - 기타,안전운전불이행,건조,맑음,교차로 - 교차로안,승용,남,23세,상해없음,이륜,남,29세,경상
2020040300100587,2020년 4월 3일 23시,금요일,경기도 수원시 영통구 이의동,경상사고,0,0,1,0,차량단독 - 기타,안전운전불이행,건조,맑음,단일로 - 기타,승용,남,49세,상해없음,,,,
2020040400100019,2020년 4월 4일 01시,토요일,경기도 수원시 권선구 권선동,경상사고,0,0,2,0,차대차 - 측면충돌,안전운전불이행,건조,맑음,단일로 - 기타,승용,남,34세,상해없음,승용,남,59세,경상
2020040400100071,2020년 4월 4일 06시,토요일,경기도 수원시 팔달구 인계동,중상사고,0,1,1,0,차대사람 - 기타,안전운전불이행,건조,맑음,교차로 - 교차로안,승용,남,28세,기타불명,보행자,여,21세,중상
2020040400100136,2020년 4월 4일 10시,토요일,경기도 수원시 팔달구 구천동,경상사고,0,0,1,0,차대사람 - 기타,신호위반,건조,맑음,단일로 - 기타,승용,남,58세,상해없음,보행자,남,24세,경상
2020040400100400,2020년 4월 4일 17시,토요일,경기도 수원시 장안구 연무동,경상사고,0,0,1,0,차대차 - 측면충돌,신호위반,건조,맑음,교차로 - 교차로횡단보도내,이륜,남,53세,상해없음,개인형이동수단(PM),여,21세,경상
2020040400100409,2020년 4월 4일 17시,토요일,경기도 수원시 팔달구 인계동,중상사고,0,1,0,0,차대차 - 측면충돌,교차로운행방법위반,건조,맑음,교차로 - 교차로안,승용,여,39세,상해없음,승용,여,42세,중상
2020040400100412,2020년 4월 4일 17시,토요일,경기도 수원시 팔달구 매산로1가,부상신고사고,0,0,0,2,차대사람 - 보도통행중,보행자보호의무위반,건조,맑음,단일로 - 기타,승용,남,61세,상해없음,보행자,남,13세,부상신고
2020040400100451,2020년 4월 4일 18시,토요일,경기도 수원시 권선구 세류동,경상사고,0,0,1,0,차대사람 - 기타,안전운전불이행,건조,맑음,교차로 - 교차로안,승합,남,35세,상해없음,보행자,남,59세,경상
2020040400100519,2020년 4월 4일 20시,토요일,경기도 수원시 권선구 권선동,경상사고,0,0,1,0,차대차 - 측면충돌,안전운전불이행,건조,맑음,단일로 - 기타,이륜,남,21세,경상,화물,남,28세,상해없음
2020040500100084,2020년 4월 5일 08시,일요일,경기도 수원시 권선구 권선동,경상사고,0,0,1,0,차대차 - 측면충돌,안전운전불이행,건조,맑음,단일로 - 기타,화물,남,43세,상해없음,승용,남,40세,경상
2020040500100178,2020년 4월 5일 13시,일요일,경기도 수원시 장안구 연무동,경상사고,0,0,1,0,차대차 - 정면충돌,안전운전불이행,건조,맑음,교차로 - 교차로안,이륜,남,23세,상해없음,승용,남,49세,경상
2020040500100181,2020년 4월 5일 13시,일요일,경기도 수원시 권선구 고색동,중상사고,0,1,1,0,차대차 - 측면충돌,안전거리미확보,건조,맑음,교차로 - 교차로부근,승용,남,42세,상해없음,원동기,남,52세,중상
2020040500100252,2020년 4월 5일 15시,일요일,경기도 수원시 권선구 권선동,경상사고,0,0,1,0,차대차 - 후진중충돌,안전운전불이행,건조,맑음,단일로 - 기타,화물,남,59세,상해없음,승용,남,35세,경상
2020040500100275,2020년 4월 5일 16시,일요일,경기도 수원시 팔달구 인계동,중상사고,0,1,1,0,차대차 - 측면충돌,안전운전불이행,건조,맑음,교차로 - 교차로안,이륜,남,35세,중상,화물,남,65세,경상
2020040500100298,2020년 4월 5일 17시,일요일,경기도 수원시 팔달구 인계동,경상사고,0,0,1,0,차대차 - 추돌,안전운전불이행,기타,기타,단일로 - 기타,화물,남,64세,상해없음,승용,남,28세,경상
2020040500100386,2020년 4월 5일 21시,일요일,경기도 수원시 영통구 원천동,중상사고,0,2,0,0,차대차 - 측면충돌,신호위반,건조,맑음,교차로 - 교차로안,이륜,남,26세,중상,승용,남,64세,상해없음
2020040500100387,2020년 4월 5일 21시,일요일,경기도 수원시 권선구 당수동,경상사고,0,0,1,0,차대차 - 기타,중앙선침범,건조,맑음,단일로 - 기타,승용,남,52세,상해없음,이륜,남,40세,경상
2020040600100020,2020년 4월 6일 04시,월요일,경기도 수원시 영통구 매탄동,경상사고,0,0,1,0,차대차 - 추돌,안전운전불이행,건조,맑음,기타 - 기타,승용,남,25세,상해없음,승용,남,67세,경상
2020040600100028,2020년 4월 6일 05시,월요일,경기도 수원시 장안구 정자동,경상사고,0,0,1,0,차대차 - 기타,직진우회전진행방해,건조,맑음,교차로 - 교차로안,승용,여,59세,상해없음,자전거,남,60세,경상
2020040600100066,2020년 4월 6일 07시,월요일,경기도 수원시 영통구 영통동,중상사고,0,1,1,0,차대차 - 측면충돌,신호위반,건조,맑음,교차로 - 교차로안,승용,여,54세,상해없음,승용,남,61세,중상
2020040600100122,2020년 4월 6일 09시,월요일,경기도 수원시 영통구 원천동,중상사고,0,1,0,0,차대차 - 기타,신호위반,건조,맑음,교차로 - 교차로안,승용,남,63세,상해없음,이륜,남,34세,중상
2020040600100123,2020년 4월 6일 09시,월요일,경기도 수원시 팔달구 인계동,경상사고,0,0,1,0,차대차 - 측면충돌,교차로운행방법위반,건조,맑음,교차로 - 교차로안,승용,남,59세,상해없음,승용,남,39세,경상
2020040600100154,2020년 4월 6일 10시,월요일,경기도 수원시 팔달구 인계동,경상사고,0,0,1,0,차대차 - 측면충돌,안전운전불이행,건조,맑음,단일로 - 기타,승용,남,30세,상해없음,승용,남,28세,경상
2020040600100183,2020년 4월 6일 11시,월요일,경기도 수원시 권선구 평동,경상사고,0,0,2,0,차대차 - 측면충돌,안전운전불이행,건조,맑음,교차로 - 교차로안,이륜,남,33세,경상,승용,남,34세,경상
2020040600100209,2020년 4월 6일 12시,월요일,경기도 수원시 장안구 연무동,경상사고,0,0,1,0,차대사람 - 기타,안전운전불이행,건조,맑음,단일로 - 기타,승용,남,59세,상해없음,보행자,남,59세,경상
2020040600100210,2020년 4월 6일 12시,월요일,경기도 수원시 장안구 하광교동,경상사고,0,0,1,0,차대차 - 후진중충돌,안전운전불이행,건조,맑음,교차로 - 교차로부근,승용,여,56세,상해없음,이륜,남,88세,경상
2020040600100322,2020년 4월 6일 15시,월요일,경기도 수원시 영통구 원천동,경상사고,0,0,1,0,차대차 - 기타,안전운전불이행,건조,맑음,단일로 - 기타,화물,남,32세,상해없음,승용,여,46세,경상
2020040600100364,2020년 4월 6일 16시,월요일,경기도 수원시 권선구 세류동,부상신고사고,0,0,0,1,차대차 - 측면충돌,안전운전불이행,건조,맑음,기타 - 기타,자전거,남,86세,부상신고,승용,남,70세,상해없음
2020040600100394,2020년 4월 6일 17시,월요일,경기도 수원시 장안구 율전동,중상사고,0,1,1,0,차대차 - 기타,불법유턴,건조,맑음,교차로 - 교차로부근,승용,남,63세,중상,화물,남,26세,경상
2020040600100435,2020년 4월 6일 18시,월요일,경기도 수원시 팔달구 고등동,경상사고,0,0,1,0,차대차 - 측면충돌,안전운전불이행,건조,맑음,교차로 - 교차로부근,화물,남,65세,상해없음,승용,남,42세,경상
2020040600100483,2020년 4월 6일 20시,월요일,경기도 수원시 영통구 망포동,경상사고,0,0,1,0,차량단독 - 기타,안전운전불이행,건조,맑음,단일로 - 기타,승합,남,55세,상해없음,,,,
2020040700100047,2020년 4월 7일 07시,화요일,경기도 수원시 팔달구 지동,중상사고,0,1,0,0,차대차 - 기타,안전운전불이행,건조,맑음,단일로 - 기타,승용,남,52세,상해없음,자전거,남,20세,중상
2020040700100080,2020년 4월 7일 08시,화요일,경기도 수원시 권선구 탑동,경상사고,0,0,2,0,차대차 - 추돌,안전운전불이행,건조,맑음,교차로 - 교차로부근,승용,여,32세,상해없음,승용,남,29세,경상
2020040700100111,2020년 4월 7일 09시,화요일,경기도 수원시 권선구 서둔동,경상사고,0,0,1,0,차대차 - 기타,안전운전불이행,건조,맑음,교차로 - 교차로부근,승용,여,55세,경상,화물,남,47세,상해없음
2020040700100140,2020년 4월 7일 10시,화요일,경기도 수원시 권선구 세류동,부상신고사고,0,0,0,1,차대차 - 측면충돌,중앙선침범,건조,맑음,단일로 - 기타,자전거,남,71세,부상신고,이륜,남,41세,상해없음
2020040700100170,2020년 4월 7일 11시,화요일,경기도 수원시 권선구 권선동,경상사고,0,0,1,0,차대사람 - 횡단중,안전운전불이행,건조,맑음,교차로 - 교차로부근,승용,남,55세,상해없음,보행자,여,25세,경상
2020040700100201,2020년 4월 7일 12시,화요일,경기도 수원시 팔달구 화서동,경상사고,0,0,1,0,차대차 - 측면충돌,안전운전불이행,건조,맑음,교차로 - 교차로횡단보도내,승용,남,63세,기타불명,자전거,여,51세,경상
2020040700100204,2020년 4월 7일 12시,화요일,경기도 수원시 권선구 권선동,중상사고,0,3,4,0,차대차 - 기타,안전운전불이행,건조,맑음,단일로 - 기타,승합,남,60세,상해없음,승용,여,35세,기타불명
2020040700100319,2020년 4월 7일 16시,화요일,경기도 수원시 장안구 정자동,경상사고,0,0,1,0,차대사람 - 기타,안전운전불이행,건조,맑음,단일로 - 기타,승용,남,64세,상해없음,보행자,남,70세,경상
2020040700100320,2020년 4월 7일 16시,화요일,경기도 수원시 장안구 영화동,경상사고,0,0,1,0,차대차 - 기타,안전운전불이행,건조,맑음,교차로 - 교차로안,이륜,남,21세,경상,승용,남,41세,상해없음
2020040700100434,2020년 4월 7일 19시,화요일,경기도 수원시 장안구 송죽동,중상사고,0,1,0,1,차대차 - 기타,안전운전불이행,건조,맑음,교차로 - 교차로안,이륜,남,35세,중상,승용,남,40세,상해없음
2020040700100441,2020년 4월 7일 19시,화요일,경기도 수원시 권선구 세류동,경상사고,0,0,1,0,차대차 - 기타,교차로운행방법위반,건조,맑음,교차로 - 교차로안,승용,남,64세,상해없음,승용,남,41세,경상
2020040700100470,2020년 4월 7일 20시,화요일,경기도 수원시 장안구 영화동,경상사고,0,0,5,0,차대차 - 정면충돌,중앙선침범,건조,맑음,단일로 - 기타,승용,여,56세,경상,승용,남,40세,경상
2020040700100504,2020년 4월 7일 21시,화요일,경기도 수원시 팔달구 인계동,중상사고,0,1,1,0,차대차 - 측면충돌,신호위반,건조,맑음,교차로 - 교차로안,승용,남,60세,상해없음,승용,남,28세,경상
2020040700100505,2020년 4월 7일 21시,화요일,경기도 수원시 팔달구 매산로1가,경상사고,0,0,2,0,차대차 - 추돌,안전운전불이행,건조,맑음,교차로 - 교차로부근,승용,남,53세,상해없음,승합,남,57세,경상
2020040800100093,2020년 4월 8일 08시,수요일,경기도 수원시 팔달구 우만동,경상사고,0,0,1,0,차대차 - 측면충돌,신호위반,건조,맑음,교차로 - 교차로안,승용,여,55세,상해없음,기타불명,여,29세,경상
2020040800100098,2020년 4월 8일 08시,수요일,경기도 수원시 영통구 이의동,경상사고,0,0,1,0,차량단독 - 기타,안전운전불이행,건조,맑음,단일로 - 기타,이륜,남,50세,경상,,,,
2020040800100158,2020년 4월 8일 10시,수요일,경기도 수원시 팔달구 남수동,부상신고사고,0,0,0,3,차대차 - 추돌,안전거리미확보,건조,맑음,단일로 - 기타,승용,남,29세,부상신고,승용,남,85세,부상신고
2020040800100195,2020년 4월 8일 11시,수요일,경기도 수원시 영통구 원천동,경상사고,0,0,1,0,차대차 - 측면충돌,안전거리미확보,건조,맑음,단일로 - 기타,승용,여,42세,상해없음,승용,여,49세,경상
2020040800100216,2020년 4월 8일 12시,수요일,경기도 수원시 장안구 율전동,경상사고,0,0,1,0,차대차 - 기타,안전운전불이행,건조,맑음,단일로 - 기타,화물,남,51세,상해없음,승용,여,56세,경상
2020040800100217,2020년 4월 8일 12시,수요일,경기도 수원시 장안구 연무동,경상사고,0,0,1,0,차대차 - 측면충돌,안전거리미확보,건조,맑음,교차로 - 교차로부근,승용,남,69세,상해없음,승용,여,39세,경상
2020040800100221,2020년 4월 8일 12시,수요일,경기도 수원시 영통구 이의동,중상사고,0,1,0,1,차대차 - 측면충돌,안전운전불이행,건조,맑음,단일로 - 기타,건설기계,남,53세,부상신고,승용,여,38세,중상
2020040800100254,2020년 4월 8일 13시,수요일,경기도 수원시 권선구 고색동,경상사고,0,0,1,0,차대차 - 측면충돌,안전운전불이행,건조,맑음,기타 - 기타,승용,남,53세,상해없음,자전거,남,11세,경상
2020040800100255,2020년 4월 8일 13시,수요일,경기도 수원시 권선구 탑동,경상사고,0,0,1,0,차대차 - 기타,차로위반,건조,맑음,단일로 - 기타,승용,남,38세,상해없음,화물,남,30세,경상
2020040800100312,2020년 4월 8일 15시,수요일,경기도 수원시 장안구 파장동,부상신고사고,0,0,0,1,차대사람 - 기타,안전운전불이행,건조,맑음,단일로 - 기타,승용,남,29세,상해없음,보행자,여,64세,부상신고
2020040800100316,2020년 4월 8일 15시,수요일,경기도 수원시 권선구 구운동,경상사고,0,0,1,0,차대차 - 측면충돌,안전거리미확보,건조,맑음,교차로 - 교차로부근,승용,여,58세,상해없음,이륜,남,27세,경상
2020040800100346,2020년 4월 8일 16시,수요일,경기도 수원시 권선구 호매실동,경상사고,0,0,3,0,차대차 - 추돌,안전운전불이행,건조,맑음,교차로 - 교차로안,승용,여,40세,상해없음,승용,여,34세,경상
2020040800100553,2020년 4월 8일 23시,수요일,경기도 수원시 팔달구 인계동,경상사고,0,0,1,0,차대차 - 측면충돌,신호위반,건조,맑음,단일로 - 기타,승용,남,28세,상해없음,이륜,남,28세,경상
2020040900100005,2020년 4월 9일 00시,목요일,경기도 수원시 팔달구 매산로2가,경상사고,0,0,1,0,차대사람 - 기타,안전운전불이행,건조,맑음,단일로 - 기타,승용,남,19세,상해없음,보행자,남,30세,경상
2020040900100040,2020년 4월 9일 05시,목요일,경기도 수원시 팔달구 매산로1가,중상사고,0,1,0,0,차대사람 - 기타,보행자보호의무위반,건조,맑음,교차로 - 교차로안,승용,남,58세,상해없음,보행자,남,46세,중상
2020040900100121,2020년 4월 9일 09시,목요일,경기도 수원시 장안구 영화동,부상신고사고,0,0,0,1,차대사람 - 횡단중,안전운전불이행,건조,맑음,교차로 - 교차로안,승용,남,61세,상해없음,보행자,여,83세,부상신고
2020040900100209,2020년 4월 9일 12시,목요일,경기도 수원시 권선구 고색동,경상사고,0,0,1,0,차대차 - 추돌,안전운전불이행,건조,맑음,단일로 - 기타,화물,남,58세,상해없음,기타불명,여,79세,경상
2020040900100280,2020년 4월 9일 14시,목요일,경기도 수원시 권선구 세류동,경상사고,0,0,1,0,차대차 - 측면충돌,차로위반,건조,맑음,단일로 - 기타,승용,여,25세,상해없음,이륜,남,27세,경상
2020040900100314,2020년 4월 9일 15시,목요일,경기도 수원시 장안구 정자동,중상사고,0,1,0,0,차대사람 - 기타,안전운전불이행,건조,맑음,단일로 - 기타,자전거,남,69세,상해없음,보행자,여,72세,중상
2020040900100321,2020년 4월 9일 15시,목요일,경기도 수원시 권선구 권선동,경상사고,0,0,1,0,차대사람 - 길가장자리구역통행중,안전운전불이행,건조,맑음,기타 - 기타,승용,여,35세,상해없음,보행자,여,31세,경상
2020040900100322,2020년 4월 9일 15시,목요일,경기도 수원시 영통구 원천동,경상사고,0,0,1,0,차대차 - 측면충돌,차로위반,건조,맑음,단일로 - 기타,이륜,남,28세,상해없음,승용,여,41세,경상
2020040900100356,2020년 4월 9일 16시,목요일,경기도 수원시 장안구 정자동,경상사고,0,0,2,0,차대차 - 추돌,안전운전불이행,건조,맑음,단일로 - 기타,승합,남,30세,상해없음,승용,남,37세,경상
2020040900100359,2020년 4월 9일 16시,목요일,경기도 수원시 영통구 이의동,경상사고,0,0,1,0,차대차 - 측면충돌,신호위반,건조,맑음,교차로 - 교차로안,이륜,남,18세,상해없음,승용,남,27세,경상
2020040900100360,2020년 4월 9일 16시,목요일,경기도 수원시 영통구 매탄동,중상사고,0,1,0,0,차대차 - 측면충돌,안전운전불이행,건조,맑음,교차로 - 교차로안,승용,여,49세,상해없음,이륜,남,45세,중상
2020040900100404,2020년 4월 9일 17시,목요일,경기도 수원시 팔달구 팔달로1가,경상사고,0,0,1,0,차대차 - 추돌,안전운전불이행,건조,맑음,단일로 - 기타,이륜,여,24세,경상,승용,남,28세,상해없음
2020040900100405,2020년 4월 9일 17시,목요일,경기도 수원시 팔달구 구천동,중상사고,0,2,2,0,차대차 - 기타,안전거리미확보,건조,맑음,단일로 - 기타,승용,여,43세,상해없음,승합,남,58세,상해없음
2020040900100440,2020년 4월 9일 18시,목요일,경기도 수원시 팔달구 지동,중상사고,0,1,0,0,차대사람 - 기타,안전운전불이행,건조,맑음,단일로 - 기타,화물,남,55세,상해없음,보행자,여,64세,중상
2020040900100441,2020년 4월 9일 18시,목요일,경기도 수원시 팔달구 중동,경상사고,0,0,1,0,차대차 - 기타,중앙선침범,건조,맑음,교차로 - 교차로부근,이륜,여,20세,상해없음,승합,남,39세,상해없음