사고번호,사고일시,요일,시군구,사고내용,사망자수,중상자수,경상자수,부상신고자수,사고유형,법규위반,노면상태,기상상태,도로형태,가해운전자 차종,가해운전자 성별,가해운전자 연령,가해운전자 상해정도,피해운전자 차종,피해운전자 성별,피해운전자 연령,피해운전자 상해정도
2020040900100558,2020년 4월 9일 22시,목요일,경기도 수원시 영통구 신동,경상사고,0,0,1,0,차대차 - 측면충돌,안전운전불이행,건조,맑음,교차로 - 교차로안,승용,남,40세,상해없음,자전거,남,17세,경상
2020040900100559,2020년 4월 9일 22시,목요일,경기도 수원시 권선구 권선동,경상사고,0,0,2,0,차대차 - 추돌,안전운전불이행,건조,맑음,교차로 - 교차로안,승용,남,33세,상해없음,승용,남,64세,경상
2020041000100006,2020년 4월 10일 00시,금요일,경기도 수원시 팔달구 매산로1가,경상사고,0,0,3,1,차대차 - 기타,안전거리미확보,건조,맑음,교차로 - 교차로안,승용,남,52세,상해없음,승용,여,22세,경상
2020041000100146,2020년 4월 10일 10시,금요일,경기도 수원시 팔달구 인계동,경상사고,0,0,2,0,차대차 - 기타,중앙선침범,건조,맑음,기타 - 기타,승용,여,53세,상해없음,승용,여,60세,경상
2020041000100177,2020년 4월 10일 11시,금요일,경기도 수원시 장안구 송죽동,경상사고,0,0,2,0,차대차 - 기타,안전운전불이행,건조,맑음,단일로 - 기타,이륜,남,22세,경상,승용,남,48세,경상
2020041000100216,2020년 4월 10일 12시,금요일,경기도 수원시 팔달구 인계동,경상사고,0,0,1,0,차대차 - 기타,차로위반,건조,맑음,단일로 - 기타,승용,남,73세,상해없음,이륜,남,48세,경상
2020041000100319,2020년 4월 10일 15시,금요일,경기도 수원시 장안구 송죽동,경상사고,0,0,2,0,차대차 - 측면충돌,중앙선침범,건조,맑음,교차로 - 교차로안,승용,여,37세,경상,승용,남,37세,경상
2020041000100326,2020년 4월 10일 15시,금요일,경기도 수원시 권선구 오목천동,경상사고,0,0,1,0,차량단독 - 기타,기타,건조,맑음,단일로 - 기타,승합,남,54세,상해없음,,,,
2020041000100388,2020년 4월 10일 17시,금요일,경기도 수원시 권선구 금곡동,경상사고,0,0,2,0,차대차 - 추돌,안전거리미확보,건조,맑음,단일로 - 기타,승용,여,73세,상해없음,승용,여,35세,경상
2020041000100419,2020년 4월 10일 18시,금요일,경기도 수원시 영통구 영통동,부상신고사고,0,0,0,1,차대차 - 측면충돌,안전운전불이행,건조,맑음,기타 - 기타,자전거,남,9세,부상신고,승용,남,72세,상해없음
2020041000100421,2020년 4월 10일 18시,금요일,경기도 수원시 영통구 하동,경상사고,0,0,1,0,차대차 - 추돌,안전운전불이행,건조,맑음,기타 - 기타,승용,남,56세,상해없음,승용,남,47세,경상
2020041000100496,2020년 4월 10일 20시,금요일,경기도 수원시 팔달구 매산로1가,경상사고,0,0,1,0,차대차 - 추돌,안전운전불이행,건조,맑음,교차로 - 교차로부근,승용,남,52세,상해없음,원동기,남,45세,경상
2020041000100524,2020년 4월 10일 21시,금요일,경기도 수원시 영통구 영통동,중상사고,0,1,0,0,차대차 - 측면충돌,신호위반,건조,맑음,교차로 - 교차로안,화물,남,72세,상해없음,이륜,남,30세,중상
2020041000100574,2020년 4월 10일 23시,금요일,경기도 수원시 권선구 세류동,중상사고,0,3,2,0,차대차 - 측면충돌,신호위반,건조,맑음,교차로 - 교차로안,승용,여,49세,상해없음,승용,남,38세,경상
2020041100100034,2020년 4월 11일 02시,토요일,경기도 수원시 팔달구 인계동,경상사고,0,0,1,0,차대사람 - 차도통행중,안전운전불이행,건조,맑음,단일로 - 기타,승용,남,25세,상해없음,보행자,남,41세,경상
2020041100100059,2020년 4월 11일 05시,토요일,경기도 수원시 장안구 이목동,경상사고,0,0,1,0,차대차 - 기타,신호위반,건조,맑음,교차로 - 교차로안,승용,남,27세,상해없음,승용,남,58세,경상
2020041100100062,2020년 4월 11일 05시,토요일,경기도 수원시 영통구 매탄동,경상사고,0,0,1,0,차대차 - 추돌,안전운전불이행,건조,맑음,교차로 - 교차로안,승용,여,26세,상해없음,화물,남,58세,경상
2020041100100097,2020년 4월 11일 08시,토요일,경기도 수원시 권선구 서둔동,경상사고,0,0,2,0,차대차 - 측면충돌,안전운전불이행,건조,맑음,교차로 - 교차로부근,화물,남,60세,상해없음,화물,남,40세,경상
2020041100100163,2020년 4월 11일 11시,토요일,경기도 수원시 장안구 정자동,부상신고사고,0,0,0,1,차대차 - 기타,안전운전불이행,건조,맑음,교차로 - 교차로안,자전거,남,69세,부상신고,이륜,남,39세,상해없음
2020041100100166,2020년 4월 11일 11시,토요일,경기도 수원시 권선구 입북동,경상사고,0,0,1,0,차대차 - 기타,안전운전불이행,건조,맑음,단일로 - 기타,승용,남,31세,상해없음,승용,남,48세,상해없음
2020041100100266,2020년 4월 11일 14시,토요일,경기도 수원시 장안구 정자동,중상사고,0,1,0,0,차량단독 - 기타,안전운전불이행,건조,맑음,단일로 - 기타,이륜,남,36세,중상,,,,
2020041100100271,2020년 4월 11일 14시,토요일,경기도 수원시 영통구 망포동,경상사고,0,0,1,0,차대차 - 기타,안전운전불이행,기타,기타,교차로 - 교차로안,승합,남,50세,상해없음,승용,여,45세,경상
2020041100100272,2020년 4월 11일 14시,토요일,경기도 수원시 팔달구 인계동,중상사고,0,1,0,0,차대차 - 추돌,안전운전불이행,건조,맑음,단일로 - 기타,승용,남,21세,상해없음,승용,남,24세,중상
2020041100100299,2020년 4월 11일 15시,토요일,경기도 수원시 장안구 정자동,경상사고,0,0,1,0,차대차 - 추돌,안전거리미확보,건조,맑음,교차로 - 교차로안,이륜,남,48세,상해없음,승용,남,54세,경상
2020041100100300,2020년 4월 11일 15시,토요일,경기도 수원시 장안구 연무동,경상사고,0,0,1,0,차대차 - 측면충돌,안전거리미확보,건조,맑음,단일로 - 기타,건설기계,남,51세,상해없음,승용,남,33세,경상
2020041100100306,2020년 4월 11일 15시,토요일,경기도 수원시 권선구 구운동,경상사고,0,0,4,0,차대차 - 추돌,과속,건조,맑음,단일로 - 기타,승용,남,33세,경상,승용,남,56세,경상
2020041100100346,2020년 4월 11일 16시,토요일,경기도 수원시 영통구 영통동,경상사고,0,0,1,0,차대차 - 측면충돌,신호위반,기타,기타,교차로 - 교차로안,승용,여,58세,상해없음,자전거,남,50세,경상
2020041100100414,2020년 4월 11일 18시,토요일,경기도 수원시 권선구 세류동,중상사고,0,1,0,0,차대차 - 측면충돌,중앙선침범,건조,맑음,단일로 - 기타,승용,남,51세,상해없음,이륜,남,21세,중상
2020041100100459,2020년 4월 11일 19시,토요일,경기도 수원시 팔달구 인계동,중상사고,0,1,0,0,차대사람 - 기타,기타,건조,맑음,단일로 - 기타,자전거,남,51세,상해없음,보행자,여,49세,중상
2020041100100515,2020년 4월 11일 21시,토요일,경기도 수원시 권선구 탑동,경상사고,0,0,2,0,차대차 - 측면충돌,신호위반,건조,맑음,교차로 - 교차로안,승용,남,44세,기타불명,화물,남,62세,경상
2020041100100542,2020년 4월 11일 22시,토요일,경기도 수원시 팔달구 우만동,중상사고,0,1,0,0,차대사람 - 기타,안전운전불이행,건조,맑음,교차로 - 교차로안,승용,남,60세,상해없음,보행자,남,37세,중상
2020041200100004,2020년 4월 12일 00시,일요일,경기도 수원시 권선구 권선동,중상사고,0,1,1,0,차대차 - 기타,신호위반,건조,맑음,교차로 - 교차로부근,승용,남,27세,상해없음,승용,남,36세,경상
2020041200100023,2020년 4월 12일 01시,일요일,경기도 수원시 팔달구 인계동,경상사고,0,0,1,0,차대차 - 후진중충돌,안전운전불이행,건조,맑음,단일로 - 기타,승용,남,33세,상해없음,승용,남,35세,경상
2020041200100042,2020년 4월 12일 03시,일요일,경기도 수원시 팔달구 인계동,경상사고,0,0,1,0,차대사람 - 기타,안전운전불이행,건조,맑음,단일로 - 기타,승용,남,24세,상해없음,보행자,남,28세,경상
2020041200100113,2020년 4월 12일 10시,일요일,경기도 수원시 팔달구 우만동,경상사고,0,0,2,0,차대차 - 측면충돌,안전거리미확보,건조,맑음,단일로 - 기타,승용,남,40세,상해없음,승용,남,54세,경상
2020041200100256,2020년 4월 12일 16시,일요일,경기도 수원시 장안구 조원동,부상신고사고,0,0,0,1,차대차 - 추돌,교차로운행방법위반,건조,맑음,교차로 - 교차로부근,승용,남,72세,상해없음,이륜,남,19세,부상신고
2020041200100260,2020년 4월 12일 16시,일요일,경기도 수원시 권선구 권선동,경상사고,0,0,4,0,차대차 - 측면충돌,직진우회전진행방해,건조,맑음,교차로 - 교차로안,승용,남,26세,상해없음,승합,남,47세,경상
2020041200100261,2020년 4월 12일 16시,일요일,경기도 수원시 영통구 망포동,경상사고,0,0,2,0,차대차 - 측면충돌,차로위반,건조,맑음,교차로 - 교차로부근,승용,여,48세,상해없음,승용,여,48세,경상
2020041200100265,2020년 4월 12일 16시,일요일,경기도 수원시 권선구 서둔동,중상사고,0,1,0,0,차대사람 - 횡단중,안전운전불이행,건조,맑음,단일로 - 기타,이륜,남,17세,상해없음,보행자,남,71세,중상
2020041200100368,2020년 4월 12일 20시,일요일,경기도 수원시 권선구 권선동,중상사고,0,1,0,0,차대차 - 측면충돌,안전운전불이행,건조,맑음,교차로 - 교차로안,승용,남,37세,상해없음,승용,남,42세,중상
2020041200100410,2020년 4월 12일 22시,일요일,경기도 수원시 권선구 구운동,중상사고,0,1,3,0,차대차 - 추돌,신호위반,건조,맑음,교차로 - 교차로안,승용,남,37세,경상,승용,여,47세,중상
2020041300100036,2020년 4월 13일 07시,월요일,경기도 수원시 장안구 천천동,경상사고,0,0,1,0,차대사람 - 횡단중,보행자보호의무위반,건조,맑음,교차로 - 교차로안,승용,여,28세,상해없음,보행자,여,70세,경상
2020041300100042,2020년 4월 13일 07시,월요일,경기도 수원시 팔달구 매산로3가,경상사고,0,0,1,0,차대사람 - 횡단중,보행자보호의무위반,건조,맑음,교차로 - 교차로부근,승용,남,65세,상해없음,보행자,남,23세,경상
2020041300100043,2020년 4월 13일 07시,월요일,경기도 수원시 팔달구 매산로2가,경상사고,0,0,1,0,차대차 - 기타,직진우회전진행방해,건조,맑음,교차로 - 교차로안,승용,남,31세,상해없음,승용,남,37세,경상
2020041300100070,2020년 4월 13일 08시,월요일,경기도 수원시 권선구 구운동,경상사고,0,0,1,0,차대차 - 기타,안전운전불이행,건조,맑음,교차로 - 교차로부근,승용,남,52세,상해없음,승용,남,27세,경상
2020041300100235,2020년 4월 13일 13시,월요일,경기도 수원시 영통구 이의동,중상사고,0,1,0,0,차대사람 - 횡단중,보행자보호의무위반,건조,맑음,교차로 - 교차로안,승용,남,47세,상해없음,보행자,남,31세,중상
2020041300100237,2020년 4월 13일 13시,월요일,경기도 수원시 권선구 세류동,경상사고,0,0,1,0,차대차 - 측면충돌,안전운전불이행,건조,맑음,교차로 - 교차로부근,승용,여,44세,상해없음,자전거,여,43세,경상
2020041300100238,2020년 4월 13일 13시,월요일,경기도 수원시 팔달구 교동,경상사고,0,0,1,0,차대차 - 추돌,안전운전불이행,건조,맑음,교차로 - 교차로부근,승합,남,57세,상해없음,승용,남,28세,경상
2020041300100270,2020년 4월 13일 14시,월요일,경기도 수원시 영통구 원천동,중상사고,0,1,0,0,차대사람 - 기타,안전운전불이행,기타,기타,단일로 - 기타,승합,남,45세,상해없음,보행자,여,56세,중상
2020041300100591,2020년 4월 13일 23시,월요일,경기도 수원시 영통구 망포동,중상사고,0,1,1,0,차대차 - 기타,신호위반,건조,맑음,교차로 - 교차로안,승용,여,41세,경상,승용,여,30세,중상
2020041400100021,2020년 4월 14일 01시,화요일,경기도 수원시 팔달구 인계동,경상사고,0,0,1,0,차대사람 - 기타,안전운전불이행,건조,맑음,단일로 - 기타,승용,남,27세,상해없음,보행자,여,67세,경상
2020041400100086,2020년 4월 14일 08시,화요일,경기도 수원시 팔달구 우만동,경상사고,0,0,1,1,차대차 - 추돌,안전거리미확보,건조,맑음,교차로 - 교차로부근,승합,남,35세,부상신고,승용,남,50세,경상
2020041400100145,2020년 4월 14일 10시,화요일,경기도 수원시 영통구 하동,경상사고,0,0,1,1,차대차 - 기타,안전거리미확보,건조,맑음,교차로 - 교차로부근,승용,남,57세,부상신고,승용,여,71세,경상
2020041400100146,2020년 4월 14일 10시,화요일,경기도 수원시 영통구 영통동,경상사고,0,0,2,0,차대차 - 기타,안전거리미확보,건조,맑음,단일로 - 기타,화물,남,56세,상해없음,승용,여,70세,경상
2020041400100206,2020년 4월 14일 12시,화요일,경기도 수원시 장안구 정자동,경상사고,0,0,2,0,차대차 - 기타,안전운전불이행,건조,맑음,교차로 - 교차로안,승용,남,59세,경상,승용,남,40세,경상
2020041400100209,2020년 4월 14일 12시,화요일,경기도 수원시 팔달구 지동,경상사고,0,0,1,0,차대사람 - 기타,보행자보호의무위반,건조,맑음,교차로 - 교차로부근,화물,남,44세,상해없음,보행자,남,47세,경상
2020041400100281,2020년 4월 14일 14시,화요일,경기도 수원시 영통구 망포동,경상사고,0,0,1,0,차량단독 - 기타,안전운전불이행,건조,맑음,단일로 - 기타,승합,남,63세,상해없음,,,,
2020041400100282,2020년 4월 14일 14시,화요일,경기도 수원시 권선구 고색동,경상사고,0,0,1,0,차대차 - 기타,안전운전불이행,건조,맑음,단일로 - 기타,승용,남,54세,상해없음,이륜,남,41세,경상
2020041400100436,2020년 4월 14일 18시,화요일,경기도 수원시 권선구 고색동,경상사고,0,0,2,0,차대차 - 추돌,안전운전불이행,건조,맑음,단일로 - 기타,승용,남,30세,상해없음,승용,여,37세,경상
2020041400100473,2020년 4월 14일 19시,화요일,경기도 수원시 장안구 조원동,경상사고,0,0,1,0,차대사람 - 기타,안전운전불이행,건조,맑음,단일로 - 기타,화물,남,60세,상해없음,보행자,여,49세,경상
2020041400100538,2020년 4월 14일 21시,화요일,경기도 수원시 팔달구 우만동,경상사고,0,0,3,0,차대차 - 측면충돌,신호위반,건조,맑음,교차로 - 교차로안,이륜,남,23세,상해없음,승용,남,29세,경상
2020041400100543,2020년 4월 14일 21시,화요일,경기도 수원시 권선구 권선동,중상사고,0,1,1,0,차대차 - 측면충돌,차로위반,건조,맑음,단일로 - 기타,승용,여,40세,상해없음,승용,남,25세,경상
2020041400100565,2020년 4월 14일 22시,화요일,경기도 수원시 팔달구 매산로2가,경상사고,0,0,2,0,차대차 - 측면충돌,안전운전불이행,건조,맑음,단일로 - 기타,승용,남,57세,상해없음,승용,남,31세,경상
2020041400100589,2020년 4월 14일 23시,화요일,경기도 수원시 권선구 권선동,경상사고,0,0,2,0,차대차 - 측면충돌,안전운전불이행,건조,맑음,단일로 - 기타,승용,남,51세,상해없음,승용,남,60세,경상
2020041500100025,2020년 4월 15일 01시,수요일,경기도 수원시 장안구 이목동,경상사고,0,0,1,0,차대차 - 추돌,안전운전불이행,건조,맑음,기타 - 기타,승용,남,47세,상해없음,화물,남,43세,경상
2020041500100039,2020년 4월 15일 02시,수요일,경기도 수원시 권선구 권선동,경상사고,0,0,2,0,차대차 - 추돌,안전운전불이행,건조,맑음,단일로 - 기타,승용,남,30세,상해없음,승용,남,31세,경상
2020041500100089,2020년 4월 15일 08시,수요일,경기도 수원시 권선구 권선동,경상사고,0,0,1,0,차대차 - 측면충돌,안전운전불이행,건조,맑음,교차로 - 교차로부근,승용,남,52세,상해없음,승용,여,30세,경상
2020041500100150,2020년 4월 15일 11시,수요일,경기도 수원시 권선구 탑동,중상사고,0,1,0,0,차대사람 - 차도통행중,안전운전불이행,건조,맑음,단일로 - 기타,승용,남,47세,상해없음,보행자,남,84세,중상
2020041500100174,2020년 4월 15일 12시,수요일,경기도 수원시 팔달구 우만동,경상사고,0,0,2,0,차대차 - 추돌,안전운전불이행,건조,맑음,기타 - 기타,승용,남,64세,상해없음,승용,남,62세,경상
2020041500100198,2020년 4월 15일 13시,수요일,경기도 수원시 장안구 영화동,경상사고,0,0,1,0,차대차 - 기타,안전운전불이행,건조,맑음,교차로 - 교차로안,건설기계,남,67세,기타불명,자전거,남,70세,경상
2020041500100272,2020년 4월 15일 15시,수요일,경기도 수원시 영통구 매탄동,경상사고,0,0,1,2,차대차 - 측면충돌,직진우회전진행방해,건조,맑음,교차로 - 교차로안,이륜,남,18세,부상신고,승용,남,35세,경상
2020041500100394,2020년 4월 15일 19시,수요일,경기도 수원시 팔달구 화서동,경상사고,0,0,2,0,차대차 - 기타,차로위반,건조,맑음,단일로 - 기타,승용,남,58세,상해없음,승용,남,22세,경상
2020041500100417,2020년 4월 15일 20시,수요일,경기도 수원시 권선구 호매실동,경상사고,0,0,1,0,차대차 - 추돌,안전운전불이행,건조,맑음,단일로 - 기타,이륜,남,41세,경상,승용,남,70세,상해없음
2020041600100014,2020년 4월 16일 01시,목요일,경기도 수원시 팔달구 인계동,경상사고,0,0,1,0,차대차 - 측면충돌,기타,건조,맑음,단일로 - 기타,승용,남,21세,상해없음,승용,남,54세,경상
2020041600100077,2020년 4월 16일 08시,목요일,경기도 수원시 권선구 탑동,경상사고,0,0,2,0,차대차 - 측면충돌,직진우회전진행방해,건조,맑음,교차로 - 교차로안,승용,남,43세,경상,승용,여,30세,경상
2020041600100122,2020년 4월 16일 10시,목요일,경기도 수원시 장안구 연무동,경상사고,0,0,1,0,차대사람 - 기타,안전운전불이행,건조,맑음,기타 - 기타,승용,여,59세,상해없음,보행자,여,35세,경상
2020041600100148,2020년 4월 16일 11시,목요일,경기도 수원시 장안구 정자동,경상사고,0,0,1,0,차대차 - 측면충돌,안전운전불이행,건조,맑음,단일로 - 기타,승용,남,41세,상해없음,이륜,남,16세,경상
2020041600100168,2020년 4월 16일 12시,목요일,경기도 수원시 팔달구 팔달로2가,경상사고,0,0,1,0,차대차 - 후진중충돌,안전운전불이행,건조,맑음,교차로 - 교차로안,승용,남,40세,상해없음,자전거,남,77세,경상
2020041600100201,2020년 4월 16일 13시,목요일,경기도 수원시 권선구 세류동,중상사고,0,1,0,0,차대사람 - 횡단중,안전운전불이행,건조,맑음,교차로 - 교차로안,승용,여,67세,상해없음,보행자,남,25세,중상
2020041600100370,2020년 4월 16일 18시,목요일,경기도 수원시 장안구 영화동,부상신고사고,0,0,0,1,차대차 - 추돌,안전운전불이행,건조,맑음,단일로 - 기타,자전거,남,19세,부상신고,승용,남,56세,상해없음
2020041600100441,2020년 4월 16일 20시,목요일,경기도 수원시 팔달구 팔달로2가,경상사고,0,0,1,0,차대차 - 기타,차로위반,건조,맑음,교차로 - 교차로안,승용,남,63세,상해없음,승용,여,34세,경상
2020041600100479,2020년 4월 16일 21시,목요일,경기도 수원시 권선구 서둔동,경상사고,0,0,1,0,차대차 - 측면충돌,중앙선침범,건조,맑음,단일로 - 기타,승용,남,69세,상해없음,이륜,남,22세,경상
2020041600100516,2020년 4월 16일 23시,목요일,경기도 수원시 팔달구 인계동,부상신고사고,0,0,0,1,차량단독 - 전도전복 - 전도,안전운전불이행,건조,맑음,단일로 - 기타,이륜,남,26세,부상신고,,,,
2020041700100003,2020년 4월 17일 00시,금요일,경기도 수원시 권선구 세류동,경상사고,0,0,1,0,차대차 - 측면충돌,안전운전불이행,건조,맑음,교차로 - 교차로부근,승용,남,61세,상해없음,승용,여,23세,경상
2020041700100004,2020년 4월 17일 00시,금요일,경기도 수원시 권선구 서둔동,경상사고,0,0,2,0,차대차 - 후진중충돌,안전운전불이행,건조,맑음,기타 - 기타,승용,남,24세,상해없음,승용,남,72세,경상
2020041700100078,2020년 4월 17일 08시,금요일,경기도 수원시 권선구 권선동,경상사고,0,0,1,0,차량단독 - 기타,안전운전불이행,젖음/습기,비,교차로 - 교차로부근,승합,남,56세,상해없음,,,,
2020041700100186,2020년 4월 17일 12시,금요일,경기도 수원시 장안구 정자동,중상사고,0,1,0,0,차대차 - 측면충돌,직진우회전진행방해,젖음/습기,비,교차로 - 교차로안,승용,여,46세,상해없음,이륜,남,34세,중상
2020041700100274,2020년 4월 17일 15시,금요일,경기도 수원시 장안구 정자동,경상사고,0,0,1,0,차대사람 - 기타,안전운전불이행,건조,맑음,단일로 - 기타,승용,남,26세,상해없음,보행자,남,27세,경상
2020041700100317,2020년 4월 17일 16시,금요일,경기도 수원시 권선구 서둔동,경상사고,0,0,1,2,차대차 - 기타,신호위반,건조,맑음,교차로 - 교차로부근,승용,남,36세,상해없음,승용,남,66세,경상
2020041700100349,2020년 4월 17일 17시,금요일,경기도 수원시 영통구 이의동,경상사고,0,0,1,0,차대차 - 측면충돌,안전운전불이행,건조,맑음,단일로 - 기타,승용,여,41세,상해없음,이륜,남,22세,경상
2020041700100350,2020년 4월 17일 17시,금요일,경기도 수원시 영통구 망포동,중상사고,0,1,0,2,차량단독 - 기타,안전운전불이행,건조,맑음,단일로 - 기타,화물,남,52세,부상신고,,,,
2020041700100412,2020년 4월 17일 19시,금요일,경기도 수원시 영통구 영통동,경상사고,0,0,1,0,차대차 - 측면충돌,중앙선침범,건조,맑음,교차로 - 교차로부근,승용,남,49세,상해없음,이륜,남,36세,경상
2020041700100414,2020년 4월 17일 19시,금요일,경기도 수원시 권선구 서둔동,경상사고,0,0,1,0,차대차 - 측면충돌,안전거리미확보,건조,맑음,단일로 - 기타,특수,남,59세,상해없음,승용,남,29세,경상
2020041700100415,2020년 4월 17일 19시,금요일,경기도 수원시 권선구 호매실동,경상사고,0,0,1,0,차대차 - 측면충돌,직진우회전진행방해,건조,맑음,교차로 - 교차로안,이륜,남,18세,기타불명,승용,남,43세,경상
2020041800100009,2020년 4월 18일 00시,토요일,경기도 수원시 팔달구 교동,중상사고,0,1,4,0,차대차 - 추돌,안전운전불이행,건조,맑음,교차로 - 교차로부근,승용,남,38세,상해없음,승용,남,52세,경상
2020041800100051,2020년 4월 18일 05시,토요일,경기도 수원시 장안구 영화동,경상사고,0,0,1,0,차대사람 - 기타,안전운전불이행,건조,맑음,단일로 - 기타,승용,남,35세,상해없음,보행자,남,45세,경상
2020041800100078,2020년 4월 18일 07시,토요일,경기도 수원시 영통구 이의동,경상사고,0,0,2,0,차대차 - 측면충돌,안전운전불이행,건조,맑음,교차로 - 교차로안,승용,남,37세,상해없음,승용,남,56세,경상
2020041800100117,2020년 4월 18일 09시,토요일,경기도 수원시 팔달구 인계동,경상사고,0,0,1,0,차대사람 - 길가장자리구역통행중,안전운전불이행,건조,맑음,기타 - 기타,승용,남,26세,상해없음,보행자,여,77세,경상
2020041800100271,2020년 4월 18일 14시,토요일,경기도 수원시 권선구 권선동,경상사고,0,0,2,0,차대차 - 기타,안전운전불이행,건조,맑음,기타 - 기타,승용,여,39세,상해없음,승용,남,27세,경상
2020041800100383,2020년 4월 18일 17시,토요일,경기도 수원시 영통구 매탄동,경상사고,0,0,1,0,차대차 - 측면충돌,신호위반,건조,맑음,교차로 - 교차로안,승용,남,52세,상해없음,이륜,남,48세,경상
2020041800100384,2020년 4월 18일 17시,토요일,경기도 수원시 영통구 매탄동,중상사고,0,1,0,0,차대사람 - 기타,안전운전불이행,건조,맑음,기타 - 기타,원동기,남,31세,상해없음,보행자,여,53세,중상
2020041800100412,2020년 4월 18일 18시,토요일,경기도 수원시 팔달구 북수동,경상사고,0,0,1,0,차대사람 - 기타,신호위반,건조,맑음,기타 - 기타,승용,남,63세,상해없음,보행자,여,20세,경상
2020041800100422,2020년 4월 18일 18시,토요일,경기도 수원시 권선구 금곡동,경상사고,0,0,1,0,차대차 - 기타,안전운전불이행,건조,맑음,단일로 - 기타,승용,남,56세,상해없음,원동기,남,23세,경상
2020041900100082,2020년 4월 19일 09시,일요일,경기도 수원시 장안구 율전동,경상사고,0,0,1,0,차대사람 - 기타,안전운전불이행,건조,흐림,단일로 - 기타,승용,여,46세,상해없음,보행자,여,31세,경상
2020041900100126,2020년 4월 19일 12시,일요일,경기도 수원시 권선구 권선동,경상사고,0,0,1,0,차대차 - 후진중충돌,안전운전불이행,기타,기타,교차로 - 교차로부근,승용,남,38세,상해없음,이륜,남,35세,경상
2020041900100367,2020년 4월 19일 21시,일요일,경기도 수원시 장안구 영화동,경상사고,0,0,3,0,차대차 - 기타,중앙선침범,젖음/습기,비,단일로 - 기타,화물,남,60세,상해없음,승용,남,31세,경상
2020041900100372,2020년 4월 19일 21시,일요일,경기도 수원시 팔달구 인계동,경상사고,0,0,1,0,차대사람 - 기타,신호위반,젖음/습기,비,단일로 - 기타,승용,여,56세,상해없음,보행자,여,27세,경상
2020042000100078,2020년 4월 20일 08시,월요일,경기도 수원시 권선구 권선동,경상사고,0,0,1,0,차대차 - 측면충돌,신호위반,건조,맑음,교차로 - 교차로부근,화물,남,56세,상해없음,승용,남,43세,경상
2020042000100131,2020년 4월 20일 10시,월요일,경기도 수원시 팔달구 팔달로3가,경상사고,0,0,2,0,차대차 - 추돌,안전운전불이행,젖음/습기,흐림,단일로 - 기타,승용,남,52세,상해없음,승용,남,67세,경상
2020042000100305,2020년 4월 20일 15시,월요일,경기도 수원시 장안구 영화동,경상사고,0,0,1,0,차대차 - 측면충돌,안전운전불이행,젖음/습기,흐림,단일로 - 기타,승용,남,42세,상해없음,이륜,남,27세,경상
2020042000100367,2020년 4월 20일 17시,월요일,경기도 수원시 장안구 파장동,경상사고,0,0,1,0,차대차 - 추돌,직진우회전진행방해,젖음/습기,흐림,교차로 - 교차로안,승용,남,46세,상해없음,자전거,남,13세,경상
2020042000100401,2020년 4월 20일 18시,월요일,경기도 수원시 권선구 세류동,경상사고,0,0,1,0,차대차 - 측면충돌,중앙선침범,건조,맑음,단일로 - 기타,화물,남,57세,상해없음,이륜,남,45세,경상
2020042000100430,2020년 4월 20일 19시,월요일,경기도 수원시 장안구 영화동,중상사고,0,1,0,0,차대차 - 기타,안전운전불이행,건조,맑음,교차로 - 교차로부근,승용,남,64세,상해없음,이륜,남,35세,중상
2020042000100490,2020년 4월 20일 21시,월요일,경기도 수원시 팔달구 인계동,중상사고,0,1,2,0,차대차 - 기타,안전운전불이행,기타,기타,교차로 - 교차로부근,승용,남,16세,상해없음,승용,남,59세,경상
2020042000100505,2020년 4월 20일 22시,월요일,경기도 수원시 팔달구 인계동,부상신고사고,0,0,0,1,차대차 - 기타,안전운전불이행,기타,기타,교차로 - 교차로안,이륜,남,21세,부상신고,승용,남,29세,상해없음
2020042100100052,2020년 4월 21일 07시,화요일,경기도 수원시 영통구 영통동,경상사고,0,0,1,0,차대차 - 추돌,안전운전불이행,기타,기타,교차로 - 교차로부근,승용,남,35세,상해없음,승용,남,62세,경상
2020042100100078,2020년 4월 21일 08시,화요일,경기도 수원시 장안구 파장동,경상사고,0,0,1,0,차대차 - 기타,교차로운행방법위반,건조,맑음,교차로 - 교차로안,승합,남,56세,상해없음,승용,남,40세,경상
2020042100100082,2020년 4월 21일 08시,화요일,경기도 수원시 권선구 금곡동,중상사고,0,1,0,0,차대차 - 측면충돌,신호위반,건조,맑음,교차로 - 교차로부근,승용,여,46세,상해없음,승용,여,38세,중상
2020042100100083,2020년 4월 21일 08시,화요일,경기도 수원시 팔달구 매교동,경상사고,0,0,1,0,차대차 - 기타,교차로운행방법위반,건조,맑음,교차로 - 교차로부근,승용,여,36세,상해없음,승합,남,56세,상해없음
2020042100100115,2020년 4월 21일 09시,화요일,경기도 수원시 장안구 영화동,경상사고,0,0,3,1,차대차 - 기타,직진우회전진행방해,건조,맑음,교차로 - 교차로안,승용,남,35세,부상신고,승용,남,69세,경상
2020042100100143,2020년 4월 21일 10시,화요일,경기도 수원시 권선구 오목천동,경상사고,0,0,1,0,차대사람 - 기타,기타,건조,맑음,교차로 - 교차로부근,기타불명,기타불명,미분류,기타불명,보행자,여,41세,경상