사고번호,사고일시,요일,시군구,사고내용,사망자수,중상자수,경상자수,부상신고자수,사고유형,법규위반,노면상태,기상상태,도로형태,가해운전자 차종,가해운전자 성별,가해운전자 연령,가해운전자 상해정도,피해운전자 차종,피해운전자 성별,피해운전자 연령,피해운전자 상해정도
2020042100100164,2020년 4월 21일 11시,화요일,경기도 수원시 영통구 원천동,중상사고,0,1,1,0,차대차 - 기타,안전운전불이행,건조,맑음,교차로 - 교차로안,화물,남,64세,상해없음,승용,남,57세,경상
2020042100100285,2020년 4월 21일 15시,화요일,경기도 수원시 팔달구 우만동,부상신고사고,0,0,0,1,차대차 - 기타,기타,건조,맑음,단일로 - 기타,자전거,남,78세,부상신고,승용,여,28세,상해없음
2020042100100428,2020년 4월 21일 19시,화요일,경기도 수원시 권선구 세류동,경상사고,0,0,1,0,차대차 - 측면충돌,중앙선침범,건조,맑음,단일로 - 기타,승용,남,75세,상해없음,이륜,남,49세,경상
2020042100100455,2020년 4월 21일 20시,화요일,경기도 수원시 장안구 천천동,경상사고,0,0,1,0,차대차 - 추돌,안전운전불이행,건조,맑음,단일로 - 기타,승용,남,29세,상해없음,이륜,남,29세,경상
2020042100100456,2020년 4월 21일 20시,화요일,경기도 수원시 권선구 권선동,경상사고,0,0,1,0,차대차 - 기타,신호위반,건조,맑음,교차로 - 교차로안,승용,여,36세,상해없음,승용,여,57세,경상
2020042100100535,2020년 4월 21일 23시,화요일,경기도 수원시 팔달구 지동,중상사고,0,1,0,0,차대차 - 측면충돌,신호위반,건조,맑음,교차로 - 교차로부근,승용,여,54세,중상,승용,남,25세,상해없음
2020042200100021,2020년 4월 22일 01시,수요일,경기도 수원시 권선구 권선동,중상사고,0,2,0,2,차대차 - 추돌,안전운전불이행,건조,맑음,교차로 - 교차로부근,승용,남,29세,상해없음,승용,여,32세,중상
2020042200100032,2020년 4월 22일 02시,수요일,경기도 수원시 권선구 권선동,경상사고,0,0,1,0,차대차 - 기타,안전운전불이행,건조,맑음,교차로 - 교차로부근,승용,남,31세,상해없음,승용,남,23세,경상
2020042200100070,2020년 4월 22일 07시,수요일,경기도 수원시 장안구 조원동,경상사고,0,0,1,0,차대사람 - 횡단중,안전운전불이행,건조,맑음,교차로 - 교차로안,승용,여,53세,상해없음,보행자,여,53세,경상
2020042200100071,2020년 4월 22일 07시,수요일,경기도 수원시 팔달구 화서동,경상사고,0,0,2,0,차대차 - 추돌,안전운전불이행,건조,맑음,교차로 - 교차로부근,화물,남,59세,경상,승용,남,46세,경상
2020042200100123,2020년 4월 22일 09시,수요일,경기도 수원시 장안구 이목동,부상신고사고,0,0,0,1,차량단독 - 도로외이탈 - 추락,안전운전불이행,건조,맑음,교차로 - 교차로부근,승용,남,84세,부상신고,,,,
2020042200100178,2020년 4월 22일 11시,수요일,경기도 수원시 팔달구 남창동,경상사고,0,0,1,0,차대사람 - 기타,안전운전불이행,건조,맑음,단일로 - 기타,승용,남,48세,상해없음,보행자,여,52세,경상
2020042200100296,2020년 4월 22일 15시,수요일,경기도 수원시 팔달구 인계동,중상사고,0,1,0,0,차대사람 - 횡단중,신호위반,건조,맑음,교차로 - 교차로횡단보도내,승용,남,40세,상해없음,보행자,여,49세,중상
2020042200100373,2020년 4월 22일 17시,수요일,경기도 수원시 영통구 매탄동,경상사고,0,0,1,0,차대차 - 측면충돌,교차로운행방법위반,젖음/습기,흐림,교차로 - 교차로안,승용,남,64세,상해없음,이륜,남,28세,경상
2020042200100437,2020년 4월 22일 19시,수요일,경기도 수원시 장안구 연무동,경상사고,0,0,1,0,차대사람 - 기타,안전운전불이행,건조,맑음,단일로 - 기타,승용,남,44세,상해없음,보행자,남,16세,경상
2020042200100455,2020년 4월 22일 20시,수요일,경기도 수원시 장안구 천천동,중상사고,0,1,0,0,차대사람 - 기타,신호위반,건조,맑음,교차로 - 교차로횡단보도내,승용,여,22세,상해없음,보행자,여,66세,중상
2020042200100532,2020년 4월 22일 23시,수요일,경기도 수원시 팔달구 매산로1가,경상사고,0,0,4,1,차대차 - 추돌,안전운전불이행,건조,맑음,단일로 - 기타,승용,남,36세,경상,승합,남,61세,경상
2020042300100016,2020년 4월 23일 01시,목요일,경기도 수원시 팔달구 인계동,경상사고,0,0,1,0,차대사람 - 기타,안전운전불이행,건조,맑음,단일로 - 기타,승용,남,58세,상해없음,보행자,남,24세,경상
2020042300100047,2020년 4월 23일 05시,목요일,경기도 수원시 영통구 영통동,경상사고,0,0,1,0,차대사람 - 차도통행중,교차로운행방법위반,건조,맑음,교차로 - 교차로안,승용,여,62세,상해없음,보행자,여,31세,경상
2020042300100056,2020년 4월 23일 06시,목요일,경기도 수원시 권선구 세류동,사망사고,1,0,0,0,차대차 - 측면충돌,신호위반,건조,맑음,교차로 - 교차로안,승합,남,61세,상해없음,이륜,남,32세,사망
2020042300100132,2020년 4월 23일 09시,목요일,경기도 수원시 영통구 영통동,경상사고,0,0,1,0,차대차 - 기타,신호위반,건조,맑음,교차로 - 교차로안,승용,남,53세,상해없음,승용,남,30세,경상
2020042300100133,2020년 4월 23일 09시,목요일,경기도 수원시 영통구 매탄동,경상사고,0,0,2,0,차대차 - 측면충돌,안전거리미확보,건조,맑음,단일로 - 기타,승용,남,56세,상해없음,승용,남,33세,경상
2020042300100157,2020년 4월 23일 10시,목요일,경기도 수원시 권선구 구운동,경상사고,0,0,1,0,차대차 - 기타,안전운전불이행,건조,맑음,교차로 - 교차로부근,승합,남,62세,상해없음,자전거,여,66세,경상
2020042300100229,2020년 4월 23일 13시,목요일,경기도 수원시 장안구 파장동,경상사고,0,0,3,0,차대차 - 추돌,안전거리미확보,건조,맑음,단일로 - 기타,승용,남,59세,상해없음,승용,여,40세,경상
2020042300100282,2020년 4월 23일 15시,목요일,경기도 수원시 팔달구 화서동,부상신고사고,0,0,0,1,차대사람 - 기타,안전운전불이행,건조,맑음,단일로 - 기타,자전거,남,68세,부상신고,보행자,여,21세,상해없음
2020042300100318,2020년 4월 23일 16시,목요일,경기도 수원시 권선구 호매실동,경상사고,0,0,1,0,차대차 - 기타,안전거리미확보,건조,맑음,단일로 - 기타,승용,여,40세,상해없음,승용,남,29세,경상
2020042300100444,2020년 4월 23일 19시,목요일,경기도 수원시 장안구 파장동,경상사고,0,0,1,0,차대차 - 기타,안전운전불이행,건조,맑음,단일로 - 기타,승용,남,50세,상해없음,승합,남,39세,경상
2020042300100451,2020년 4월 23일 19시,목요일,경기도 수원시 권선구 금곡동,경상사고,0,0,1,0,차량단독 - 주/정차차량 충돌,안전운전불이행,건조,맑음,교차로 - 교차로부근,승용,여,50세,경상,,,,
2020042300100478,2020년 4월 23일 20시,목요일,경기도 수원시 영통구 매탄동,경상사고,0,0,1,0,차대사람 - 기타,안전운전불이행,건조,맑음,기타 - 기타,승용,여,49세,상해없음,보행자,남,42세,경상
2020042400100026,2020년 4월 24일 01시,금요일,경기도 수원시 팔달구 인계동,경상사고,0,0,1,0,차대사람 - 기타,안전운전불이행,건조,맑음,단일로 - 기타,승용,남,18세,상해없음,보행자,남,19세,경상
2020042400100028,2020년 4월 24일 01시,금요일,경기도 수원시 권선구 호매실동,경상사고,0,0,2,0,차대차 - 측면충돌,안전운전불이행,건조,맑음,단일로 - 기타,승용,남,32세,상해없음,승용,남,40세,경상
2020042400100063,2020년 4월 24일 06시,금요일,경기도 수원시 권선구 고색동,부상신고사고,0,0,0,1,차대차 - 측면충돌,교차로운행방법위반,건조,맑음,교차로 - 교차로안,승합,남,50세,상해없음,화물,남,30세,부상신고
2020042400100197,2020년 4월 24일 11시,금요일,경기도 수원시 영통구 매탄동,경상사고,0,0,1,0,차대차 - 추돌,안전운전불이행,건조,맑음,교차로 - 교차로부근,이륜,남,24세,상해없음,이륜,남,45세,경상
2020042400100352,2020년 4월 24일 15시,금요일,경기도 수원시 권선구 호매실동,경상사고,0,0,1,0,차대차 - 기타,중앙선침범,건조,맑음,교차로 - 교차로부근,이륜,남,82세,경상,승용,남,39세,상해없음
2020042400100389,2020년 4월 24일 16시,금요일,경기도 수원시 권선구 세류동,중상사고,0,1,0,0,차대사람 - 기타,안전운전불이행,건조,맑음,단일로 - 기타,자전거,남,67세,상해없음,보행자,여,73세,중상
2020042400100475,2020년 4월 24일 18시,금요일,경기도 수원시 장안구 연무동,부상신고사고,0,0,0,1,차대차 - 기타,신호위반,건조,맑음,교차로 - 교차로안,이륜,남,20세,부상신고,화물,남,55세,상해없음
2020042400100484,2020년 4월 24일 18시,금요일,경기도 수원시 권선구 곡반정동,중상사고,0,1,0,0,차대사람 - 차도통행중,안전운전불이행,기타,기타,단일로 - 기타,승용,남,53세,상해없음,보행자,여,32세,중상
2020042400100548,2020년 4월 24일 20시,금요일,경기도 수원시 팔달구 화서동,경상사고,0,0,2,0,차량단독 - 공작물충돌,안전운전불이행,건조,맑음,단일로 - 기타,승합,남,49세,상해없음,,,,
2020042400100552,2020년 4월 24일 20시,금요일,경기도 수원시 팔달구 인계동,부상신고사고,0,0,0,1,차대사람 - 기타,안전운전불이행,건조,맑음,단일로 - 기타,승용,남,61세,상해없음,보행자,여,65세,부상신고
2020042400100554,2020년 4월 24일 20시,금요일,경기도 수원시 권선구 세류동,중상사고,0,1,0,0,차대차 - 기타,안전거리미확보,건조,맑음,단일로 - 기타,승용,남,55세,상해없음,이륜,남,23세,중상
2020042400100586,2020년 4월 24일 21시,금요일,경기도 수원시 장안구 송죽동,부상신고사고,0,0,0,4,차대차 - 측면충돌,안전운전불이행,건조,맑음,교차로 - 교차로안,승용,여,31세,상해없음,승용,여,65세,부상신고
2020042400100593,2020년 4월 24일 21시,금요일,경기도 수원시 영통구 이의동,부상신고사고,0,0,0,1,차대차 - 기타,신호위반,건조,맑음,교차로 - 교차로안,이륜,남,17세,부상신고,승용,여,48세,상해없음
2020042400100615,2020년 4월 24일 22시,금요일,경기도 수원시 장안구 하광교동,경상사고,0,0,1,0,차대차 - 측면충돌,신호위반,건조,맑음,단일로 - 기타,승용,남,41세,상해없음,승용,남,51세,경상
2020042400100635,2020년 4월 24일 23시,금요일,경기도 수원시 팔달구 인계동,경상사고,0,0,1,0,차대차 - 후진중충돌,안전운전불이행,건조,맑음,단일로 - 기타,승용,남,20세,상해없음,승용,남,28세,경상
2020042500100007,2020년 4월 25일 00시,토요일,경기도 수원시 권선구 곡반정동,경상사고,0,0,2,0,차대차 - 추돌,안전운전불이행,건조,맑음,단일로 - 기타,승용,남,44세,상해없음,승용,남,48세,경상
2020042500100021,2020년 4월 25일 01시,토요일,경기도 수원시 장안구 영화동,경상사고,0,0,1,0,차대차 - 기타,신호위반,건조,맑음,교차로 - 교차로안,승용,남,26세,상해없음,승용,남,63세,상해없음
2020042500100024,2020년 4월 25일 01시,토요일,경기도 수원시 권선구 호매실동,경상사고,0,0,1,0,차대차 - 기타,교차로운행방법위반,건조,맑음,교차로 - 교차로안,승용,남,26세,상해없음,승합,남,70세,경상
2020042500100039,2020년 4월 25일 02시,토요일,경기도 수원시 권선구 당수동,중상사고,0,2,0,0,차대차 - 추돌,과속,건조,맑음,기타 - 기타,승용,남,23세,상해없음,승용,여,60세,중상
2020042500100165,2020년 4월 25일 10시,토요일,경기도 수원시 영통구 이의동,중상사고,0,1,0,0,차대차 - 측면충돌,안전거리미확보,건조,맑음,교차로 - 교차로안,승용,여,44세,기타불명,승용,여,70세,중상
2020042500100166,2020년 4월 25일 10시,토요일,경기도 수원시 권선구 권선동,경상사고,0,0,1,0,차대차 - 측면충돌,안전거리미확보,건조,맑음,단일로 - 기타,승용,남,50세,상해없음,승용,남,50세,상해없음
2020042500100258,2020년 4월 25일 13시,토요일,경기도 수원시 장안구 정자동,경상사고,0,0,2,0,차대차 - 측면충돌,교차로운행방법위반,건조,맑음,교차로 - 교차로부근,승합,남,55세,상해없음,승합,남,47세,경상
2020042500100265,2020년 4월 25일 13시,토요일,경기도 수원시 권선구 오목천동,경상사고,0,0,1,0,차대차 - 측면충돌,안전운전불이행,건조,맑음,교차로 - 교차로안,승용,남,61세,경상,건설기계,남,58세,상해없음
2020042500100350,2020년 4월 25일 16시,토요일,경기도 수원시 팔달구 우만동,중상사고,0,1,2,0,차대차 - 측면충돌,안전거리미확보,건조,맑음,단일로 - 기타,승합,남,63세,경상,승용,남,66세,중상
2020042500100392,2020년 4월 25일 17시,토요일,경기도 수원시 팔달구 화서동,중상사고,0,1,0,0,차대사람 - 기타,안전운전불이행,건조,맑음,기타 - 기타,승용,여,47세,상해없음,보행자,남,5세,중상
2020042500100470,2020년 4월 25일 19시,토요일,경기도 수원시 권선구 세류동,부상신고사고,0,0,0,1,차대차 - 측면충돌,중앙선침범,건조,맑음,교차로 - 교차로안,자전거,남,41세,부상신고,승용,남,42세,상해없음
2020042500100527,2020년 4월 25일 21시,토요일,경기도 수원시 팔달구 팔달로2가,경상사고,0,0,3,0,차대차 - 추돌,안전운전불이행,건조,맑음,교차로 - 교차로안,승용,남,39세,상해없음,승용,남,27세,경상
2020042500100562,2020년 4월 25일 22시,토요일,경기도 수원시 권선구 세류동,경상사고,0,0,1,0,차대차 - 측면충돌,안전운전불이행,건조,맑음,교차로 - 교차로부근,승용,여,58세,상해없음,승용,남,58세,경상
2020042600100051,2020년 4월 26일 03시,일요일,경기도 수원시 장안구 정자동,경상사고,0,0,2,0,차대차 - 기타,신호위반,건조,맑음,교차로 - 교차로안,승용,남,61세,상해없음,승용,남,23세,경상
2020042600100169,2020년 4월 26일 12시,일요일,경기도 수원시 팔달구 인계동,경상사고,0,0,2,0,차대차 - 기타,안전운전불이행,건조,맑음,단일로 - 기타,승용,남,19세,상해없음,승용,여,46세,경상
2020042600100186,2020년 4월 26일 13시,일요일,경기도 수원시 팔달구 팔달로1가,중상사고,0,1,0,0,차대차 - 기타,안전운전불이행,건조,맑음,교차로 - 교차로부근,승용,남,71세,상해없음,승용,남,35세,중상
2020042600100276,2020년 4월 26일 16시,일요일,경기도 수원시 장안구 영화동,중상사고,0,1,0,0,차량단독 - 기타,안전운전불이행,건조,맑음,단일로 - 기타,승합,남,45세,상해없음,,,,
2020042600100347,2020년 4월 26일 18시,일요일,경기도 수원시 팔달구 팔달로3가,경상사고,0,0,7,0,차대차 - 측면충돌,안전운전불이행,건조,맑음,교차로 - 교차로안,승용,여,49세,상해없음,승합,남,25세,경상
2020042700100024,2020년 4월 27일 04시,월요일,경기도 수원시 권선구 세류동,경상사고,0,0,1,0,차대차 - 추돌,안전운전불이행,건조,맑음,단일로 - 기타,이륜,남,36세,상해없음,승용,남,67세,경상
2020042700100051,2020년 4월 27일 07시,월요일,경기도 수원시 팔달구 우만동,중상사고,0,1,0,0,차대차 - 측면충돌,중앙선침범,건조,맑음,교차로 - 교차로부근,승용,남,56세,상해없음,개인형이동수단(PM),남,42세,중상
2020042700100055,2020년 4월 27일 07시,월요일,경기도 수원시 권선구 권선동,경상사고,0,0,1,0,차대차 - 기타,교차로운행방법위반,건조,맑음,교차로 - 교차로안,승용,여,30세,상해없음,승용,여,26세,경상
2020042700100056,2020년 4월 27일 07시,월요일,경기도 수원시 권선구 고색동,경상사고,0,0,3,2,차대차 - 측면충돌,교차로운행방법위반,건조,맑음,교차로 - 교차로부근,승용,여,43세,상해없음,승합,남,64세,경상
2020042700100084,2020년 4월 27일 08시,월요일,경기도 수원시 장안구 연무동,경상사고,0,0,1,0,차대사람 - 기타,안전운전불이행,건조,맑음,단일로 - 기타,승용,남,64세,상해없음,보행자,여,17세,경상
2020042700100088,2020년 4월 27일 08시,월요일,경기도 수원시 장안구 이목동,경상사고,0,0,2,0,차대차 - 기타,신호위반,건조,맑음,단일로 - 기타,승용,여,38세,상해없음,건설기계,남,69세,경상
2020042700100113,2020년 4월 27일 09시,월요일,경기도 수원시 권선구 세류동,경상사고,0,0,4,0,차대차 - 측면충돌,직진우회전진행방해,건조,맑음,교차로 - 교차로안,건설기계,남,62세,상해없음,승용,남,66세,경상
2020042700100181,2020년 4월 27일 11시,월요일,경기도 수원시 권선구 권선동,경상사고,0,0,2,0,차대차 - 기타,안전운전불이행,건조,맑음,단일로 - 기타,승용,여,65세,기타불명,승용,여,35세,경상
2020042700100291,2020년 4월 27일 14시,월요일,경기도 수원시 장안구 영화동,중상사고,0,1,2,0,차대차 - 추돌,안전운전불이행,건조,맑음,단일로 - 기타,승용,남,33세,상해없음,특수,남,39세,중상
2020042700100415,2020년 4월 27일 17시,월요일,경기도 수원시 영통구 하동,경상사고,0,0,1,0,차대차 - 정면충돌,신호위반,건조,맑음,단일로 - 기타,승용,여,52세,상해없음,자전거,여,8세,경상
2020042700100536,2020년 4월 27일 20시,월요일,경기도 수원시 영통구 망포동,중상사고,0,1,0,0,차대사람 - 기타,안전운전불이행,건조,맑음,교차로 - 교차로횡단보도내,승용,남,62세,상해없음,보행자,남,56세,중상
2020042700100537,2020년 4월 27일 20시,월요일,경기도 수원시 권선구 권선동,경상사고,0,0,1,0,차대차 - 추돌,안전운전불이행,건조,맑음,교차로 - 교차로부근,승용,남,38세,상해없음,승용,여,31세,경상
2020042700100539,2020년 4월 27일 20시,월요일,경기도 수원시 팔달구 고등동,경상사고,0,0,1,1,차대차 - 기타,안전운전불이행,건조,맑음,교차로 - 교차로안,승용,여,46세,상해없음,승용,남,26세,경상
2020042700100590,2020년 4월 27일 22시,월요일,경기도 수원시 팔달구 지동,중상사고,0,1,2,0,차대차 - 기타,중앙선침범,건조,맑음,기타 - 기타,승용,여,20세,상해없음,승용,남,58세,중상
2020042700100592,2020년 4월 27일 22시,월요일,경기도 수원시 권선구 오목천동,경상사고,0,0,1,0,차량단독 - 기타,기타,건조,맑음,단일로 - 기타,승합,여,58세,상해없음,,,,
2020042700100612,2020년 4월 27일 23시,월요일,경기도 수원시 권선구 곡반정동,경상사고,0,0,2,0,차대차 - 기타,안전운전불이행,건조,맑음,교차로 - 교차로부근,승용,남,25세,기타불명,승용,남,34세,경상
2020042700100614,2020년 4월 27일 23시,월요일,경기도 수원시 권선구 탑동,부상신고사고,0,0,0,1,차대차 - 측면충돌,신호위반,건조,맑음,교차로 - 교차로안,승합,남,56세,상해없음,승용,남,29세,부상신고
2020042800100093,2020년 4월 28일 08시,화요일,경기도 수원시 장안구 송죽동,경상사고,0,0,1,0,차대사람 - 기타,안전운전불이행,건조,맑음,교차로 - 교차로안,승용,여,46세,상해없음,보행자,남,71세,경상
2020042800100135,2020년 4월 28일 09시,화요일,경기도 수원시 영통구 영통동,부상신고사고,0,0,0,1,차대차 - 측면충돌,불법유턴,건조,맑음,교차로 - 교차로안,승용,여,36세,상해없음,승용,남,23세,부상신고
2020042800100167,2020년 4월 28일 10시,화요일,경기도 수원시 팔달구 인계동,경상사고,0,0,1,0,차대사람 - 길가장자리구역통행중,안전운전불이행,건조,맑음,교차로 - 교차로안,승용,여,36세,상해없음,보행자,남,19세,경상
2020042800100203,2020년 4월 28일 11시,화요일,경기도 수원시 장안구 정자동,경상사고,0,0,3,0,차대차 - 정면충돌,직진우회전진행방해,건조,맑음,교차로 - 교차로안,승용,여,62세,경상,승용,여,45세,경상
2020042800100234,2020년 4월 28일 12시,화요일,경기도 수원시 장안구 파장동,경상사고,0,0,2,0,차대차 - 기타,안전운전불이행,건조,맑음,교차로 - 교차로안,화물,남,42세,상해없음,화물,남,50세,경상
2020042800100360,2020년 4월 28일 15시,화요일,경기도 수원시 권선구 서둔동,경상사고,0,0,1,0,차대차 - 측면충돌,신호위반,건조,맑음,교차로 - 교차로안,승용,여,19세,상해없음,승합,남,67세,경상
2020042800100361,2020년 4월 28일 15시,화요일,경기도 수원시 권선구 입북동,중상사고,0,1,0,0,차량단독 - 전도전복 - 전도,안전운전불이행,건조,맑음,단일로 - 기타,개인형이동수단(PM),남,40세,중상,,,,
2020042800100393,2020년 4월 28일 16시,화요일,경기도 수원시 권선구 당수동,경상사고,0,0,2,0,차대차 - 기타,중앙선침범,건조,맑음,단일로 - 기타,승용,남,65세,상해없음,승용,여,44세,경상
2020042800100426,2020년 4월 28일 17시,화요일,경기도 수원시 팔달구 화서동,경상사고,0,0,1,0,차대차 - 기타,직진우회전진행방해,건조,맑음,교차로 - 교차로안,승합,남,44세,상해없음,승용,여,54세,경상
2020042800100524,2020년 4월 28일 19시,화요일,경기도 수원시 권선구 탑동,경상사고,0,0,1,0,차대차 - 측면충돌,교차로운행방법위반,건조,맑음,교차로 - 교차로안,승용,남,28세,상해없음,이륜,남,60세,경상
2020042800100575,2020년 4월 28일 21시,화요일,경기도 수원시 장안구 하광교동,경상사고,0,0,1,0,차대차 - 정면충돌,안전운전불이행,건조,맑음,단일로 - 기타,개인형이동수단(PM),남,37세,상해없음,개인형이동수단(PM),남,27세,경상
2020042800100580,2020년 4월 28일 21시,화요일,경기도 수원시 권선구 권선동,중상사고,0,1,0,0,차대차 - 측면충돌,안전운전불이행,건조,맑음,단일로 - 기타,승용,남,55세,상해없음,승용,남,38세,중상
2020042800100604,2020년 4월 28일 22시,화요일,경기도 수원시 팔달구 지동,중상사고,0,1,0,0,차대사람 - 차도통행중,안전운전불이행,건조,맑음,교차로 - 교차로부근,화물,여,51세,상해없음,보행자,남,59세,중상
2020042800100625,2020년 4월 28일 23시,화요일,경기도 수원시 장안구 이목동,경상사고,0,0,2,0,차대차 - 기타,신호위반,건조,맑음,교차로 - 교차로안,승용,남,54세,경상,승용,남,41세,경상
2020042900100044,2020년 4월 29일 05시,수요일,경기도 수원시 권선구 곡반정동,중상사고,0,1,0,1,차대차 - 측면충돌,중앙선침범,기타,맑음,단일로 - 기타,승용,남,34세,부상신고,승용,남,28세,중상
2020042900100117,2020년 4월 29일 09시,수요일,경기도 수원시 팔달구 매산로1가,부상신고사고,0,0,0,1,차대차 - 기타,안전운전불이행,건조,맑음,교차로 - 교차로부근,승합,여,58세,상해없음,승합,남,56세,부상신고
2020042900100179,2020년 4월 29일 11시,수요일,경기도 수원시 장안구 조원동,경상사고,0,0,1,0,차대사람 - 횡단중,기타,건조,맑음,단일로 - 기타,승용,여,44세,상해없음,보행자,여,69세,경상
2020042900100184,2020년 4월 29일 11시,수요일,경기도 수원시 권선구 세류동,중상사고,0,1,0,0,차대사람 - 기타,안전운전불이행,건조,맑음,단일로 - 기타,건설기계,남,49세,상해없음,보행자,여,80세,중상
2020042900100286,2020년 4월 29일 14시,수요일,경기도 수원시 팔달구 인계동,중상사고,0,1,1,0,차대차 - 추돌,안전거리미확보,건조,맑음,교차로 - 교차로안,승용,남,52세,상해없음,승용,남,65세,중상
2020042900100290,2020년 4월 29일 14시,수요일,경기도 수원시 권선구 오목천동,경상사고,0,0,1,0,차대사람 - 기타,안전운전불이행,건조,맑음,기타 - 기타,승용,남,58세,상해없음,보행자,남,6세,경상
2020042900100326,2020년 4월 29일 15시,수요일,경기도 수원시 장안구 영화동,중상사고,0,1,0,0,차대차 - 기타,안전운전불이행,건조,맑음,교차로 - 교차로횡단보도내,승용,여,65세,상해없음,자전거,남,10세,중상
2020042900100372,2020년 4월 29일 16시,수요일,경기도 수원시 팔달구 우만동,부상신고사고,0,0,0,1,차대차 - 측면충돌,안전운전불이행,건조,맑음,교차로 - 교차로안,승용,여,40세,상해없음,자전거,남,44세,부상신고
2020042900100424,2020년 4월 29일 17시,수요일,경기도 수원시 권선구 세류동,경상사고,0,0,1,0,차대차 - 기타,안전운전불이행,건조,맑음,기타 - 기타,승합,여,45세,상해없음,승용,여,43세,상해없음
2020042900100478,2020년 4월 29일 18시,수요일,경기도 수원시 권선구 세류동,중상사고,0,1,0,0,차대사람 - 기타,안전운전불이행,기타,기타,단일로 - 기타,승합,남,56세,상해없음,보행자,남,21세,중상
2020042900100572,2020년 4월 29일 20시,수요일,경기도 수원시 영통구 매탄동,경상사고,0,0,1,0,차대차 - 기타,중앙선침범,건조,맑음,단일로 - 기타,승용,여,54세,상해없음,이륜,남,34세,경상
2020042900100610,2020년 4월 29일 21시,수요일,경기도 수원시 장안구 이목동,중상사고,0,1,0,0,차대차 - 측면충돌,신호위반,건조,맑음,교차로 - 교차로안,승합,남,62세,상해없음,이륜,남,26세,중상
2020042900100614,2020년 4월 29일 21시,수요일,경기도 수원시 영통구 원천동,경상사고,0,0,1,0,차량단독 - 기타,안전운전불이행,건조,맑음,단일로 - 기타,이륜,남,33세,경상,,,,
2020042900100640,2020년 4월 29일 22시,수요일,경기도 수원시 장안구 율전동,부상신고사고,0,0,0,1,차대차 - 측면충돌,안전운전불이행,건조,맑음,교차로 - 교차로안,이륜,남,23세,부상신고,승용,남,29세,상해없음
2020043000100053,2020년 4월 30일 03시,목요일,경기도 수원시 팔달구 인계동,중상사고,0,2,0,0,차대차 - 측면충돌,직진우회전진행방해,건조,맑음,교차로 - 교차로안,승용,남,55세,상해없음,승용,남,35세,상해없음
2020043000100181,2020년 4월 30일 11시,목요일,경기도 수원시 영통구 영통동,경상사고,0,0,1,0,차대차 - 측면충돌,안전운전불이행,건조,맑음,단일로 - 기타,승용,여,56세,상해없음,승용,여,46세,경상
2020043000100184,2020년 4월 30일 11시,목요일,경기도 수원시 권선구 오목천동,경상사고,0,0,1,0,차대차 - 측면충돌,안전거리미확보,건조,맑음,교차로 - 교차로부근,승용,여,52세,상해없음,이륜,남,47세,경상
2020043000100300,2020년 4월 30일 14시,목요일,경기도 수원시 팔달구 팔달로2가,경상사고,0,0,1,0,차대차 - 추돌,기타,건조,맑음,단일로 - 기타,승용,남,70세,상해없음,승합,남,49세,경상
2020043000100523,2020년 4월 30일 20시,목요일,경기도 수원시 권선구 금곡동,경상사고,0,0,1,0,차대차 - 기타,안전운전불이행,건조,맑음,단일로 - 기타,승용,남,22세,상해없음,승용,남,30세,기타불명
2020050100100089,2020년 5월 1일 09시,금요일,경기도 수원시 영통구 하동,중상사고,0,1,0,0,차대사람 - 기타,기타,건조,맑음,교차로 - 교차로부근,자전거,남,46세,상해없음,보행자,여,69세,중상
2020050100100229,2020년 5월 1일 13시,금요일,경기도 수원시 장안구 정자동,경상사고,0,0,1,0,차대차 - 기타,안전거리미확보,건조,맑음,교차로 - 교차로안,승합,남,51세,상해없음,화물,남,62세,상해없음
2020050100100230,2020년 5월 1일 13시,금요일,경기도 수원시 팔달구 북수동,경상사고,0,0,1,0,차대사람 - 기타,안전운전불이행,건조,맑음,교차로 - 교차로안,승용,여,33세,상해없음,보행자,남,59세,경상
2020050100100279,2020년 5월 1일 14시,금요일,경기도 수원시 영통구 이의동,경상사고,0,0,1,0,차대차 - 기타,안전거리미확보,기타,기타,교차로 - 교차로부근,승용,남,24세,상해없음,이륜,남,35세,경상
2020050100100311,2020년 5월 1일 15시,금요일,경기도 수원시 영통구 영통동,중상사고,0,2,0,0,차대차 - 추돌,안전운전불이행,건조,맑음,교차로 - 교차로부근,승용,남,54세,상해없음,승용,남,48세,중상
2020050100100312,2020년 5월 1일 15시,금요일,경기도 수원시 팔달구 인계동,경상사고,0,0,2,0,차대차 - 측면충돌,안전거리미확보,건조,맑음,교차로 - 교차로부근,승용,남,57세,상해없음,승용,남,33세,경상
2020050100100349,2020년 5월 1일 16시,금요일,경기도 수원시 영통구 이의동,경상사고,0,0,3,0,차대차 - 측면충돌,안전운전불이행,건조,맑음,기타 - 기타,승용,여,29세,경상,승용,남,63세,경상
2020050100100353,2020년 5월 1일 16시,금요일,경기도 수원시 권선구 탑동,경상사고,0,0,1,0,차대차 - 기타,안전운전불이행,건조,맑음,단일로 - 기타,승용,남,52세,상해없음,승용,여,36세,경상
2020050100100400,2020년 5월 1일 17시,금요일,경기도 수원시 영통구 하동,경상사고,0,0,3,0,차대차 - 기타,과속,건조,맑음,기타 - 기타,승용,남,22세,경상,승용,여,27세,상해없음