사고번호,사고일시,요일,시군구,사고내용,사망자수,중상자수,경상자수,부상신고자수,사고유형,법규위반,노면상태,기상상태,도로형태,가해운전자 차종,가해운전자 성별,가해운전자 연령,가해운전자 상해정도,피해운전자 차종,피해운전자 성별,피해운전자 연령,피해운전자 상해정도
2020050100100432,2020년 5월 1일 18시,금요일,경기도 수원시 장안구 영화동,경상사고,0,0,1,0,차대사람 - 기타,보행자보호의무위반,건조,맑음,교차로 - 교차로안,승용,남,52세,상해없음,보행자,남,71세,경상
2020050100100433,2020년 5월 1일 18시,금요일,경기도 수원시 장안구 영화동,경상사고,0,0,1,0,차대차 - 측면충돌,안전운전불이행,건조,맑음,교차로 - 교차로안,승용,여,64세,상해없음,승용,남,62세,경상
2020050100100439,2020년 5월 1일 18시,금요일,경기도 수원시 권선구 권선동,경상사고,0,0,4,0,차대차 - 측면충돌,교차로운행방법위반,건조,맑음,교차로 - 교차로부근,승용,남,48세,상해없음,승용,남,23세,경상
2020050100100441,2020년 5월 1일 18시,금요일,경기도 수원시 권선구 평동,경상사고,0,0,3,0,차대차 - 기타,안전거리미확보,건조,맑음,교차로 - 교차로부근,승용,여,58세,상해없음,승용,남,36세,경상
2020050100100532,2020년 5월 1일 21시,금요일,경기도 수원시 팔달구 신풍동,부상신고사고,0,0,0,1,차대차 - 기타,안전거리미확보,건조,맑음,교차로 - 교차로안,자전거,여,17세,부상신고,승용,남,25세,상해없음
2020050200100042,2020년 5월 2일 02시,토요일,경기도 수원시 영통구 신동,경상사고,0,0,2,0,차대차 - 측면충돌,신호위반,건조,맑음,교차로 - 교차로안,승용,남,27세,상해없음,승용,남,27세,경상
2020050200100103,2020년 5월 2일 09시,토요일,경기도 수원시 권선구 권선동,중상사고,0,1,0,0,차대차 - 기타,신호위반,건조,맑음,교차로 - 교차로안,승용,남,50세,상해없음,이륜,남,18세,중상
2020050200100127,2020년 5월 2일 10시,토요일,경기도 수원시 권선구 권선동,경상사고,0,0,1,0,차대차 - 기타,안전운전불이행,건조,맑음,기타 - 기타,승용,남,71세,상해없음,승용,남,35세,경상
2020050200100280,2020년 5월 2일 14시,토요일,경기도 수원시 권선구 권선동,중상사고,0,1,0,0,차대차 - 측면충돌,교차로운행방법위반,건조,맑음,교차로 - 교차로안,승용,남,62세,상해없음,이륜,남,23세,중상
2020050200100318,2020년 5월 2일 15시,토요일,경기도 수원시 권선구 호매실동,경상사고,0,0,2,0,차대차 - 추돌,안전운전불이행,건조,맑음,단일로 - 기타,승용,남,38세,상해없음,승용,남,34세,경상
2020050200100410,2020년 5월 2일 18시,토요일,경기도 수원시 팔달구 고등동,경상사고,0,0,1,0,차대차 - 후진중충돌,안전운전불이행,건조,맑음,교차로 - 교차로안,승용,여,60세,상해없음,승용,여,26세,경상
2020050200100414,2020년 5월 2일 18시,토요일,경기도 수원시 권선구 고색동,경상사고,0,0,1,0,차대차 - 측면충돌,과속,건조,맑음,단일로 - 기타,승용,남,16세,상해없음,승용,남,58세,경상
2020050200100544,2020년 5월 2일 23시,토요일,경기도 수원시 권선구 당수동,경상사고,0,0,1,0,차대사람 - 기타,기타,건조,맑음,단일로 - 기타,승합,남,51세,상해없음,보행자,남,57세,경상
2020050300100076,2020년 5월 3일 07시,일요일,경기도 수원시 권선구 권선동,경상사고,0,0,2,0,차대차 - 측면충돌,신호위반,젖음/습기,비,교차로 - 교차로안,승용,남,42세,경상,승용,남,51세,경상
2020050300100178,2020년 5월 3일 13시,일요일,경기도 수원시 팔달구 매산로1가,경상사고,0,0,2,0,차대차 - 추돌,안전거리미확보,건조,맑음,교차로 - 교차로부근,승용,남,19세,기타불명,승용,남,73세,경상
2020050300100205,2020년 5월 3일 14시,일요일,경기도 수원시 팔달구 매산로1가,경상사고,0,0,1,0,차대차 - 측면충돌,안전거리미확보,건조,맑음,단일로 - 기타,승용,남,26세,상해없음,승용,남,44세,경상
2020050300100342,2020년 5월 3일 19시,일요일,경기도 수원시 팔달구 매산로3가,경상사고,0,0,1,0,차대차 - 기타,안전운전불이행,건조,맑음,교차로 - 교차로부근,기타불명,기타불명,미분류,기타불명,승합,남,44세,상해없음
2020050300100429,2020년 5월 3일 23시,일요일,경기도 수원시 권선구 구운동,중상사고,0,1,0,0,차대차 - 정면충돌,안전운전불이행,건조,맑음,단일로 - 기타,승용,남,34세,상해없음,이륜,남,18세,중상
2020050300100430,2020년 5월 3일 23시,일요일,경기도 수원시 권선구 당수동,경상사고,0,0,2,0,차대차 - 측면충돌,안전운전불이행,건조,맑음,단일로 - 기타,승용,남,14세,상해없음,화물,남,61세,경상
2020050400100060,2020년 5월 4일 07시,월요일,경기도 수원시 팔달구 화서동,경상사고,0,0,2,0,차대차 - 측면충돌,안전거리미확보,건조,맑음,단일로 - 기타,승용,남,68세,상해없음,승용,남,53세,경상
2020050400100061,2020년 5월 4일 07시,월요일,경기도 수원시 팔달구 우만동,경상사고,0,0,1,0,차대차 - 기타,안전운전불이행,건조,맑음,교차로 - 교차로안,화물,여,53세,경상,승용,남,43세,상해없음
2020050400100079,2020년 5월 4일 08시,월요일,경기도 수원시 권선구 권선동,경상사고,0,0,1,0,차대차 - 기타,교차로운행방법위반,건조,맑음,교차로 - 교차로횡단보도내,승합,남,41세,상해없음,자전거,여,62세,경상
2020050400100080,2020년 5월 4일 08시,월요일,경기도 수원시 권선구 세류동,경상사고,0,0,1,0,차대사람 - 보도통행중,보행자보호의무위반,건조,맑음,단일로 - 기타,승용,남,55세,상해없음,보행자,남,47세,경상
2020050400100172,2020년 5월 4일 11시,월요일,경기도 수원시 장안구 조원동,중상사고,0,1,0,0,차대사람 - 기타,안전운전불이행,건조,맑음,단일로 - 기타,화물,남,45세,상해없음,보행자,남,53세,중상
2020050400100173,2020년 5월 4일 11시,월요일,경기도 수원시 장안구 송죽동,경상사고,0,0,1,0,차대차 - 기타,안전거리미확보,건조,맑음,단일로 - 기타,승용,여,38세,상해없음,화물,남,63세,경상
2020050400100247,2020년 5월 4일 13시,월요일,경기도 수원시 장안구 영화동,중상사고,0,1,0,0,차대사람 - 기타,안전운전불이행,건조,맑음,교차로 - 교차로안,화물,남,55세,상해없음,보행자,여,81세,중상
2020050400100337,2020년 5월 4일 15시,월요일,경기도 수원시 팔달구 지동,경상사고,0,0,1,0,차대차 - 기타,신호위반,건조,맑음,교차로 - 교차로안,화물,남,60세,상해없음,승용,남,40세,경상
2020050400100338,2020년 5월 4일 15시,월요일,경기도 수원시 팔달구 인계동,경상사고,0,0,2,0,차대차 - 측면충돌,안전운전불이행,건조,맑음,단일로 - 기타,승합,남,49세,상해없음,승용,여,41세,경상
2020050400100344,2020년 5월 4일 15시,월요일,경기도 수원시 권선구 호매실동,중상사고,0,1,0,0,차대사람 - 횡단중,보행자보호의무위반,건조,맑음,교차로 - 교차로횡단보도내,승용,여,32세,상해없음,보행자,여,64세,중상
2020050400100390,2020년 5월 4일 16시,월요일,경기도 수원시 영통구 매탄동,부상신고사고,0,0,0,1,차대사람 - 기타,안전운전불이행,건조,맑음,기타 - 기타,승용,남,62세,상해없음,보행자,여,19세,부상신고
2020050400100391,2020년 5월 4일 16시,월요일,경기도 수원시 영통구 매탄동,경상사고,0,0,1,0,차대차 - 추돌,안전거리미확보,건조,맑음,단일로 - 기타,승합,남,47세,상해없음,승용,남,38세,경상
2020050400100433,2020년 5월 4일 17시,월요일,경기도 수원시 장안구 조원동,경상사고,0,0,2,0,차대차 - 기타,안전거리미확보,건조,맑음,단일로 - 기타,승용,남,63세,상해없음,화물,남,48세,상해없음
2020050400100434,2020년 5월 4일 17시,월요일,경기도 수원시 장안구 천천동,경상사고,0,0,1,0,차대차 - 측면충돌,안전운전불이행,건조,맑음,교차로 - 교차로안,승용,여,42세,상해없음,이륜,남,23세,경상
2020050400100503,2020년 5월 4일 18시,월요일,경기도 수원시 팔달구 매산로1가,경상사고,0,0,2,0,차대차 - 기타,교차로운행방법위반,건조,맑음,교차로 - 교차로부근,승용,남,27세,경상,승합,남,43세,경상
2020050400100549,2020년 5월 4일 19시,월요일,경기도 수원시 권선구 세류동,경상사고,0,0,1,0,차대사람 - 차도통행중,안전운전불이행,건조,맑음,교차로 - 교차로안,승용,남,66세,상해없음,보행자,남,9세,경상
2020050400100583,2020년 5월 4일 20시,월요일,경기도 수원시 장안구 영화동,부상신고사고,0,0,0,1,차대차 - 측면충돌,안전운전불이행,건조,맑음,단일로 - 기타,승용,남,73세,상해없음,이륜,남,38세,부상신고
2020050400100587,2020년 5월 4일 20시,월요일,경기도 수원시 팔달구 인계동,중상사고,0,1,0,0,차대차 - 기타,신호위반,건조,맑음,교차로 - 교차로안,승용,여,51세,상해없음,이륜,남,58세,중상
2020050400100591,2020년 5월 4일 20시,월요일,경기도 수원시 팔달구 매산로2가,경상사고,0,0,1,0,차대사람 - 보도통행중,기타,건조,맑음,단일로 - 기타,승용,남,24세,상해없음,보행자,남,26세,경상
2020050500100055,2020년 5월 5일 05시,화요일,경기도 수원시 팔달구 화서동,부상신고사고,0,0,0,1,차대차 - 기타,안전운전불이행,건조,맑음,교차로 - 교차로부근,승용,남,25세,부상신고,화물,남,63세,상해없음
2020050500100122,2020년 5월 5일 11시,화요일,경기도 수원시 팔달구 매향동,경상사고,0,0,1,0,차대사람 - 횡단중,안전운전불이행,건조,맑음,단일로 - 기타,승용,여,32세,상해없음,보행자,여,16세,경상
2020050500100148,2020년 5월 5일 12시,화요일,경기도 수원시 영통구 영통동,경상사고,0,0,2,1,차대차 - 측면충돌,신호위반,건조,맑음,교차로 - 교차로안,승용,남,51세,부상신고,승용,여,46세,경상
2020050500100225,2020년 5월 5일 15시,화요일,경기도 수원시 팔달구 매산로2가,경상사고,0,0,1,0,차대차 - 측면충돌,신호위반,건조,맑음,교차로 - 교차로안,승용,여,57세,상해없음,승용,남,49세,경상
2020050500100316,2020년 5월 5일 18시,화요일,경기도 수원시 권선구 권선동,경상사고,0,0,1,0,차대차 - 측면충돌,신호위반,젖음/습기,맑음,교차로 - 교차로안,승용,남,62세,상해없음,이륜,남,63세,경상
2020050500100373,2020년 5월 5일 20시,화요일,경기도 수원시 영통구 원천동,경상사고,0,0,2,0,차대차 - 기타,차로위반,건조,맑음,단일로 - 기타,이륜,남,32세,경상,이륜,남,19세,경상
2020050500100396,2020년 5월 5일 21시,화요일,경기도 수원시 팔달구 팔달로3가,경상사고,0,0,1,0,차대차 - 측면충돌,불법유턴,건조,맑음,단일로 - 기타,승용,여,55세,상해없음,승용,남,36세,경상
2020050500100397,2020년 5월 5일 21시,화요일,경기도 수원시 장안구 파장동,경상사고,0,0,2,0,차대차 - 추돌,안전운전불이행,건조,맑음,단일로 - 기타,승용,남,38세,상해없음,승용,남,68세,경상
2020050500100402,2020년 5월 5일 21시,화요일,경기도 수원시 권선구 구운동,부상신고사고,0,0,0,1,차대차 - 추돌,안전운전불이행,건조,맑음,교차로 - 교차로부근,승용,여,43세,상해없음,승용,남,47세,부상신고
2020050500100438,2020년 5월 5일 23시,화요일,경기도 수원시 영통구 매탄동,경상사고,0,0,2,0,차대차 - 기타,차로위반,건조,맑음,단일로 - 기타,승용,남,18세,상해없음,승용,남,31세,경상
2020050600100015,2020년 5월 6일 01시,수요일,경기도 수원시 팔달구 인계동,중상사고,0,3,1,0,차대차 - 기타,신호위반,젖음/습기,흐림,교차로 - 교차로안,승용,여,43세,상해없음,승용,남,39세,중상
2020050600100019,2020년 5월 6일 02시,수요일,경기도 수원시 팔달구 화서동,경상사고,0,0,1,0,차대차 - 추돌,안전운전불이행,건조,맑음,교차로 - 교차로부근,승용,여,34세,상해없음,승용,여,55세,경상
2020050600100037,2020년 5월 6일 06시,수요일,경기도 수원시 장안구 조원동,중상사고,0,1,0,0,차대사람 - 횡단중,안전운전불이행,건조,맑음,단일로 - 기타,승용,남,57세,상해없음,보행자,여,51세,중상
2020050600100061,2020년 5월 6일 07시,수요일,경기도 수원시 장안구 조원동,경상사고,0,0,1,0,차대차 - 기타,안전운전불이행,건조,맑음,교차로 - 교차로안,승용,남,61세,상해없음,승용,남,50세,경상
2020050600100062,2020년 5월 6일 07시,수요일,경기도 수원시 팔달구 인계동,경상사고,0,0,1,0,차대차 - 측면충돌,안전거리미확보,건조,맑음,기타 - 기타,승용,남,30세,상해없음,이륜,남,27세,경상
2020050600100119,2020년 5월 6일 09시,수요일,경기도 수원시 팔달구 인계동,경상사고,0,0,1,0,차대차 - 측면충돌,안전운전불이행,건조,맑음,단일로 - 기타,승용,여,52세,상해없음,승용,여,51세,경상
2020050600100123,2020년 5월 6일 09시,수요일,경기도 수원시 권선구 서둔동,경상사고,0,0,1,0,차대차 - 측면충돌,안전거리미확보,건조,맑음,단일로 - 기타,승용,남,60세,상해없음,승용,남,27세,경상
2020050600100124,2020년 5월 6일 09시,수요일,경기도 수원시 권선구 호매실동,경상사고,0,0,1,0,차대사람 - 기타,보행자보호의무위반,건조,맑음,단일로 - 기타,자전거,여,48세,상해없음,보행자,남,6세,경상
2020050600100227,2020년 5월 6일 12시,수요일,경기도 수원시 팔달구 매교동,경상사고,0,0,3,0,차대차 - 측면충돌,안전거리미확보,건조,맑음,단일로 - 기타,승용,여,63세,경상,승용,남,63세,상해없음
2020050600100270,2020년 5월 6일 13시,수요일,경기도 수원시 팔달구 매교동,경상사고,0,0,1,0,차대차 - 기타,안전운전불이행,건조,맑음,교차로 - 교차로안,승합,남,59세,상해없음,이륜,남,52세,경상
2020050600100303,2020년 5월 6일 14시,수요일,경기도 수원시 장안구 하광교동,부상신고사고,0,0,0,1,차대차 - 기타,신호위반,건조,맑음,교차로 - 교차로안,자전거,남,61세,부상신고,승용,여,34세,상해없음
2020050600100304,2020년 5월 6일 14시,수요일,경기도 수원시 팔달구 화서동,부상신고사고,0,0,0,3,차대차 - 기타,안전거리미확보,건조,맑음,단일로 - 기타,건설기계,남,52세,부상신고,승합,남,46세,부상신고
2020050600100308,2020년 5월 6일 14시,수요일,경기도 수원시 팔달구 인계동,경상사고,0,0,1,0,차대차 - 기타,안전운전불이행,건조,맑음,교차로 - 교차로안,승용,여,60세,상해없음,이륜,남,41세,경상
2020050600100311,2020년 5월 6일 14시,수요일,경기도 수원시 팔달구 고등동,중상사고,0,1,0,0,차대사람 - 기타,안전운전불이행,건조,맑음,교차로 - 교차로안,승용,남,19세,상해없음,보행자,여,38세,중상
2020050600100312,2020년 5월 6일 14시,수요일,경기도 수원시 팔달구 매산로1가,경상사고,0,0,2,0,차대차 - 측면충돌,안전거리미확보,건조,맑음,교차로 - 교차로안,승용,남,32세,상해없음,승용,남,25세,경상
2020050600100355,2020년 5월 6일 15시,수요일,경기도 수원시 팔달구 매산로1가,중상사고,0,1,0,0,차대차 - 기타,안전운전불이행,건조,맑음,단일로 - 기타,승합,남,61세,상해없음,승합,남,59세,상해없음
2020050600100398,2020년 5월 6일 16시,수요일,경기도 수원시 영통구 망포동,중상사고,0,1,0,0,차대차 - 측면충돌,안전운전불이행,건조,맑음,교차로 - 교차로안,승용,여,53세,상해없음,이륜,남,23세,중상
2020050600100445,2020년 5월 6일 17시,수요일,경기도 수원시 장안구 정자동,경상사고,0,0,1,0,차대차 - 측면충돌,안전거리미확보,건조,맑음,교차로 - 교차로안,승용,남,51세,상해없음,승용,여,50세,경상
2020050600100446,2020년 5월 6일 17시,수요일,경기도 수원시 팔달구 팔달로1가,경상사고,0,0,1,0,차대차 - 추돌,안전운전불이행,건조,맑음,단일로 - 기타,승용,남,72세,상해없음,승용,남,45세,경상
2020050600100507,2020년 5월 6일 18시,수요일,경기도 수원시 팔달구 화서동,경상사고,0,0,1,0,차대차 - 기타,차로위반,건조,맑음,교차로 - 교차로부근,자전거,남,73세,경상,승용,여,35세,상해없음
2020050600100510,2020년 5월 6일 18시,수요일,경기도 수원시 권선구 권선동,경상사고,0,0,1,0,차대차 - 측면충돌,교차로운행방법위반,건조,맑음,교차로 - 교차로안,승용,남,59세,상해없음,승용,여,49세,경상
2020050600100513,2020년 5월 6일 18시,수요일,경기도 수원시 권선구 탑동,중상사고,0,1,0,0,차대사람 - 기타,안전운전불이행,건조,맑음,기타 - 기타,승용,남,59세,상해없음,보행자,남,10세,중상
2020050600100565,2020년 5월 6일 19시,수요일,경기도 수원시 영통구 이의동,경상사고,0,0,1,0,차대차 - 추돌,안전운전불이행,건조,맑음,단일로 - 기타,승용,남,51세,상해없음,승용,남,42세,경상
2020050600100617,2020년 5월 6일 21시,수요일,경기도 수원시 영통구 원천동,부상신고사고,0,0,0,1,차대차 - 추돌,안전운전불이행,기타,맑음,교차로 - 교차로부근,이륜,남,30세,부상신고,승용,여,30세,상해없음
2020050600100643,2020년 5월 6일 22시,수요일,경기도 수원시 영통구 매탄동,중상사고,0,2,1,0,차대차 - 정면충돌,중앙선침범,기타,맑음,단일로 - 기타,승용,남,49세,중상,승용,남,40세,경상
2020050700100032,2020년 5월 7일 02시,목요일,경기도 수원시 권선구 구운동,부상신고사고,0,0,0,1,차대차 - 추돌,안전거리미확보,건조,맑음,단일로 - 기타,개인형이동수단(PM),남,67세,부상신고,승용,남,57세,상해없음
2020050700100060,2020년 5월 7일 06시,목요일,경기도 수원시 권선구 오목천동,경상사고,0,0,3,0,차대차 - 기타,안전운전불이행,건조,맑음,교차로 - 교차로안,특수,남,60세,상해없음,승용,남,27세,경상
2020050700100155,2020년 5월 7일 09시,목요일,경기도 수원시 팔달구 우만동,경상사고,0,0,1,0,차대사람 - 기타,기타,건조,맑음,기타 - 기타,승용,남,69세,상해없음,보행자,남,63세,경상
2020050700100159,2020년 5월 7일 09시,목요일,경기도 수원시 권선구 당수동,경상사고,0,0,1,0,차대사람 - 횡단중,보행자보호의무위반,건조,맑음,교차로 - 교차로횡단보도내,승합,남,56세,상해없음,보행자,남,3세,경상
2020050700100235,2020년 5월 7일 11시,목요일,경기도 수원시 권선구 서둔동,경상사고,0,0,2,0,차대차 - 측면충돌,신호위반,건조,맑음,교차로 - 교차로안,승용,남,36세,상해없음,승용,남,28세,경상
2020050700100236,2020년 5월 7일 11시,목요일,경기도 수원시 권선구 호매실동,경상사고,0,0,1,0,차대차 - 측면충돌,안전거리미확보,건조,맑음,단일로 - 기타,승용,남,44세,상해없음,승용,여,52세,경상
2020050700100310,2020년 5월 7일 13시,목요일,경기도 수원시 장안구 영화동,경상사고,0,0,2,0,차대차 - 측면충돌,안전운전불이행,건조,맑음,교차로 - 교차로부근,승용,남,52세,상해없음,승용,여,39세,경상
2020050700100345,2020년 5월 7일 14시,목요일,경기도 수원시 팔달구 인계동,경상사고,0,0,1,1,차대차 - 추돌,안전거리미확보,건조,맑음,단일로 - 고가도로위,화물,남,45세,상해없음,승용,남,42세,경상
2020050700100389,2020년 5월 7일 15시,목요일,경기도 수원시 팔달구 화서동,중상사고,0,1,0,0,차량단독 - 기타,안전운전불이행,건조,맑음,단일로 - 지하차도(도로)내,이륜,남,28세,중상,,,,
2020050700100430,2020년 5월 7일 16시,목요일,경기도 수원시 영통구 영통동,중상사고,0,2,0,0,차대차 - 기타,안전운전불이행,건조,맑음,단일로 - 기타,화물,남,64세,상해없음,승용,여,60세,중상
2020050700100482,2020년 5월 7일 17시,목요일,경기도 수원시 권선구 서둔동,경상사고,0,0,2,0,차대차 - 추돌,안전운전불이행,건조,맑음,단일로 - 기타,원동기,남,16세,경상,화물,남,37세,경상
2020050700100526,2020년 5월 7일 18시,목요일,경기도 수원시 팔달구 인계동,경상사고,0,0,1,0,차대사람 - 기타,기타,건조,맑음,기타 - 기타,기타불명,기타불명,미분류,기타불명,보행자,남,60세,경상
2020050700100570,2020년 5월 7일 19시,목요일,경기도 수원시 팔달구 고등동,경상사고,0,0,1,0,차대차 - 기타,중앙선침범,건조,맑음,기타 - 기타,승용,남,21세,상해없음,이륜,남,18세,경상
2020050700100627,2020년 5월 7일 21시,목요일,경기도 수원시 영통구 영통동,중상사고,0,1,0,0,차대차 - 측면충돌,교차로운행방법위반,건조,맑음,교차로 - 교차로안,승용,남,48세,상해없음,이륜,남,36세,중상
2020050700100670,2020년 5월 7일 23시,목요일,경기도 수원시 팔달구 구천동,부상신고사고,0,0,0,1,차대차 - 기타,안전거리미확보,건조,맑음,단일로 - 기타,승용,남,35세,상해없음,승합,남,58세,상해없음
2020050800100045,2020년 5월 8일 06시,금요일,경기도 수원시 권선구 평동,경상사고,0,0,9,4,차량단독 - 공작물충돌,안전운전불이행,기타,기타,단일로 - 기타,승합,남,40세,상해없음,,,,
2020050800100185,2020년 5월 8일 11시,금요일,경기도 수원시 팔달구 인계동,경상사고,0,0,3,0,차대차 - 측면충돌,교차로운행방법위반,건조,맑음,교차로 - 교차로안,승용,남,41세,상해없음,승용,남,23세,경상
2020050800100226,2020년 5월 8일 12시,금요일,경기도 수원시 영통구 하동,경상사고,0,0,2,0,차대차 - 기타,중앙선침범,건조,맑음,기타 - 기타,승용,남,52세,상해없음,승용,여,32세,경상
2020050800100253,2020년 5월 8일 13시,금요일,경기도 수원시 팔달구 화서동,경상사고,0,0,9,0,차대차 - 추돌,안전운전불이행,건조,맑음,교차로 - 교차로부근,승합,남,47세,상해없음,승용,여,57세,경상
2020050800100283,2020년 5월 8일 14시,금요일,경기도 수원시 팔달구 장안동,경상사고,0,0,2,0,차대차 - 기타,안전거리미확보,건조,맑음,교차로 - 교차로부근,승합,남,59세,상해없음,화물,남,54세,상해없음
2020050800100401,2020년 5월 8일 17시,금요일,경기도 수원시 영통구 이의동,경상사고,0,0,1,0,차대차 - 기타,교차로운행방법위반,건조,맑음,교차로 - 교차로안,승용,남,48세,기타불명,승용,여,49세,경상
2020050800100443,2020년 5월 8일 18시,금요일,경기도 수원시 팔달구 인계동,경상사고,0,0,1,0,차대차 - 측면충돌,교차로운행방법위반,건조,맑음,교차로 - 교차로안,승용,남,26세,상해없음,승용,남,38세,경상
2020050800100501,2020년 5월 8일 19시,금요일,경기도 수원시 권선구 구운동,경상사고,0,0,1,0,차대차 - 기타,안전거리미확보,젖음/습기,비,교차로 - 교차로안,승용,남,56세,상해없음,승용,남,30세,경상
2020050800100569,2020년 5월 8일 20시,금요일,경기도 수원시 장안구 조원동,경상사고,0,0,1,0,차대차 - 기타,안전운전불이행,젖음/습기,비,기타 - 기타,승용,남,42세,상해없음,이륜,남,39세,경상
2020050800100576,2020년 5월 8일 20시,금요일,경기도 수원시 권선구 세류동,경상사고,0,0,2,0,차대차 - 추돌,안전운전불이행,젖음/습기,비,단일로 - 기타,승용,남,52세,상해없음,승용,남,41세,경상
2020050800100638,2020년 5월 8일 21시,금요일,경기도 수원시 장안구 송죽동,경상사고,0,0,4,0,차대차 - 측면충돌,신호위반,젖음/습기,비,교차로 - 교차로안,승용,남,26세,상해없음,승용,남,79세,경상
2020050800100650,2020년 5월 8일 21시,금요일,경기도 수원시 영통구 이의동,경상사고,0,0,3,0,차대차 - 측면충돌,신호위반,젖음/습기,비,교차로 - 교차로안,승용,남,42세,상해없음,승용,남,69세,경상
2020050800100702,2020년 5월 8일 22시,금요일,경기도 수원시 팔달구 매산로2가,부상신고사고,0,0,0,1,차대사람 - 횡단중,안전운전불이행,젖음/습기,비,단일로 - 기타,승용,남,35세,상해없음,보행자,남,67세,부상신고
2020050800100741,2020년 5월 8일 23시,금요일,경기도 수원시 권선구 세류동,중상사고,0,1,1,0,차대사람 - 횡단중,신호위반,젖음/습기,비,교차로 - 교차로횡단보도내,이륜,남,64세,경상,보행자,남,27세,중상
2020050900100063,2020년 5월 9일 02시,토요일,경기도 수원시 영통구 영통동,경상사고,0,0,2,0,차대차 - 측면충돌,직진우회전진행방해,젖음/습기,비,교차로 - 교차로안,승용,남,21세,상해없음,승용,남,50세,경상
2020050900100094,2020년 5월 9일 05시,토요일,경기도 수원시 권선구 권선동,중상사고,0,1,3,0,차대차 - 측면충돌,안전거리미확보,젖음/습기,비,교차로 - 교차로안,승용,남,54세,상해없음,화물,남,49세,중상
2020050900100165,2020년 5월 9일 10시,토요일,경기도 수원시 영통구 망포동,경상사고,0,0,2,0,차대차 - 추돌,안전거리미확보,젖음/습기,비,기타 - 기타,승용,여,58세,경상,승용,여,40세,경상
2020050900100166,2020년 5월 9일 10시,토요일,경기도 수원시 영통구 원천동,경상사고,0,0,1,0,차대차 - 기타,차로위반,젖음/습기,비,교차로 - 교차로부근,기타불명,기타불명,미분류,기타불명,승용,여,53세,경상
2020050900100198,2020년 5월 9일 11시,토요일,경기도 수원시 영통구 영통동,경상사고,0,0,1,0,차대차 - 기타,안전운전불이행,젖음/습기,비,교차로 - 교차로부근,화물,남,31세,상해없음,이륜,남,53세,경상
2020050900100260,2020년 5월 9일 13시,토요일,경기도 수원시 팔달구 우만동,경상사고,0,0,1,0,차대차 - 기타,안전거리미확보,젖음/습기,비,교차로 - 교차로부근,승용,여,59세,상해없음,승용,남,40세,경상
2020050900100423,2020년 5월 9일 18시,토요일,경기도 수원시 장안구 영화동,경상사고,0,0,1,0,차대차 - 기타,직진우회전진행방해,젖음/습기,흐림,교차로 - 교차로안,이륜,남,23세,경상,승용,남,41세,상해없음
2020050900100598,2020년 5월 9일 23시,토요일,경기도 수원시 권선구 오목천동,경상사고,0,0,1,0,차대차 - 추돌,안전운전불이행,건조,맑음,교차로 - 교차로부근,승용,남,48세,상해없음,화물,남,47세,경상
2020051000100007,2020년 5월 10일 00시,일요일,경기도 수원시 장안구 영화동,부상신고사고,0,0,0,1,차대사람 - 기타,안전운전불이행,젖음/습기,맑음,교차로 - 교차로부근,승용,남,64세,상해없음,보행자,남,56세,부상신고
2020051000100010,2020년 5월 10일 00시,일요일,경기도 수원시 팔달구 인계동,중상사고,0,1,0,0,차대차 - 측면충돌,중앙선침범,젖음/습기,비,기타 - 기타,승용,여,57세,상해없음,이륜,남,27세,중상
2020051000100099,2020년 5월 10일 09시,일요일,경기도 수원시 장안구 파장동,경상사고,0,0,1,0,차대차 - 추돌,안전거리미확보,젖음/습기,흐림,교차로 - 교차로부근,승용,남,56세,상해없음,승용,남,51세,경상
2020051000100169,2020년 5월 10일 13시,일요일,경기도 수원시 영통구 원천동,중상사고,0,1,0,0,차대차 - 측면충돌,교차로운행방법위반,건조,맑음,교차로 - 교차로안,승용,남,62세,상해없음,승용,여,22세,중상
2020051000100245,2020년 5월 10일 16시,일요일,경기도 수원시 장안구 정자동,경상사고,0,0,1,0,차대차 - 측면충돌,신호위반,건조,맑음,교차로 - 교차로안,화물,남,72세,상해없음,이륜,남,27세,경상
2020051000100275,2020년 5월 10일 17시,일요일,경기도 수원시 영통구 이의동,중상사고,0,1,0,0,차대차 - 측면충돌,안전거리미확보,기타,맑음,교차로 - 교차로안,이륜,남,17세,중상,승합,남,46세,상해없음
2020051000100360,2020년 5월 10일 21시,일요일,경기도 수원시 팔달구 우만동,중상사고,0,1,1,0,차대차 - 측면충돌,신호위반,건조,맑음,교차로 - 교차로안,승용,남,40세,상해없음,이륜,남,25세,경상
2020051000100361,2020년 5월 10일 21시,일요일,경기도 수원시 장안구 송죽동,경상사고,0,0,1,0,차대사람 - 보도통행중,기타,건조,맑음,단일로 - 기타,이륜,남,28세,상해없음,보행자,여,49세,경상
2020051000100385,2020년 5월 10일 22시,일요일,경기도 수원시 권선구 탑동,사망사고,1,0,0,0,차대사람 - 기타,안전운전불이행,건조,맑음,단일로 - 기타,승용,남,60세,상해없음,보행자,여,48세,사망
2020051000100399,2020년 5월 10일 23시,일요일,경기도 수원시 권선구 권선동,경상사고,0,0,1,0,차대차 - 기타,안전거리미확보,건조,맑음,단일로 - 기타,승용,여,29세,기타불명,승합,남,46세,경상
2020051100100012,2020년 5월 11일 01시,월요일,경기도 수원시 영통구 매탄동,경상사고,0,0,1,0,차량단독 - 공작물충돌,안전운전불이행,건조,맑음,단일로 - 기타,개인형이동수단(PM),남,25세,경상,,,,
2020051100100185,2020년 5월 11일 10시,월요일,경기도 수원시 팔달구 우만동,경상사고,0,0,1,0,차대차 - 측면충돌,교차로운행방법위반,건조,맑음,교차로 - 교차로부근,화물,남,53세,상해없음,승용,남,29세,경상