사고번호,사고일시,요일,시군구,사고내용,사망자수,중상자수,경상자수,부상신고자수,사고유형,법규위반,노면상태,기상상태,도로형태,가해운전자 차종,가해운전자 성별,가해운전자 연령,가해운전자 상해정도,피해운전자 차종,피해운전자 성별,피해운전자 연령,피해운전자 상해정도
2020052100100042,2020년 5월 21일 06시,목요일,경기도 수원시 장안구 송죽동,사망사고,1,0,0,0,차량단독 - 공작물충돌,안전운전불이행,건조,맑음,단일로 - 기타,승용,남,60세,사망,,,,
2020052100100062,2020년 5월 21일 07시,목요일,경기도 수원시 권선구 권선동,경상사고,0,0,3,0,차대차 - 추돌,안전거리미확보,건조,맑음,교차로 - 교차로부근,승합,남,62세,상해없음,승용,남,28세,경상
2020052100100085,2020년 5월 21일 08시,목요일,경기도 수원시 팔달구 우만동,경상사고,0,0,1,0,차대사람 - 기타,보행자보호의무위반,건조,맑음,교차로 - 교차로부근,승용,남,23세,상해없음,보행자,여,36세,경상
2020052100100097,2020년 5월 21일 08시,목요일,경기도 수원시 권선구 곡반정동,경상사고,0,0,1,0,차대차 - 측면충돌,안전운전불이행,건조,맑음,교차로 - 교차로안,승용,남,45세,상해없음,승용,남,29세,경상
2020052100100131,2020년 5월 21일 09시,목요일,경기도 수원시 장안구 율전동,경상사고,0,0,1,0,차대차 - 기타,안전운전불이행,건조,맑음,교차로 - 교차로안,승용,남,59세,상해없음,승용,여,51세,경상
2020052100100236,2020년 5월 21일 12시,목요일,경기도 수원시 장안구 영화동,중상사고,0,1,0,0,차대차 - 기타,교차로운행방법위반,건조,맑음,교차로 - 교차로안,승용,남,71세,상해없음,승용,여,67세,중상
2020052100100240,2020년 5월 21일 12시,목요일,경기도 수원시 팔달구 인계동,중상사고,0,1,0,0,차대차 - 측면충돌,신호위반,기타,맑음,교차로 - 교차로부근,승용,남,59세,상해없음,이륜,남,19세,중상
2020052100100241,2020년 5월 21일 12시,목요일,경기도 수원시 팔달구 인계동,중상사고,0,1,0,0,차대사람 - 보도통행중,기타,건조,맑음,단일로 - 기타,이륜,남,23세,상해없음,보행자,여,43세,중상
2020052100100270,2020년 5월 21일 13시,목요일,경기도 수원시 장안구 조원동,경상사고,0,0,1,0,차대사람 - 길가장자리구역통행중,안전운전불이행,건조,맑음,단일로 - 기타,승용,여,59세,상해없음,보행자,여,26세,경상
2020052100100343,2020년 5월 21일 15시,목요일,경기도 수원시 장안구 영화동,경상사고,0,0,1,0,차대차 - 기타,안전운전불이행,건조,맑음,교차로 - 교차로안,승용,남,49세,상해없음,자전거,남,15세,경상
2020052100100344,2020년 5월 21일 15시,목요일,경기도 수원시 장안구 율전동,경상사고,0,0,1,0,차대차 - 기타,안전운전불이행,건조,맑음,교차로 - 교차로안,승합,여,38세,상해없음,자전거,남,14세,경상
2020052100100381,2020년 5월 21일 16시,목요일,경기도 수원시 팔달구 영동,중상사고,0,1,0,0,차대사람 - 기타,안전운전불이행,건조,맑음,기타 - 기타,자전거,남,43세,상해없음,보행자,여,65세,중상
2020052100100424,2020년 5월 21일 17시,목요일,경기도 수원시 장안구 영화동,경상사고,0,0,1,0,차대차 - 기타,안전거리미확보,건조,맑음,교차로 - 교차로안,화물,남,54세,상해없음,승용,여,40세,경상
2020052100100438,2020년 5월 21일 17시,목요일,경기도 수원시 팔달구 매산로1가,경상사고,0,0,1,0,차대차 - 측면충돌,안전운전불이행,건조,맑음,교차로 - 교차로부근,승용,남,81세,상해없음,승합,남,46세,경상
2020052100100487,2020년 5월 21일 18시,목요일,경기도 수원시 권선구 세류동,경상사고,0,0,2,0,차대차 - 측면충돌,신호위반,건조,맑음,교차로 - 교차로안,승용,남,25세,상해없음,승용,남,57세,경상
2020052100100578,2020년 5월 21일 21시,목요일,경기도 수원시 팔달구 화서동,경상사고,0,0,3,0,차대차 - 측면충돌,안전운전불이행,건조,맑음,단일로 - 기타,승합,남,64세,상해없음,승용,남,21세,경상
2020052100100583,2020년 5월 21일 21시,목요일,경기도 수원시 권선구 권선동,경상사고,0,0,1,0,차대차 - 측면충돌,안전운전불이행,건조,맑음,교차로 - 교차로부근,승용,남,58세,상해없음,이륜,남,42세,경상
2020052100100584,2020년 5월 21일 21시,목요일,경기도 수원시 권선구 권선동,경상사고,0,0,1,0,차대차 - 측면충돌,교차로운행방법위반,건조,맑음,교차로 - 교차로안,승용,남,25세,상해없음,승용,남,60세,상해없음
2020052100100585,2020년 5월 21일 21시,목요일,경기도 수원시 권선구 권선동,경상사고,0,0,2,0,차대차 - 추돌,안전운전불이행,건조,맑음,교차로 - 교차로부근,승용,여,31세,상해없음,승용,남,40세,경상
2020052200100194,2020년 5월 22일 11시,금요일,경기도 수원시 권선구 탑동,경상사고,0,0,2,0,차대차 - 측면충돌,안전운전불이행,건조,맑음,교차로 - 교차로부근,이륜,남,19세,경상,승용,남,59세,경상
2020052200100226,2020년 5월 22일 12시,금요일,경기도 수원시 장안구 송죽동,경상사고,0,0,1,0,차대차 - 기타,안전거리미확보,건조,맑음,교차로 - 교차로안,승용,남,51세,상해없음,승용,남,46세,경상
2020052200100227,2020년 5월 22일 12시,금요일,경기도 수원시 장안구 연무동,경상사고,0,0,1,0,차대차 - 기타,신호위반,건조,맑음,교차로 - 교차로안,승용,여,36세,상해없음,승용,남,47세,경상
2020052200100233,2020년 5월 22일 12시,금요일,경기도 수원시 권선구 구운동,중상사고,0,1,0,0,차대차 - 측면충돌,신호위반,건조,맑음,교차로 - 교차로안,승용,여,27세,상해없음,이륜,남,62세,중상
2020052200100234,2020년 5월 22일 12시,금요일,경기도 수원시 권선구 서둔동,경상사고,0,0,1,0,차대차 - 기타,안전운전불이행,건조,맑음,단일로 - 기타,원동기,남,87세,경상,화물,남,55세,기타불명
2020052200100354,2020년 5월 22일 15시,금요일,경기도 수원시 영통구 이의동,경상사고,0,0,2,0,차대차 - 측면충돌,신호위반,건조,맑음,교차로 - 교차로안,화물,남,62세,상해없음,승용,남,63세,경상
2020052200100394,2020년 5월 22일 16시,금요일,경기도 수원시 팔달구 인계동,경상사고,0,0,1,0,차대차 - 측면충돌,안전운전불이행,건조,맑음,단일로 - 기타,화물,남,59세,상해없음,원동기,남,31세,경상
2020052200100395,2020년 5월 22일 16시,금요일,경기도 수원시 팔달구 인계동,경상사고,0,0,1,0,차대차 - 측면충돌,안전운전불이행,건조,맑음,기타 - 기타,화물,남,47세,상해없음,승용,남,37세,경상
2020052200100396,2020년 5월 22일 16시,금요일,경기도 수원시 권선구 권선동,경상사고,0,0,3,0,차대차 - 측면충돌,안전거리미확보,건조,맑음,단일로 - 기타,승용,여,59세,경상,승용,남,27세,경상
2020052200100398,2020년 5월 22일 16시,금요일,경기도 수원시 권선구 탑동,중상사고,0,1,0,0,차대사람 - 기타,안전운전불이행,건조,맑음,단일로 - 기타,승용,남,22세,상해없음,보행자,남,26세,중상
2020052200100500,2020년 5월 22일 18시,금요일,경기도 수원시 권선구 입북동,경상사고,0,0,1,0,차대차 - 기타,안전운전불이행,건조,맑음,단일로 - 기타,승용,여,36세,상해없음,승용,남,61세,경상
2020052200100595,2020년 5월 22일 20시,금요일,경기도 수원시 권선구 곡반정동,중상사고,0,1,0,0,차대차 - 측면충돌,중앙선침범,건조,맑음,단일로 - 기타,승용,여,28세,상해없음,이륜,남,32세,중상
2020052200100659,2020년 5월 22일 22시,금요일,경기도 수원시 팔달구 화서동,중상사고,0,1,0,0,차대차 - 기타,차로위반,건조,흐림,교차로 - 교차로부근,승용,남,57세,상해없음,이륜,남,29세,중상
2020052200100683,2020년 5월 22일 23시,금요일,경기도 수원시 장안구 정자동,중상사고,0,2,0,0,차대차 - 측면충돌,직진우회전진행방해,건조,맑음,교차로 - 교차로안,이륜,남,26세,상해없음,승용,남,46세,중상
2020052300100034,2020년 5월 23일 02시,토요일,경기도 수원시 팔달구 인계동,경상사고,0,0,1,0,차대차 - 추돌,안전운전불이행,건조,맑음,단일로 - 기타,승용,여,41세,상해없음,승용,남,42세,경상
2020052300100065,2020년 5월 23일 06시,토요일,경기도 수원시 권선구 권선동,경상사고,0,0,1,0,차대차 - 측면충돌,신호위반,건조,맑음,교차로 - 교차로부근,승용,남,58세,상해없음,승용,남,59세,상해없음
2020052300100106,2020년 5월 23일 09시,토요일,경기도 수원시 장안구 율전동,경상사고,0,0,2,0,차대차 - 기타,직진우회전진행방해,건조,맑음,교차로 - 교차로안,승용,남,70세,경상,승용,남,55세,상해없음
2020052300100142,2020년 5월 23일 10시,토요일,경기도 수원시 권선구 호매실동,경상사고,0,0,4,0,차대차 - 추돌,안전거리미확보,건조,맑음,단일로 - 기타,승용,남,54세,상해없음,승용,여,40세,경상
2020052300100170,2020년 5월 23일 11시,토요일,경기도 수원시 권선구 대황교동,경상사고,0,0,6,0,차대차 - 추돌,안전운전불이행,건조,맑음,단일로 - 기타,화물,남,52세,기타불명,승용,남,66세,경상
2020052300100221,2020년 5월 23일 12시,토요일,경기도 수원시 장안구 조원동,경상사고,0,0,2,0,차대차 - 추돌,안전운전불이행,건조,맑음,단일로 - 기타,승용,남,49세,상해없음,승용,여,56세,경상
2020052300100222,2020년 5월 23일 12시,토요일,경기도 수원시 장안구 영화동,경상사고,0,0,2,0,차대차 - 기타,교차로운행방법위반,건조,맑음,교차로 - 교차로안,승용,남,25세,상해없음,승용,남,46세,경상
2020052300100223,2020년 5월 23일 12시,토요일,경기도 수원시 장안구 조원동,부상신고사고,0,0,0,1,차량단독 - 기타,안전운전불이행,건조,맑음,단일로 - 기타,승합,남,64세,상해없음,,,,
2020052300100229,2020년 5월 23일 12시,토요일,경기도 수원시 장안구 율전동,중상사고,0,1,0,0,차대차 - 측면충돌,중앙선침범,건조,맑음,단일로 - 기타,승용,남,48세,상해없음,이륜,남,36세,중상
2020052300100265,2020년 5월 23일 13시,토요일,경기도 수원시 장안구 송죽동,경상사고,0,0,1,0,차대차 - 기타,교차로운행방법위반,건조,맑음,교차로 - 교차로안,이륜,남,45세,상해없음,이륜,남,20세,경상
2020052300100271,2020년 5월 23일 13시,토요일,경기도 수원시 권선구 구운동,경상사고,0,0,1,0,차대차 - 기타,안전운전불이행,건조,맑음,교차로 - 교차로부근,원동기,남,46세,상해없음,승합,남,66세,상해없음
2020052300100499,2020년 5월 23일 19시,토요일,경기도 수원시 팔달구 인계동,중상사고,0,1,0,0,차대차 - 측면충돌,중앙선침범,건조,맑음,단일로 - 기타,승용,여,54세,상해없음,이륜,남,47세,중상
2020052300100602,2020년 5월 23일 23시,토요일,경기도 수원시 영통구 원천동,경상사고,0,0,1,0,차대사람 - 기타,안전운전불이행,건조,맑음,단일로 - 기타,승용,남,57세,상해없음,보행자,여,22세,경상
2020052400100062,2020년 5월 24일 03시,일요일,경기도 수원시 권선구 오목천동,중상사고,0,1,0,0,차대차 - 측면충돌,중앙선침범,건조,맑음,단일로 - 기타,승용,남,21세,상해없음,승용,남,64세,중상
2020052400100072,2020년 5월 24일 04시,일요일,경기도 수원시 팔달구 인계동,경상사고,0,0,2,0,차대차 - 측면충돌,신호위반,건조,맑음,단일로 - 기타,승용,남,23세,상해없음,승용,남,36세,경상
2020052400100081,2020년 5월 24일 06시,일요일,경기도 수원시 팔달구 인계동,경상사고,0,0,1,0,차대차 - 추돌,안전운전불이행,젖음/습기,비,단일로 - 기타,이륜,남,23세,상해없음,승용,남,46세,경상
2020052400100122,2020년 5월 24일 09시,일요일,경기도 수원시 권선구 권선동,경상사고,0,0,1,0,차대차 - 측면충돌,차로위반,건조,맑음,단일로 - 기타,승용,여,57세,상해없음,승합,남,59세,경상
2020052400100151,2020년 5월 24일 11시,일요일,경기도 수원시 권선구 탑동,경상사고,0,0,1,0,차대사람 - 기타,안전운전불이행,건조,맑음,단일로 - 기타,이륜,남,22세,상해없음,보행자,남,26세,경상
2020052400100152,2020년 5월 24일 11시,일요일,경기도 수원시 권선구 서둔동,중상사고,0,1,0,0,차대차 - 측면충돌,신호위반,건조,맑음,교차로 - 교차로안,승용,남,56세,상해없음,자전거,여,16세,중상
2020052400100168,2020년 5월 24일 12시,일요일,경기도 수원시 장안구 송죽동,부상신고사고,0,0,0,1,차대사람 - 기타,안전운전불이행,건조,맑음,교차로 - 교차로안,승용,여,62세,상해없음,보행자,여,37세,부상신고
2020052400100201,2020년 5월 24일 13시,일요일,경기도 수원시 팔달구 매산로1가,경상사고,0,0,2,0,차대차 - 기타,안전운전불이행,건조,맑음,단일로 - 기타,승용,남,43세,상해없음,승용,남,20세,경상
2020052400100236,2020년 5월 24일 14시,일요일,경기도 수원시 권선구 곡반정동,중상사고,0,1,2,0,차대차 - 측면충돌,안전거리미확보,건조,맑음,단일로 - 기타,승용,여,58세,기타불명,승용,남,35세,중상
2020052400100293,2020년 5월 24일 16시,일요일,경기도 수원시 영통구 망포동,경상사고,0,0,1,0,차대차 - 기타,안전운전불이행,건조,맑음,단일로 - 기타,이륜,남,17세,상해없음,승합,여,66세,상해없음
2020052400100346,2020년 5월 24일 18시,일요일,경기도 수원시 장안구 파장동,경상사고,0,0,1,0,차대사람 - 기타,안전운전불이행,건조,맑음,단일로 - 기타,승용,남,28세,상해없음,보행자,남,31세,경상
2020052400100381,2020년 5월 24일 19시,일요일,경기도 수원시 팔달구 팔달로3가,경상사고,0,0,1,0,차대차 - 정면충돌,안전운전불이행,건조,맑음,단일로 - 기타,승용,남,25세,상해없음,승용,남,50세,경상
2020052400100382,2020년 5월 24일 19시,일요일,경기도 수원시 장안구 연무동,경상사고,0,0,2,0,차대차 - 추돌,안전운전불이행,건조,맑음,단일로 - 기타,승용,남,41세,상해없음,화물,남,65세,경상
2020052400100405,2020년 5월 24일 20시,일요일,경기도 수원시 권선구 서둔동,경상사고,0,0,5,0,차대차 - 추돌,안전운전불이행,건조,맑음,교차로 - 교차로안,승용,남,36세,상해없음,승용,남,58세,경상
2020052500100010,2020년 5월 25일 01시,월요일,경기도 수원시 권선구 구운동,경상사고,0,0,1,0,차대차 - 추돌,안전운전불이행,건조,흐림,교차로 - 교차로부근,승용,남,62세,상해없음,승용,남,52세,경상
2020052500100043,2020년 5월 25일 06시,월요일,경기도 수원시 장안구 하광교동,경상사고,0,0,1,0,차대차 - 기타,안전거리미확보,건조,흐림,단일로 - 기타,화물,남,49세,상해없음,승용,남,44세,경상
2020052500100085,2020년 5월 25일 08시,월요일,경기도 수원시 영통구 이의동,경상사고,0,0,1,0,차대차 - 측면충돌,신호위반,건조,맑음,교차로 - 교차로안,승용,남,38세,상해없음,이륜,남,30세,경상
2020052500100087,2020년 5월 25일 08시,월요일,경기도 수원시 권선구 호매실동,중상사고,0,1,0,0,차대사람 - 기타,신호위반,건조,맑음,교차로 - 교차로안,승용,여,48세,상해없음,보행자,남,61세,중상
2020052500100155,2020년 5월 25일 10시,월요일,경기도 수원시 권선구 권선동,경상사고,0,0,1,0,차대차 - 기타,안전거리미확보,건조,맑음,단일로 - 기타,화물,남,50세,상해없음,승용,여,55세,경상
2020052500100227,2020년 5월 25일 12시,월요일,경기도 수원시 권선구 고색동,경상사고,0,0,1,0,차대차 - 후진중충돌,안전운전불이행,건조,맑음,단일로 - 기타,승용,남,66세,상해없음,승용,남,22세,경상
2020052500100257,2020년 5월 25일 13시,월요일,경기도 수원시 팔달구 매산로1가,중상사고,0,1,1,0,차대차 - 측면충돌,안전거리미확보,건조,맑음,단일로 - 기타,승용,여,52세,상해없음,승용,여,28세,중상
2020052500100290,2020년 5월 25일 14시,월요일,경기도 수원시 영통구 매탄동,경상사고,0,0,2,0,차대차 - 측면충돌,중앙선침범,건조,맑음,단일로 - 기타,승용,남,56세,상해없음,승용,여,61세,경상
2020052500100330,2020년 5월 25일 15시,월요일,경기도 수원시 권선구 세류동,경상사고,0,0,1,1,차대차 - 측면충돌,중앙선침범,건조,맑음,교차로 - 교차로안,이륜,남,40세,부상신고,승용,남,61세,경상
2020052500100515,2020년 5월 25일 20시,월요일,경기도 수원시 영통구 원천동,경상사고,0,0,2,0,차대차 - 추돌,차로위반,건조,맑음,단일로 - 기타,승용,남,34세,상해없음,승용,여,49세,경상
2020052500100516,2020년 5월 25일 20시,월요일,경기도 수원시 영통구 이의동,중상사고,0,1,1,0,차대차 - 측면충돌,신호위반,건조,맑음,교차로 - 교차로안,승용,남,34세,상해없음,승용,남,39세,경상
2020052500100517,2020년 5월 25일 20시,월요일,경기도 수원시 영통구 망포동,경상사고,0,0,3,0,차대차 - 측면충돌,안전운전불이행,기타,맑음,단일로 - 기타,승용,여,31세,경상,승용,여,50세,경상
2020052600100020,2020년 5월 26일 01시,화요일,경기도 수원시 영통구 매탄동,경상사고,0,0,1,0,차대차 - 추돌,안전운전불이행,건조,맑음,단일로 - 기타,승용,남,36세,상해없음,화물,남,44세,경상
2020052600100156,2020년 5월 26일 10시,화요일,경기도 수원시 팔달구 지동,경상사고,0,0,1,0,차대차 - 추돌,안전운전불이행,건조,흐림,단일로 - 기타,화물,남,58세,상해없음,승용,여,31세,경상
2020052600100267,2020년 5월 26일 13시,화요일,경기도 수원시 권선구 서둔동,경상사고,0,0,1,0,차대사람 - 기타,안전운전불이행,건조,맑음,기타 - 기타,화물,여,59세,상해없음,보행자,남,73세,경상
2020052600100303,2020년 5월 26일 14시,화요일,경기도 수원시 권선구 권선동,부상신고사고,0,0,0,1,차대차 - 측면충돌,안전운전불이행,건조,맑음,단일로 - 기타,승용,여,29세,상해없음,자전거,남,9세,부상신고
2020052600100374,2020년 5월 26일 16시,화요일,경기도 수원시 영통구 이의동,경상사고,0,0,5,0,차대차 - 추돌,안전운전불이행,건조,맑음,교차로 - 교차로안,승용,남,60세,상해없음,승용,여,32세,경상
2020052600100411,2020년 5월 26일 17시,화요일,경기도 수원시 팔달구 매교동,경상사고,0,0,1,0,차대차 - 측면충돌,안전거리미확보,젖음/습기,비,교차로 - 교차로안,승용,여,61세,상해없음,승용,여,64세,경상
2020052600100446,2020년 5월 26일 18시,화요일,경기도 수원시 권선구 권선동,경상사고,0,0,1,0,차대사람 - 기타,안전운전불이행,기타,맑음,교차로 - 교차로안,승용,여,56세,상해없음,보행자,여,11세,경상
2020052600100513,2020년 5월 26일 20시,화요일,경기도 수원시 팔달구 우만동,경상사고,0,0,1,0,차대차 - 기타,안전운전불이행,건조,맑음,교차로 - 교차로횡단보도내,자전거,남,53세,경상,화물,남,39세,상해없음
2020052600100597,2020년 5월 26일 23시,화요일,경기도 수원시 영통구 매탄동,경상사고,0,0,1,0,차대사람 - 기타,안전운전불이행,건조,맑음,교차로 - 교차로안,승용,남,58세,상해없음,보행자,여,47세,경상
2020052600100599,2020년 5월 26일 23시,화요일,경기도 수원시 권선구 호매실동,경상사고,0,0,2,0,차대차 - 기타,신호위반,건조,맑음,교차로 - 교차로부근,승용,여,25세,경상,승용,남,63세,상해없음
2020052700100067,2020년 5월 27일 07시,수요일,경기도 수원시 팔달구 인계동,경상사고,0,0,1,0,차대차 - 측면충돌,안전거리미확보,건조,맑음,단일로 - 기타,승용,여,39세,상해없음,승용,여,40세,경상
2020052700100070,2020년 5월 27일 07시,수요일,경기도 수원시 권선구 고색동,경상사고,0,0,2,0,차대차 - 정면충돌,신호위반,건조,맑음,교차로 - 교차로안,승용,여,32세,경상,승용,여,45세,경상
2020052700100096,2020년 5월 27일 08시,수요일,경기도 수원시 팔달구 우만동,경상사고,0,0,2,1,차대차 - 측면충돌,직진우회전진행방해,건조,맑음,교차로 - 교차로안,승용,여,42세,부상신고,이륜,여,60세,경상
2020052700100240,2020년 5월 27일 12시,수요일,경기도 수원시 팔달구 매산로3가,경상사고,0,0,1,0,차대차 - 측면충돌,안전운전불이행,건조,맑음,교차로 - 교차로부근,승용,남,58세,상해없음,승용,남,59세,경상
2020052700100283,2020년 5월 27일 13시,수요일,경기도 수원시 장안구 이목동,중상사고,0,1,0,0,차대차 - 기타,안전운전불이행,건조,맑음,단일로 - 기타,승용,남,51세,상해없음,이륜,남,49세,중상
2020052700100287,2020년 5월 27일 13시,수요일,경기도 수원시 권선구 세류동,경상사고,0,0,1,0,차대차 - 기타,안전거리미확보,건조,맑음,교차로 - 교차로횡단보도내,승용,여,65세,상해없음,승합,남,38세,경상
2020052700100354,2020년 5월 27일 15시,수요일,경기도 수원시 장안구 연무동,중상사고,0,1,0,0,차대사람 - 기타,신호위반,건조,맑음,교차로 - 교차로횡단보도내,승용,남,62세,상해없음,보행자,여,67세,중상
2020052700100358,2020년 5월 27일 15시,수요일,경기도 수원시 권선구 권선동,경상사고,0,0,1,0,차대사람 - 차도통행중,안전운전불이행,건조,맑음,교차로 - 교차로부근,승용,여,44세,상해없음,보행자,남,84세,경상
2020052700100462,2020년 5월 27일 17시,수요일,경기도 수원시 팔달구 인계동,경상사고,0,0,3,0,차대차 - 추돌,안전운전불이행,건조,맑음,단일로 - 기타,승용,남,38세,상해없음,승용,남,40세,경상
2020052700100513,2020년 5월 27일 18시,수요일,경기도 수원시 장안구 정자동,부상신고사고,0,0,0,1,차대차 - 측면충돌,안전운전불이행,건조,맑음,단일로 - 기타,승용,남,48세,상해없음,승용,남,48세,상해없음
2020052700100519,2020년 5월 27일 18시,수요일,경기도 수원시 영통구 망포동,경상사고,0,0,1,0,차대차 - 측면충돌,안전거리미확보,건조,맑음,교차로 - 교차로부근,승용,여,28세,상해없음,승용,남,42세,경상
2020052700100569,2020년 5월 27일 19시,수요일,경기도 수원시 권선구 권선동,경상사고,0,0,1,0,차대사람 - 기타,안전운전불이행,건조,맑음,단일로 - 기타,승용,남,77세,상해없음,보행자,여,8세,경상
2020052700100594,2020년 5월 27일 20시,수요일,경기도 수원시 팔달구 화서동,경상사고,0,0,1,0,차대차 - 기타,안전운전불이행,건조,맑음,교차로 - 교차로횡단보도내,승용,남,51세,상해없음,자전거,남,72세,경상
2020052700100598,2020년 5월 27일 20시,수요일,경기도 수원시 영통구 망포동,중상사고,0,1,1,0,차대차 - 추돌,안전운전불이행,건조,맑음,교차로 - 교차로부근,승용,남,49세,상해없음,이륜,남,53세,경상
2020052700100599,2020년 5월 27일 20시,수요일,경기도 수원시 권선구 세류동,경상사고,0,0,1,0,차대차 - 측면충돌,신호위반,건조,맑음,교차로 - 교차로부근,승용,남,76세,상해없음,승용,남,30세,경상
2020052700100662,2020년 5월 27일 22시,수요일,경기도 수원시 권선구 권선동,경상사고,0,0,2,0,차대차 - 추돌,안전운전불이행,건조,맑음,단일로 - 기타,승용,여,30세,상해없음,승용,여,39세,경상
2020052800100052,2020년 5월 28일 05시,목요일,경기도 수원시 팔달구 매산로2가,경상사고,0,0,1,0,차대차 - 측면충돌,안전운전불이행,건조,맑음,교차로 - 교차로부근,승용,남,24세,상해없음,승용,남,51세,경상
2020052800100073,2020년 5월 28일 07시,목요일,경기도 수원시 영통구 영통동,중상사고,0,1,0,0,차대차 - 기타,안전운전불이행,건조,맑음,교차로 - 교차로안,승용,여,48세,상해없음,승용,여,60세,중상
2020052800100101,2020년 5월 28일 08시,목요일,경기도 수원시 장안구 이목동,중상사고,0,1,0,0,차대사람 - 기타,안전운전불이행,건조,맑음,기타 - 기타,기타불명,기타불명,미분류,기타불명,보행자,여,27세,중상
2020052800100107,2020년 5월 28일 08시,목요일,경기도 수원시 영통구 망포동,중상사고,0,1,0,0,차대차 - 측면충돌,신호위반,건조,맑음,단일로 - 기타,승용,남,26세,상해없음,자전거,남,42세,중상
2020052800100247,2020년 5월 28일 12시,목요일,경기도 수원시 권선구 평동,중상사고,0,1,1,0,차대차 - 측면충돌,신호위반,건조,맑음,교차로 - 교차로안,승용,남,44세,상해없음,승용,남,61세,중상
2020052800100324,2020년 5월 28일 14시,목요일,경기도 수원시 장안구 송죽동,경상사고,0,0,1,0,차대차 - 측면충돌,안전거리미확보,건조,맑음,교차로 - 교차로부근,승용,남,29세,상해없음,승용,남,29세,경상
2020052800100361,2020년 5월 28일 15시,목요일,경기도 수원시 장안구 영화동,부상신고사고,0,0,0,1,차대차 - 기타,안전운전불이행,건조,맑음,교차로 - 교차로안,이륜,여,51세,부상신고,승용,남,37세,상해없음
2020052800100362,2020년 5월 28일 15시,목요일,경기도 수원시 장안구 연무동,경상사고,0,0,1,2,차대차 - 측면충돌,안전운전불이행,건조,맑음,교차로 - 교차로안,승용,남,35세,부상신고,승용,남,59세,경상
2020052800100363,2020년 5월 28일 15시,목요일,경기도 수원시 장안구 연무동,경상사고,0,0,1,0,차대차 - 추돌,안전운전불이행,건조,맑음,단일로 - 지하차도(도로)내,화물,남,67세,상해없음,승용,남,36세,경상
2020052800100395,2020년 5월 28일 16시,목요일,경기도 수원시 팔달구 인계동,중상사고,0,1,0,0,차대차 - 기타,교차로운행방법위반,건조,맑음,교차로 - 교차로부근,승용,남,65세,상해없음,이륜,남,31세,중상
2020052800100597,2020년 5월 28일 22시,목요일,경기도 수원시 장안구 송죽동,사망사고,1,0,0,0,차대차 - 측면충돌,안전운전불이행,건조,맑음,교차로 - 교차로횡단보도내,승합,남,63세,상해없음,자전거,여,61세,사망
2020052900100004,2020년 5월 29일 00시,금요일,경기도 수원시 영통구 이의동,중상사고,0,1,0,0,차대사람 - 횡단중,안전운전불이행,건조,맑음,단일로 - 기타,승용,남,60세,상해없음,보행자,남,44세,중상
2020052900100016,2020년 5월 29일 01시,금요일,경기도 수원시 팔달구 우만동,경상사고,0,0,1,0,차대차 - 측면충돌,직진우회전진행방해,건조,맑음,교차로 - 교차로안,승용,남,30세,상해없음,이륜,남,17세,경상
2020052900100019,2020년 5월 29일 01시,금요일,경기도 수원시 영통구 망포동,경상사고,0,0,1,0,차대차 - 기타,차로위반,건조,맑음,단일로 - 기타,화물,남,39세,상해없음,승용,남,58세,상해없음
2020052900100099,2020년 5월 29일 08시,금요일,경기도 수원시 장안구 조원동,경상사고,0,0,1,0,차대차 - 추돌,안전거리미확보,건조,맑음,단일로 - 기타,승용,남,18세,상해없음,승용,여,30세,경상
2020052900100112,2020년 5월 29일 08시,금요일,경기도 수원시 권선구 고색동,경상사고,0,0,1,0,차대차 - 측면충돌,중앙선침범,건조,맑음,교차로 - 교차로부근,승용,남,44세,상해없음,승용,남,32세,경상
2020052900100208,2020년 5월 29일 10시,금요일,경기도 수원시 팔달구 남수동,경상사고,0,0,1,0,차대차 - 측면충돌,안전거리미확보,건조,맑음,단일로 - 기타,자전거,남,79세,경상,화물,남,40세,상해없음
2020052900100214,2020년 5월 29일 10시,금요일,경기도 수원시 권선구 권선동,중상사고,0,1,0,0,차대사람 - 기타,안전운전불이행,건조,맑음,기타 - 기타,승용,여,54세,상해없음,보행자,여,72세,중상
2020052900100245,2020년 5월 29일 11시,금요일,경기도 수원시 권선구 권선동,경상사고,0,0,2,0,차대차 - 기타,안전운전불이행,건조,맑음,기타 - 기타,승용,남,39세,상해없음,승용,남,26세,경상
2020052900100277,2020년 5월 29일 12시,금요일,경기도 수원시 팔달구 화서동,경상사고,0,0,1,0,차대차 - 기타,교차로운행방법위반,건조,맑음,교차로 - 교차로안,화물,여,25세,상해없음,이륜,남,18세,경상
2020052900100309,2020년 5월 29일 13시,금요일,경기도 수원시 장안구 송죽동,경상사고,0,0,1,0,차대사람 - 기타,안전운전불이행,건조,맑음,교차로 - 교차로안,승용,남,33세,상해없음,보행자,남,43세,경상
2020052900100311,2020년 5월 29일 13시,금요일,경기도 수원시 영통구 매탄동,경상사고,0,0,1,0,차대차 - 측면충돌,안전거리미확보,건조,맑음,단일로 - 기타,승용,여,47세,상해없음,승용,남,33세,경상
2020052900100313,2020년 5월 29일 13시,금요일,경기도 수원시 권선구 세류동,중상사고,0,1,0,0,차대차 - 측면충돌,안전거리미확보,건조,맑음,단일로 - 기타,승용,여,32세,상해없음,이륜,남,61세,중상