사고번호,사고일시,요일,시군구,사고내용,사망자수,중상자수,경상자수,부상신고자수,사고유형,법규위반,노면상태,기상상태,도로형태,가해운전자 차종,가해운전자 성별,가해운전자 연령,가해운전자 상해정도,피해운전자 차종,피해운전자 성별,피해운전자 연령,피해운전자 상해정도
2020052900100342,2020년 5월 29일 14시,금요일,경기도 수원시 장안구 조원동,경상사고,0,0,1,0,차대차 - 기타,교차로운행방법위반,건조,맑음,교차로 - 교차로안,승용,여,48세,상해없음,승용,남,19세,경상
2020052900100384,2020년 5월 29일 15시,금요일,경기도 수원시 영통구 하동,경상사고,0,0,1,0,차대차 - 기타,안전거리미확보,건조,맑음,교차로 - 교차로안,승합,남,60세,상해없음,승용,남,42세,경상
2020052900100430,2020년 5월 29일 16시,금요일,경기도 수원시 영통구 망포동,경상사고,0,0,1,0,차량단독 - 기타,안전운전불이행,건조,맑음,단일로 - 기타,승합,남,50세,상해없음,,,,
2020052900100478,2020년 5월 29일 17시,금요일,경기도 수원시 장안구 영화동,경상사고,0,0,2,0,차대차 - 측면충돌,안전거리미확보,건조,맑음,단일로 - 기타,승용,남,57세,경상,승용,남,38세,경상
2020052900100582,2020년 5월 29일 19시,금요일,경기도 수원시 권선구 권선동,경상사고,0,0,1,0,차대차 - 추돌,안전운전불이행,건조,맑음,단일로 - 기타,승용,남,43세,상해없음,승용,여,48세,경상
2020052900100583,2020년 5월 29일 19시,금요일,경기도 수원시 권선구 구운동,경상사고,0,0,1,0,차대차 - 측면충돌,신호위반,건조,맑음,교차로 - 교차로횡단보도내,이륜,남,26세,상해없음,자전거,남,9세,경상
2020052900100666,2020년 5월 29일 21시,금요일,경기도 수원시 영통구 이의동,경상사고,0,0,2,0,차대차 - 측면충돌,안전거리미확보,건조,맑음,교차로 - 교차로안,승용,여,54세,상해없음,승용,여,34세,경상
2020052900100697,2020년 5월 29일 22시,금요일,경기도 수원시 권선구 곡반정동,경상사고,0,0,1,0,차대사람 - 횡단중,신호위반,건조,맑음,교차로 - 교차로횡단보도내,승용,여,61세,상해없음,보행자,여,39세,경상
2020052900100698,2020년 5월 29일 22시,금요일,경기도 수원시 권선구 세류동,경상사고,0,0,2,0,차대차 - 측면충돌,안전운전불이행,건조,맑음,교차로 - 교차로안,승용,남,29세,상해없음,승용,남,31세,경상
2020052900100699,2020년 5월 29일 22시,금요일,경기도 수원시 권선구 세류동,경상사고,0,0,3,0,차대차 - 측면충돌,신호위반,건조,맑음,교차로 - 교차로안,승용,남,37세,상해없음,승용,남,28세,경상
2020052900100700,2020년 5월 29일 22시,금요일,경기도 수원시 권선구 고색동,경상사고,0,0,1,0,차대차 - 후진중충돌,안전운전불이행,건조,맑음,단일로 - 기타,승용,여,44세,상해없음,이륜,남,33세,경상
2020052900100738,2020년 5월 29일 23시,금요일,경기도 수원시 권선구 세류동,경상사고,0,0,1,0,차대차 - 기타,안전거리미확보,건조,맑음,교차로 - 교차로부근,승용,남,22세,상해없음,승용,남,58세,상해없음
2020053000100024,2020년 5월 30일 01시,토요일,경기도 수원시 장안구 율전동,경상사고,0,0,1,0,차대사람 - 기타,안전운전불이행,건조,맑음,단일로 - 기타,승용,남,36세,상해없음,보행자,남,35세,경상
2020053000100027,2020년 5월 30일 01시,토요일,경기도 수원시 영통구 원천동,경상사고,0,0,3,0,차대차 - 추돌,안전운전불이행,건조,맑음,교차로 - 교차로부근,승용,남,38세,상해없음,승용,남,25세,경상
2020053000100065,2020년 5월 30일 04시,토요일,경기도 수원시 팔달구 우만동,경상사고,0,0,2,0,차대차 - 추돌,안전운전불이행,건조,맑음,단일로 - 기타,승용,여,48세,상해없음,승용,남,65세,경상
2020053000100110,2020년 5월 30일 08시,토요일,경기도 수원시 장안구 연무동,경상사고,0,0,1,1,차대차 - 기타,교차로운행방법위반,건조,맑음,교차로 - 교차로안,승용,여,50세,부상신고,승용,남,44세,경상
2020053000100180,2020년 5월 30일 10시,토요일,경기도 수원시 권선구 서둔동,중상사고,0,2,8,1,차대차 - 추돌,안전운전불이행,건조,맑음,단일로 - 기타,승용,남,72세,중상,화물,남,49세,부상신고
2020053000100214,2020년 5월 30일 11시,토요일,경기도 수원시 팔달구 인계동,경상사고,0,0,1,0,차대차 - 측면충돌,안전운전불이행,건조,맑음,교차로 - 교차로안,승용,남,44세,상해없음,승용,여,27세,경상
2020053000100309,2020년 5월 30일 13시,토요일,경기도 수원시 팔달구 우만동,부상신고사고,0,0,0,1,차대차 - 추돌,안전운전불이행,건조,맑음,교차로 - 교차로안,이륜,남,38세,부상신고,승용,남,46세,상해없음
2020053000100427,2020년 5월 30일 16시,토요일,경기도 수원시 장안구 송죽동,중상사고,0,1,0,0,차량단독 - 기타,안전운전불이행,건조,맑음,단일로 - 기타,승합,남,44세,상해없음,,,,
2020053000100433,2020년 5월 30일 16시,토요일,경기도 수원시 영통구 하동,경상사고,0,0,1,0,차대사람 - 횡단중,보행자보호의무위반,건조,맑음,교차로 - 교차로횡단보도내,승용,남,58세,상해없음,보행자,여,36세,경상
2020053000100434,2020년 5월 30일 16시,토요일,경기도 수원시 팔달구 인계동,경상사고,0,0,1,0,차대차 - 기타,안전운전불이행,건조,맑음,교차로 - 교차로부근,승용,남,23세,상해없음,이륜,남,39세,경상
2020053000100593,2020년 5월 30일 21시,토요일,경기도 수원시 장안구 조원동,경상사고,0,0,1,0,차대차 - 기타,신호위반,건조,맑음,교차로 - 교차로안,승용,남,56세,상해없음,승용,남,46세,경상
2020053000100623,2020년 5월 30일 22시,토요일,경기도 수원시 장안구 율전동,경상사고,0,0,1,0,차대차 - 정면충돌,교차로운행방법위반,건조,맑음,교차로 - 교차로안,화물,남,45세,상해없음,이륜,남,22세,경상
2020053000100625,2020년 5월 30일 22시,토요일,경기도 수원시 권선구 호매실동,경상사고,0,0,3,0,차대차 - 추돌,안전운전불이행,건조,맑음,단일로 - 기타,이륜,남,27세,상해없음,승용,남,49세,경상
2020053100100021,2020년 5월 31일 01시,일요일,경기도 수원시 권선구 금곡동,경상사고,0,0,1,0,차대차 - 추돌,안전운전불이행,건조,맑음,단일로 - 기타,화물,남,47세,상해없음,승용,남,31세,상해없음
2020053100100022,2020년 5월 31일 01시,일요일,경기도 수원시 권선구 구운동,경상사고,0,0,1,0,차대차 - 추돌,안전운전불이행,건조,맑음,교차로 - 교차로부근,승용,남,34세,상해없음,승용,남,36세,경상
2020053100100055,2020년 5월 31일 04시,일요일,경기도 수원시 권선구 권선동,경상사고,0,0,2,0,차대차 - 측면충돌,신호위반,건조,맑음,교차로 - 교차로안,승용,남,26세,상해없음,승용,남,59세,경상
2020053100100056,2020년 5월 31일 04시,일요일,경기도 수원시 영통구 이의동,경상사고,0,0,1,0,차대차 - 추돌,안전운전불이행,기타,맑음,교차로 - 교차로부근,승용,남,27세,기타불명,승용,남,53세,상해없음
2020053100100190,2020년 5월 31일 13시,일요일,경기도 수원시 장안구 하광교동,경상사고,0,0,1,0,차대사람 - 기타,안전운전불이행,건조,맑음,단일로 - 기타,자전거,남,55세,상해없음,보행자,남,60세,경상
2020053100100225,2020년 5월 31일 14시,일요일,경기도 수원시 영통구 매탄동,경상사고,0,0,2,0,차대차 - 측면충돌,교차로운행방법위반,건조,맑음,교차로 - 교차로안,이륜,남,16세,경상,이륜,남,30세,경상
2020053100100226,2020년 5월 31일 14시,일요일,경기도 수원시 팔달구 고등동,경상사고,0,0,1,0,차대차 - 측면충돌,안전운전불이행,건조,맑음,교차로 - 교차로안,승용,여,27세,상해없음,승용,여,57세,경상
2020053100100227,2020년 5월 31일 14시,일요일,경기도 수원시 권선구 호매실동,경상사고,0,0,1,0,차대차 - 측면충돌,안전운전불이행,건조,맑음,교차로 - 교차로횡단보도내,승용,남,50세,상해없음,이륜,남,18세,경상
2020053100100391,2020년 5월 31일 19시,일요일,경기도 수원시 팔달구 인계동,중상사고,0,1,0,0,차대차 - 측면충돌,신호위반,건조,맑음,교차로 - 교차로안,승용,남,25세,상해없음,이륜,남,43세,중상
2020053100100436,2020년 5월 31일 21시,일요일,경기도 수원시 장안구 율전동,중상사고,0,2,3,0,차대차 - 기타,신호위반,건조,맑음,교차로 - 교차로부근,승용,남,66세,상해없음,승용,여,48세,중상
2020060100100133,2020년 6월 1일 09시,월요일,경기도 수원시 권선구 세류동,경상사고,0,0,1,0,차대차 - 기타,직진우회전진행방해,건조,맑음,교차로 - 교차로안,건설기계,남,63세,상해없음,승용,남,64세,경상
2020060100100134,2020년 6월 1일 09시,월요일,경기도 수원시 권선구 당수동,경상사고,0,0,1,0,차대차 - 추돌,안전운전불이행,건조,맑음,단일로 - 기타,승용,남,60세,상해없음,승용,남,28세,경상
2020060100100172,2020년 6월 1일 10시,월요일,경기도 수원시 권선구 권선동,경상사고,0,0,1,0,차대차 - 기타,안전거리미확보,건조,맑음,교차로 - 교차로부근,화물,남,66세,상해없음,승용,여,63세,경상
2020060100100238,2020년 6월 1일 12시,월요일,경기도 수원시 팔달구 우만동,부상신고사고,0,0,0,1,차대차 - 추돌,안전거리미확보,건조,맑음,단일로 - 기타,승용,여,46세,기타불명,승용,남,55세,부상신고
2020060100100239,2020년 6월 1일 12시,월요일,경기도 수원시 장안구 송죽동,경상사고,0,0,1,0,차대차 - 기타,직진우회전진행방해,건조,맑음,교차로 - 교차로안,승용,여,33세,상해없음,승용,남,64세,경상
2020060100100250,2020년 6월 1일 12시,월요일,경기도 수원시 권선구 탑동,경상사고,0,0,1,0,차대사람 - 기타,안전운전불이행,건조,맑음,단일로 - 기타,승용,남,43세,상해없음,보행자,남,24세,경상
2020060100100341,2020년 6월 1일 14시,월요일,경기도 수원시 권선구 권선동,경상사고,0,0,1,0,차대차 - 기타,중앙선침범,건조,맑음,교차로 - 교차로안,개인형이동수단(PM),여,51세,상해없음,이륜,남,37세,경상
2020060100100383,2020년 6월 1일 15시,월요일,경기도 수원시 팔달구 매향동,경상사고,0,0,1,0,차대차 - 기타,안전운전불이행,건조,맑음,단일로 - 기타,화물,남,47세,상해없음,자전거,남,70세,경상
2020060100100388,2020년 6월 1일 15시,월요일,경기도 수원시 권선구 호매실동,부상신고사고,0,0,0,1,차대차 - 기타,안전운전불이행,건조,맑음,단일로 - 고가도로위,승용,남,25세,부상신고,승용,남,59세,상해없음
2020060100100441,2020년 6월 1일 16시,월요일,경기도 수원시 팔달구 지동,경상사고,0,0,1,0,차대차 - 측면충돌,안전거리미확보,건조,맑음,교차로 - 교차로부근,승용,여,60세,상해없음,승용,여,28세,경상
2020060100100549,2020년 6월 1일 18시,월요일,경기도 수원시 팔달구 지동,부상신고사고,0,0,0,1,차대사람 - 횡단중,안전운전불이행,건조,맑음,교차로 - 교차로안,승합,남,42세,상해없음,보행자,남,58세,부상신고
2020060100100557,2020년 6월 1일 18시,월요일,경기도 수원시 영통구 영통동,경상사고,0,0,1,0,차대사람 - 보도통행중,안전운전불이행,건조,맑음,단일로 - 기타,자전거,여,46세,기타불명,보행자,남,42세,경상
2020060100100558,2020년 6월 1일 18시,월요일,경기도 수원시 권선구 권선동,경상사고,0,0,1,0,차대차 - 추돌,안전운전불이행,건조,맑음,단일로 - 기타,화물,남,46세,상해없음,승용,여,39세,경상
2020060100100559,2020년 6월 1일 18시,월요일,경기도 수원시 팔달구 인계동,경상사고,0,0,3,0,차대차 - 측면충돌,안전운전불이행,건조,맑음,단일로 - 기타,승용,남,59세,상해없음,승용,여,58세,경상
2020060100100560,2020년 6월 1일 18시,월요일,경기도 수원시 영통구 매탄동,중상사고,0,1,0,0,차대사람 - 횡단중,보행자보호의무위반,건조,맑음,기타 - 기타,승용,여,57세,상해없음,보행자,여,17세,중상
2020060100100563,2020년 6월 1일 18시,월요일,경기도 수원시 권선구 고색동,경상사고,0,0,1,0,차대차 - 측면충돌,안전운전불이행,건조,맑음,단일로 - 기타,승용,남,68세,상해없음,승용,남,60세,경상
2020060100100564,2020년 6월 1일 18시,월요일,경기도 수원시 권선구 호매실동,부상신고사고,0,0,0,1,차대차 - 기타,안전운전불이행,건조,맑음,단일로 - 기타,자전거,남,13세,부상신고,승용,남,23세,상해없음
2020060100100616,2020년 6월 1일 19시,월요일,경기도 수원시 장안구 파장동,경상사고,0,0,1,0,차대차 - 측면충돌,기타,건조,맑음,교차로 - 교차로안,이륜,남,29세,경상,승용,남,59세,상해없음
2020060100100617,2020년 6월 1일 19시,월요일,경기도 수원시 장안구 파장동,경상사고,0,0,1,0,차대차 - 기타,안전운전불이행,건조,맑음,단일로 - 기타,승용,여,46세,상해없음,이륜,남,35세,경상
2020060100100620,2020년 6월 1일 19시,월요일,경기도 수원시 권선구 권선동,중상사고,0,1,0,0,차대차 - 측면충돌,안전운전불이행,건조,맑음,단일로 - 기타,승용,여,43세,상해없음,승용,여,58세,중상
2020060100100669,2020년 6월 1일 21시,월요일,경기도 수원시 팔달구 인계동,경상사고,0,0,1,0,차대차 - 기타,안전운전불이행,건조,맑음,기타 - 기타,승용,남,47세,상해없음,승용,남,26세,경상
2020060100100694,2020년 6월 1일 22시,월요일,경기도 수원시 권선구 권선동,경상사고,0,0,1,0,차대사람 - 기타,기타,건조,맑음,교차로 - 교차로부근,기타불명,기타불명,미분류,기타불명,보행자,여,21세,경상
2020060200100010,2020년 6월 2일 01시,화요일,경기도 수원시 영통구 이의동,경상사고,0,0,1,0,차대차 - 측면충돌,신호위반,건조,맑음,교차로 - 교차로안,승용,남,29세,상해없음,승용,남,47세,경상
2020060200100056,2020년 6월 2일 07시,화요일,경기도 수원시 팔달구 인계동,경상사고,0,0,1,0,차대차 - 기타,중앙선침범,건조,맑음,교차로 - 교차로부근,승용,남,59세,상해없음,승합,남,60세,경상
2020060200100411,2020년 6월 2일 16시,화요일,경기도 수원시 권선구 대황교동,경상사고,0,0,2,0,차대차 - 측면충돌,중앙선침범,건조,맑음,단일로 - 기타,승용,여,67세,경상,승용,남,57세,경상
2020060200100544,2020년 6월 2일 20시,화요일,경기도 수원시 영통구 망포동,경상사고,0,0,3,0,차대차 - 측면충돌,교차로운행방법위반,건조,맑음,교차로 - 교차로부근,승용,여,37세,상해없음,승용,남,59세,경상
2020060200100566,2020년 6월 2일 21시,화요일,경기도 수원시 팔달구 인계동,경상사고,0,0,1,0,차대차 - 기타,안전운전불이행,건조,맑음,교차로 - 교차로안,승용,남,39세,상해없음,이륜,남,26세,경상
2020060200100590,2020년 6월 2일 22시,화요일,경기도 수원시 장안구 송죽동,사망사고,1,0,0,0,차대차 - 측면충돌,불법유턴,건조,맑음,교차로 - 교차로부근,자전거,여,58세,사망,승용,남,64세,상해없음
2020060300100004,2020년 6월 3일 00시,수요일,경기도 수원시 장안구 정자동,중상사고,0,1,0,1,차대차 - 정면충돌,신호위반,건조,맑음,교차로 - 교차로안,이륜,남,21세,중상,승용,남,52세,상해없음
2020060300100087,2020년 6월 3일 08시,수요일,경기도 수원시 권선구 세류동,경상사고,0,0,1,0,차대차 - 측면충돌,차로위반,건조,맑음,교차로 - 교차로안,승용,남,29세,상해없음,건설기계,남,40세,경상
2020060300100130,2020년 6월 3일 09시,수요일,경기도 수원시 권선구 오목천동,경상사고,0,0,1,0,차대차 - 기타,안전운전불이행,건조,맑음,교차로 - 교차로안,승용,여,48세,상해없음,승용,남,30세,경상
2020060300100150,2020년 6월 3일 10시,수요일,경기도 수원시 권선구 세류동,중상사고,0,1,0,0,차대차 - 측면충돌,직진우회전진행방해,건조,맑음,교차로 - 교차로안,승용,여,41세,상해없음,자전거,여,60세,중상
2020060300100183,2020년 6월 3일 11시,수요일,경기도 수원시 권선구 권선동,경상사고,0,0,1,0,차대사람 - 기타,안전운전불이행,건조,맑음,교차로 - 교차로부근,화물,남,49세,상해없음,보행자,남,60세,경상
2020060300100216,2020년 6월 3일 12시,수요일,경기도 수원시 권선구 권선동,경상사고,0,0,1,0,차대사람 - 차도통행중,안전운전불이행,건조,맑음,기타 - 기타,원동기,남,17세,상해없음,보행자,남,57세,경상
2020060300100246,2020년 6월 3일 13시,수요일,경기도 수원시 팔달구 인계동,경상사고,0,0,1,0,차대사람 - 기타,안전운전불이행,건조,맑음,교차로 - 교차로안,승용,남,40세,상해없음,보행자,여,82세,경상
2020060300100282,2020년 6월 3일 14시,수요일,경기도 수원시 팔달구 고등동,경상사고,0,0,1,0,차대차 - 기타,안전거리미확보,건조,맑음,교차로 - 교차로부근,화물,남,65세,상해없음,이륜,남,39세,경상
2020060300100361,2020년 6월 3일 16시,수요일,경기도 수원시 장안구 율전동,경상사고,0,0,1,0,차대사람 - 횡단중,안전운전불이행,건조,맑음,교차로 - 교차로안,승용,남,50세,상해없음,보행자,여,59세,경상
2020060300100364,2020년 6월 3일 16시,수요일,경기도 수원시 권선구 권선동,중상사고,0,1,0,0,차대차 - 측면충돌,안전운전불이행,건조,맑음,단일로 - 기타,승용,여,44세,상해없음,자전거,남,11세,중상
2020060300100409,2020년 6월 3일 17시,수요일,경기도 수원시 권선구 호매실동,경상사고,0,0,1,0,차대차 - 기타,안전거리미확보,건조,맑음,단일로 - 기타,이륜,남,16세,상해없음,승용,여,36세,경상
2020060300100458,2020년 6월 3일 18시,수요일,경기도 수원시 장안구 영화동,경상사고,0,0,1,0,차대차 - 기타,불법유턴,건조,맑음,교차로 - 교차로안,승용,남,63세,기타불명,이륜,남,43세,경상
2020060300100470,2020년 6월 3일 18시,수요일,경기도 수원시 팔달구 고등동,경상사고,0,0,1,0,차대사람 - 횡단중,안전운전불이행,건조,맑음,단일로 - 기타,승용,남,40세,상해없음,보행자,여,6세,경상
2020060300100517,2020년 6월 3일 19시,수요일,경기도 수원시 영통구 이의동,경상사고,0,0,3,0,차대차 - 측면충돌,교차로운행방법위반,건조,맑음,교차로 - 교차로안,승용,남,33세,상해없음,승용,남,23세,경상
2020060300100574,2020년 6월 3일 21시,수요일,경기도 수원시 팔달구 인계동,경상사고,0,0,1,0,차대차 - 측면충돌,직진우회전진행방해,건조,맑음,교차로 - 교차로안,승용,남,27세,상해없음,승용,남,29세,경상
2020060300100590,2020년 6월 3일 22시,수요일,경기도 수원시 팔달구 화서동,경상사고,0,0,1,0,차대차 - 기타,안전운전불이행,건조,맑음,단일로 - 기타,승용,여,56세,상해없음,승용,여,33세,기타불명
2020060400100067,2020년 6월 4일 07시,목요일,경기도 수원시 권선구 호매실동,경상사고,0,0,2,0,차대차 - 기타,안전거리미확보,건조,맑음,단일로 - 기타,화물,남,59세,상해없음,승용,남,53세,경상
2020060400100125,2020년 6월 4일 09시,목요일,경기도 수원시 팔달구 영동,경상사고,0,0,1,0,차대사람 - 기타,안전운전불이행,건조,맑음,기타 - 기타,화물,남,51세,상해없음,보행자,여,76세,경상
2020060400100126,2020년 6월 4일 09시,목요일,경기도 수원시 팔달구 화서동,중상사고,0,1,0,0,차대차 - 기타,안전거리미확보,건조,맑음,단일로 - 기타,화물,남,62세,상해없음,승용,남,27세,중상
2020060400100177,2020년 6월 4일 11시,목요일,경기도 수원시 영통구 매탄동,경상사고,0,0,1,0,차대차 - 측면충돌,차로위반,건조,맑음,단일로 - 기타,승용,남,38세,상해없음,이륜,남,32세,경상
2020060400100255,2020년 6월 4일 13시,목요일,경기도 수원시 영통구 신동,경상사고,0,0,4,0,차대차 - 측면충돌,안전운전불이행,건조,맑음,교차로 - 교차로부근,화물,남,43세,상해없음,승용,남,33세,경상
2020060400100341,2020년 6월 4일 15시,목요일,경기도 수원시 권선구 권선동,경상사고,0,0,1,0,차대차 - 측면충돌,교차로운행방법위반,기타,맑음,교차로 - 교차로부근,승용,남,64세,상해없음,승용,여,36세,경상
2020060400100378,2020년 6월 4일 16시,목요일,경기도 수원시 팔달구 인계동,경상사고,0,0,1,0,차대차 - 기타,안전거리미확보,건조,맑음,교차로 - 교차로부근,승용,남,60세,상해없음,승용,남,38세,경상
2020060400100379,2020년 6월 4일 16시,목요일,경기도 수원시 영통구 이의동,경상사고,0,0,1,1,차대차 - 기타,안전운전불이행,건조,흐림,단일로 - 기타,이륜,남,21세,부상신고,승용,여,45세,경상
2020060400100474,2020년 6월 4일 18시,목요일,경기도 수원시 권선구 세류동,중상사고,0,1,0,0,차대차 - 측면충돌,중앙선침범,건조,맑음,단일로 - 기타,화물,남,58세,상해없음,이륜,남,31세,중상
2020060400100521,2020년 6월 4일 19시,목요일,경기도 수원시 영통구 원천동,경상사고,0,0,1,0,차대차 - 측면충돌,안전운전불이행,건조,맑음,단일로 - 기타,승용,남,32세,상해없음,승용,남,23세,경상
2020060400100643,2020년 6월 4일 23시,목요일,경기도 수원시 권선구 호매실동,경상사고,0,0,1,0,차대차 - 측면충돌,안전운전불이행,건조,맑음,단일로 - 고가도로위,승용,남,42세,상해없음,승용,남,35세,경상
2020060500100004,2020년 6월 5일 00시,금요일,경기도 수원시 팔달구 우만동,사망사고,1,0,0,0,차량단독 - 공작물충돌,과속,젖음/습기,흐림,단일로 - 기타,이륜,남,25세,사망,,,,
2020060500100037,2020년 6월 5일 03시,금요일,경기도 수원시 영통구 매탄동,중상사고,0,1,0,0,차대사람 - 횡단중,신호위반,건조,맑음,교차로 - 교차로횡단보도내,승용,남,34세,상해없음,보행자,남,24세,중상
2020060500100082,2020년 6월 5일 07시,금요일,경기도 수원시 권선구 세류동,경상사고,0,0,1,0,차대차 - 측면충돌,안전운전불이행,건조,맑음,기타 - 기타,자전거,남,57세,경상,승합,남,25세,상해없음
2020060500100200,2020년 6월 5일 11시,금요일,경기도 수원시 권선구 고색동,경상사고,0,0,2,0,차대차 - 기타,신호위반,건조,맑음,교차로 - 교차로안,승용,여,34세,경상,승용,남,47세,경상
2020060500100285,2020년 6월 5일 13시,금요일,경기도 수원시 권선구 호매실동,중상사고,0,1,0,0,차대차 - 추돌,안전운전불이행,건조,맑음,단일로 - 기타,승용,남,29세,상해없음,화물,남,59세,중상
2020060500100331,2020년 6월 5일 14시,금요일,경기도 수원시 팔달구 매산로1가,경상사고,0,0,4,0,차대차 - 기타,안전거리미확보,건조,맑음,교차로 - 교차로안,승용,여,69세,상해없음,승용,남,21세,경상
2020060500100332,2020년 6월 5일 14시,금요일,경기도 수원시 권선구 금곡동,중상사고,0,2,0,0,차대사람 - 횡단중,보행자보호의무위반,건조,맑음,교차로 - 교차로횡단보도내,승용,여,43세,상해없음,보행자,남,85세,중상
2020060500100416,2020년 6월 5일 16시,금요일,경기도 수원시 장안구 정자동,경상사고,0,0,1,0,차대차 - 정면충돌,직진우회전진행방해,건조,맑음,교차로 - 교차로안,이륜,남,37세,경상,승용,남,32세,상해없음
2020060500100514,2020년 6월 5일 18시,금요일,경기도 수원시 영통구 매탄동,중상사고,0,1,0,0,차대사람 - 기타,안전운전불이행,건조,맑음,교차로 - 교차로부근,화물,남,61세,상해없음,보행자,여,42세,중상
2020060500100562,2020년 6월 5일 19시,금요일,경기도 수원시 영통구 매탄동,경상사고,0,0,1,0,차대차 - 측면충돌,교차로운행방법위반,건조,맑음,교차로 - 교차로안,승합,남,59세,상해없음,이륜,남,30세,경상
2020060500100598,2020년 6월 5일 20시,금요일,경기도 수원시 장안구 연무동,경상사고,0,0,1,0,차대차 - 측면충돌,신호위반,건조,맑음,교차로 - 교차로안,승용,남,32세,상해없음,승용,남,52세,경상
2020060500100603,2020년 6월 5일 20시,금요일,경기도 수원시 권선구 세류동,중상사고,0,1,0,0,차대사람 - 횡단중,보행자보호의무위반,건조,맑음,교차로 - 교차로안,승용,여,57세,상해없음,보행자,남,38세,중상
2020060500100604,2020년 6월 5일 20시,금요일,경기도 수원시 권선구 평동,경상사고,0,0,1,0,차대차 - 기타,안전거리미확보,건조,맑음,단일로 - 기타,승용,여,31세,상해없음,승용,남,27세,경상
2020060500100648,2020년 6월 5일 21시,금요일,경기도 수원시 영통구 매탄동,경상사고,0,0,1,0,차대차 - 기타,교차로운행방법위반,건조,맑음,교차로 - 교차로안,승용,남,57세,상해없음,이륜,남,30세,경상
2020060500100649,2020년 6월 5일 21시,금요일,경기도 수원시 영통구 망포동,중상사고,0,1,0,0,차대차 - 측면충돌,교차로운행방법위반,건조,맑음,교차로 - 교차로안,이륜,남,20세,상해없음,이륜,남,36세,중상
2020060500100680,2020년 6월 5일 22시,금요일,경기도 수원시 장안구 천천동,경상사고,0,0,1,0,차대차 - 정면충돌,신호위반,건조,맑음,교차로 - 교차로안,승용,남,33세,상해없음,승용,남,24세,경상
2020060500100715,2020년 6월 5일 23시,금요일,경기도 수원시 권선구 서둔동,경상사고,0,0,4,0,차대차 - 측면충돌,신호위반,건조,맑음,교차로 - 교차로안,이륜,남,19세,상해없음,승용,남,53세,경상
2020060600100023,2020년 6월 6일 01시,토요일,경기도 수원시 권선구 서둔동,중상사고,0,1,0,0,차대차 - 추돌,안전운전불이행,건조,맑음,교차로 - 교차로부근,이륜,남,41세,중상,승용,남,23세,기타불명
2020060600100039,2020년 6월 6일 02시,토요일,경기도 수원시 권선구 세류동,경상사고,0,0,1,0,차대사람 - 차도통행중,안전운전불이행,건조,맑음,단일로 - 기타,이륜,남,33세,기타불명,보행자,남,45세,경상
2020060600100040,2020년 6월 6일 02시,토요일,경기도 수원시 권선구 권선동,경상사고,0,0,1,0,차대차 - 측면충돌,신호위반,건조,맑음,교차로 - 교차로안,이륜,남,16세,기타불명,승용,남,56세,경상
2020060600100053,2020년 6월 6일 03시,토요일,경기도 수원시 영통구 영통동,경상사고,0,0,3,0,차대차 - 추돌,안전운전불이행,건조,맑음,교차로 - 교차로부근,승용,남,39세,상해없음,승용,남,26세,경상
2020060600100119,2020년 6월 6일 09시,토요일,경기도 수원시 팔달구 매교동,경상사고,0,0,1,0,차대차 - 기타,신호위반,건조,맑음,교차로 - 교차로안,건설기계,남,53세,상해없음,건설기계,남,39세,경상
2020060600100120,2020년 6월 6일 09시,토요일,경기도 수원시 권선구 호매실동,경상사고,0,0,2,0,차대차 - 정면충돌,교차로운행방법위반,건조,맑음,교차로 - 교차로부근,승용,여,52세,상해없음,승용,남,42세,경상
2020060600100147,2020년 6월 6일 10시,토요일,경기도 수원시 장안구 정자동,경상사고,0,0,4,0,차대차 - 측면충돌,신호위반,건조,맑음,교차로 - 교차로안,승합,남,78세,경상,승용,여,40세,경상
2020060600100151,2020년 6월 6일 10시,토요일,경기도 수원시 영통구 영통동,경상사고,0,0,1,0,차대차 - 측면충돌,안전운전불이행,건조,맑음,교차로 - 교차로안,승용,여,52세,상해없음,개인형이동수단(PM),남,34세,경상
2020060600100218,2020년 6월 6일 12시,토요일,경기도 수원시 영통구 이의동,경상사고,0,0,1,0,차대사람 - 기타,보행자보호의무위반,건조,맑음,교차로 - 교차로횡단보도내,승용,남,34세,상해없음,보행자,여,26세,경상
2020060600100252,2020년 6월 6일 13시,토요일,경기도 수원시 권선구 고색동,경상사고,0,0,2,0,차대차 - 후진중충돌,안전운전불이행,건조,맑음,단일로 - 기타,승용,남,57세,상해없음,승용,남,28세,경상
2020060600100377,2020년 6월 6일 16시,토요일,경기도 수원시 팔달구 인계동,경상사고,0,0,5,0,차대차 - 측면충돌,신호위반,건조,맑음,단일로 - 기타,승용,여,73세,상해없음,승용,남,47세,경상
2020060600100408,2020년 6월 6일 17시,토요일,경기도 수원시 장안구 천천동,경상사고,0,0,1,0,차대차 - 기타,안전운전불이행,건조,맑음,교차로 - 교차로부근,승용,남,29세,상해없음,이륜,남,42세,경상
2020060600100409,2020년 6월 6일 17시,토요일,경기도 수원시 팔달구 우만동,경상사고,0,0,1,0,차대차 - 기타,안전운전불이행,건조,맑음,교차로 - 교차로부근,승용,남,66세,상해없음,승용,남,61세,경상
2020060600100461,2020년 6월 6일 18시,토요일,경기도 수원시 권선구 호매실동,경상사고,0,0,1,0,차대차 - 기타,신호위반,건조,맑음,교차로 - 교차로횡단보도내,승용,여,28세,상해없음,자전거,남,8세,경상