사고번호,사고일시,요일,시군구,사고내용,사망자수,중상자수,경상자수,부상신고자수,사고유형,법규위반,노면상태,기상상태,도로형태,가해운전자 차종,가해운전자 성별,가해운전자 연령,가해운전자 상해정도,피해운전자 차종,피해운전자 성별,피해운전자 연령,피해운전자 상해정도
2020060600100512,2020년 6월 6일 20시,토요일,경기도 수원시 장안구 정자동,중상사고,0,1,0,0,차대사람 - 횡단중,안전운전불이행,건조,흐림,단일로 - 기타,이륜,남,39세,상해없음,보행자,남,55세,중상
2020060600100522,2020년 6월 6일 20시,토요일,경기도 수원시 팔달구 매산로3가,중상사고,0,1,0,0,차대차 - 추돌,안전운전불이행,건조,맑음,단일로 - 기타,승용,남,49세,상해없음,승용,남,56세,중상
2020060600100577,2020년 6월 6일 22시,토요일,경기도 수원시 장안구 영화동,경상사고,0,0,1,0,차대차 - 기타,교차로운행방법위반,건조,맑음,교차로 - 교차로안,승용,여,50세,상해없음,이륜,여,25세,경상
2020060700100019,2020년 6월 7일 01시,일요일,경기도 수원시 팔달구 인계동,경상사고,0,0,1,0,차대사람 - 기타,안전운전불이행,건조,맑음,단일로 - 기타,승용,여,27세,상해없음,보행자,남,31세,경상
2020060700100175,2020년 6월 7일 12시,일요일,경기도 수원시 팔달구 화서동,중상사고,0,1,3,0,차대차 - 기타,신호위반,건조,맑음,교차로 - 교차로부근,승용,남,46세,경상,이륜,남,35세,중상
2020060700100178,2020년 6월 7일 12시,일요일,경기도 수원시 영통구 영통동,중상사고,0,1,0,0,차대차 - 측면충돌,중앙선침범,건조,맑음,단일로 - 기타,승용,남,22세,상해없음,이륜,남,54세,중상
2020060700100247,2020년 6월 7일 14시,일요일,경기도 수원시 장안구 정자동,경상사고,0,0,1,0,차대사람 - 횡단중,신호위반,건조,맑음,단일로 - 기타,승용,남,45세,상해없음,보행자,여,57세,경상
2020060700100251,2020년 6월 7일 14시,일요일,경기도 수원시 영통구 하동,중상사고,0,2,0,0,차대차 - 정면충돌,안전운전불이행,건조,맑음,단일로 - 기타,자전거,남,50세,중상,자전거,여,54세,중상
2020060700100317,2020년 6월 7일 16시,일요일,경기도 수원시 장안구 율전동,경상사고,0,0,1,0,차대차 - 기타,교차로운행방법위반,건조,맑음,교차로 - 교차로안,승용,남,50세,상해없음,이륜,남,18세,경상
2020060700100357,2020년 6월 7일 17시,일요일,경기도 수원시 장안구 연무동,경상사고,0,0,1,0,차대차 - 기타,중앙선침범,건조,맑음,단일로 - 기타,승용,남,30세,상해없음,자전거,남,77세,경상
2020060800100029,2020년 6월 8일 04시,월요일,경기도 수원시 장안구 천천동,경상사고,0,0,2,0,차대차 - 측면충돌,안전거리미확보,건조,맑음,교차로 - 교차로부근,승용,남,51세,상해없음,승용,남,28세,경상
2020060800100039,2020년 6월 8일 05시,월요일,경기도 수원시 팔달구 고등동,경상사고,0,0,1,0,차대차 - 측면충돌,신호위반,건조,맑음,교차로 - 교차로안,승용,남,52세,상해없음,승용,남,59세,경상
2020060800100052,2020년 6월 8일 06시,월요일,경기도 수원시 권선구 세류동,경상사고,0,0,1,0,차대차 - 기타,안전운전불이행,건조,맑음,교차로 - 교차로안,승용,남,23세,경상,승합,남,55세,상해없음
2020060800100078,2020년 6월 8일 07시,월요일,경기도 수원시 영통구 이의동,경상사고,0,0,3,0,차대차 - 측면충돌,안전거리미확보,건조,맑음,기타 - 기타,승용,남,37세,상해없음,승용,남,22세,경상
2020060800100120,2020년 6월 8일 08시,월요일,경기도 수원시 팔달구 매산로1가,경상사고,0,0,1,0,차대차 - 측면충돌,안전거리미확보,건조,맑음,교차로 - 교차로부근,승용,여,58세,상해없음,승용,남,30세,경상
2020060800100276,2020년 6월 8일 12시,월요일,경기도 수원시 권선구 권선동,중상사고,0,1,2,0,차대차 - 추돌,안전운전불이행,건조,맑음,단일로 - 기타,승용,남,72세,기타불명,승용,남,37세,경상
2020060800100327,2020년 6월 8일 13시,월요일,경기도 수원시 권선구 금곡동,중상사고,0,1,0,0,차대차 - 측면충돌,불법유턴,건조,맑음,교차로 - 교차로횡단보도내,자전거,남,73세,중상,승합,남,62세,상해없음
2020060800100360,2020년 6월 8일 14시,월요일,경기도 수원시 팔달구 중동,경상사고,0,0,1,0,차량단독 - 기타,안전운전불이행,건조,맑음,단일로 - 기타,승합,남,58세,상해없음,,,,
2020060800100362,2020년 6월 8일 14시,월요일,경기도 수원시 권선구 권선동,중상사고,0,1,0,0,차대차 - 측면충돌,안전운전불이행,건조,맑음,교차로 - 교차로횡단보도내,화물,남,54세,상해없음,화물,남,55세,중상
2020060800100484,2020년 6월 8일 17시,월요일,경기도 수원시 장안구 정자동,부상신고사고,0,0,0,2,차대차 - 측면충돌,안전운전불이행,건조,맑음,교차로 - 교차로안,자전거,여,11세,부상신고,자전거,남,11세,부상신고
2020060800100621,2020년 6월 8일 20시,월요일,경기도 수원시 팔달구 인계동,중상사고,0,1,0,0,차대차 - 측면충돌,안전거리미확보,건조,맑음,단일로 - 기타,승용,남,18세,상해없음,이륜,남,37세,중상
2020060800100706,2020년 6월 8일 23시,월요일,경기도 수원시 권선구 구운동,경상사고,0,0,2,0,차대차 - 측면충돌,신호위반,건조,맑음,교차로 - 교차로안,승용,남,27세,상해없음,승합,남,51세,경상
2020060900100150,2020년 6월 9일 09시,화요일,경기도 수원시 팔달구 화서동,부상신고사고,0,0,0,1,차대차 - 정면충돌,교차로운행방법위반,건조,맑음,교차로 - 교차로안,이륜,남,77세,부상신고,승용,남,22세,상해없음
2020060900100187,2020년 6월 9일 10시,화요일,경기도 수원시 영통구 하동,중상사고,0,1,0,0,차대사람 - 기타,안전운전불이행,건조,맑음,단일로 - 기타,화물,남,57세,상해없음,보행자,여,76세,중상
2020060900100227,2020년 6월 9일 11시,화요일,경기도 수원시 장안구 조원동,중상사고,0,1,0,0,차대차 - 기타,불법유턴,건조,맑음,단일로 - 기타,승용,여,45세,상해없음,이륜,남,59세,중상
2020060900100259,2020년 6월 9일 12시,화요일,경기도 수원시 팔달구 지동,경상사고,0,0,1,0,차대사람 - 기타,안전운전불이행,건조,맑음,단일로 - 기타,개인형이동수단(PM),여,41세,상해없음,보행자,여,64세,경상
2020060900100267,2020년 6월 9일 12시,화요일,경기도 수원시 영통구 매탄동,경상사고,0,0,1,0,차대차 - 기타,안전운전불이행,건조,맑음,교차로 - 교차로횡단보도내,자전거,남,81세,경상,승용,남,26세,상해없음
2020060900100268,2020년 6월 9일 12시,화요일,경기도 수원시 영통구 영통동,경상사고,0,0,1,0,차대차 - 측면충돌,안전거리미확보,건조,맑음,단일로 - 기타,승용,남,25세,상해없음,승용,여,49세,경상
2020060900100308,2020년 6월 9일 13시,화요일,경기도 수원시 권선구 구운동,중상사고,0,1,0,0,차대차 - 기타,기타,건조,맑음,교차로 - 교차로부근,화물,남,55세,상해없음,이륜,남,24세,중상
2020060900100421,2020년 6월 9일 16시,화요일,경기도 수원시 팔달구 화서동,경상사고,0,0,1,0,차대사람 - 기타,안전운전불이행,건조,맑음,단일로 - 기타,승합,남,63세,상해없음,보행자,여,68세,경상
2020060900100422,2020년 6월 9일 16시,화요일,경기도 수원시 장안구 조원동,경상사고,0,0,1,0,차대사람 - 기타,안전운전불이행,건조,맑음,교차로 - 교차로안,승용,남,44세,상해없음,보행자,여,58세,경상
2020060900100522,2020년 6월 9일 18시,화요일,경기도 수원시 장안구 천천동,경상사고,0,0,1,0,차대차 - 추돌,안전운전불이행,건조,맑음,단일로 - 기타,승용,여,44세,상해없음,화물,남,79세,경상
2020060900100529,2020년 6월 9일 18시,화요일,경기도 수원시 권선구 오목천동,경상사고,0,0,1,0,차대차 - 측면충돌,신호위반,건조,맑음,교차로 - 교차로안,승용,여,43세,상해없음,승용,여,34세,경상
2020060900100530,2020년 6월 9일 18시,화요일,경기도 수원시 팔달구 고등동,부상신고사고,0,0,0,1,차량단독 - 기타,기타,건조,맑음,단일로 - 기타,승합,남,43세,상해없음,,,,
2020060900100593,2020년 6월 9일 19시,화요일,경기도 수원시 권선구 세류동,경상사고,0,0,1,0,차대사람 - 차도통행중,안전운전불이행,건조,맑음,교차로 - 교차로안,승용,여,30세,상해없음,보행자,남,47세,경상
2020060900100594,2020년 6월 9일 19시,화요일,경기도 수원시 팔달구 인계동,경상사고,0,0,1,0,차대차 - 기타,안전운전불이행,건조,맑음,교차로 - 교차로부근,자전거,남,27세,경상,승용,여,44세,상해없음
2020060900100597,2020년 6월 9일 19시,화요일,경기도 수원시 팔달구 매산로1가,경상사고,0,0,1,0,차대차 - 측면충돌,안전거리미확보,건조,맑음,교차로 - 교차로안,승합,남,61세,상해없음,승합,남,53세,경상
2020060900100620,2020년 6월 9일 20시,화요일,경기도 수원시 권선구 탑동,경상사고,0,0,1,0,차대차 - 측면충돌,차로위반,건조,맑음,단일로 - 기타,승합,남,58세,상해없음,원동기,남,30세,경상
2020060900100650,2020년 6월 9일 21시,화요일,경기도 수원시 영통구 매탄동,중상사고,0,1,0,0,차대차 - 측면충돌,신호위반,건조,맑음,교차로 - 교차로안,승용,남,23세,상해없음,승용,여,78세,중상
2020060900100679,2020년 6월 9일 22시,화요일,경기도 수원시 영통구 매탄동,경상사고,0,0,1,0,차대차 - 측면충돌,중앙선침범,건조,맑음,단일로 - 기타,승용,남,42세,상해없음,승용,남,35세,경상
2020060900100680,2020년 6월 9일 22시,화요일,경기도 수원시 권선구 고색동,경상사고,0,0,1,0,차대차 - 측면충돌,안전거리미확보,건조,맑음,단일로 - 기타,승합,남,62세,상해없음,이륜,남,22세,경상
2020061000100108,2020년 6월 10일 08시,수요일,경기도 수원시 영통구 망포동,부상신고사고,0,0,0,1,차대차 - 기타,안전거리미확보,기타,맑음,단일로 - 기타,승용,남,27세,상해없음,승합,남,51세,상해없음
2020061000100111,2020년 6월 10일 08시,수요일,경기도 수원시 영통구 이의동,경상사고,0,0,1,0,차대차 - 기타,안전거리미확보,건조,맑음,단일로 - 기타,화물,남,51세,상해없음,승용,남,35세,경상
2020061000100155,2020년 6월 10일 09시,수요일,경기도 수원시 영통구 하동,경상사고,0,0,1,0,차대차 - 측면충돌,안전운전불이행,건조,맑음,단일로 - 기타,승용,남,30세,상해없음,승용,남,32세,경상
2020061000100253,2020년 6월 10일 12시,수요일,경기도 수원시 팔달구 매산로2가,경상사고,0,0,2,0,차대차 - 기타,안전운전불이행,건조,맑음,단일로 - 기타,이륜,남,38세,상해없음,승용,남,20세,경상
2020061000100276,2020년 6월 10일 13시,수요일,경기도 수원시 장안구 영화동,경상사고,0,0,1,0,차대차 - 측면충돌,기타,건조,맑음,교차로 - 교차로안,승용,여,40세,경상,승용,남,78세,상해없음
2020061000100317,2020년 6월 10일 14시,수요일,경기도 수원시 팔달구 팔달로3가,중상사고,0,1,0,0,차대사람 - 기타,안전운전불이행,건조,맑음,단일로 - 기타,승용,여,40세,상해없음,보행자,남,67세,중상
2020061000100395,2020년 6월 10일 16시,수요일,경기도 수원시 팔달구 지동,경상사고,0,0,2,0,차대차 - 측면충돌,안전운전불이행,기타,맑음,교차로 - 교차로부근,승용,남,60세,경상,승용,여,55세,경상
2020061000100400,2020년 6월 10일 16시,수요일,경기도 수원시 팔달구 고등동,경상사고,0,0,2,0,차대차 - 측면충돌,안전운전불이행,건조,맑음,교차로 - 교차로부근,원동기,남,30세,경상,승용,여,44세,경상
2020061000100437,2020년 6월 10일 17시,수요일,경기도 수원시 장안구 영화동,경상사고,0,0,1,0,차대차 - 기타,불법유턴,건조,맑음,단일로 - 기타,승용,남,44세,상해없음,승용,여,49세,경상
2020061000100445,2020년 6월 10일 17시,수요일,경기도 수원시 영통구 이의동,경상사고,0,0,1,0,차대차 - 측면충돌,신호위반,건조,맑음,단일로 - 기타,승용,남,57세,상해없음,승용,남,63세,경상
2020061000100449,2020년 6월 10일 17시,수요일,경기도 수원시 팔달구 매산로1가,경상사고,0,0,2,0,차대차 - 추돌,안전운전불이행,건조,맑음,교차로 - 교차로안,화물,남,31세,상해없음,승용,남,27세,경상
2020061000100502,2020년 6월 10일 18시,수요일,경기도 수원시 장안구 송죽동,경상사고,0,0,1,0,차대차 - 기타,교차로운행방법위반,젖음/습기,비,교차로 - 교차로안,승용,여,63세,상해없음,승용,남,54세,경상
2020061000100506,2020년 6월 10일 18시,수요일,경기도 수원시 권선구 권선동,중상사고,0,1,0,0,차대차 - 기타,안전운전불이행,건조,맑음,단일로 - 기타,이륜,남,22세,상해없음,승합,남,68세,상해없음
2020061000100600,2020년 6월 10일 20시,수요일,경기도 수원시 권선구 권선동,경상사고,0,0,1,0,차대차 - 기타,안전거리미확보,젖음/습기,비,교차로 - 교차로부근,승용,남,30세,상해없음,승용,남,33세,경상
2020061000100650,2020년 6월 10일 21시,수요일,경기도 수원시 장안구 조원동,경상사고,0,0,1,0,차대차 - 기타,안전거리미확보,젖음/습기,비,교차로 - 교차로부근,승용,여,27세,상해없음,승용,여,39세,경상
2020061000100716,2020년 6월 10일 22시,수요일,경기도 수원시 팔달구 인계동,경상사고,0,0,1,0,차대차 - 측면충돌,안전운전불이행,젖음/습기,비,단일로 - 기타,승용,남,38세,상해없음,승용,여,40세,경상
2020061100100008,2020년 6월 11일 00시,목요일,경기도 수원시 권선구 호매실동,중상사고,0,1,0,0,차대차 - 기타,안전운전불이행,건조,맑음,단일로 - 기타,승용,남,35세,상해없음,승용,남,23세,중상
2020061100100045,2020년 6월 11일 02시,목요일,경기도 수원시 팔달구 인계동,경상사고,0,0,1,0,차대사람 - 기타,신호위반,건조,맑음,단일로 - 기타,이륜,남,23세,상해없음,보행자,여,26세,경상
2020061100100058,2020년 6월 11일 04시,목요일,경기도 수원시 팔달구 인계동,경상사고,0,0,1,0,차대사람 - 기타,안전운전불이행,건조,맑음,교차로 - 교차로부근,승용,남,29세,상해없음,보행자,남,65세,경상
2020061100100059,2020년 6월 11일 04시,목요일,경기도 수원시 영통구 하동,경상사고,0,0,1,1,차대차 - 기타,안전운전불이행,건조,맑음,단일로 - 기타,화물,남,61세,부상신고,승용,남,62세,경상
2020061100100090,2020년 6월 11일 07시,목요일,경기도 수원시 권선구 호매실동,부상신고사고,0,0,0,1,차대차 - 기타,안전거리미확보,건조,맑음,단일로 - 기타,승용,남,51세,상해없음,승용,남,21세,부상신고
2020061100100152,2020년 6월 11일 09시,목요일,경기도 수원시 장안구 영화동,경상사고,0,0,1,0,차대차 - 측면충돌,안전운전불이행,건조,맑음,교차로 - 교차로안,승용,남,69세,상해없음,승용,남,53세,경상
2020061100100154,2020년 6월 11일 09시,목요일,경기도 수원시 팔달구 인계동,경상사고,0,0,2,0,차대차 - 측면충돌,안전거리미확보,건조,맑음,단일로 - 기타,승용,여,56세,상해없음,승용,여,37세,경상
2020061100100179,2020년 6월 11일 10시,목요일,경기도 수원시 영통구 매탄동,중상사고,0,1,0,0,차대차 - 추돌,안전운전불이행,건조,맑음,교차로 - 교차로부근,건설기계,남,73세,상해없음,이륜,남,39세,중상
2020061100100181,2020년 6월 11일 10시,목요일,경기도 수원시 팔달구 매산로3가,경상사고,0,0,1,0,차대사람 - 기타,안전운전불이행,건조,맑음,기타 - 기타,승용,남,49세,상해없음,보행자,여,78세,경상
2020061100100211,2020년 6월 11일 11시,목요일,경기도 수원시 권선구 당수동,중상사고,0,1,1,0,차대차 - 측면충돌,안전운전불이행,건조,맑음,교차로 - 교차로부근,화물,남,35세,경상,이륜,남,68세,중상
2020061100100249,2020년 6월 11일 12시,목요일,경기도 수원시 영통구 망포동,경상사고,0,0,1,0,차대차 - 측면충돌,안전운전불이행,기타,맑음,교차로 - 교차로안,승용,여,26세,상해없음,승용,여,52세,경상
2020061100100434,2020년 6월 11일 17시,목요일,경기도 수원시 권선구 권선동,경상사고,0,0,1,0,차대차 - 추돌,안전거리미확보,건조,맑음,단일로 - 기타,승용,남,66세,상해없음,승용,남,44세,경상
2020061100100485,2020년 6월 11일 18시,목요일,경기도 수원시 팔달구 영동,경상사고,0,0,1,0,차대사람 - 기타,안전운전불이행,건조,맑음,기타 - 기타,승용,여,61세,상해없음,보행자,여,88세,경상
2020061100100486,2020년 6월 11일 18시,목요일,경기도 수원시 장안구 정자동,경상사고,0,0,1,0,차대차 - 추돌,안전운전불이행,건조,맑음,단일로 - 기타,이륜,남,22세,경상,승용,여,45세,상해없음
2020061100100492,2020년 6월 11일 18시,목요일,경기도 수원시 영통구 매탄동,경상사고,0,0,2,0,차대차 - 기타,안전운전불이행,기타,맑음,교차로 - 교차로안,승용,여,49세,경상,이륜,남,34세,경상
2020061100100522,2020년 6월 11일 19시,목요일,경기도 수원시 권선구 서둔동,부상신고사고,0,0,0,5,차대차 - 측면충돌,교차로운행방법위반,건조,맑음,교차로 - 교차로부근,승용,여,47세,상해없음,승용,남,24세,부상신고
2020061100100552,2020년 6월 11일 20시,목요일,경기도 수원시 영통구 원천동,경상사고,0,0,1,0,차대사람 - 기타,보행자보호의무위반,건조,맑음,기타 - 기타,승용,남,72세,상해없음,보행자,남,33세,경상
2020061100100620,2020년 6월 11일 22시,목요일,경기도 수원시 영통구 매탄동,중상사고,0,1,1,0,차대차 - 추돌,안전운전불이행,건조,맑음,교차로 - 교차로부근,이륜,남,57세,중상,승용,남,26세,경상
2020061100100621,2020년 6월 11일 22시,목요일,경기도 수원시 영통구 원천동,경상사고,0,0,1,0,차대차 - 기타,기타,건조,맑음,교차로 - 교차로부근,승용,남,61세,상해없음,이륜,남,17세,경상
2020061200100028,2020년 6월 12일 03시,금요일,경기도 수원시 팔달구 지동,경상사고,0,0,2,1,차량단독 - 공작물충돌,안전운전불이행,건조,맑음,단일로 - 고가도로위,승용,남,61세,상해없음,,,,
2020061200100053,2020년 6월 12일 06시,금요일,경기도 수원시 영통구 이의동,중상사고,0,1,0,0,차대차 - 측면충돌,안전거리미확보,건조,맑음,단일로 - 기타,기타불명,기타불명,미분류,기타불명,승용,남,39세,중상
2020061200100139,2020년 6월 12일 09시,금요일,경기도 수원시 권선구 서둔동,중상사고,0,1,0,0,차대차 - 기타,안전운전불이행,건조,맑음,단일로 - 기타,이륜,남,28세,중상,화물,남,64세,상해없음
2020061200100176,2020년 6월 12일 10시,금요일,경기도 수원시 장안구 영화동,경상사고,0,0,1,0,차대사람 - 기타,안전운전불이행,건조,맑음,단일로 - 기타,자전거,여,62세,상해없음,보행자,여,71세,경상
2020061200100367,2020년 6월 12일 15시,금요일,경기도 수원시 권선구 권선동,경상사고,0,0,1,0,차대차 - 측면충돌,교차로운행방법위반,건조,맑음,교차로 - 교차로안,승용,여,31세,상해없음,자전거,남,8세,경상
2020061200100402,2020년 6월 12일 16시,금요일,경기도 수원시 영통구 매탄동,중상사고,0,1,0,0,차대차 - 측면충돌,교차로운행방법위반,건조,맑음,교차로 - 교차로안,화물,남,47세,상해없음,이륜,남,35세,중상
2020061200100441,2020년 6월 12일 17시,금요일,경기도 수원시 팔달구 화서동,경상사고,0,0,1,0,차대차 - 추돌,안전거리미확보,건조,맑음,교차로 - 교차로안,승용,남,63세,상해없음,화물,남,60세,경상
2020061200100442,2020년 6월 12일 17시,금요일,경기도 수원시 장안구 조원동,경상사고,0,0,1,0,차대차 - 측면충돌,직진우회전진행방해,건조,맑음,교차로 - 교차로안,이륜,남,25세,경상,승용,남,37세,상해없음
2020061200100450,2020년 6월 12일 17시,금요일,경기도 수원시 권선구 당수동,경상사고,0,0,1,0,차대사람 - 기타,안전운전불이행,건조,맑음,단일로 - 기타,승용,여,40세,상해없음,보행자,여,15세,경상
2020061200100553,2020년 6월 12일 19시,금요일,경기도 수원시 장안구 영화동,경상사고,0,0,1,0,차대차 - 기타,기타,건조,맑음,교차로 - 교차로안,승용,남,34세,상해없음,이륜,남,23세,경상
2020061200100597,2020년 6월 12일 20시,금요일,경기도 수원시 팔달구 팔달로1가,경상사고,0,0,1,0,차량단독 - 기타,안전운전불이행,건조,맑음,교차로 - 교차로부근,승합,남,43세,상해없음,,,,
2020061200100601,2020년 6월 12일 20시,금요일,경기도 수원시 권선구 권선동,경상사고,0,0,1,0,차대차 - 추돌,안전운전불이행,건조,맑음,단일로 - 기타,이륜,남,58세,상해없음,승용,남,35세,경상
2020061200100603,2020년 6월 12일 20시,금요일,경기도 수원시 팔달구 매교동,경상사고,0,0,1,0,차대차 - 기타,중앙선침범,건조,맑음,단일로 - 기타,승용,남,49세,상해없음,승용,남,29세,경상
2020061200100636,2020년 6월 12일 21시,금요일,경기도 수원시 장안구 영화동,경상사고,0,0,1,0,차대차 - 기타,기타,건조,맑음,교차로 - 교차로안,승용,남,55세,상해없음,이륜,남,43세,경상
2020061200100675,2020년 6월 12일 22시,금요일,경기도 수원시 장안구 파장동,경상사고,0,0,1,0,차대차 - 추돌,안전운전불이행,건조,맑음,교차로 - 교차로부근,승용,남,44세,상해없음,이륜,남,35세,경상
2020061200100676,2020년 6월 12일 22시,금요일,경기도 수원시 장안구 조원동,경상사고,0,0,1,0,차대차 - 측면충돌,기타,건조,맑음,단일로 - 기타,승용,남,71세,상해없음,이륜,남,39세,경상
2020061200100725,2020년 6월 12일 23시,금요일,경기도 수원시 장안구 조원동,경상사고,0,0,1,0,차대차 - 기타,신호위반,건조,맑음,교차로 - 교차로안,승용,남,21세,상해없음,승용,남,22세,경상
2020061200100727,2020년 6월 12일 23시,금요일,경기도 수원시 권선구 고색동,경상사고,0,0,3,0,차대차 - 측면충돌,신호위반,건조,맑음,교차로 - 교차로안,승용,남,63세,상해없음,승용,남,31세,경상
2020061300100010,2020년 6월 13일 00시,토요일,경기도 수원시 권선구 권선동,중상사고,0,1,2,0,차대차 - 추돌,안전운전불이행,건조,맑음,교차로 - 교차로부근,승용,남,32세,상해없음,승용,남,44세,중상
2020061300100011,2020년 6월 13일 00시,토요일,경기도 수원시 영통구 영통동,경상사고,0,0,3,0,차대차 - 기타,안전운전불이행,건조,맑음,단일로 - 기타,승용,남,25세,상해없음,승용,남,40세,기타불명
2020061300100012,2020년 6월 13일 00시,토요일,경기도 수원시 권선구 호매실동,경상사고,0,0,1,0,차량단독 - 기타,안전운전불이행,건조,맑음,교차로 - 교차로부근,승합,남,47세,상해없음,,,,
2020061300100057,2020년 6월 13일 02시,토요일,경기도 수원시 권선구 곡반정동,경상사고,0,0,1,0,차대차 - 추돌,안전운전불이행,건조,맑음,단일로 - 기타,이륜,남,16세,기타불명,승용,남,29세,경상
2020061300100133,2020년 6월 13일 08시,토요일,경기도 수원시 영통구 영통동,경상사고,0,0,1,0,차대차 - 측면충돌,신호위반,건조,맑음,단일로 - 기타,승용,여,56세,상해없음,승용,여,53세,경상
2020061300100151,2020년 6월 13일 09시,토요일,경기도 수원시 영통구 매탄동,경상사고,0,0,1,2,차대차 - 추돌,안전운전불이행,건조,맑음,단일로 - 기타,승용,남,26세,상해없음,승용,남,68세,경상
2020061300100152,2020년 6월 13일 09시,토요일,경기도 수원시 권선구 권선동,중상사고,0,2,1,0,차대차 - 측면충돌,차로위반,건조,맑음,단일로 - 기타,승용,여,38세,상해없음,승합,남,47세,상해없음
2020061300100153,2020년 6월 13일 09시,토요일,경기도 수원시 영통구 망포동,경상사고,0,0,1,0,차대차 - 측면충돌,교차로운행방법위반,건조,맑음,교차로 - 교차로안,승용,남,55세,상해없음,승용,여,50세,경상
2020061300100180,2020년 6월 13일 10시,토요일,경기도 수원시 영통구 영통동,경상사고,0,0,2,0,차대차 - 기타,안전거리미확보,건조,맑음,단일로 - 기타,승용,남,36세,상해없음,승용,여,39세,경상
2020061300100250,2020년 6월 13일 12시,토요일,경기도 수원시 팔달구 인계동,중상사고,0,1,0,0,차대차 - 기타,안전운전불이행,건조,맑음,기타 - 기타,이륜,남,39세,중상,승합,남,58세,상해없음
2020061300100252,2020년 6월 13일 12시,토요일,경기도 수원시 팔달구 인계동,경상사고,0,0,1,2,차대차 - 기타,안전거리미확보,건조,맑음,교차로 - 교차로안,승용,여,63세,부상신고,승용,여,61세,상해없음
2020061300100253,2020년 6월 13일 12시,토요일,경기도 수원시 팔달구 인계동,경상사고,0,0,1,0,차대차 - 기타,안전운전불이행,건조,맑음,단일로 - 지하차도(도로)내,이륜,남,23세,상해없음,이륜,남,46세,경상
2020061300100367,2020년 6월 13일 15시,토요일,경기도 수원시 영통구 매탄동,경상사고,0,0,1,0,차대차 - 추돌,안전거리미확보,건조,맑음,단일로 - 기타,승용,남,60세,상해없음,승용,여,34세,경상
2020061300100403,2020년 6월 13일 16시,토요일,경기도 수원시 장안구 파장동,경상사고,0,0,1,0,차대차 - 기타,기타,건조,맑음,교차로 - 교차로안,승용,남,28세,경상,승용,남,52세,상해없음
2020061300100406,2020년 6월 13일 16시,토요일,경기도 수원시 팔달구 인계동,경상사고,0,0,1,0,차대차 - 기타,신호위반,건조,맑음,교차로 - 교차로부근,이륜,남,34세,상해없음,승용,남,28세,경상
2020061300100493,2020년 6월 13일 18시,토요일,경기도 수원시 장안구 파장동,부상신고사고,0,0,0,1,차대차 - 측면충돌,안전운전불이행,건조,맑음,교차로 - 교차로안,승용,남,54세,상해없음,승용,남,44세,부상신고
2020061300100596,2020년 6월 13일 21시,토요일,경기도 수원시 팔달구 팔달로1가,중상사고,0,1,0,0,차대차 - 기타,안전운전불이행,젖음/습기,비,단일로 - 기타,이륜,남,35세,중상,승합,남,58세,상해없음
2020061300100664,2020년 6월 13일 23시,토요일,경기도 수원시 영통구 원천동,부상신고사고,0,0,0,1,차대차 - 기타,안전운전불이행,젖음/습기,비,교차로 - 교차로부근,승용,남,52세,상해없음,승합,남,48세,부상신고
2020061400100011,2020년 6월 14일 00시,일요일,경기도 수원시 권선구 세류동,중상사고,0,1,2,0,차대차 - 측면충돌,신호위반,건조,맑음,교차로 - 교차로안,화물,남,51세,상해없음,승용,남,54세,경상
2020061400100110,2020년 6월 14일 09시,일요일,경기도 수원시 영통구 매탄동,부상신고사고,0,0,0,1,차량단독 - 기타,안전운전불이행,건조,맑음,교차로 - 교차로안,승용,여,23세,부상신고,,,,
2020061400100126,2020년 6월 14일 10시,일요일,경기도 수원시 팔달구 인계동,부상신고사고,0,0,0,1,차대차 - 추돌,안전운전불이행,건조,맑음,단일로 - 기타,이륜,남,23세,부상신고,승용,남,52세,상해없음
2020061400100150,2020년 6월 14일 11시,일요일,경기도 수원시 팔달구 매산로1가,경상사고,0,0,2,0,차대차 - 측면충돌,안전운전불이행,건조,맑음,단일로 - 기타,승용,남,38세,상해없음,승용,남,31세,경상
2020061400100233,2020년 6월 14일 14시,일요일,경기도 수원시 권선구 호매실동,경상사고,0,0,1,0,차대차 - 기타,안전운전불이행,건조,맑음,단일로 - 기타,승용,남,57세,상해없음,승용,남,28세,상해없음
2020061400100335,2020년 6월 14일 17시,일요일,경기도 수원시 권선구 고색동,경상사고,0,0,2,0,차대차 - 기타,안전운전불이행,건조,맑음,단일로 - 기타,승용,남,59세,상해없음,승용,남,30세,경상
2020061400100399,2020년 6월 14일 19시,일요일,경기도 수원시 장안구 조원동,경상사고,0,0,1,0,차대차 - 기타,안전운전불이행,건조,맑음,단일로 - 기타,이륜,남,31세,상해없음,이륜,남,57세,경상
2020061400100403,2020년 6월 14일 19시,일요일,경기도 수원시 권선구 권선동,경상사고,0,0,1,0,차대차 - 측면충돌,안전운전불이행,건조,맑음,단일로 - 기타,승용,여,51세,상해없음,자전거,남,25세,경상
2020061400100460,2020년 6월 14일 21시,일요일,경기도 수원시 장안구 영화동,중상사고,0,1,0,0,차대사람 - 횡단중,안전운전불이행,건조,맑음,단일로 - 기타,승용,남,56세,상해없음,보행자,남,74세,중상
2020061400100461,2020년 6월 14일 21시,일요일,경기도 수원시 영통구 원천동,경상사고,0,0,1,0,차대차 - 기타,안전운전불이행,건조,맑음,기타 - 기타,승용,남,38세,상해없음,승용,남,19세,경상