사고번호,사고일시,요일,시군구,사고내용,사망자수,중상자수,경상자수,부상신고자수,사고유형,법규위반,노면상태,기상상태,도로형태,가해운전자 차종,가해운전자 성별,가해운전자 연령,가해운전자 상해정도,피해운전자 차종,피해운전자 성별,피해운전자 연령,피해운전자 상해정도
2020061400100488,2020년 6월 14일 22시,일요일,경기도 수원시 팔달구 장안동,경상사고,0,0,1,1,차대차 - 기타,안전운전불이행,건조,맑음,단일로 - 기타,승용,남,26세,상해없음,이륜,남,26세,경상
2020061500100028,2020년 6월 15일 04시,월요일,경기도 수원시 팔달구 인계동,경상사고,0,0,1,0,차대사람 - 길가장자리구역통행중,안전운전불이행,건조,맑음,단일로 - 기타,승용,남,22세,상해없음,보행자,남,21세,경상
2020061500100046,2020년 6월 15일 06시,월요일,경기도 수원시 권선구 서둔동,경상사고,0,0,1,0,차대차 - 추돌,안전거리미확보,건조,맑음,교차로 - 교차로부근,승합,남,66세,상해없음,승용,남,41세,경상
2020061500100225,2020년 6월 15일 11시,월요일,경기도 수원시 팔달구 인계동,중상사고,0,1,0,0,차대사람 - 횡단중,보행자보호의무위반,건조,맑음,교차로 - 교차로횡단보도내,승용,남,36세,상해없음,보행자,여,47세,중상
2020061500100291,2020년 6월 15일 13시,월요일,경기도 수원시 장안구 율전동,부상신고사고,0,0,0,1,차대차 - 기타,안전운전불이행,건조,맑음,교차로 - 교차로안,승용,남,63세,상해없음,이륜,남,27세,부상신고
2020061500100292,2020년 6월 15일 13시,월요일,경기도 수원시 팔달구 팔달로1가,중상사고,0,1,2,0,차대차 - 추돌,안전운전불이행,건조,맑음,단일로 - 기타,승용,남,34세,상해없음,승용,남,64세,경상
2020061500100325,2020년 6월 15일 14시,월요일,경기도 수원시 장안구 영화동,경상사고,0,0,1,0,차대차 - 기타,교차로운행방법위반,건조,맑음,교차로 - 교차로안,승용,남,30세,상해없음,이륜,남,53세,경상
2020061500100326,2020년 6월 15일 14시,월요일,경기도 수원시 장안구 정자동,경상사고,0,0,1,0,차대사람 - 기타,안전운전불이행,건조,맑음,단일로 - 기타,승용,여,52세,상해없음,보행자,남,71세,경상
2020061500100334,2020년 6월 15일 14시,월요일,경기도 수원시 영통구 신동,경상사고,0,0,2,1,차대차 - 추돌,안전운전불이행,건조,맑음,교차로 - 교차로부근,승합,남,44세,상해없음,승용,여,33세,경상
2020061500100377,2020년 6월 15일 15시,월요일,경기도 수원시 팔달구 우만동,경상사고,0,0,1,0,차대차 - 기타,신호위반,건조,맑음,교차로 - 교차로안,승합,남,43세,상해없음,승용,여,27세,경상
2020061500100414,2020년 6월 15일 16시,월요일,경기도 수원시 장안구 송죽동,부상신고사고,0,0,0,1,차대차 - 추돌,안전운전불이행,건조,맑음,교차로 - 교차로안,승용,남,49세,상해없음,자전거,남,9세,부상신고
2020061500100415,2020년 6월 15일 16시,월요일,경기도 수원시 팔달구 화서동,경상사고,0,0,1,0,차대사람 - 기타,안전운전불이행,건조,맑음,단일로 - 기타,승용,여,63세,상해없음,보행자,여,70세,경상
2020061500100475,2020년 6월 15일 17시,월요일,경기도 수원시 팔달구 남수동,경상사고,0,0,1,0,차대차 - 기타,안전운전불이행,건조,맑음,교차로 - 교차로안,자전거,남,63세,경상,승용,남,64세,상해없음
2020061500100541,2020년 6월 15일 18시,월요일,경기도 수원시 팔달구 화서동,부상신고사고,0,0,0,1,차대사람 - 기타,안전운전불이행,건조,맑음,단일로 - 기타,자전거,남,11세,부상신고,보행자,남,73세,상해없음
2020061500100542,2020년 6월 15일 18시,월요일,경기도 수원시 장안구 연무동,경상사고,0,0,1,0,차대차 - 측면충돌,안전거리미확보,건조,맑음,단일로 - 기타,승합,남,65세,상해없음,승용,남,42세,경상
2020061500100553,2020년 6월 15일 18시,월요일,경기도 수원시 권선구 금곡동,경상사고,0,0,1,0,차대차 - 측면충돌,신호위반,건조,맑음,교차로 - 교차로부근,이륜,남,19세,상해없음,승용,남,51세,경상
2020061500100554,2020년 6월 15일 18시,월요일,경기도 수원시 팔달구 매산로1가,경상사고,0,0,1,0,차대차 - 측면충돌,안전운전불이행,건조,맑음,단일로 - 기타,승용,여,36세,상해없음,승합,남,45세,경상
2020061500100590,2020년 6월 15일 19시,월요일,경기도 수원시 팔달구 매산로3가,경상사고,0,0,1,0,차대차 - 측면충돌,안전운전불이행,건조,맑음,단일로 - 기타,승용,여,33세,상해없음,승용,남,55세,경상
2020061500100693,2020년 6월 15일 23시,월요일,경기도 수원시 팔달구 인계동,중상사고,0,1,0,0,차대차 - 추돌,안전운전불이행,건조,맑음,단일로 - 기타,이륜,남,43세,중상,건설기계,남,49세,상해없음
2020061600100105,2020년 6월 16일 08시,화요일,경기도 수원시 권선구 권선동,중상사고,0,1,0,0,차대차 - 측면충돌,신호위반,건조,맑음,교차로 - 교차로안,승용,여,52세,상해없음,승용,남,72세,중상
2020061600100145,2020년 6월 16일 09시,화요일,경기도 수원시 장안구 정자동,경상사고,0,0,1,0,차대차 - 측면충돌,신호위반,건조,맑음,교차로 - 교차로안,승용,남,58세,상해없음,승용,남,37세,경상
2020061600100147,2020년 6월 16일 09시,화요일,경기도 수원시 영통구 영통동,경상사고,0,0,2,0,차대차 - 측면충돌,안전운전불이행,건조,맑음,단일로 - 기타,승용,여,46세,상해없음,승용,여,38세,경상
2020061600100215,2020년 6월 16일 11시,화요일,경기도 수원시 장안구 영화동,경상사고,0,0,1,0,차대사람 - 기타,안전운전불이행,건조,맑음,교차로 - 교차로안,승용,여,34세,상해없음,보행자,남,71세,경상
2020061600100250,2020년 6월 16일 12시,화요일,경기도 수원시 영통구 이의동,경상사고,0,0,1,0,차대차 - 측면충돌,안전운전불이행,건조,맑음,교차로 - 교차로안,승용,남,22세,상해없음,자전거,남,58세,경상
2020061600100317,2020년 6월 16일 14시,화요일,경기도 수원시 영통구 매탄동,중상사고,0,1,0,0,차대사람 - 차도통행중,안전운전불이행,건조,맑음,단일로 - 기타,승용,여,49세,상해없음,보행자,여,81세,중상
2020061600100353,2020년 6월 16일 15시,화요일,경기도 수원시 장안구 이목동,경상사고,0,0,1,0,차대차 - 기타,안전운전불이행,건조,맑음,교차로 - 교차로부근,승합,남,70세,상해없음,이륜,남,21세,경상
2020061600100503,2020년 6월 16일 18시,화요일,경기도 수원시 영통구 이의동,부상신고사고,0,0,0,1,차대차 - 기타,차로위반,건조,맑음,교차로 - 교차로안,승용,여,57세,상해없음,승용,여,30세,부상신고
2020061600100585,2020년 6월 16일 20시,화요일,경기도 수원시 권선구 서둔동,경상사고,0,0,1,0,차대차 - 측면충돌,신호위반,건조,맑음,교차로 - 교차로안,자전거,남,56세,경상,승합,남,51세,상해없음
2020061600100622,2020년 6월 16일 21시,화요일,경기도 수원시 권선구 권선동,중상사고,0,1,0,0,차대차 - 측면충돌,신호위반,건조,맑음,교차로 - 교차로안,승용,남,64세,상해없음,승용,여,30세,중상
2020061700100031,2020년 6월 17일 04시,수요일,경기도 수원시 장안구 영화동,부상신고사고,0,0,0,1,차대차 - 기타,안전운전불이행,건조,맑음,교차로 - 교차로안,승합,남,55세,상해없음,자전거,남,50세,부상신고
2020061700100041,2020년 6월 17일 05시,수요일,경기도 수원시 팔달구 팔달로1가,경상사고,0,0,2,0,차대차 - 기타,신호위반,건조,맑음,교차로 - 교차로부근,이륜,남,69세,경상,승합,남,43세,경상
2020061700100043,2020년 6월 17일 05시,수요일,경기도 수원시 영통구 원천동,중상사고,0,1,0,0,차대사람 - 횡단중,안전운전불이행,건조,맑음,단일로 - 기타,승용,남,63세,상해없음,보행자,남,71세,중상
2020061700100067,2020년 6월 17일 07시,수요일,경기도 수원시 영통구 원천동,경상사고,0,0,1,0,차대차 - 기타,안전운전불이행,건조,맑음,교차로 - 교차로부근,자전거,남,32세,경상,승용,남,35세,상해없음
2020061700100110,2020년 6월 17일 08시,수요일,경기도 수원시 영통구 이의동,경상사고,0,0,1,0,차대사람 - 기타,안전운전불이행,건조,맑음,기타 - 기타,승용,여,58세,상해없음,보행자,여,25세,경상
2020061700100111,2020년 6월 17일 08시,수요일,경기도 수원시 팔달구 인계동,경상사고,0,0,1,0,차대사람 - 횡단중,안전운전불이행,건조,맑음,단일로 - 기타,승용,여,42세,상해없음,보행자,여,25세,경상
2020061700100113,2020년 6월 17일 08시,수요일,경기도 수원시 권선구 호매실동,부상신고사고,0,0,0,1,차대차 - 측면충돌,안전운전불이행,건조,맑음,단일로 - 기타,승용,남,30세,부상신고,승용,남,53세,상해없음
2020061700100174,2020년 6월 17일 10시,수요일,경기도 수원시 권선구 고색동,경상사고,0,0,1,0,차대차 - 기타,안전운전불이행,건조,맑음,단일로 - 기타,화물,남,43세,상해없음,이륜,남,60세,경상
2020061700100276,2020년 6월 17일 13시,수요일,경기도 수원시 영통구 영통동,부상신고사고,0,0,0,2,차대차 - 기타,중앙선침범,건조,맑음,단일로 - 기타,승용,여,71세,부상신고,승용,남,50세,상해없음
2020061700100359,2020년 6월 17일 15시,수요일,경기도 수원시 팔달구 인계동,경상사고,0,0,1,0,차대차 - 측면충돌,안전운전불이행,건조,맑음,단일로 - 기타,화물,남,56세,상해없음,승용,남,33세,경상
2020061700100360,2020년 6월 17일 15시,수요일,경기도 수원시 권선구 서둔동,중상사고,0,1,2,0,차대차 - 후진중충돌,안전운전불이행,건조,맑음,교차로 - 교차로부근,승합,남,56세,경상,승용,여,34세,경상
2020061700100419,2020년 6월 17일 17시,수요일,경기도 수원시 영통구 영통동,경상사고,0,0,1,0,차대차 - 기타,안전거리미확보,건조,맑음,단일로 - 기타,승합,남,57세,상해없음,승용,남,23세,경상
2020061700100423,2020년 6월 17일 17시,수요일,경기도 수원시 권선구 입북동,경상사고,0,0,1,0,차대차 - 기타,안전거리미확보,건조,맑음,단일로 - 기타,승용,여,31세,상해없음,승용,여,32세,경상
2020061700100464,2020년 6월 17일 18시,수요일,경기도 수원시 권선구 권선동,경상사고,0,0,3,0,차대차 - 측면충돌,중앙선침범,건조,맑음,교차로 - 교차로부근,승용,여,42세,기타불명,승용,여,32세,경상
2020061700100509,2020년 6월 17일 19시,수요일,경기도 수원시 팔달구 매산로1가,경상사고,0,0,1,0,차대차 - 추돌,안전운전불이행,건조,맑음,단일로 - 기타,승합,남,64세,상해없음,승용,여,52세,경상
2020061700100540,2020년 6월 17일 20시,수요일,경기도 수원시 팔달구 고등동,경상사고,0,0,3,0,차대차 - 추돌,안전운전불이행,건조,맑음,단일로 - 기타,승용,남,65세,상해없음,승용,남,26세,경상
2020061700100568,2020년 6월 17일 21시,수요일,경기도 수원시 권선구 권선동,경상사고,0,0,4,0,차대차 - 측면충돌,안전운전불이행,건조,맑음,단일로 - 기타,승용,여,54세,상해없음,승용,여,42세,경상
2020061700100624,2020년 6월 17일 23시,수요일,경기도 수원시 영통구 매탄동,경상사고,0,0,1,0,차대차 - 측면충돌,중앙선침범,건조,맑음,교차로 - 교차로부근,승용,남,34세,상해없음,화물,남,57세,경상
2020061700100627,2020년 6월 17일 23시,수요일,경기도 수원시 영통구 이의동,경상사고,0,0,1,1,차대차 - 추돌,안전운전불이행,건조,맑음,단일로 - 기타,승용,여,28세,부상신고,승용,남,36세,경상
2020061800100004,2020년 6월 18일 00시,목요일,경기도 수원시 팔달구 인계동,경상사고,0,0,1,0,차대사람 - 차도통행중,안전운전불이행,건조,맑음,단일로 - 기타,승용,남,20세,상해없음,보행자,남,29세,경상
2020061800100123,2020년 6월 18일 08시,목요일,경기도 수원시 장안구 정자동,경상사고,0,0,1,0,차대차 - 기타,안전운전불이행,건조,맑음,기타 - 기타,자전거,여,54세,경상,자전거,남,43세,상해없음
2020061800100124,2020년 6월 18일 08시,목요일,경기도 수원시 팔달구 지동,경상사고,0,0,1,0,차대차 - 측면충돌,기타,건조,맑음,단일로 - 기타,승합,남,58세,상해없음,자전거,남,77세,경상
2020061800100174,2020년 6월 18일 09시,목요일,경기도 수원시 권선구 권선동,경상사고,0,0,2,0,차대차 - 측면충돌,안전운전불이행,건조,맑음,교차로 - 교차로안,승용,여,23세,상해없음,승용,남,20세,경상
2020061800100175,2020년 6월 18일 09시,목요일,경기도 수원시 권선구 권선동,경상사고,0,0,1,0,차대차 - 측면충돌,신호위반,건조,맑음,교차로 - 교차로안,특수,남,21세,상해없음,이륜,남,24세,경상
2020061800100280,2020년 6월 18일 12시,목요일,경기도 수원시 팔달구 인계동,경상사고,0,0,2,0,차대차 - 추돌,안전운전불이행,건조,맑음,단일로 - 기타,승합,남,61세,상해없음,승용,여,54세,경상
2020061800100307,2020년 6월 18일 13시,목요일,경기도 수원시 팔달구 화서동,경상사고,0,0,2,0,차대차 - 정면충돌,안전운전불이행,건조,맑음,단일로 - 기타,승용,여,53세,경상,승용,남,68세,상해없음
2020061800100312,2020년 6월 18일 13시,목요일,경기도 수원시 팔달구 매산로1가,경상사고,0,0,2,0,차대차 - 기타,안전운전불이행,건조,맑음,교차로 - 교차로안,승용,남,66세,기타불명,승합,남,44세,경상
2020061800100396,2020년 6월 18일 16시,목요일,경기도 수원시 팔달구 인계동,중상사고,0,2,3,0,차대차 - 기타,신호위반,건조,맑음,교차로 - 교차로안,승용,남,22세,상해없음,이륜,남,58세,중상
2020061800100467,2020년 6월 18일 18시,목요일,경기도 수원시 영통구 영통동,경상사고,0,0,1,0,차대차 - 측면충돌,안전운전불이행,건조,맑음,교차로 - 교차로안,승합,남,63세,상해없음,승용,여,26세,경상
2020061900100107,2020년 6월 19일 08시,금요일,경기도 수원시 장안구 정자동,경상사고,0,0,1,0,차대차 - 기타,불법유턴,건조,맑음,교차로 - 교차로안,승용,여,52세,상해없음,이륜,남,18세,경상
2020061900100111,2020년 6월 19일 08시,금요일,경기도 수원시 영통구 매탄동,중상사고,0,1,0,0,차대사람 - 횡단중,안전운전불이행,건조,맑음,교차로 - 교차로부근,승용,여,45세,상해없음,보행자,여,79세,중상
2020061900100112,2020년 6월 19일 08시,금요일,경기도 수원시 영통구 하동,경상사고,0,0,1,0,차대차 - 추돌,안전운전불이행,건조,맑음,단일로 - 기타,승용,여,29세,상해없음,승용,남,49세,경상
2020061900100182,2020년 6월 19일 10시,금요일,경기도 수원시 영통구 영통동,경상사고,0,0,1,0,차대차 - 측면충돌,교차로운행방법위반,건조,맑음,교차로 - 교차로안,화물,남,60세,상해없음,이륜,남,57세,경상
2020061900100210,2020년 6월 19일 11시,금요일,경기도 수원시 장안구 천천동,경상사고,0,0,1,0,차대차 - 기타,교차로운행방법위반,건조,맑음,교차로 - 교차로부근,자전거,남,56세,경상,승용,여,33세,상해없음
2020061900100256,2020년 6월 19일 12시,금요일,경기도 수원시 팔달구 북수동,경상사고,0,0,5,2,차대차 - 기타,교차로운행방법위반,건조,맑음,교차로 - 교차로안,승용,남,64세,부상신고,승합,남,50세,부상신고
2020061900100379,2020년 6월 19일 15시,금요일,경기도 수원시 권선구 세류동,경상사고,0,0,2,0,차대차 - 측면충돌,안전운전불이행,건조,맑음,단일로 - 기타,이륜,남,45세,상해없음,승용,여,58세,경상
2020061900100381,2020년 6월 19일 15시,금요일,경기도 수원시 권선구 세류동,경상사고,0,0,1,0,차대사람 - 기타,안전운전불이행,건조,맑음,단일로 - 기타,화물,여,68세,상해없음,보행자,남,8세,경상
2020061900100480,2020년 6월 19일 17시,금요일,경기도 수원시 팔달구 화서동,중상사고,0,1,2,0,차대차 - 기타,신호위반,건조,맑음,교차로 - 교차로부근,승용,여,45세,경상,승용,여,56세,경상
2020061900100486,2020년 6월 19일 17시,금요일,경기도 수원시 팔달구 인계동,중상사고,0,1,0,0,차대차 - 측면충돌,안전운전불이행,건조,맑음,교차로 - 교차로부근,승용,남,49세,상해없음,이륜,남,23세,중상
2020061900100487,2020년 6월 19일 17시,금요일,경기도 수원시 팔달구 인계동,경상사고,0,0,1,0,차대차 - 측면충돌,안전운전불이행,건조,맑음,교차로 - 교차로안,승용,여,20세,상해없음,승용,남,50세,경상
2020061900100545,2020년 6월 19일 18시,금요일,경기도 수원시 장안구 영화동,중상사고,0,1,0,0,차대사람 - 기타,안전운전불이행,건조,맑음,단일로 - 기타,개인형이동수단(PM),여,20세,상해없음,보행자,여,31세,중상
2020061900100677,2020년 6월 19일 21시,금요일,경기도 수원시 권선구 당수동,경상사고,0,0,1,0,차대차 - 기타,신호위반,건조,맑음,교차로 - 교차로안,승용,남,57세,상해없음,승용,남,19세,경상
2020062000100009,2020년 6월 20일 00시,토요일,경기도 수원시 권선구 탑동,경상사고,0,0,1,0,차대차 - 기타,안전운전불이행,건조,맑음,교차로 - 교차로안,승용,남,31세,상해없음,승용,남,51세,경상
2020062000100039,2020년 6월 20일 02시,토요일,경기도 수원시 권선구 탑동,경상사고,0,0,2,0,차대차 - 기타,신호위반,건조,맑음,교차로 - 교차로안,승용,남,18세,상해없음,승용,남,60세,경상
2020062000100070,2020년 6월 20일 05시,토요일,경기도 수원시 권선구 대황교동,부상신고사고,0,0,0,1,차량단독 - 공작물충돌,안전운전불이행,건조,맑음,교차로 - 교차로안,승용,남,28세,부상신고,,,,
2020062000100104,2020년 6월 20일 08시,토요일,경기도 수원시 권선구 서둔동,중상사고,0,1,1,0,차대사람 - 기타,안전운전불이행,건조,맑음,단일로 - 기타,자전거,여,57세,중상,보행자,남,69세,경상
2020062000100130,2020년 6월 20일 09시,토요일,경기도 수원시 팔달구 인계동,중상사고,0,1,0,0,차대차 - 기타,안전거리미확보,건조,맑음,단일로 - 기타,화물,남,74세,상해없음,이륜,남,31세,중상
2020062000100246,2020년 6월 20일 12시,토요일,경기도 수원시 장안구 율전동,중상사고,0,1,1,0,차대차 - 측면충돌,신호위반,건조,맑음,교차로 - 교차로안,이륜,남,27세,중상,승용,남,41세,경상
2020062000100247,2020년 6월 20일 12시,토요일,경기도 수원시 장안구 정자동,경상사고,0,0,1,0,차대차 - 기타,안전운전불이행,건조,맑음,교차로 - 교차로안,승용,남,56세,상해없음,승용,남,61세,경상
2020062000100341,2020년 6월 20일 14시,토요일,경기도 수원시 팔달구 매산로1가,경상사고,0,0,1,0,차대사람 - 기타,안전운전불이행,건조,맑음,주차장 - 주차장,승용,여,50세,상해없음,보행자,여,46세,경상
2020062000100463,2020년 6월 20일 17시,토요일,경기도 수원시 권선구 평동,경상사고,0,0,6,1,차대차 - 추돌,안전운전불이행,건조,맑음,단일로 - 기타,승합,남,51세,상해없음,승합,남,49세,경상
2020062000100543,2020년 6월 20일 19시,토요일,경기도 수원시 장안구 송죽동,경상사고,0,0,1,0,차대차 - 추돌,안전운전불이행,건조,맑음,교차로 - 교차로안,승합,남,55세,상해없음,승용,남,55세,경상
2020062000100545,2020년 6월 20일 19시,토요일,경기도 수원시 영통구 원천동,경상사고,0,0,1,0,차대사람 - 길가장자리구역통행중,안전운전불이행,건조,맑음,기타 - 기타,승용,여,48세,상해없음,보행자,남,31세,경상
2020062000100546,2020년 6월 20일 19시,토요일,경기도 수원시 팔달구 인계동,경상사고,0,0,1,0,차대차 - 기타,안전운전불이행,건조,맑음,기타 - 기타,승용,남,34세,상해없음,승용,남,60세,상해없음
2020062000100550,2020년 6월 20일 19시,토요일,경기도 수원시 권선구 금곡동,부상신고사고,0,0,0,1,차대사람 - 기타,안전운전불이행,건조,맑음,단일로 - 기타,이륜,남,39세,상해없음,보행자,남,5세,부상신고
2020062000100551,2020년 6월 20일 19시,토요일,경기도 수원시 권선구 호매실동,경상사고,0,0,2,1,차대차 - 기타,안전운전불이행,건조,맑음,단일로 - 기타,승합,남,23세,상해없음,화물,남,62세,경상
2020062000100576,2020년 6월 20일 20시,토요일,경기도 수원시 장안구 정자동,경상사고,0,0,1,0,차대사람 - 기타,안전운전불이행,건조,맑음,교차로 - 교차로안,승용,남,52세,상해없음,보행자,남,26세,경상
2020062000100579,2020년 6월 20일 20시,토요일,경기도 수원시 권선구 금곡동,경상사고,0,0,1,0,차대차 - 기타,안전운전불이행,건조,맑음,단일로 - 기타,승용,남,57세,상해없음,이륜,남,53세,경상
2020062000100644,2020년 6월 20일 22시,토요일,경기도 수원시 권선구 권선동,부상신고사고,0,0,0,1,차대사람 - 횡단중,안전운전불이행,건조,맑음,단일로 - 기타,승용,남,28세,상해없음,보행자,여,23세,부상신고
2020062100100026,2020년 6월 21일 01시,일요일,경기도 수원시 권선구 구운동,중상사고,0,1,0,0,차대차 - 추돌,안전운전불이행,건조,맑음,단일로 - 기타,승용,남,71세,중상,건설기계,남,34세,기타불명
2020062100100080,2020년 6월 21일 06시,일요일,경기도 수원시 팔달구 인계동,경상사고,0,0,1,0,차대차 - 기타,안전운전불이행,건조,맑음,단일로 - 기타,승용,남,55세,상해없음,이륜,남,29세,경상
2020062100100280,2020년 6월 21일 15시,일요일,경기도 수원시 팔달구 우만동,경상사고,0,0,1,0,차대차 - 후진중충돌,안전운전불이행,건조,맑음,교차로 - 교차로안,승용,남,41세,상해없음,승용,여,29세,경상
2020062100100281,2020년 6월 21일 15시,일요일,경기도 수원시 팔달구 화서동,경상사고,0,0,1,0,차대차 - 측면충돌,안전운전불이행,건조,맑음,교차로 - 교차로부근,화물,남,52세,상해없음,승용,남,29세,경상
2020062100100468,2020년 6월 21일 21시,일요일,경기도 수원시 권선구 서둔동,경상사고,0,0,1,0,차대차 - 기타,안전운전불이행,건조,흐림,단일로 - 기타,승용,여,20세,상해없음,승용,남,26세,경상
2020062100100512,2020년 6월 21일 23시,일요일,경기도 수원시 권선구 서둔동,중상사고,0,2,0,0,차대차 - 추돌,안전운전불이행,건조,맑음,단일로 - 기타,승용,남,60세,상해없음,승용,남,52세,중상
2020062200100074,2020년 6월 22일 07시,월요일,경기도 수원시 영통구 이의동,중상사고,0,1,0,0,차대차 - 기타,안전거리미확보,건조,맑음,단일로 - 기타,화물,남,53세,상해없음,승용,남,56세,중상
2020062200100102,2020년 6월 22일 08시,월요일,경기도 수원시 장안구 율전동,경상사고,0,0,1,0,차대사람 - 기타,안전운전불이행,건조,맑음,교차로 - 교차로부근,승용,남,45세,상해없음,보행자,남,29세,경상
2020062200100246,2020년 6월 22일 11시,월요일,경기도 수원시 장안구 영화동,경상사고,0,0,1,0,차대차 - 측면충돌,안전거리미확보,건조,맑음,단일로 - 기타,승용,남,69세,상해없음,승용,여,35세,경상
2020062200100283,2020년 6월 22일 12시,월요일,경기도 수원시 영통구 영통동,경상사고,0,0,1,0,차대차 - 측면충돌,직진우회전진행방해,건조,맑음,교차로 - 교차로안,승용,남,22세,상해없음,승용,남,38세,경상
2020062200100325,2020년 6월 22일 13시,월요일,경기도 수원시 팔달구 인계동,경상사고,0,0,5,0,차대차 - 측면충돌,안전거리미확보,건조,맑음,단일로 - 기타,건설기계,남,62세,상해없음,승용,남,48세,경상
2020062200100462,2020년 6월 22일 16시,월요일,경기도 수원시 권선구 세류동,부상신고사고,0,0,0,1,차대차 - 측면충돌,직진우회전진행방해,건조,맑음,교차로 - 교차로안,원동기,남,35세,부상신고,승용,남,57세,상해없음
2020062200100577,2020년 6월 22일 18시,월요일,경기도 수원시 권선구 서둔동,경상사고,0,0,1,0,차대사람 - 기타,안전운전불이행,건조,맑음,기타 - 기타,화물,남,61세,상해없음,보행자,남,55세,경상
2020062200100683,2020년 6월 22일 21시,월요일,경기도 수원시 권선구 권선동,경상사고,0,0,1,0,차대차 - 기타,중앙선침범,건조,맑음,교차로 - 교차로부근,이륜,남,72세,상해없음,승용,여,58세,경상
2020062300100114,2020년 6월 23일 08시,화요일,경기도 수원시 권선구 곡반정동,경상사고,0,0,1,0,차대차 - 측면충돌,안전거리미확보,건조,맑음,단일로 - 기타,승용,남,27세,상해없음,자전거,남,62세,경상
2020062300100115,2020년 6월 23일 08시,화요일,경기도 수원시 팔달구 인계동,경상사고,0,0,1,0,차대차 - 추돌,안전운전불이행,건조,맑음,단일로 - 기타,승용,여,37세,상해없음,승용,남,57세,경상
2020062300100202,2020년 6월 23일 10시,화요일,경기도 수원시 팔달구 화서동,부상신고사고,0,0,0,1,차대사람 - 기타,안전운전불이행,건조,흐림,단일로 - 기타,승용,남,54세,상해없음,보행자,남,29세,부상신고
2020062300100465,2020년 6월 23일 17시,화요일,경기도 수원시 권선구 권선동,경상사고,0,0,1,0,차대차 - 기타,안전거리미확보,건조,맑음,단일로 - 기타,승용,여,57세,상해없음,승용,남,68세,경상
2020062300100466,2020년 6월 23일 17시,화요일,경기도 수원시 팔달구 매산로2가,경상사고,0,0,1,0,차대차 - 정면충돌,안전운전불이행,건조,맑음,교차로 - 교차로안,자전거,남,65세,경상,승용,여,56세,상해없음
2020062300100511,2020년 6월 23일 18시,화요일,경기도 수원시 권선구 세류동,부상신고사고,0,0,0,1,차대사람 - 기타,안전운전불이행,건조,맑음,교차로 - 교차로부근,승용,여,52세,상해없음,보행자,남,52세,부상신고
2020062300100635,2020년 6월 23일 21시,화요일,경기도 수원시 영통구 영통동,중상사고,0,1,0,0,차대차 - 정면충돌,안전운전불이행,기타,맑음,교차로 - 교차로안,승용,남,49세,상해없음,승용,여,32세,중상
2020062400100144,2020년 6월 24일 09시,수요일,경기도 수원시 장안구 연무동,경상사고,0,0,1,0,차대차 - 기타,불법유턴,건조,맑음,교차로 - 교차로안,화물,남,57세,상해없음,승용,남,29세,경상
2020062400100188,2020년 6월 24일 11시,수요일,경기도 수원시 팔달구 화서동,부상신고사고,0,0,0,1,차량단독 - 기타,안전운전불이행,젖음/습기,비,교차로 - 교차로부근,원동기,남,39세,부상신고,,,,
2020062400100193,2020년 6월 24일 11시,수요일,경기도 수원시 권선구 권선동,경상사고,0,0,2,0,차대차 - 측면충돌,교차로운행방법위반,건조,맑음,교차로 - 교차로안,화물,남,66세,경상,승용,남,36세,경상
2020062400100221,2020년 6월 24일 12시,수요일,경기도 수원시 권선구 세류동,경상사고,0,0,1,0,차대차 - 측면충돌,안전운전불이행,젖음/습기,비,단일로 - 기타,화물,남,48세,상해없음,이륜,남,37세,경상
2020062400100222,2020년 6월 24일 12시,수요일,경기도 수원시 영통구 이의동,경상사고,0,0,1,0,차대차 - 측면충돌,신호위반,젖음/습기,비,교차로 - 교차로안,승용,여,61세,상해없음,이륜,남,36세,경상
2020062400100297,2020년 6월 24일 14시,수요일,경기도 수원시 영통구 하동,경상사고,0,0,1,0,차대차 - 측면충돌,안전운전불이행,젖음/습기,비,교차로 - 교차로안,이륜,남,38세,상해없음,승용,남,27세,경상
2020062400100333,2020년 6월 24일 15시,수요일,경기도 수원시 팔달구 중동,경상사고,0,0,2,0,차대차 - 추돌,안전운전불이행,젖음/습기,비,교차로 - 교차로안,화물,남,62세,상해없음,승용,남,36세,경상
2020062400100338,2020년 6월 24일 15시,수요일,경기도 수원시 팔달구 인계동,경상사고,0,0,1,0,차대차 - 추돌,안전거리미확보,젖음/습기,비,교차로 - 교차로부근,승용,여,48세,상해없음,이륜,남,48세,경상
2020062400100341,2020년 6월 24일 15시,수요일,경기도 수원시 권선구 서둔동,경상사고,0,0,2,0,차대차 - 측면충돌,교차로운행방법위반,건조,맑음,교차로 - 교차로안,화물,남,73세,경상,승합,남,40세,경상
2020062400100463,2020년 6월 24일 18시,수요일,경기도 수원시 영통구 영통동,중상사고,0,1,0,0,차대사람 - 횡단중,안전운전불이행,젖음/습기,비,교차로 - 교차로횡단보도내,승합,남,52세,상해없음,보행자,여,28세,중상
2020062400100505,2020년 6월 24일 19시,수요일,경기도 수원시 장안구 송죽동,경상사고,0,0,1,0,차대차 - 측면충돌,안전운전불이행,젖음/습기,비,단일로 - 기타,이륜,남,39세,상해없음,승용,여,44세,경상
2020062400100675,2020년 6월 24일 23시,수요일,경기도 수원시 팔달구 인계동,경상사고,0,0,2,0,차대차 - 후진중충돌,안전운전불이행,건조,맑음,교차로 - 교차로안,승용,남,50세,상해없음,승용,남,30세,경상