사고번호,사고일시,요일,시군구,사고내용,사망자수,중상자수,경상자수,부상신고자수,사고유형,법규위반,노면상태,기상상태,도로형태,가해운전자 차종,가해운전자 성별,가해운전자 연령,가해운전자 상해정도,피해운전자 차종,피해운전자 성별,피해운전자 연령,피해운전자 상해정도
2020062500100020,2020년 6월 25일 00시,목요일,경기도 수원시 팔달구 우만동,경상사고,0,0,3,0,차대차 - 측면충돌,안전운전불이행,젖음/습기,비,단일로 - 기타,승용,남,40세,상해없음,승용,남,58세,경상
2020062500100039,2020년 6월 25일 01시,목요일,경기도 수원시 권선구 곡반정동,경상사고,0,0,1,0,차대차 - 측면충돌,안전운전불이행,젖음/습기,비,단일로 - 기타,승용,남,40세,상해없음,승용,여,56세,경상
2020062500100088,2020년 6월 25일 06시,목요일,경기도 수원시 영통구 영통동,경상사고,0,0,1,0,차대차 - 추돌,안전거리미확보,건조,맑음,단일로 - 기타,승용,남,47세,상해없음,승용,여,46세,경상
2020062500100102,2020년 6월 25일 07시,목요일,경기도 수원시 영통구 영통동,중상사고,0,1,0,0,차대차 - 기타,안전거리미확보,젖음/습기,흐림,기타 - 기타,승합,남,69세,상해없음,승용,여,40세,상해없음
2020062500100128,2020년 6월 25일 08시,목요일,경기도 수원시 영통구 망포동,경상사고,0,0,1,0,차대차 - 기타,안전운전불이행,건조,맑음,교차로 - 교차로부근,승합,남,59세,상해없음,자전거,남,22세,경상
2020062500100274,2020년 6월 25일 13시,목요일,경기도 수원시 권선구 고색동,경상사고,0,0,1,0,차대차 - 추돌,안전운전불이행,건조,맑음,단일로 - 기타,승용,남,37세,상해없음,승용,남,39세,경상
2020062500100303,2020년 6월 25일 14시,목요일,경기도 수원시 팔달구 장안동,부상신고사고,0,0,0,1,차대차 - 기타,기타,건조,맑음,단일로 - 기타,기타불명,기타불명,미분류,기타불명,승용,남,56세,부상신고
2020062500100339,2020년 6월 25일 15시,목요일,경기도 수원시 권선구 곡반정동,부상신고사고,0,0,0,1,차대차 - 측면충돌,안전운전불이행,건조,맑음,교차로 - 교차로안,이륜,남,26세,부상신고,승용,남,46세,상해없음
2020062500100532,2020년 6월 25일 21시,목요일,경기도 수원시 장안구 율전동,경상사고,0,0,1,0,차대차 - 기타,안전운전불이행,젖음/습기,비,교차로 - 교차로안,승용,여,31세,상해없음,승용,여,53세,경상
2020062500100576,2020년 6월 25일 22시,목요일,경기도 수원시 권선구 곡반정동,경상사고,0,0,1,0,차대차 - 추돌,안전운전불이행,젖음/습기,비,단일로 - 기타,승용,여,46세,상해없음,승용,여,34세,경상
2020062500100577,2020년 6월 25일 22시,목요일,경기도 수원시 권선구 대황교동,경상사고,0,0,1,0,차대차 - 기타,안전운전불이행,젖음/습기,비,단일로 - 기타,이륜,남,23세,경상,승합,남,63세,상해없음
2020062500100578,2020년 6월 25일 22시,목요일,경기도 수원시 권선구 권선동,경상사고,0,0,1,0,차대차 - 측면충돌,안전운전불이행,건조,맑음,단일로 - 기타,승용,남,29세,상해없음,승용,여,33세,경상
2020062500100579,2020년 6월 25일 22시,목요일,경기도 수원시 권선구 세류동,경상사고,0,0,1,0,차대차 - 기타,안전운전불이행,건조,맑음,교차로 - 교차로부근,승용,여,61세,상해없음,승용,여,38세,경상
2020062500100613,2020년 6월 25일 23시,목요일,경기도 수원시 팔달구 교동,경상사고,0,0,3,0,차대차 - 측면충돌,안전거리미확보,젖음/습기,비,단일로 - 기타,승용,여,24세,상해없음,승용,남,63세,경상
2020062600100012,2020년 6월 26일 00시,금요일,경기도 수원시 팔달구 인계동,경상사고,0,0,1,0,차대차 - 기타,교차로운행방법위반,젖음/습기,비,교차로 - 교차로안,승용,여,38세,상해없음,승용,남,32세,경상
2020062600100028,2020년 6월 26일 01시,금요일,경기도 수원시 팔달구 인계동,경상사고,0,0,1,0,차대차 - 정면충돌,안전운전불이행,젖음/습기,비,단일로 - 기타,승용,여,45세,상해없음,이륜,남,61세,경상
2020062600100068,2020년 6월 26일 05시,금요일,경기도 수원시 장안구 파장동,중상사고,0,1,0,0,차대사람 - 기타,기타,젖음/습기,비,단일로 - 기타,승합,남,48세,상해없음,보행자,여,61세,중상
2020062600100121,2020년 6월 26일 08시,금요일,경기도 수원시 영통구 신동,경상사고,0,0,1,0,차대차 - 기타,안전운전불이행,기타,맑음,교차로 - 교차로안,승용,남,45세,상해없음,개인형이동수단(PM),남,29세,경상
2020062600100286,2020년 6월 26일 13시,금요일,경기도 수원시 팔달구 매산로1가,부상신고사고,0,0,0,1,차대사람 - 기타,안전운전불이행,건조,맑음,기타 - 기타,승용,여,31세,상해없음,보행자,여,73세,부상신고
2020062600100287,2020년 6월 26일 13시,금요일,경기도 수원시 권선구 탑동,경상사고,0,0,1,0,차대차 - 기타,안전운전불이행,건조,맑음,교차로 - 교차로안,승용,여,41세,상해없음,승용,여,38세,경상
2020062600100364,2020년 6월 26일 15시,금요일,경기도 수원시 권선구 고색동,경상사고,0,0,1,0,차대차 - 추돌,안전운전불이행,건조,맑음,단일로 - 기타,승용,남,39세,상해없음,승용,남,42세,경상
2020062600100463,2020년 6월 26일 17시,금요일,경기도 수원시 팔달구 매교동,경상사고,0,0,1,0,차대차 - 기타,신호위반,건조,맑음,교차로 - 교차로안,승용,여,30세,상해없음,승용,남,51세,경상
2020062600100464,2020년 6월 26일 17시,금요일,경기도 수원시 영통구 이의동,경상사고,0,0,3,0,차대차 - 측면충돌,안전운전불이행,건조,맑음,단일로 - 기타,승용,남,51세,상해없음,승용,남,48세,상해없음
2020062600100518,2020년 6월 26일 18시,금요일,경기도 수원시 영통구 매탄동,경상사고,0,0,1,0,차대차 - 측면충돌,신호위반,건조,맑음,교차로 - 교차로안,이륜,남,24세,상해없음,승용,남,46세,상해없음
2020062600100678,2020년 6월 26일 22시,금요일,경기도 수원시 권선구 권선동,경상사고,0,0,3,0,차대차 - 추돌,안전운전불이행,건조,맑음,교차로 - 교차로부근,승용,남,43세,상해없음,승용,남,33세,경상
2020062600100679,2020년 6월 26일 22시,금요일,경기도 수원시 장안구 파장동,경상사고,0,0,3,0,차대차 - 추돌,안전운전불이행,건조,맑음,단일로 - 기타,승용,남,26세,상해없음,승용,남,30세,경상
2020062700100115,2020년 6월 27일 08시,토요일,경기도 수원시 권선구 구운동,중상사고,0,1,0,0,차대차 - 기타,안전운전불이행,건조,맑음,단일로 - 기타,승용,남,50세,상해없음,승합,남,60세,상해없음
2020062700100234,2020년 6월 27일 12시,토요일,경기도 수원시 장안구 정자동,중상사고,0,1,0,0,차대차 - 측면충돌,교차로운행방법위반,건조,맑음,교차로 - 교차로부근,이륜,남,50세,중상,승용,남,28세,상해없음
2020062700100235,2020년 6월 27일 12시,토요일,경기도 수원시 장안구 율전동,경상사고,0,0,1,0,차대차 - 정면충돌,안전운전불이행,건조,맑음,단일로 - 기타,자전거,남,12세,경상,승용,남,30세,상해없음
2020062700100237,2020년 6월 27일 12시,토요일,경기도 수원시 권선구 구운동,경상사고,0,0,1,0,차대차 - 측면충돌,안전운전불이행,건조,맑음,단일로 - 기타,승용,남,62세,상해없음,승용,남,54세,경상
2020062700100238,2020년 6월 27일 12시,토요일,경기도 수원시 권선구 서둔동,중상사고,0,1,0,0,차대사람 - 기타,안전운전불이행,건조,맑음,단일로 - 기타,승용,남,51세,상해없음,보행자,여,2세,중상
2020062700100458,2020년 6월 27일 18시,토요일,경기도 수원시 팔달구 우만동,경상사고,0,0,3,0,차대차 - 추돌,안전운전불이행,건조,맑음,단일로 - 기타,승용,남,33세,상해없음,승용,여,47세,경상
2020062700100459,2020년 6월 27일 18시,토요일,경기도 수원시 팔달구 남수동,경상사고,0,0,1,0,차대차 - 측면충돌,안전운전불이행,건조,맑음,교차로 - 교차로안,승용,남,35세,상해없음,승용,남,49세,경상
2020062700100518,2020년 6월 27일 20시,토요일,경기도 수원시 권선구 세류동,경상사고,0,0,1,0,차대사람 - 기타,기타,건조,맑음,교차로 - 교차로부근,승합,남,47세,상해없음,보행자,여,56세,경상
2020062700100551,2020년 6월 27일 21시,토요일,경기도 수원시 장안구 정자동,부상신고사고,0,0,0,1,차대사람 - 기타,안전운전불이행,건조,맑음,기타 - 기타,자전거,여,8세,상해없음,보행자,남,57세,부상신고
2020062700100573,2020년 6월 27일 22시,토요일,경기도 수원시 장안구 영화동,중상사고,0,1,0,0,차대사람 - 기타,안전운전불이행,건조,맑음,교차로 - 교차로횡단보도내,승용,남,44세,상해없음,보행자,남,55세,중상
2020062700100574,2020년 6월 27일 22시,토요일,경기도 수원시 팔달구 인계동,경상사고,0,0,1,0,차대사람 - 기타,안전운전불이행,건조,맑음,단일로 - 기타,승용,남,54세,상해없음,보행자,남,40세,경상
2020062800100209,2020년 6월 28일 13시,일요일,경기도 수원시 장안구 연무동,경상사고,0,0,1,0,차대차 - 기타,교차로운행방법위반,건조,맑음,교차로 - 교차로안,승용,남,36세,상해없음,개인형이동수단(PM),남,30세,경상
2020062800100240,2020년 6월 28일 14시,일요일,경기도 수원시 장안구 영화동,경상사고,0,0,1,0,차대차 - 기타,안전운전불이행,건조,맑음,교차로 - 교차로안,승용,남,32세,상해없음,승용,여,52세,경상
2020062800100343,2020년 6월 28일 17시,일요일,경기도 수원시 영통구 매탄동,경상사고,0,0,3,0,차대차 - 정면충돌,안전운전불이행,기타,맑음,교차로 - 교차로안,이륜,남,27세,경상,승용,여,29세,경상
2020062800100382,2020년 6월 28일 18시,일요일,경기도 수원시 팔달구 인계동,중상사고,0,1,0,0,차대차 - 측면충돌,신호위반,건조,맑음,교차로 - 교차로안,승용,여,53세,상해없음,이륜,남,29세,중상
2020062800100438,2020년 6월 28일 20시,일요일,경기도 수원시 장안구 영화동,경상사고,0,0,1,0,차대차 - 기타,교차로운행방법위반,건조,맑음,교차로 - 교차로부근,승용,여,53세,상해없음,이륜,남,37세,경상
2020062800100465,2020년 6월 28일 21시,일요일,경기도 수원시 팔달구 매향동,경상사고,0,0,4,0,차대차 - 추돌,안전운전불이행,건조,맑음,단일로 - 기타,승용,여,18세,상해없음,승용,남,46세,경상
2020062800100492,2020년 6월 28일 22시,일요일,경기도 수원시 팔달구 인계동,중상사고,0,1,0,0,차대차 - 기타,안전운전불이행,건조,맑음,교차로 - 교차로부근,승용,남,53세,상해없음,승합,여,53세,중상
2020062900100022,2020년 6월 29일 04시,월요일,경기도 수원시 팔달구 인계동,경상사고,0,0,1,0,차대사람 - 기타,안전운전불이행,건조,맑음,교차로 - 교차로부근,이륜,남,27세,상해없음,보행자,남,25세,경상
2020062900100025,2020년 6월 29일 05시,월요일,경기도 수원시 권선구 서둔동,중상사고,0,1,0,0,차대차 - 측면충돌,안전운전불이행,건조,흐림,단일로 - 기타,원동기,남,17세,중상,승용,남,62세,상해없음
2020062900100032,2020년 6월 29일 06시,월요일,경기도 수원시 팔달구 매교동,경상사고,0,0,1,0,차대차 - 기타,안전운전불이행,건조,맑음,단일로 - 기타,건설기계,남,61세,상해없음,승용,남,39세,경상
2020062900100081,2020년 6월 29일 08시,월요일,경기도 수원시 권선구 고색동,경상사고,0,0,1,0,차대사람 - 기타,안전운전불이행,건조,맑음,단일로 - 기타,승용,남,46세,상해없음,보행자,남,76세,경상
2020062900100278,2020년 6월 29일 14시,월요일,경기도 수원시 팔달구 인계동,경상사고,0,0,1,0,차대차 - 측면충돌,신호위반,건조,맑음,교차로 - 교차로안,승용,여,52세,상해없음,이륜,남,52세,경상
2020062900100310,2020년 6월 29일 15시,월요일,경기도 수원시 권선구 금곡동,경상사고,0,0,1,0,차대차 - 정면충돌,안전운전불이행,건조,맑음,단일로 - 기타,승용,남,54세,상해없음,승용,남,32세,경상
2020062900100311,2020년 6월 29일 15시,월요일,경기도 수원시 권선구 구운동,경상사고,0,0,1,0,차량단독 - 기타,기타,젖음/습기,흐림,단일로 - 기타,승합,남,57세,상해없음,,,,
2020062900100572,2020년 6월 29일 21시,월요일,경기도 수원시 영통구 이의동,부상신고사고,0,0,0,4,차대차 - 추돌,안전운전불이행,젖음/습기,비,단일로 - 기타,승용,남,51세,상해없음,승용,남,40세,부상신고
2020062900100573,2020년 6월 29일 21시,월요일,경기도 수원시 권선구 권선동,경상사고,0,0,1,0,차대차 - 추돌,안전운전불이행,건조,맑음,교차로 - 교차로부근,승용,기타불명,미분류,기타불명,승용,남,38세,경상
2020062900100626,2020년 6월 29일 22시,월요일,경기도 수원시 권선구 곡반정동,경상사고,0,0,1,0,차대차 - 정면충돌,안전운전불이행,젖음/습기,비,단일로 - 기타,승용,남,27세,상해없음,승용,남,31세,경상
2020062900100661,2020년 6월 29일 23시,월요일,경기도 수원시 팔달구 인계동,경상사고,0,0,1,0,차대사람 - 길가장자리구역통행중,안전운전불이행,젖음/습기,비,단일로 - 기타,승용,남,29세,상해없음,보행자,남,46세,경상
2020062900100665,2020년 6월 29일 23시,월요일,경기도 수원시 팔달구 매산로2가,경상사고,0,0,2,0,차대차 - 추돌,안전운전불이행,젖음/습기,비,단일로 - 기타,승용,남,30세,상해없음,승용,남,47세,경상
2020063000100011,2020년 6월 30일 00시,화요일,경기도 수원시 권선구 구운동,경상사고,0,0,1,0,차대차 - 측면충돌,안전운전불이행,건조,맑음,단일로 - 기타,승용,남,21세,상해없음,승용,남,58세,경상
2020063000100116,2020년 6월 30일 08시,화요일,경기도 수원시 권선구 권선동,경상사고,0,0,1,0,차대차 - 측면충돌,교차로운행방법위반,젖음/습기,비,교차로 - 교차로부근,승용,여,32세,상해없음,승용,여,58세,경상
2020063000100171,2020년 6월 30일 10시,화요일,경기도 수원시 권선구 입북동,경상사고,0,0,1,0,차대차 - 기타,안전운전불이행,건조,맑음,단일로 - 기타,특수,남,28세,상해없음,승용,남,38세,경상
2020063000100466,2020년 6월 30일 19시,화요일,경기도 수원시 권선구 당수동,경상사고,0,0,1,0,차대차 - 정면충돌,중앙선침범,건조,맑음,단일로 - 기타,승용,여,29세,상해없음,승용,남,34세,경상
2020063000100542,2020년 6월 30일 21시,화요일,경기도 수원시 권선구 금곡동,중상사고,0,1,0,0,차대차 - 후진중충돌,안전운전불이행,젖음/습기,비,교차로 - 교차로부근,승용,남,39세,상해없음,승용,남,31세,중상
2020063000100603,2020년 6월 30일 23시,화요일,경기도 수원시 영통구 매탄동,경상사고,0,0,1,0,차대사람 - 기타,신호위반,젖음/습기,비,교차로 - 교차로횡단보도내,이륜,남,58세,상해없음,보행자,남,49세,경상
2020070100100044,2020년 7월 1일 04시,수요일,경기도 수원시 팔달구 인계동,경상사고,0,0,1,0,차대차 - 측면충돌,차로위반,젖음/습기,흐림,교차로 - 교차로부근,이륜,여,75세,경상,화물,남,61세,상해없음
2020070100100075,2020년 7월 1일 07시,수요일,경기도 수원시 권선구 권선동,경상사고,0,0,1,0,차대차 - 측면충돌,안전운전불이행,건조,맑음,단일로 - 기타,승용,남,39세,상해없음,승용,남,38세,경상
2020070100100142,2020년 7월 1일 09시,수요일,경기도 수원시 장안구 송죽동,경상사고,0,0,1,0,차량단독 - 기타,안전운전불이행,건조,맑음,단일로 - 기타,승합,남,61세,상해없음,,,,
2020070100100198,2020년 7월 1일 11시,수요일,경기도 수원시 영통구 하동,경상사고,0,0,1,0,차대차 - 측면충돌,안전운전불이행,건조,맑음,단일로 - 기타,화물,여,46세,상해없음,이륜,남,28세,경상
2020070100100290,2020년 7월 1일 14시,수요일,경기도 수원시 영통구 이의동,경상사고,0,0,1,0,차대차 - 측면충돌,안전운전불이행,건조,맑음,단일로 - 기타,승용,남,73세,상해없음,이륜,남,23세,경상
2020070100100310,2020년 7월 1일 15시,수요일,경기도 수원시 장안구 송죽동,경상사고,0,0,1,0,차대차 - 추돌,안전운전불이행,건조,맑음,단일로 - 기타,승용,여,72세,기타불명,승용,남,47세,경상
2020070100100318,2020년 7월 1일 15시,수요일,경기도 수원시 권선구 금곡동,중상사고,0,1,0,0,차대사람 - 보도통행중,안전운전불이행,건조,맑음,기타 - 기타,자전거,남,11세,상해없음,보행자,여,37세,중상
2020070100100423,2020년 7월 1일 18시,수요일,경기도 수원시 영통구 매탄동,경상사고,0,0,2,0,차대차 - 추돌,안전운전불이행,건조,맑음,단일로 - 기타,승용,남,31세,상해없음,승용,남,46세,경상
2020070100100467,2020년 7월 1일 19시,수요일,경기도 수원시 영통구 이의동,경상사고,0,0,3,0,차대차 - 추돌,안전운전불이행,건조,맑음,교차로 - 교차로부근,승용,남,38세,상해없음,승용,남,27세,경상
2020070100100500,2020년 7월 1일 20시,수요일,경기도 수원시 팔달구 인계동,경상사고,0,0,1,0,차대사람 - 길가장자리구역통행중,안전운전불이행,건조,맑음,교차로 - 교차로부근,승용,남,67세,상해없음,보행자,여,19세,경상
2020070100100533,2020년 7월 1일 21시,수요일,경기도 수원시 팔달구 인계동,경상사고,0,0,1,0,차대차 - 측면충돌,안전거리미확보,건조,맑음,단일로 - 기타,이륜,남,26세,상해없음,이륜,남,26세,경상
2020070200100006,2020년 7월 2일 00시,목요일,경기도 수원시 영통구 이의동,경상사고,0,0,1,1,차대차 - 측면충돌,신호위반,건조,맑음,교차로 - 교차로안,이륜,남,18세,상해없음,승용,남,53세,경상
2020070200100007,2020년 7월 2일 00시,목요일,경기도 수원시 장안구 하광교동,사망사고,1,0,0,0,차량단독 - 공작물충돌,안전운전불이행,건조,맑음,단일로 - 터널,승용,남,51세,사망,,,,
2020070200100046,2020년 7월 2일 06시,목요일,경기도 수원시 장안구 율전동,경상사고,0,0,1,0,차대차 - 측면충돌,안전운전불이행,건조,맑음,기타 - 기타,승용,남,76세,상해없음,자전거,남,68세,경상
2020070200100103,2020년 7월 2일 08시,목요일,경기도 수원시 권선구 오목천동,경상사고,0,0,1,0,차대차 - 기타,안전거리미확보,건조,맑음,교차로 - 교차로부근,승용,여,39세,상해없음,승용,남,59세,경상
2020070200100170,2020년 7월 2일 10시,목요일,경기도 수원시 장안구 연무동,중상사고,0,1,0,0,차대사람 - 기타,안전운전불이행,건조,맑음,교차로 - 교차로안,승용,여,55세,상해없음,보행자,남,81세,중상
2020070200100232,2020년 7월 2일 12시,목요일,경기도 수원시 팔달구 우만동,경상사고,0,0,1,0,차대차 - 기타,교차로운행방법위반,건조,맑음,교차로 - 교차로안,원동기,남,46세,경상,승용,남,64세,상해없음
2020070200100233,2020년 7월 2일 12시,목요일,경기도 수원시 장안구 정자동,경상사고,0,0,1,1,차대사람 - 횡단중,신호위반,건조,맑음,교차로 - 교차로횡단보도내,승용,남,49세,상해없음,보행자,여,7세,경상
2020070200100234,2020년 7월 2일 12시,목요일,경기도 수원시 권선구 호매실동,중상사고,0,1,0,0,차대차 - 측면충돌,안전운전불이행,건조,맑음,교차로 - 교차로안,승용,여,32세,상해없음,이륜,남,55세,중상
2020070200100273,2020년 7월 2일 13시,목요일,경기도 수원시 팔달구 인계동,경상사고,0,0,1,0,차대차 - 후진중충돌,안전운전불이행,건조,맑음,교차로 - 교차로부근,승용,여,48세,상해없음,승용,남,58세,경상
2020070200100501,2020년 7월 2일 19시,목요일,경기도 수원시 장안구 파장동,중상사고,0,1,0,0,차대사람 - 기타,안전운전불이행,건조,맑음,단일로 - 기타,승용,여,62세,상해없음,보행자,남,13세,중상
2020070200100507,2020년 7월 2일 19시,목요일,경기도 수원시 영통구 망포동,경상사고,0,0,1,0,차대차 - 측면충돌,중앙선침범,건조,맑음,교차로 - 교차로부근,이륜,남,28세,상해없음,승용,남,30세,경상
2020070200100558,2020년 7월 2일 21시,목요일,경기도 수원시 장안구 송죽동,경상사고,0,0,3,0,차대차 - 기타,신호위반,건조,기타,교차로 - 교차로안,승용,남,26세,상해없음,승용,남,26세,경상
2020070200100562,2020년 7월 2일 21시,목요일,경기도 수원시 팔달구 매산로1가,중상사고,0,1,1,0,차대차 - 후진중충돌,안전운전불이행,건조,맑음,단일로 - 기타,화물,남,34세,상해없음,승용,남,49세,경상
2020070300100006,2020년 7월 3일 00시,금요일,경기도 수원시 권선구 권선동,경상사고,0,0,1,1,차대차 - 측면충돌,신호위반,건조,맑음,교차로 - 교차로안,승용,남,38세,상해없음,승용,남,63세,경상
2020070300100028,2020년 7월 3일 02시,금요일,경기도 수원시 팔달구 인계동,경상사고,0,0,1,0,차대사람 - 보도통행중,안전운전불이행,건조,맑음,교차로 - 교차로안,승용,남,32세,상해없음,보행자,남,30세,경상
2020070300100085,2020년 7월 3일 07시,금요일,경기도 수원시 팔달구 화서동,경상사고,0,0,1,0,차대차 - 기타,신호위반,건조,맑음,교차로 - 교차로안,승용,남,73세,상해없음,승용,남,30세,경상
2020070300100111,2020년 7월 3일 08시,금요일,경기도 수원시 권선구 세류동,경상사고,0,0,1,0,차대차 - 기타,안전운전불이행,건조,맑음,단일로 - 고가도로위,이륜,남,31세,상해없음,승용,남,64세,경상
2020070300100209,2020년 7월 3일 11시,금요일,경기도 수원시 영통구 원천동,경상사고,0,0,1,0,차대차 - 기타,기타,건조,맑음,단일로 - 기타,화물,남,42세,상해없음,자전거,남,80세,경상
2020070300100210,2020년 7월 3일 11시,금요일,경기도 수원시 영통구 매탄동,경상사고,0,0,1,0,차대사람 - 차도통행중,안전운전불이행,건조,맑음,단일로 - 기타,승용,여,57세,상해없음,보행자,여,26세,경상
2020070300100214,2020년 7월 3일 11시,금요일,경기도 수원시 권선구 구운동,경상사고,0,0,1,0,차대차 - 기타,신호위반,건조,맑음,교차로 - 교차로안,승용,남,27세,상해없음,화물,남,71세,경상
2020070300100273,2020년 7월 3일 13시,금요일,경기도 수원시 영통구 하동,중상사고,0,1,2,0,차대차 - 측면충돌,신호위반,건조,맑음,교차로 - 교차로부근,승용,남,64세,상해없음,승용,남,23세,경상
2020070300100374,2020년 7월 3일 16시,금요일,경기도 수원시 팔달구 지동,경상사고,0,0,1,0,차대사람 - 기타,안전운전불이행,건조,맑음,단일로 - 기타,승합,남,76세,기타불명,보행자,남,24세,경상
2020070300100376,2020년 7월 3일 16시,금요일,경기도 수원시 영통구 이의동,경상사고,0,0,1,0,차대차 - 기타,안전운전불이행,건조,맑음,교차로 - 교차로안,승용,남,56세,상해없음,승용,남,32세,경상
2020070300100377,2020년 7월 3일 16시,금요일,경기도 수원시 권선구 호매실동,경상사고,0,0,1,0,차대차 - 추돌,안전운전불이행,건조,맑음,교차로 - 교차로부근,승합,남,56세,상해없음,승용,여,30세,경상
2020070300100431,2020년 7월 3일 17시,금요일,경기도 수원시 권선구 권선동,경상사고,0,0,1,0,차대사람 - 횡단중,보행자보호의무위반,건조,맑음,교차로 - 교차로횡단보도내,승용,여,56세,상해없음,보행자,남,49세,경상
2020070300100433,2020년 7월 3일 17시,금요일,경기도 수원시 권선구 세류동,경상사고,0,0,1,2,차대차 - 기타,안전거리미확보,건조,맑음,교차로 - 교차로부근,승용,남,24세,부상신고,승용,여,35세,경상
2020070300100434,2020년 7월 3일 17시,금요일,경기도 수원시 권선구 금곡동,경상사고,0,0,1,0,차대차 - 측면충돌,안전운전불이행,건조,맑음,단일로 - 기타,승용,남,46세,상해없음,승용,여,28세,경상
2020070300100477,2020년 7월 3일 18시,금요일,경기도 수원시 권선구 권선동,경상사고,0,0,1,0,차대차 - 추돌,안전운전불이행,건조,맑음,교차로 - 교차로안,승용,여,31세,상해없음,승용,남,43세,경상
2020070300100482,2020년 7월 3일 18시,금요일,경기도 수원시 권선구 세류동,중상사고,0,1,0,0,차대차 - 추돌,안전운전불이행,건조,맑음,단일로 - 기타,승용,남,29세,상해없음,승용,남,58세,중상
2020070300100483,2020년 7월 3일 18시,금요일,경기도 수원시 권선구 오목천동,경상사고,0,0,2,0,차대차 - 측면충돌,안전거리미확보,건조,맑음,단일로 - 기타,승용,남,26세,경상,승용,남,61세,경상
2020070300100549,2020년 7월 3일 20시,금요일,경기도 수원시 장안구 정자동,중상사고,0,1,0,0,차대차 - 측면충돌,교차로운행방법위반,젖음/습기,비,교차로 - 교차로안,승용,남,41세,상해없음,이륜,남,28세,중상
2020070300100672,2020년 7월 3일 23시,금요일,경기도 수원시 팔달구 우만동,경상사고,0,0,1,0,차대차 - 측면충돌,중앙선침범,건조,맑음,교차로 - 교차로부근,승용,여,49세,상해없음,승용,여,39세,경상
2020070400100016,2020년 7월 4일 00시,토요일,경기도 수원시 권선구 세류동,경상사고,0,0,1,0,차대차 - 추돌,안전운전불이행,젖음/습기,비,교차로 - 교차로부근,승용,남,43세,상해없음,승용,남,57세,경상
2020070400100020,2020년 7월 4일 00시,토요일,경기도 수원시 팔달구 매산로2가,중상사고,0,1,0,0,차대사람 - 횡단중,안전운전불이행,젖음/습기,흐림,단일로 - 기타,승용,남,46세,상해없음,보행자,남,25세,중상
2020070400100091,2020년 7월 4일 04시,토요일,경기도 수원시 권선구 호매실동,경상사고,0,0,3,0,차대차 - 추돌,안전운전불이행,건조,흐림,교차로 - 교차로부근,화물,남,49세,상해없음,화물,남,54세,경상
2020070400100191,2020년 7월 4일 10시,토요일,경기도 수원시 권선구 오목천동,경상사고,0,0,1,0,차대차 - 기타,안전운전불이행,건조,맑음,단일로 - 기타,화물,남,65세,상해없음,자전거,남,41세,경상
2020070400100266,2020년 7월 4일 12시,토요일,경기도 수원시 팔달구 인계동,중상사고,0,1,0,0,차대사람 - 길가장자리구역통행중,기타,건조,맑음,단일로 - 기타,승용,남,78세,상해없음,보행자,여,64세,중상
2020070400100339,2020년 7월 4일 14시,토요일,경기도 수원시 장안구 영화동,경상사고,0,0,1,0,차대차 - 기타,안전운전불이행,건조,맑음,단일로 - 기타,이륜,남,57세,경상,화물,남,54세,상해없음
2020070400100375,2020년 7월 4일 15시,토요일,경기도 수원시 팔달구 장안동,경상사고,0,0,1,0,차대차 - 측면충돌,안전거리미확보,건조,맑음,단일로 - 기타,승용,여,37세,상해없음,승용,여,23세,경상
2020070400100450,2020년 7월 4일 17시,토요일,경기도 수원시 권선구 평동,경상사고,0,0,2,1,차대차 - 측면충돌,안전운전불이행,건조,맑음,단일로 - 기타,승용,남,26세,상해없음,승용,남,35세,경상
2020070400100495,2020년 7월 4일 18시,토요일,경기도 수원시 장안구 율전동,경상사고,0,0,1,0,차대차 - 기타,안전운전불이행,건조,맑음,교차로 - 교차로부근,승용,남,32세,상해없음,승용,남,36세,경상
2020070400100496,2020년 7월 4일 18시,토요일,경기도 수원시 장안구 정자동,부상신고사고,0,0,0,1,차대사람 - 기타,교차로운행방법위반,건조,맑음,교차로 - 교차로안,승용,남,39세,상해없음,보행자,여,11세,부상신고
2020070400100521,2020년 7월 4일 19시,토요일,경기도 수원시 장안구 조원동,경상사고,0,0,1,0,차대사람 - 횡단중,안전운전불이행,건조,맑음,교차로 - 교차로안,승용,남,52세,상해없음,보행자,남,22세,경상
2020070400100526,2020년 7월 4일 19시,토요일,경기도 수원시 팔달구 인계동,중상사고,0,1,1,2,차대차 - 추돌,안전운전불이행,건조,맑음,단일로 - 기타,승용,남,59세,기타불명,승용,남,29세,부상신고
2020070400100548,2020년 7월 4일 20시,토요일,경기도 수원시 팔달구 화서동,경상사고,0,0,1,0,차대차 - 기타,안전거리미확보,건조,맑음,단일로 - 기타,승용,남,45세,상해없음,이륜,남,17세,경상
2020070500100006,2020년 7월 5일 00시,일요일,경기도 수원시 팔달구 인계동,경상사고,0,0,1,0,차대사람 - 기타,안전운전불이행,건조,맑음,단일로 - 기타,승용,남,60세,상해없음,보행자,여,25세,경상
2020070500100094,2020년 7월 5일 08시,일요일,경기도 수원시 영통구 이의동,중상사고,0,1,1,0,차대차 - 측면충돌,신호위반,건조,맑음,교차로 - 교차로안,화물,남,54세,상해없음,승용,남,50세,중상
2020070500100139,2020년 7월 5일 11시,일요일,경기도 수원시 권선구 호매실동,경상사고,0,0,2,0,차대차 - 기타,안전거리미확보,건조,맑음,단일로 - 기타,승용,여,38세,상해없음,승용,남,35세,경상