사고번호,사고일시,요일,시군구,사고내용,사망자수,중상자수,경상자수,부상신고자수,사고유형,법규위반,노면상태,기상상태,도로형태,가해운전자 차종,가해운전자 성별,가해운전자 연령,가해운전자 상해정도,피해운전자 차종,피해운전자 성별,피해운전자 연령,피해운전자 상해정도
2020070500100285,2020년 7월 5일 16시,일요일,경기도 수원시 팔달구 인계동,중상사고,0,1,0,0,차대차 - 측면충돌,안전운전불이행,건조,맑음,교차로 - 교차로안,이륜,남,26세,상해없음,승용,남,51세,중상
2020070500100341,2020년 7월 5일 18시,일요일,경기도 수원시 영통구 매탄동,경상사고,0,0,1,0,차대차 - 측면충돌,안전거리미확보,건조,맑음,단일로 - 기타,이륜,남,16세,경상,승용,남,50세,상해없음
2020070500100435,2020년 7월 5일 22시,일요일,경기도 수원시 영통구 원천동,경상사고,0,0,2,0,차대차 - 측면충돌,안전운전불이행,건조,맑음,교차로 - 교차로안,승합,남,51세,상해없음,승용,남,27세,경상
2020070600100057,2020년 7월 6일 07시,월요일,경기도 수원시 팔달구 화서동,경상사고,0,0,1,0,차대차 - 기타,신호위반,건조,흐림,교차로 - 교차로안,승용,남,32세,상해없음,자전거,남,26세,경상
2020070600100081,2020년 7월 6일 08시,월요일,경기도 수원시 팔달구 팔달로1가,경상사고,0,0,1,0,차대차 - 추돌,안전운전불이행,건조,맑음,단일로 - 기타,승합,남,34세,상해없음,승용,여,49세,경상
2020070600100089,2020년 7월 6일 08시,월요일,경기도 수원시 권선구 권선동,경상사고,0,0,5,0,차대차 - 추돌,안전운전불이행,건조,맑음,단일로 - 기타,승용,여,52세,상해없음,승합,남,56세,경상
2020070600100090,2020년 7월 6일 08시,월요일,경기도 수원시 영통구 매탄동,경상사고,0,0,1,0,차대차 - 기타,안전운전불이행,건조,맑음,교차로 - 교차로부근,승용,남,27세,상해없음,자전거,남,27세,경상
2020070600100131,2020년 7월 6일 09시,월요일,경기도 수원시 영통구 원천동,경상사고,0,0,1,0,차대차 - 기타,안전운전불이행,건조,맑음,기타 - 기타,승용,여,44세,상해없음,승용,여,34세,경상
2020070600100160,2020년 7월 6일 10시,월요일,경기도 수원시 장안구 연무동,경상사고,0,0,1,0,차대차 - 측면충돌,중앙선침범,건조,맑음,교차로 - 교차로안,자전거,여,62세,경상,승용,남,54세,상해없음
2020070600100235,2020년 7월 6일 12시,월요일,경기도 수원시 팔달구 우만동,경상사고,0,0,1,0,차대차 - 측면충돌,신호위반,건조,맑음,교차로 - 교차로안,승합,여,47세,상해없음,승용,여,38세,경상
2020070600100239,2020년 7월 6일 12시,월요일,경기도 수원시 영통구 매탄동,경상사고,0,0,1,0,차대차 - 기타,안전거리미확보,건조,맑음,단일로 - 기타,화물,남,50세,상해없음,승용,여,51세,경상
2020070600100240,2020년 7월 6일 12시,월요일,경기도 수원시 팔달구 인계동,경상사고,0,0,1,0,차대차 - 측면충돌,중앙선침범,건조,맑음,단일로 - 기타,승용,여,60세,상해없음,이륜,남,28세,경상
2020070600100241,2020년 7월 6일 12시,월요일,경기도 수원시 권선구 권선동,경상사고,0,0,1,0,차대차 - 추돌,안전운전불이행,건조,맑음,단일로 - 기타,화물,남,64세,상해없음,승용,남,40세,경상
2020070600100335,2020년 7월 6일 15시,월요일,경기도 수원시 팔달구 남창동,부상신고사고,0,0,0,1,차대차 - 기타,직진우회전진행방해,건조,맑음,교차로 - 교차로안,화물,남,68세,상해없음,승용,남,63세,상해없음
2020070600100397,2020년 7월 6일 17시,월요일,경기도 수원시 장안구 이목동,중상사고,0,1,0,0,차대차 - 기타,교차로운행방법위반,건조,맑음,교차로 - 교차로안,승용,남,48세,상해없음,승용,여,59세,중상
2020070600100401,2020년 7월 6일 17시,월요일,경기도 수원시 영통구 영통동,부상신고사고,0,0,0,1,차대차 - 기타,안전운전불이행,건조,맑음,교차로 - 교차로횡단보도내,이륜,남,18세,부상신고,승용,남,35세,상해없음
2020070600100505,2020년 7월 6일 20시,월요일,경기도 수원시 장안구 천천동,경상사고,0,0,1,0,차대사람 - 기타,보행자보호의무위반,건조,맑음,교차로 - 교차로횡단보도내,화물,남,32세,상해없음,보행자,남,22세,경상
2020070600100508,2020년 7월 6일 20시,월요일,경기도 수원시 권선구 금곡동,경상사고,0,0,4,0,차대차 - 측면충돌,안전거리미확보,건조,맑음,단일로 - 기타,승용,여,71세,경상,승용,남,25세,경상
2020070600100535,2020년 7월 6일 21시,월요일,경기도 수원시 팔달구 우만동,경상사고,0,0,1,0,차대차 - 기타,교차로운행방법위반,건조,맑음,교차로 - 교차로부근,승용,남,68세,상해없음,승용,여,43세,경상
2020070600100537,2020년 7월 6일 21시,월요일,경기도 수원시 영통구 이의동,경상사고,0,0,1,0,차대차 - 측면충돌,안전운전불이행,건조,맑음,교차로 - 교차로안,승용,남,25세,상해없음,승용,남,34세,경상
2020070600100538,2020년 7월 6일 21시,월요일,경기도 수원시 영통구 망포동,부상신고사고,0,0,0,1,차대사람 - 기타,안전운전불이행,건조,맑음,단일로 - 기타,자전거,기타불명,미분류,기타불명,보행자,남,24세,부상신고
2020070700100017,2020년 7월 7일 01시,화요일,경기도 수원시 팔달구 인계동,경상사고,0,0,1,0,차대사람 - 길가장자리구역통행중,안전운전불이행,건조,맑음,단일로 - 기타,승용,남,36세,상해없음,보행자,남,44세,경상
2020070700100218,2020년 7월 7일 12시,화요일,경기도 수원시 권선구 서둔동,부상신고사고,0,0,0,1,차대차 - 기타,안전운전불이행,건조,맑음,단일로 - 기타,원동기,남,72세,부상신고,화물,남,60세,상해없음
2020070700100244,2020년 7월 7일 13시,화요일,경기도 수원시 팔달구 우만동,중상사고,0,1,0,0,차대사람 - 차도통행중,안전운전불이행,건조,맑음,교차로 - 교차로안,승용,남,79세,상해없음,보행자,여,67세,중상
2020070700100248,2020년 7월 7일 13시,화요일,경기도 수원시 권선구 당수동,경상사고,0,0,2,0,차대차 - 측면충돌,안전운전불이행,건조,맑음,단일로 - 기타,화물,남,51세,상해없음,화물,남,36세,경상
2020070700100278,2020년 7월 7일 14시,화요일,경기도 수원시 영통구 이의동,경상사고,0,0,1,0,차대차 - 기타,교차로운행방법위반,건조,맑음,교차로 - 교차로안,승용,남,32세,상해없음,승용,여,47세,경상
2020070700100281,2020년 7월 7일 14시,화요일,경기도 수원시 권선구 금곡동,경상사고,0,0,1,0,차대차 - 기타,안전운전불이행,건조,맑음,교차로 - 교차로부근,승용,여,46세,상해없음,화물,남,37세,경상
2020070700100387,2020년 7월 7일 17시,화요일,경기도 수원시 권선구 권선동,경상사고,0,0,1,0,차대차 - 측면충돌,안전운전불이행,건조,맑음,기타 - 기타,이륜,남,21세,경상,승용,남,27세,상해없음
2020070700100389,2020년 7월 7일 17시,화요일,경기도 수원시 권선구 고색동,경상사고,0,0,1,0,차대사람 - 기타,기타,건조,맑음,교차로 - 교차로안,이륜,남,17세,상해없음,보행자,남,8세,경상
2020070700100445,2020년 7월 7일 18시,화요일,경기도 수원시 영통구 이의동,경상사고,0,0,1,1,차대차 - 측면충돌,교차로운행방법위반,건조,맑음,교차로 - 교차로안,승용,여,31세,상해없음,승용,남,39세,경상
2020070700100521,2020년 7월 7일 20시,화요일,경기도 수원시 영통구 이의동,중상사고,0,1,0,0,차대사람 - 차도통행중,안전운전불이행,건조,맑음,교차로 - 교차로안,이륜,남,24세,상해없음,보행자,남,13세,중상
2020070700100548,2020년 7월 7일 21시,화요일,경기도 수원시 영통구 이의동,경상사고,0,0,2,0,차대차 - 추돌,안전거리미확보,건조,맑음,교차로 - 교차로부근,이륜,남,22세,상해없음,승용,여,44세,경상
2020070700100561,2020년 7월 7일 22시,화요일,경기도 수원시 장안구 정자동,경상사고,0,0,1,0,차대차 - 기타,안전운전불이행,건조,맑음,단일로 - 기타,자전거,남,16세,경상,승용,남,33세,기타불명
2020070700100587,2020년 7월 7일 23시,화요일,경기도 수원시 영통구 원천동,중상사고,0,1,0,0,차대차 - 측면충돌,신호위반,건조,맑음,교차로 - 교차로안,승합,남,54세,상해없음,승용,남,36세,중상
2020070800100019,2020년 7월 8일 02시,수요일,경기도 수원시 팔달구 인계동,경상사고,0,0,1,0,차대차 - 측면충돌,신호위반,건조,맑음,교차로 - 교차로안,이륜,남,17세,기타불명,승용,남,59세,경상
2020070800100024,2020년 7월 8일 03시,수요일,경기도 수원시 장안구 율전동,부상신고사고,0,0,0,1,차량단독 - 공작물충돌,안전운전불이행,건조,맑음,단일로 - 기타,개인형이동수단(PM),남,17세,상해없음,,,,
2020070800100098,2020년 7월 8일 08시,수요일,경기도 수원시 영통구 매탄동,경상사고,0,0,1,0,차대차 - 측면충돌,안전운전불이행,건조,맑음,단일로 - 기타,화물,남,80세,상해없음,승용,남,53세,경상
2020070800100330,2020년 7월 8일 15시,수요일,경기도 수원시 장안구 율전동,중상사고,0,1,0,0,차대사람 - 기타,안전운전불이행,건조,맑음,단일로 - 기타,승용,여,60세,상해없음,보행자,여,50세,중상
2020070800100385,2020년 7월 8일 16시,수요일,경기도 수원시 팔달구 매산로3가,경상사고,0,0,1,0,차대차 - 측면충돌,중앙선침범,건조,맑음,단일로 - 기타,승용,남,26세,상해없음,승용,남,51세,경상
2020070800100513,2020년 7월 8일 19시,수요일,경기도 수원시 팔달구 우만동,중상사고,0,1,0,0,차대차 - 추돌,안전운전불이행,건조,맑음,교차로 - 교차로부근,승용,남,68세,상해없음,이륜,남,61세,중상
2020070800100522,2020년 7월 8일 19시,수요일,경기도 수원시 영통구 이의동,경상사고,0,0,3,0,차대차 - 기타,안전거리미확보,건조,맑음,단일로 - 기타,승용,남,34세,상해없음,화물,남,35세,경상
2020070800100550,2020년 7월 8일 20시,수요일,경기도 수원시 팔달구 중동,경상사고,0,0,1,0,차대차 - 기타,직진우회전진행방해,건조,맑음,교차로 - 교차로안,승용,남,30세,상해없음,승용,남,43세,경상
2020070800100554,2020년 7월 8일 20시,수요일,경기도 수원시 권선구 호매실동,경상사고,0,0,1,0,차대차 - 기타,안전운전불이행,건조,맑음,단일로 - 기타,승용,남,57세,상해없음,원동기,남,38세,기타불명
2020070800100606,2020년 7월 8일 22시,수요일,경기도 수원시 영통구 망포동,중상사고,0,1,1,0,차대차 - 추돌,안전운전불이행,건조,맑음,교차로 - 교차로부근,승용,남,32세,상해없음,승용,남,78세,중상
2020070900100031,2020년 7월 9일 02시,목요일,경기도 수원시 팔달구 인계동,경상사고,0,0,1,0,차대사람 - 기타,안전운전불이행,건조,맑음,교차로 - 교차로부근,승용,남,28세,상해없음,보행자,남,25세,경상
2020070900100066,2020년 7월 9일 06시,목요일,경기도 수원시 장안구 연무동,경상사고,0,0,1,0,차대사람 - 길가장자리구역통행중,안전운전불이행,건조,맑음,단일로 - 기타,승용,남,70세,상해없음,보행자,여,17세,경상
2020070900100105,2020년 7월 9일 08시,목요일,경기도 수원시 권선구 권선동,경상사고,0,0,1,0,차대차 - 측면충돌,교차로운행방법위반,건조,맑음,교차로 - 교차로안,승용,여,37세,상해없음,승용,남,67세,경상
2020070900100110,2020년 7월 9일 08시,목요일,경기도 수원시 권선구 호매실동,경상사고,0,0,1,0,차대차 - 측면충돌,안전운전불이행,건조,맑음,기타 - 기타,승용,여,44세,상해없음,원동기,남,56세,경상
2020070900100170,2020년 7월 9일 10시,목요일,경기도 수원시 팔달구 화서동,경상사고,0,0,1,0,차대사람 - 기타,안전운전불이행,건조,맑음,교차로 - 교차로안,기타불명,기타불명,미분류,기타불명,보행자,여,77세,경상
2020070900100247,2020년 7월 9일 12시,목요일,경기도 수원시 영통구 매탄동,부상신고사고,0,0,0,1,차대차 - 측면충돌,안전운전불이행,건조,맑음,단일로 - 기타,이륜,남,36세,부상신고,승합,남,52세,상해없음
2020070900100249,2020년 7월 9일 12시,목요일,경기도 수원시 권선구 당수동,경상사고,0,0,1,0,차대차 - 기타,신호위반,건조,맑음,교차로 - 교차로안,화물,남,52세,상해없음,승용,여,57세,경상
2020070900100284,2020년 7월 9일 13시,목요일,경기도 수원시 영통구 매탄동,경상사고,0,0,1,0,차량단독 - 기타,안전운전불이행,건조,맑음,단일로 - 기타,승합,남,54세,상해없음,,,,
2020070900100329,2020년 7월 9일 14시,목요일,경기도 수원시 영통구 원천동,경상사고,0,0,1,0,차대차 - 후진중충돌,안전운전불이행,기타,맑음,단일로 - 기타,승용,남,58세,상해없음,이륜,남,48세,경상
2020070900100365,2020년 7월 9일 15시,목요일,경기도 수원시 장안구 송죽동,경상사고,0,0,1,0,차대차 - 기타,신호위반,건조,맑음,교차로 - 교차로안,자전거,남,87세,경상,승용,남,29세,상해없음
2020070900100419,2020년 7월 9일 16시,목요일,경기도 수원시 영통구 매탄동,경상사고,0,0,1,0,차대차 - 측면충돌,안전거리미확보,건조,맑음,단일로 - 기타,승용,남,60세,상해없음,승용,남,37세,경상
2020070900100455,2020년 7월 9일 17시,목요일,경기도 수원시 장안구 영화동,경상사고,0,0,1,0,차대차 - 측면충돌,안전운전불이행,건조,맑음,단일로 - 기타,승용,남,55세,상해없음,승용,남,56세,경상
2020070900100594,2020년 7월 9일 20시,목요일,경기도 수원시 권선구 권선동,중상사고,0,1,8,0,차대차 - 측면충돌,안전운전불이행,건조,맑음,교차로 - 교차로안,승용,남,19세,경상,승용,남,40세,중상
2020070900100654,2020년 7월 9일 22시,목요일,경기도 수원시 영통구 이의동,경상사고,0,0,1,1,차대차 - 추돌,안전운전불이행,건조,맑음,단일로 - 기타,승용,남,36세,상해없음,승용,남,57세,경상
2020070900100673,2020년 7월 9일 23시,목요일,경기도 수원시 팔달구 고등동,경상사고,0,0,1,0,차대차 - 기타,안전운전불이행,건조,맑음,교차로 - 교차로부근,승용,남,19세,상해없음,승용,남,65세,경상
2020071000100097,2020년 7월 10일 08시,금요일,경기도 수원시 권선구 탑동,중상사고,0,1,0,0,차대사람 - 기타,안전운전불이행,건조,맑음,교차로 - 교차로안,승용,남,61세,상해없음,보행자,남,86세,중상
2020071000100235,2020년 7월 10일 12시,금요일,경기도 수원시 영통구 원천동,중상사고,0,1,0,0,차대차 - 측면충돌,안전운전불이행,건조,맑음,교차로 - 교차로횡단보도내,승용,남,65세,상해없음,이륜,남,23세,중상
2020071000100263,2020년 7월 10일 13시,금요일,경기도 수원시 영통구 매탄동,경상사고,0,0,1,1,차대차 - 측면충돌,안전거리미확보,건조,맑음,단일로 - 기타,승용,여,30세,상해없음,승합,남,58세,상해없음
2020071000100264,2020년 7월 10일 13시,금요일,경기도 수원시 권선구 고색동,부상신고사고,0,0,0,2,차대차 - 후진중충돌,안전운전불이행,건조,맑음,단일로 - 기타,화물,남,32세,상해없음,이륜,남,28세,부상신고
2020071000100296,2020년 7월 10일 14시,금요일,경기도 수원시 권선구 서둔동,중상사고,0,1,0,0,차대차 - 기타,안전운전불이행,건조,맑음,단일로 - 기타,승용,여,52세,상해없음,이륜,남,41세,중상
2020071000100340,2020년 7월 10일 15시,금요일,경기도 수원시 권선구 호매실동,경상사고,0,0,1,0,차대차 - 추돌,안전운전불이행,건조,맑음,단일로 - 기타,승용,여,48세,상해없음,승용,여,46세,경상
2020071000100439,2020년 7월 10일 17시,금요일,경기도 수원시 권선구 금곡동,중상사고,0,1,1,0,차대차 - 측면충돌,신호위반,건조,맑음,교차로 - 교차로부근,이륜,남,45세,중상,승용,여,23세,경상
2020071000100494,2020년 7월 10일 18시,금요일,경기도 수원시 영통구 원천동,경상사고,0,0,1,0,차대차 - 측면충돌,차로위반,건조,맑음,교차로 - 교차로안,승합,남,62세,상해없음,승용,남,29세,경상
2020071000100495,2020년 7월 10일 18시,금요일,경기도 수원시 영통구 이의동,경상사고,0,0,1,0,차대차 - 측면충돌,교차로운행방법위반,건조,맑음,교차로 - 교차로안,건설기계,남,45세,상해없음,승용,여,45세,경상
2020071000100591,2020년 7월 10일 21시,금요일,경기도 수원시 장안구 정자동,경상사고,0,0,1,0,차대차 - 추돌,안전운전불이행,건조,맑음,단일로 - 기타,승용,남,43세,상해없음,승용,남,39세,경상
2020071000100629,2020년 7월 10일 22시,금요일,경기도 수원시 권선구 권선동,경상사고,0,0,4,0,차대차 - 측면충돌,안전거리미확보,건조,맑음,단일로 - 기타,승용,남,49세,상해없음,승용,남,63세,경상
2020071000100632,2020년 7월 10일 22시,금요일,경기도 수원시 영통구 이의동,경상사고,0,0,1,0,차대차 - 추돌,안전운전불이행,건조,맑음,단일로 - 기타,승용,남,63세,상해없음,승용,남,22세,경상
2020071000100658,2020년 7월 10일 23시,금요일,경기도 수원시 영통구 이의동,중상사고,0,1,0,0,차대사람 - 기타,기타,건조,맑음,단일로 - 기타,승용,남,52세,상해없음,보행자,여,57세,중상
2020071000100660,2020년 7월 10일 23시,금요일,경기도 수원시 권선구 오목천동,경상사고,0,0,1,0,차대사람 - 횡단중,보행자보호의무위반,건조,맑음,교차로 - 교차로안,승용,여,42세,상해없음,보행자,남,55세,경상
2020071100100044,2020년 7월 11일 02시,토요일,경기도 수원시 권선구 권선동,경상사고,0,0,2,0,차대차 - 측면충돌,신호위반,건조,맑음,교차로 - 교차로횡단보도내,승용,남,46세,상해없음,승용,남,45세,경상
2020071100100046,2020년 7월 11일 02시,토요일,경기도 수원시 팔달구 매산로2가,경상사고,0,0,1,0,차대차 - 측면충돌,안전운전불이행,건조,맑음,단일로 - 기타,승용,남,19세,상해없음,승용,남,33세,경상
2020071100100331,2020년 7월 11일 14시,토요일,경기도 수원시 권선구 권선동,중상사고,0,1,0,0,차대차 - 기타,안전거리미확보,건조,맑음,기타 - 기타,화물,남,47세,상해없음,이륜,남,31세,중상
2020071100100332,2020년 7월 11일 14시,토요일,경기도 수원시 권선구 곡반정동,사망사고,1,0,0,0,차대차 - 측면충돌,중앙선침범,건조,흐림,교차로 - 교차로부근,승용,남,60세,상해없음,이륜,남,32세,사망
2020071100100482,2020년 7월 11일 18시,토요일,경기도 수원시 권선구 세류동,부상신고사고,0,0,0,1,차대차 - 기타,교차로운행방법위반,건조,맑음,교차로 - 교차로부근,자전거,남,37세,부상신고,승용,남,51세,상해없음
2020071100100568,2020년 7월 11일 21시,토요일,경기도 수원시 장안구 조원동,경상사고,0,0,3,0,차대차 - 측면충돌,교차로운행방법위반,건조,맑음,교차로 - 교차로안,승용,남,26세,상해없음,승용,남,24세,경상
2020071100100604,2020년 7월 11일 22시,토요일,경기도 수원시 팔달구 북수동,경상사고,0,0,1,0,차대사람 - 기타,기타,건조,맑음,기타 - 기타,승합,남,61세,상해없음,보행자,남,58세,경상
2020071100100627,2020년 7월 11일 23시,토요일,경기도 수원시 팔달구 중동,경상사고,0,0,1,0,차대차 - 측면충돌,교차로운행방법위반,건조,맑음,교차로 - 교차로안,승용,여,53세,상해없음,승용,남,22세,경상
2020071200100032,2020년 7월 12일 02시,일요일,경기도 수원시 팔달구 인계동,경상사고,0,0,3,0,차대사람 - 차도통행중,안전운전불이행,건조,맑음,단일로 - 기타,승용,남,21세,상해없음,보행자,남,24세,경상
2020071200100063,2020년 7월 12일 06시,일요일,경기도 수원시 영통구 망포동,중상사고,0,1,0,0,차량단독 - 공작물충돌,안전운전불이행,건조,맑음,단일로 - 기타,승용,남,35세,중상,,,,
2020071200100073,2020년 7월 12일 07시,일요일,경기도 수원시 권선구 오목천동,경상사고,0,0,1,0,차대차 - 정면충돌,중앙선침범,건조,흐림,교차로 - 교차로안,승용,남,29세,상해없음,승용,여,31세,경상
2020071200100086,2020년 7월 12일 08시,일요일,경기도 수원시 팔달구 우만동,중상사고,0,1,0,0,차대차 - 측면충돌,신호위반,건조,맑음,교차로 - 교차로안,승용,남,36세,상해없음,승용,여,58세,중상
2020071200100199,2020년 7월 12일 13시,일요일,경기도 수원시 장안구 정자동,경상사고,0,0,2,0,차대차 - 측면충돌,교차로운행방법위반,건조,맑음,교차로 - 교차로안,승용,남,34세,경상,이륜,남,40세,경상
2020071200100226,2020년 7월 12일 14시,일요일,경기도 수원시 장안구 천천동,경상사고,0,0,2,0,차대차 - 기타,교차로운행방법위반,건조,맑음,교차로 - 교차로부근,승용,남,68세,상해없음,승용,여,41세,경상
2020071200100404,2020년 7월 12일 20시,일요일,경기도 수원시 장안구 하광교동,경상사고,0,0,1,0,차대차 - 기타,안전운전불이행,건조,맑음,단일로 - 기타,승용,남,50세,상해없음,승합,남,54세,경상
2020071200100405,2020년 7월 12일 20시,일요일,경기도 수원시 장안구 정자동,경상사고,0,0,1,0,차량단독 - 기타,안전운전불이행,젖음/습기,흐림,단일로 - 기타,승합,남,60세,상해없음,,,,
2020071300100020,2020년 7월 13일 01시,월요일,경기도 수원시 팔달구 인계동,경상사고,0,0,1,1,차대차 - 기타,안전운전불이행,젖음/습기,비,교차로 - 교차로안,화물,남,60세,상해없음,승용,남,29세,경상
2020071300100055,2020년 7월 13일 05시,월요일,경기도 수원시 팔달구 매산로1가,경상사고,0,0,1,0,차대차 - 기타,기타,건조,맑음,단일로 - 기타,승용,남,50세,경상,승합,남,51세,상해없음
2020071300100134,2020년 7월 13일 09시,월요일,경기도 수원시 장안구 정자동,경상사고,0,0,2,0,차대차 - 측면충돌,안전거리미확보,젖음/습기,비,교차로 - 교차로부근,승용,여,54세,경상,화물,여,55세,경상
2020071300100136,2020년 7월 13일 09시,월요일,경기도 수원시 영통구 영통동,경상사고,0,0,1,0,차대차 - 측면충돌,안전거리미확보,젖음/습기,비,기타 - 기타,승합,남,49세,상해없음,승용,여,63세,경상
2020071300100201,2020년 7월 13일 11시,월요일,경기도 수원시 권선구 세류동,중상사고,0,1,1,0,차대차 - 측면충돌,신호위반,젖음/습기,비,교차로 - 교차로안,승용,남,26세,경상,승용,남,38세,중상
2020071300100232,2020년 7월 13일 12시,월요일,경기도 수원시 권선구 세류동,중상사고,0,1,0,0,차대차 - 측면충돌,신호위반,젖음/습기,비,교차로 - 교차로안,승용,남,45세,상해없음,승용,여,49세,중상
2020071300100426,2020년 7월 13일 18시,월요일,경기도 수원시 팔달구 우만동,중상사고,0,1,0,0,차대차 - 기타,안전운전불이행,젖음/습기,비,교차로 - 교차로안,승용,여,25세,상해없음,이륜,남,33세,중상
2020071300100432,2020년 7월 13일 18시,월요일,경기도 수원시 팔달구 인계동,경상사고,0,0,1,0,차대차 - 측면충돌,안전운전불이행,기타,맑음,단일로 - 기타,승용,남,54세,상해없음,승용,여,60세,경상
2020071300100565,2020년 7월 13일 22시,월요일,경기도 수원시 장안구 송죽동,중상사고,0,1,0,0,차대사람 - 횡단중,안전운전불이행,젖음/습기,비,단일로 - 기타,승합,남,55세,상해없음,보행자,여,80세,중상
2020071300100572,2020년 7월 13일 22시,월요일,경기도 수원시 영통구 이의동,경상사고,0,0,3,1,차대차 - 추돌,안전운전불이행,젖음/습기,비,단일로 - 기타,승용,여,36세,부상신고,승용,남,36세,경상
2020071300100577,2020년 7월 13일 22시,월요일,경기도 수원시 팔달구 매산로2가,경상사고,0,0,1,0,차대차 - 추돌,안전운전불이행,젖음/습기,비,교차로 - 교차로부근,승용,남,30세,상해없음,원동기,남,27세,경상
2020071400100058,2020년 7월 14일 03시,화요일,경기도 수원시 팔달구 인계동,중상사고,0,1,0,0,차대차 - 측면충돌,안전운전불이행,젖음/습기,비,교차로 - 교차로안,승용,남,22세,상해없음,이륜,남,33세,중상
2020071400100127,2020년 7월 14일 08시,화요일,경기도 수원시 영통구 매탄동,경상사고,0,0,1,0,차대차 - 측면충돌,안전운전불이행,건조,맑음,교차로 - 교차로안,자전거,여,15세,경상,승용,남,62세,상해없음
2020071400100318,2020년 7월 14일 14시,화요일,경기도 수원시 팔달구 매산로1가,경상사고,0,0,1,0,차대차 - 기타,안전거리미확보,건조,맑음,교차로 - 교차로부근,승용,남,64세,상해없음,승용,남,42세,경상
2020071400100363,2020년 7월 14일 15시,화요일,경기도 수원시 팔달구 매산로2가,경상사고,0,0,1,1,차대차 - 측면충돌,안전거리미확보,건조,맑음,단일로 - 기타,이륜,남,64세,부상신고,화물,남,66세,상해없음
2020071400100472,2020년 7월 14일 18시,화요일,경기도 수원시 권선구 권선동,경상사고,0,0,1,0,차대차 - 측면충돌,기타,건조,맑음,교차로 - 교차로안,승용,남,61세,상해없음,자전거,남,8세,경상
2020071400100513,2020년 7월 14일 19시,화요일,경기도 수원시 장안구 연무동,중상사고,0,1,1,0,차대차 - 기타,안전거리미확보,건조,맑음,교차로 - 교차로안,이륜,남,41세,중상,이륜,남,18세,경상
2020071400100631,2020년 7월 14일 23시,화요일,경기도 수원시 장안구 정자동,중상사고,0,1,0,0,차대사람 - 기타,안전운전불이행,건조,맑음,단일로 - 기타,승용,남,18세,상해없음,보행자,여,62세,중상
2020071500100097,2020년 7월 15일 08시,수요일,경기도 수원시 권선구 권선동,경상사고,0,0,3,0,차대차 - 측면충돌,안전운전불이행,건조,맑음,단일로 - 기타,승용,여,61세,상해없음,승용,여,47세,경상
2020071500100166,2020년 7월 15일 10시,수요일,경기도 수원시 권선구 호매실동,중상사고,0,1,0,0,차대차 - 기타,신호위반,건조,맑음,교차로 - 교차로안,자전거,남,9세,중상,승합,남,47세,상해없음
2020071500100189,2020년 7월 15일 11시,수요일,경기도 수원시 장안구 정자동,경상사고,0,0,1,0,차대차 - 정면충돌,안전운전불이행,건조,맑음,단일로 - 기타,자전거,남,70세,경상,이륜,남,37세,상해없음
2020071500100190,2020년 7월 15일 11시,수요일,경기도 수원시 장안구 천천동,경상사고,0,0,1,0,차대차 - 기타,안전거리미확보,건조,맑음,단일로 - 기타,승용,남,35세,경상,승용,여,56세,상해없음
2020071500100225,2020년 7월 15일 12시,수요일,경기도 수원시 영통구 영통동,중상사고,0,1,0,0,차대차 - 측면충돌,신호위반,건조,맑음,교차로 - 교차로안,승용,남,61세,상해없음,승용,여,35세,중상
2020071500100324,2020년 7월 15일 15시,수요일,경기도 수원시 영통구 매탄동,중상사고,0,1,0,0,차대사람 - 기타,신호위반,건조,맑음,교차로 - 교차로부근,승용,여,51세,상해없음,보행자,여,67세,중상
2020071500100363,2020년 7월 15일 16시,수요일,경기도 수원시 장안구 송죽동,부상신고사고,0,0,0,1,차대차 - 추돌,안전거리미확보,건조,맑음,교차로 - 교차로부근,이륜,남,73세,상해없음,승용,남,72세,상해없음
2020071500100365,2020년 7월 15일 16시,수요일,경기도 수원시 권선구 대황교동,부상신고사고,0,0,0,1,차량단독 - 기타,안전운전불이행,건조,맑음,단일로 - 기타,승합,남,47세,상해없음,,,,
2020071500100405,2020년 7월 15일 17시,수요일,경기도 수원시 권선구 권선동,경상사고,0,0,1,0,차대차 - 기타,안전운전불이행,기타,맑음,교차로 - 교차로안,승용,남,27세,상해없음,이륜,남,42세,경상
2020071500100454,2020년 7월 15일 18시,수요일,경기도 수원시 장안구 영화동,경상사고,0,0,1,0,차대차 - 기타,안전거리미확보,건조,맑음,단일로 - 기타,화물,남,61세,상해없음,승용,남,39세,경상
2020071500100455,2020년 7월 15일 18시,수요일,경기도 수원시 장안구 파장동,경상사고,0,0,1,0,차대차 - 기타,직진우회전진행방해,건조,맑음,교차로 - 교차로안,승용,여,35세,상해없음,자전거,남,22세,경상
2020071500100456,2020년 7월 15일 18시,수요일,경기도 수원시 장안구 파장동,부상신고사고,0,0,0,1,차대차 - 추돌,안전운전불이행,건조,맑음,교차로 - 교차로안,이륜,남,28세,부상신고,화물,남,47세,상해없음
2020071500100466,2020년 7월 15일 18시,수요일,경기도 수원시 권선구 권선동,경상사고,0,0,1,0,차대차 - 측면충돌,안전거리미확보,건조,맑음,단일로 - 기타,승용,여,27세,상해없음,승용,남,31세,경상
2020071500100506,2020년 7월 15일 19시,수요일,경기도 수원시 팔달구 남수동,경상사고,0,0,1,0,차대차 - 측면충돌,신호위반,건조,맑음,교차로 - 교차로안,승용,남,63세,상해없음,원동기,남,37세,경상
2020071500100513,2020년 7월 15일 19시,수요일,경기도 수원시 팔달구 매교동,경상사고,0,0,1,0,차대차 - 측면충돌,안전거리미확보,건조,맑음,교차로 - 교차로부근,화물,남,67세,상해없음,승용,남,30세,경상