사고번호,사고일시,요일,시군구,사고내용,사망자수,중상자수,경상자수,부상신고자수,사고유형,법규위반,노면상태,기상상태,도로형태,가해운전자 차종,가해운전자 성별,가해운전자 연령,가해운전자 상해정도,피해운전자 차종,피해운전자 성별,피해운전자 연령,피해운전자 상해정도
2020072500100499,2020년 7월 25일 19시,토요일,경기도 수원시 권선구 권선동,경상사고,0,0,3,0,차대차 - 기타,직진우회전진행방해,건조,맑음,교차로 - 교차로안,승용,남,64세,경상,승용,여,28세,경상
2020072500100532,2020년 7월 25일 20시,토요일,경기도 수원시 팔달구 인계동,경상사고,0,0,1,0,차대차 - 측면충돌,안전운전불이행,건조,맑음,교차로 - 교차로안,승용,남,22세,상해없음,이륜,남,27세,경상
2020072500100533,2020년 7월 25일 20시,토요일,경기도 수원시 팔달구 인계동,중상사고,0,1,0,0,차대차 - 측면충돌,안전운전불이행,건조,맑음,교차로 - 교차로안,승용,남,61세,상해없음,이륜,남,24세,중상
2020072600100005,2020년 7월 26일 00시,일요일,경기도 수원시 장안구 정자동,경상사고,0,0,1,0,차대차 - 측면충돌,안전운전불이행,건조,맑음,교차로 - 교차로안,승용,남,68세,상해없음,이륜,남,58세,경상
2020072600100047,2020년 7월 26일 03시,일요일,경기도 수원시 팔달구 인계동,중상사고,0,1,0,0,차대사람 - 길가장자리구역통행중,안전운전불이행,건조,맑음,기타 - 기타,승용,남,30세,상해없음,보행자,남,46세,중상
2020072600100056,2020년 7월 26일 04시,일요일,경기도 수원시 팔달구 인계동,경상사고,0,0,1,0,차대차 - 측면충돌,교차로운행방법위반,건조,맑음,교차로 - 교차로안,승용,남,32세,상해없음,승용,남,60세,경상
2020072600100063,2020년 7월 26일 05시,일요일,경기도 수원시 팔달구 인계동,경상사고,0,0,1,0,차대사람 - 길가장자리구역통행중,안전운전불이행,젖음/습기,흐림,기타 - 기타,승용,남,25세,상해없음,보행자,남,25세,경상
2020072600100119,2020년 7월 26일 10시,일요일,경기도 수원시 팔달구 매산로2가,중상사고,0,1,0,0,차대차 - 추돌,안전운전불이행,건조,맑음,교차로 - 교차로부근,승용,남,47세,상해없음,승용,남,34세,중상
2020072600100120,2020년 7월 26일 10시,일요일,경기도 수원시 권선구 평동,경상사고,0,0,1,0,차대차 - 기타,안전운전불이행,건조,맑음,단일로 - 기타,승용,남,69세,상해없음,이륜,남,56세,경상
2020072600100216,2020년 7월 26일 14시,일요일,경기도 수원시 장안구 송죽동,경상사고,0,0,1,0,차대차 - 기타,신호위반,건조,맑음,단일로 - 기타,이륜,남,22세,상해없음,자전거,남,8세,경상
2020072600100217,2020년 7월 26일 14시,일요일,경기도 수원시 팔달구 우만동,경상사고,0,0,1,0,차대차 - 기타,신호위반,건조,맑음,단일로 - 고가도로위,승용,남,35세,상해없음,승용,남,27세,경상
2020072600100257,2020년 7월 26일 15시,일요일,경기도 수원시 권선구 서둔동,중상사고,0,1,0,2,차대차 - 측면충돌,직진우회전진행방해,건조,맑음,교차로 - 교차로부근,승용,남,40세,상해없음,원동기,남,60세,중상
2020072600100319,2020년 7월 26일 17시,일요일,경기도 수원시 장안구 파장동,중상사고,0,1,1,0,차대차 - 기타,직진우회전진행방해,건조,맑음,교차로 - 교차로안,승용,남,44세,상해없음,승용,남,53세,중상
2020072600100350,2020년 7월 26일 18시,일요일,경기도 수원시 권선구 곡반정동,경상사고,0,0,1,0,차대차 - 측면충돌,안전운전불이행,건조,흐림,단일로 - 기타,이륜,남,32세,상해없음,이륜,남,36세,경상
2020072600100351,2020년 7월 26일 18시,일요일,경기도 수원시 권선구 호매실동,경상사고,0,0,1,0,차대차 - 기타,교차로운행방법위반,건조,맑음,교차로 - 교차로안,승용,남,33세,상해없음,이륜,남,44세,경상
2020072700100022,2020년 7월 27일 04시,월요일,경기도 수원시 장안구 연무동,중상사고,0,1,0,0,차대사람 - 차도통행중,안전운전불이행,젖음/습기,흐림,교차로 - 교차로안,승합,남,62세,상해없음,보행자,여,74세,중상
2020072700100089,2020년 7월 27일 08시,월요일,경기도 수원시 장안구 이목동,경상사고,0,0,1,0,차대차 - 기타,차로위반,건조,맑음,단일로 - 기타,화물,남,52세,상해없음,승용,여,68세,경상
2020072700100094,2020년 7월 27일 08시,월요일,경기도 수원시 권선구 고색동,경상사고,0,0,4,0,차대차 - 추돌,안전거리미확보,건조,맑음,단일로 - 기타,승용,여,51세,상해없음,승용,여,48세,경상
2020072700100095,2020년 7월 27일 08시,월요일,경기도 수원시 권선구 금곡동,경상사고,0,0,1,0,차대차 - 측면충돌,안전운전불이행,건조,맑음,단일로 - 기타,승용,여,44세,상해없음,승용,여,29세,경상
2020072700100127,2020년 7월 27일 09시,월요일,경기도 수원시 장안구 조원동,중상사고,0,1,0,0,차대차 - 추돌,안전운전불이행,건조,맑음,교차로 - 교차로부근,승용,여,36세,상해없음,승용,남,24세,중상
2020072700100132,2020년 7월 27일 09시,월요일,경기도 수원시 권선구 세류동,경상사고,0,0,1,0,차대차 - 기타,안전운전불이행,건조,흐림,기타 - 기타,승용,남,37세,상해없음,승용,남,51세,경상
2020072700100169,2020년 7월 27일 10시,월요일,경기도 수원시 권선구 세류동,경상사고,0,0,1,0,차량단독 - 전도전복 - 전도,안전운전불이행,젖음/습기,흐림,교차로 - 교차로부근,이륜,남,31세,경상,,,,
2020072700100203,2020년 7월 27일 11시,월요일,경기도 수원시 팔달구 매산로1가,중상사고,0,1,1,0,차대차 - 기타,안전운전불이행,젖음/습기,흐림,단일로 - 기타,이륜,남,53세,경상,승용,여,65세,상해없음
2020072700100204,2020년 7월 27일 11시,월요일,경기도 수원시 장안구 조원동,경상사고,0,0,1,0,차대차 - 측면충돌,안전거리미확보,건조,흐림,단일로 - 기타,화물,남,52세,상해없음,특수,남,48세,상해없음
2020072700100238,2020년 7월 27일 12시,월요일,경기도 수원시 장안구 정자동,경상사고,0,0,1,0,차대차 - 정면충돌,안전운전불이행,젖음/습기,비,단일로 - 기타,승용,남,74세,상해없음,이륜,남,23세,경상
2020072700100277,2020년 7월 27일 13시,월요일,경기도 수원시 권선구 권선동,경상사고,0,0,1,0,차대차 - 기타,안전운전불이행,젖음/습기,비,기타 - 기타,화물,남,52세,상해없음,이륜,남,39세,경상
2020072700100278,2020년 7월 27일 13시,월요일,경기도 수원시 권선구 권선동,경상사고,0,0,2,0,차대차 - 추돌,안전운전불이행,젖음/습기,비,기타 - 기타,승용,남,53세,상해없음,승용,남,48세,경상
2020072700100312,2020년 7월 27일 14시,월요일,경기도 수원시 영통구 영통동,경상사고,0,0,1,0,차대차 - 기타,안전거리미확보,건조,맑음,단일로 - 기타,승용,남,45세,상해없음,승용,여,34세,경상
2020072700100354,2020년 7월 27일 15시,월요일,경기도 수원시 권선구 곡반정동,중상사고,0,2,0,0,차대차 - 측면충돌,교차로운행방법위반,건조,맑음,교차로 - 교차로안,승용,남,83세,상해없음,승용,남,57세,중상
2020072700100392,2020년 7월 27일 16시,월요일,경기도 수원시 권선구 금곡동,중상사고,0,1,0,0,차량단독 - 전도전복 - 전도,안전운전불이행,젖음/습기,흐림,단일로 - 기타,이륜,남,19세,중상,,,,
2020072700100464,2020년 7월 27일 18시,월요일,경기도 수원시 장안구 영화동,경상사고,0,0,1,0,차대차 - 추돌,교차로운행방법위반,건조,맑음,교차로 - 교차로안,승합,여,49세,상해없음,승용,남,65세,경상
2020072700100495,2020년 7월 27일 19시,월요일,경기도 수원시 팔달구 영동,경상사고,0,0,1,0,차대차 - 후진중충돌,안전운전불이행,건조,맑음,기타 - 기타,화물,남,52세,상해없음,승용,남,55세,상해없음
2020072700100560,2020년 7월 27일 21시,월요일,경기도 수원시 팔달구 우만동,경상사고,0,0,1,0,차대차 - 측면충돌,안전운전불이행,건조,맑음,교차로 - 교차로안,승용,남,43세,상해없음,승용,여,68세,경상
2020072700100610,2020년 7월 27일 23시,월요일,경기도 수원시 장안구 정자동,경상사고,0,0,1,0,차대사람 - 기타,안전운전불이행,젖음/습기,흐림,기타 - 기타,승용,남,21세,상해없음,보행자,남,55세,경상
2020072800100019,2020년 7월 28일 01시,화요일,경기도 수원시 장안구 율전동,경상사고,0,0,2,0,차대차 - 측면충돌,안전운전불이행,건조,흐림,교차로 - 교차로안,승용,남,61세,상해없음,승용,남,45세,경상
2020072800100039,2020년 7월 28일 04시,화요일,경기도 수원시 팔달구 인계동,중상사고,0,1,0,0,차대사람 - 기타,안전운전불이행,건조,맑음,기타 - 기타,승용,남,27세,상해없음,보행자,여,47세,중상
2020072800100143,2020년 7월 28일 10시,화요일,경기도 수원시 팔달구 지동,경상사고,0,0,2,0,차대차 - 측면충돌,중앙선침범,젖음/습기,비,단일로 - 기타,화물,남,55세,상해없음,이륜,남,26세,경상
2020072800100144,2020년 7월 28일 10시,화요일,경기도 수원시 장안구 조원동,경상사고,0,0,1,0,차대차 - 측면충돌,안전거리미확보,건조,맑음,단일로 - 기타,승용,남,62세,상해없음,승용,남,28세,경상
2020072800100196,2020년 7월 28일 12시,화요일,경기도 수원시 권선구 오목천동,중상사고,0,1,1,0,차대차 - 기타,안전운전불이행,건조,맑음,교차로 - 교차로안,이륜,남,28세,중상,승용,여,41세,경상
2020072800100309,2020년 7월 28일 16시,화요일,경기도 수원시 팔달구 우만동,경상사고,0,0,1,0,차대차 - 기타,안전운전불이행,건조,맑음,단일로 - 기타,승용,남,58세,상해없음,승용,여,33세,경상
2020072800100314,2020년 7월 28일 16시,화요일,경기도 수원시 권선구 오목천동,중상사고,0,1,0,0,차대차 - 측면충돌,신호위반,젖음/습기,비,교차로 - 교차로안,승용,여,54세,상해없음,승용,여,40세,중상
2020072800100387,2020년 7월 28일 18시,화요일,경기도 수원시 장안구 연무동,경상사고,0,0,2,0,차대차 - 추돌,안전운전불이행,건조,맑음,단일로 - 지하차도(도로)내,화물,남,59세,상해없음,승용,남,39세,경상
2020072800100393,2020년 7월 28일 18시,화요일,경기도 수원시 권선구 오목천동,경상사고,0,0,1,0,차대차 - 기타,신호위반,건조,맑음,교차로 - 교차로안,승용,여,51세,상해없음,이륜,남,16세,경상
2020072800100482,2020년 7월 28일 20시,화요일,경기도 수원시 권선구 세류동,경상사고,0,0,1,0,차대차 - 기타,신호위반,젖음/습기,비,단일로 - 기타,기타불명,남,96세,경상,화물,남,47세,상해없음
2020072900100009,2020년 7월 29일 00시,수요일,경기도 수원시 팔달구 우만동,경상사고,0,0,1,0,차대차 - 추돌,안전운전불이행,젖음/습기,비,교차로 - 교차로부근,승용,남,30세,상해없음,승용,남,59세,경상
2020072900100011,2020년 7월 29일 00시,수요일,경기도 수원시 권선구 금곡동,경상사고,0,0,1,0,차대차 - 후진중충돌,안전운전불이행,젖음/습기,비,단일로 - 기타,승용,여,27세,상해없음,승용,남,27세,기타불명
2020072900100099,2020년 7월 29일 08시,수요일,경기도 수원시 장안구 조원동,경상사고,0,0,3,2,차대차 - 기타,안전거리미확보,젖음/습기,비,교차로 - 교차로안,승용,남,57세,상해없음,승합,남,61세,경상
2020072900100134,2020년 7월 29일 09시,수요일,경기도 수원시 팔달구 지동,중상사고,0,1,0,0,차대사람 - 기타,보행자보호의무위반,건조,맑음,단일로 - 기타,승용,남,42세,상해없음,보행자,여,59세,중상
2020072900100267,2020년 7월 29일 13시,수요일,경기도 수원시 권선구 서둔동,부상신고사고,0,0,0,1,차대차 - 추돌,안전운전불이행,건조,맑음,교차로 - 교차로부근,승용,남,48세,상해없음,승합,남,49세,부상신고
2020072900100302,2020년 7월 29일 14시,수요일,경기도 수원시 권선구 호매실동,경상사고,0,0,3,0,차대차 - 추돌,안전운전불이행,건조,흐림,단일로 - 기타,승용,남,57세,상해없음,화물,남,48세,경상
2020072900100399,2020년 7월 29일 17시,수요일,경기도 수원시 팔달구 우만동,경상사고,0,0,1,0,차대차 - 기타,불법유턴,젖음/습기,비,단일로 - 기타,승용,남,24세,상해없음,승용,여,40세,경상
2020072900100405,2020년 7월 29일 17시,수요일,경기도 수원시 영통구 매탄동,경상사고,0,0,1,0,차대사람 - 기타,안전운전불이행,젖음/습기,비,단일로 - 기타,화물,남,49세,상해없음,보행자,남,17세,경상
2020072900100447,2020년 7월 29일 18시,수요일,경기도 수원시 권선구 평동,중상사고,0,1,0,0,차대차 - 측면충돌,안전거리미확보,젖음/습기,비,단일로 - 기타,승용,남,54세,상해없음,승용,여,42세,중상
2020072900100448,2020년 7월 29일 18시,수요일,경기도 수원시 권선구 고색동,경상사고,0,0,1,0,차대차 - 측면충돌,안전운전불이행,젖음/습기,비,교차로 - 교차로부근,승용,남,49세,기타불명,승용,남,44세,경상
2020072900100532,2020년 7월 29일 21시,수요일,경기도 수원시 장안구 영화동,경상사고,0,0,1,0,차대사람 - 기타,안전운전불이행,젖음/습기,흐림,주차장 - 주차장,승용,남,64세,상해없음,보행자,여,62세,경상
2020072900100586,2020년 7월 29일 23시,수요일,경기도 수원시 영통구 이의동,중상사고,0,1,0,0,차대차 - 추돌,안전운전불이행,젖음/습기,비,단일로 - 기타,화물,남,42세,상해없음,승용,남,45세,중상
2020073000100029,2020년 7월 30일 01시,목요일,경기도 수원시 팔달구 인계동,중상사고,0,2,1,0,차대차 - 측면충돌,신호위반,젖음/습기,비,교차로 - 교차로안,승용,여,27세,경상,승용,여,42세,중상
2020073000100103,2020년 7월 30일 08시,목요일,경기도 수원시 팔달구 고등동,중상사고,0,1,0,0,차량단독 - 기타,기타,건조,맑음,단일로 - 기타,승합,남,59세,상해없음,,,,
2020073000100127,2020년 7월 30일 09시,목요일,경기도 수원시 영통구 매탄동,경상사고,0,0,2,0,차대차 - 측면충돌,신호위반,건조,맑음,단일로 - 기타,승용,여,70세,경상,승용,남,66세,경상
2020073000100246,2020년 7월 30일 13시,목요일,경기도 수원시 영통구 영통동,중상사고,0,1,0,0,차대차 - 측면충돌,신호위반,건조,맑음,교차로 - 교차로안,승용,남,49세,상해없음,이륜,남,48세,중상
2020073000100387,2020년 7월 30일 17시,목요일,경기도 수원시 장안구 연무동,경상사고,0,0,1,0,차대차 - 추돌,안전운전불이행,건조,맑음,단일로 - 기타,화물,남,33세,상해없음,승용,남,62세,경상
2020073000100394,2020년 7월 30일 17시,목요일,경기도 수원시 권선구 구운동,경상사고,0,0,1,0,차대차 - 추돌,안전거리미확보,건조,맑음,단일로 - 기타,승용,여,51세,상해없음,승용,여,30세,경상
2020073000100475,2020년 7월 30일 19시,목요일,경기도 수원시 권선구 당수동,경상사고,0,0,2,0,차대차 - 기타,안전거리미확보,건조,맑음,단일로 - 기타,승용,남,28세,상해없음,승용,여,48세,경상
2020073000100476,2020년 7월 30일 19시,목요일,경기도 수원시 권선구 서둔동,경상사고,0,0,3,2,차대차 - 기타,안전거리미확보,건조,맑음,단일로 - 기타,승합,남,55세,상해없음,승용,남,54세,경상
2020073100100007,2020년 7월 31일 00시,금요일,경기도 수원시 팔달구 교동,경상사고,0,0,1,0,차대차 - 측면충돌,신호위반,건조,맑음,교차로 - 교차로안,승용,남,21세,상해없음,승용,남,64세,경상
2020073100100170,2020년 7월 31일 11시,금요일,경기도 수원시 권선구 평동,중상사고,0,1,0,0,차대사람 - 횡단중,안전운전불이행,건조,맑음,교차로 - 교차로안,원동기,여,63세,상해없음,보행자,여,51세,중상
2020073100100233,2020년 7월 31일 13시,금요일,경기도 수원시 팔달구 팔달로2가,경상사고,0,0,1,0,차대차 - 기타,안전거리미확보,건조,맑음,교차로 - 교차로안,승용,남,79세,상해없음,승용,남,35세,경상
2020073100100238,2020년 7월 31일 13시,금요일,경기도 수원시 권선구 서둔동,경상사고,0,0,2,1,차대차 - 기타,신호위반,건조,맑음,교차로 - 교차로부근,승용,여,20세,경상,특수,남,24세,경상
2020073100100281,2020년 7월 31일 14시,금요일,경기도 수원시 장안구 파장동,경상사고,0,0,2,0,차대차 - 기타,안전거리미확보,건조,맑음,교차로 - 교차로안,승용,남,36세,상해없음,승용,남,31세,경상
2020073100100357,2020년 7월 31일 16시,금요일,경기도 수원시 장안구 조원동,경상사고,0,0,1,0,차대차 - 기타,안전운전불이행,건조,맑음,단일로 - 기타,자전거,여,11세,경상,승용,남,42세,상해없음
2020073100100358,2020년 7월 31일 16시,금요일,경기도 수원시 장안구 이목동,경상사고,0,0,1,0,차대차 - 기타,신호위반,건조,맑음,교차로 - 교차로안,승용,여,52세,경상,승합,남,61세,상해없음
2020073100100362,2020년 7월 31일 16시,금요일,경기도 수원시 팔달구 인계동,경상사고,0,0,1,0,차대차 - 측면충돌,교차로운행방법위반,젖음/습기,흐림,교차로 - 교차로안,이륜,여,61세,경상,승용,남,51세,상해없음
2020073100100412,2020년 7월 31일 17시,금요일,경기도 수원시 영통구 이의동,경상사고,0,0,1,0,차대차 - 기타,차로위반,건조,맑음,단일로 - 기타,승용,남,54세,상해없음,승용,남,59세,경상
2020073100100459,2020년 7월 31일 18시,금요일,경기도 수원시 영통구 이의동,경상사고,0,0,1,0,차대차 - 기타,안전거리미확보,건조,맑음,단일로 - 기타,승용,남,66세,상해없음,승용,남,50세,경상
2020073100100462,2020년 7월 31일 18시,금요일,경기도 수원시 팔달구 매산로1가,경상사고,0,0,1,0,차대차 - 기타,안전운전불이행,건조,맑음,단일로 - 기타,승합,남,61세,상해없음,승용,남,44세,경상
2020073100100463,2020년 7월 31일 18시,금요일,경기도 수원시 팔달구 매산로3가,경상사고,0,0,1,0,차대차 - 기타,안전운전불이행,건조,흐림,교차로 - 교차로안,화물,남,54세,상해없음,승용,남,26세,경상
2020073100100464,2020년 7월 31일 18시,금요일,경기도 수원시 권선구 세류동,중상사고,0,2,0,0,차대차 - 측면충돌,안전거리미확보,건조,맑음,단일로 - 기타,승용,남,32세,상해없음,화물,남,43세,중상
2020073100100512,2020년 7월 31일 19시,금요일,경기도 수원시 장안구 율전동,경상사고,0,0,1,0,차대차 - 기타,안전거리미확보,건조,맑음,교차로 - 교차로부근,승용,남,59세,상해없음,이륜,남,34세,경상
2020073100100585,2020년 7월 31일 21시,금요일,경기도 수원시 권선구 평동,중상사고,0,1,1,0,차대차 - 기타,신호위반,건조,맑음,교차로 - 교차로안,승용,남,28세,상해없음,승용,여,28세,경상
2020073100100619,2020년 7월 31일 22시,금요일,경기도 수원시 권선구 곡반정동,경상사고,0,0,1,0,차대차 - 측면충돌,신호위반,건조,맑음,교차로 - 교차로횡단보도내,승용,남,37세,상해없음,개인형이동수단(PM),남,51세,경상
2020073100100643,2020년 7월 31일 23시,금요일,경기도 수원시 영통구 이의동,경상사고,0,0,4,0,차대차 - 측면충돌,신호위반,젖음/습기,비,교차로 - 교차로안,승용,남,55세,상해없음,승용,남,52세,경상
2020080100100031,2020년 8월 1일 01시,토요일,경기도 수원시 장안구 정자동,경상사고,0,0,3,0,차대차 - 기타,교차로운행방법위반,건조,맑음,교차로 - 교차로안,승용,남,22세,상해없음,승용,남,24세,경상
2020080100100115,2020년 8월 1일 09시,토요일,경기도 수원시 팔달구 우만동,경상사고,0,0,1,0,차대차 - 기타,불법유턴,건조,맑음,단일로 - 기타,승용,여,39세,상해없음,승용,남,50세,경상
2020080100100141,2020년 8월 1일 10시,토요일,경기도 수원시 권선구 금곡동,경상사고,0,0,1,0,차대차 - 측면충돌,안전거리미확보,건조,흐림,교차로 - 교차로부근,승용,남,48세,상해없음,승용,여,30세,경상
2020080100100172,2020년 8월 1일 11시,토요일,경기도 수원시 팔달구 중동,경상사고,0,0,2,0,차대차 - 기타,안전운전불이행,건조,맑음,교차로 - 교차로안,승용,여,50세,상해없음,승용,남,31세,경상
2020080100100212,2020년 8월 1일 12시,토요일,경기도 수원시 권선구 고색동,중상사고,0,2,0,1,차대차 - 측면충돌,중앙선침범,젖음/습기,비,교차로 - 교차로부근,승용,남,29세,상해없음,승합,남,47세,중상
2020080100100252,2020년 8월 1일 13시,토요일,경기도 수원시 권선구 세류동,경상사고,0,0,1,0,차대차 - 추돌,안전운전불이행,젖음/습기,비,단일로 - 기타,화물,남,30세,상해없음,승용,여,64세,경상
2020080100100287,2020년 8월 1일 14시,토요일,경기도 수원시 장안구 이목동,경상사고,0,0,2,0,차대차 - 기타,안전운전불이행,젖음/습기,비,단일로 - 기타,승용,남,33세,경상,화물,남,73세,기타불명
2020080100100288,2020년 8월 1일 14시,토요일,경기도 수원시 장안구 이목동,경상사고,0,0,2,0,차대차 - 측면충돌,안전거리미확보,젖음/습기,맑음,단일로 - 기타,승용,남,61세,상해없음,승용,남,31세,경상
2020080100100291,2020년 8월 1일 14시,토요일,경기도 수원시 영통구 영통동,중상사고,0,1,0,0,차대차 - 기타,안전거리미확보,젖음/습기,비,교차로 - 교차로안,화물,남,50세,상해없음,이륜,남,34세,중상
2020080100100565,2020년 8월 1일 22시,토요일,경기도 수원시 팔달구 인계동,중상사고,0,1,0,0,차대차 - 기타,안전운전불이행,젖음/습기,비,기타 - 기타,승용,남,49세,상해없음,이륜,남,40세,중상
2020080200100033,2020년 8월 2일 03시,일요일,경기도 수원시 권선구 입북동,경상사고,0,0,1,0,차대차 - 기타,안전거리미확보,젖음/습기,비,단일로 - 기타,화물,남,71세,상해없음,승용,여,44세,경상
2020080200100048,2020년 8월 2일 05시,일요일,경기도 수원시 권선구 고색동,중상사고,0,2,0,1,차대차 - 기타,과속,젖음/습기,비,단일로 - 기타,승용,남,44세,부상신고,승용,남,44세,상해없음
2020080200100055,2020년 8월 2일 06시,일요일,경기도 수원시 팔달구 북수동,경상사고,0,0,1,0,차대사람 - 횡단중,안전운전불이행,젖음/습기,비,단일로 - 기타,자전거,남,76세,상해없음,보행자,여,70세,경상
2020080200100299,2020년 8월 2일 18시,일요일,경기도 수원시 권선구 금곡동,경상사고,0,0,1,0,차대차 - 기타,안전거리미확보,건조,흐림,단일로 - 기타,기타불명,기타불명,미분류,기타불명,승용,남,52세,상해없음
2020080200100330,2020년 8월 2일 19시,일요일,경기도 수원시 영통구 매탄동,경상사고,0,0,1,0,차대차 - 기타,안전운전불이행,젖음/습기,비,단일로 - 기타,승용,여,52세,상해없음,이륜,남,39세,경상
2020080200100345,2020년 8월 2일 20시,일요일,경기도 수원시 장안구 영화동,경상사고,0,0,3,0,차대차 - 추돌,안전운전불이행,젖음/습기,비,단일로 - 기타,승용,남,63세,상해없음,승용,남,41세,경상
2020080200100348,2020년 8월 2일 20시,일요일,경기도 수원시 팔달구 인계동,중상사고,0,1,0,0,차량단독 - 전도전복 - 전도,안전운전불이행,젖음/습기,비,단일로 - 기타,이륜,남,15세,중상,,,,
2020080200100349,2020년 8월 2일 20시,일요일,경기도 수원시 권선구 탑동,경상사고,0,0,2,0,차대차 - 추돌,안전운전불이행,젖음/습기,흐림,단일로 - 기타,승용,남,42세,상해없음,승용,여,47세,경상
2020080200100367,2020년 8월 2일 21시,일요일,경기도 수원시 권선구 세류동,경상사고,0,0,1,0,차대차 - 측면충돌,신호위반,젖음/습기,흐림,교차로 - 교차로안,승용,남,20세,상해없음,승용,남,41세,경상
2020080300100027,2020년 8월 3일 04시,월요일,경기도 수원시 영통구 하동,사망사고,1,0,2,0,차대차 - 추돌,안전운전불이행,젖음/습기,비,단일로 - 기타,승용,남,58세,경상,화물,남,60세,사망
2020080300100042,2020년 8월 3일 05시,월요일,경기도 수원시 팔달구 매산로1가,부상신고사고,0,0,0,1,차대차 - 측면충돌,안전운전불이행,젖음/습기,비,교차로 - 교차로안,기타불명,기타불명,미분류,기타불명,승용,여,50세,부상신고
2020080300100089,2020년 8월 3일 08시,월요일,경기도 수원시 팔달구 우만동,경상사고,0,0,2,0,차대차 - 측면충돌,교차로운행방법위반,젖음/습기,흐림,교차로 - 교차로안,승용,여,53세,상해없음,승합,남,66세,상해없음
2020080300100150,2020년 8월 3일 10시,월요일,경기도 수원시 권선구 세류동,경상사고,0,0,3,0,차대차 - 측면충돌,안전운전불이행,기타,맑음,단일로 - 기타,승용,남,68세,경상,승용,여,48세,경상
2020080300100179,2020년 8월 3일 11시,월요일,경기도 수원시 영통구 영통동,경상사고,0,0,2,0,차대차 - 측면충돌,안전운전불이행,젖음/습기,비,교차로 - 교차로부근,승용,여,46세,상해없음,승용,여,36세,경상
2020080300100300,2020년 8월 3일 14시,월요일,경기도 수원시 권선구 세류동,경상사고,0,0,1,0,차대사람 - 기타,안전운전불이행,젖음/습기,비,기타 - 기타,승용,남,40세,상해없음,보행자,남,82세,경상
2020080300100303,2020년 8월 3일 14시,월요일,경기도 수원시 팔달구 매산로2가,경상사고,0,0,1,0,차대차 - 측면충돌,안전운전불이행,젖음/습기,비,교차로 - 교차로안,승용,남,49세,상해없음,승합,남,57세,상해없음
2020080300100304,2020년 8월 3일 14시,월요일,경기도 수원시 팔달구 매산로2가,중상사고,0,1,0,0,차대사람 - 기타,보행자보호의무위반,젖음/습기,비,단일로 - 기타,승용,남,70세,상해없음,보행자,남,66세,중상
2020080300100362,2020년 8월 3일 16시,월요일,경기도 수원시 팔달구 인계동,경상사고,0,0,1,0,차대차 - 추돌,안전운전불이행,건조,맑음,단일로 - 기타,승용,남,60세,상해없음,승합,남,50세,상해없음
2020080300100365,2020년 8월 3일 16시,월요일,경기도 수원시 권선구 구운동,경상사고,0,0,3,0,차대차 - 측면충돌,신호위반,젖음/습기,흐림,교차로 - 교차로안,승용,남,65세,상해없음,승용,여,60세,경상
2020080300100366,2020년 8월 3일 16시,월요일,경기도 수원시 권선구 서둔동,중상사고,0,1,0,0,차량단독 - 기타,안전운전불이행,젖음/습기,흐림,단일로 - 기타,승합,남,53세,상해없음,,,,
2020080300100405,2020년 8월 3일 17시,월요일,경기도 수원시 권선구 권선동,경상사고,0,0,1,0,차대사람 - 횡단중,안전운전불이행,젖음/습기,흐림,교차로 - 교차로부근,승합,남,63세,상해없음,보행자,여,67세,경상
2020080300100508,2020년 8월 3일 20시,월요일,경기도 수원시 팔달구 화서동,경상사고,0,0,1,0,차대차 - 기타,안전운전불이행,젖음/습기,비,교차로 - 교차로횡단보도내,승용,남,26세,상해없음,승용,남,54세,경상
2020080300100576,2020년 8월 3일 23시,월요일,경기도 수원시 팔달구 화서동,경상사고,0,0,3,0,차대차 - 추돌,안전운전불이행,젖음/습기,비,교차로 - 교차로부근,승용,여,23세,상해없음,승용,남,29세,경상
2020080300100577,2020년 8월 3일 23시,월요일,경기도 수원시 권선구 권선동,경상사고,0,0,1,0,차대차 - 측면충돌,직진우회전진행방해,젖음/습기,비,교차로 - 교차로안,이륜,남,37세,상해없음,승용,남,54세,경상
2020080400100007,2020년 8월 4일 00시,화요일,경기도 수원시 영통구 이의동,중상사고,0,1,0,0,차대차 - 측면충돌,차로위반,젖음/습기,흐림,교차로 - 교차로안,승용,남,60세,상해없음,이륜,남,29세,중상
2020080400100053,2020년 8월 4일 06시,화요일,경기도 수원시 권선구 곡반정동,중상사고,0,1,0,0,차대사람 - 기타,안전운전불이행,건조,맑음,교차로 - 교차로안,화물,남,55세,상해없음,보행자,여,79세,중상
2020080400100307,2020년 8월 4일 15시,화요일,경기도 수원시 권선구 권선동,경상사고,0,0,1,0,차대차 - 기타,안전운전불이행,건조,맑음,기타 - 기타,승용,여,35세,상해없음,승용,여,29세,경상
2020080400100308,2020년 8월 4일 15시,화요일,경기도 수원시 영통구 망포동,부상신고사고,0,0,0,2,차대차 - 측면충돌,차로위반,건조,맑음,기타 - 기타,승용,남,66세,상해없음,승용,남,52세,부상신고
2020080400100345,2020년 8월 4일 16시,화요일,경기도 수원시 권선구 세류동,경상사고,0,0,2,0,차대차 - 측면충돌,교차로운행방법위반,건조,맑음,교차로 - 교차로안,승용,남,27세,상해없음,승용,남,69세,경상
2020080400100346,2020년 8월 4일 16시,화요일,경기도 수원시 권선구 권선동,경상사고,0,0,1,0,차대차 - 추돌,안전거리미확보,건조,맑음,단일로 - 기타,승용,여,30세,상해없음,승용,여,59세,경상