사고번호,사고일시,요일,시군구,사고내용,사망자수,중상자수,경상자수,부상신고자수,사고유형,법규위반,노면상태,기상상태,도로형태,가해운전자 차종,가해운전자 성별,가해운전자 연령,가해운전자 상해정도,피해운전자 차종,피해운전자 성별,피해운전자 연령,피해운전자 상해정도
2020081500100074,2020년 8월 15일 04시,토요일,경기도 수원시 팔달구 인계동,경상사고,0,0,2,0,차대차 - 측면충돌,안전거리미확보,젖음/습기,비,단일로 - 기타,승용,남,35세,상해없음,승용,남,46세,경상
2020081500100221,2020년 8월 15일 12시,토요일,경기도 수원시 팔달구 북수동,중상사고,0,1,1,0,차대차 - 기타,신호위반,젖음/습기,흐림,교차로 - 교차로안,화물,남,25세,상해없음,승용,남,48세,중상
2020081500100259,2020년 8월 15일 13시,토요일,경기도 수원시 권선구 세류동,중상사고,0,1,0,0,차대사람 - 기타,안전운전불이행,젖음/습기,흐림,교차로 - 교차로안,화물,남,56세,상해없음,보행자,여,60세,중상
2020081500100374,2020년 8월 15일 17시,토요일,경기도 수원시 영통구 신동,경상사고,0,0,2,0,차대차 - 측면충돌,신호위반,건조,맑음,교차로 - 교차로안,이륜,남,26세,상해없음,승용,남,31세,경상
2020081500100552,2020년 8월 15일 23시,토요일,경기도 수원시 팔달구 매산로1가,경상사고,0,0,5,0,차대차 - 측면충돌,안전거리미확보,건조,맑음,교차로 - 교차로부근,승용,남,25세,경상,승용,남,24세,경상
2020081600100024,2020년 8월 16일 01시,일요일,경기도 수원시 권선구 곡반정동,경상사고,0,0,1,0,차대사람 - 기타,안전운전불이행,건조,맑음,교차로 - 교차로안,승용,남,26세,상해없음,보행자,여,23세,경상
2020081600100026,2020년 8월 16일 01시,일요일,경기도 수원시 팔달구 매산로1가,경상사고,0,0,1,0,차대차 - 추돌,안전운전불이행,건조,맑음,단일로 - 기타,승용,남,55세,상해없음,승용,남,41세,경상
2020081600100059,2020년 8월 16일 04시,일요일,경기도 수원시 장안구 조원동,경상사고,0,0,1,1,차대차 - 기타,안전운전불이행,건조,맑음,단일로 - 기타,이륜,남,27세,부상신고,승용,남,66세,기타불명
2020081600100060,2020년 8월 16일 04시,일요일,경기도 수원시 팔달구 인계동,사망사고,1,0,0,0,차대차 - 측면충돌,과속,젖음/습기,흐림,단일로 - 기타,승용,남,64세,상해없음,이륜,남,40세,사망
2020081600100254,2020년 8월 16일 14시,일요일,경기도 수원시 권선구 호매실동,부상신고사고,0,0,0,1,차대차 - 정면충돌,중앙선침범,건조,맑음,교차로 - 교차로부근,개인형이동수단(PM),남,43세,상해없음,이륜,남,19세,부상신고
2020081600100286,2020년 8월 16일 15시,일요일,경기도 수원시 영통구 망포동,경상사고,0,0,1,0,차대차 - 기타,안전운전불이행,건조,맑음,교차로 - 교차로횡단보도내,자전거,여,27세,경상,승용,남,29세,상해없음
2020081600100384,2020년 8월 16일 18시,일요일,경기도 수원시 권선구 곡반정동,중상사고,0,1,0,0,차대차 - 측면충돌,교차로운행방법위반,건조,맑음,교차로 - 교차로부근,승용,여,62세,상해없음,이륜,남,27세,중상
2020081600100420,2020년 8월 16일 19시,일요일,경기도 수원시 장안구 영화동,부상신고사고,0,0,0,1,차량단독 - 기타,안전운전불이행,건조,맑음,교차로 - 교차로안,이륜,남,19세,부상신고,,,,
2020081600100442,2020년 8월 16일 20시,일요일,경기도 수원시 장안구 영화동,경상사고,0,0,2,0,차대차 - 추돌,안전운전불이행,건조,맑음,단일로 - 기타,승용,남,63세,상해없음,승용,여,62세,경상
2020081600100445,2020년 8월 16일 20시,일요일,경기도 수원시 권선구 권선동,중상사고,0,1,2,0,차대차 - 측면충돌,안전운전불이행,건조,맑음,교차로 - 교차로안,승용,여,49세,경상,이륜,남,46세,중상
2020081600100480,2020년 8월 16일 21시,일요일,경기도 수원시 팔달구 우만동,경상사고,0,0,2,0,차대차 - 추돌,안전운전불이행,건조,맑음,교차로 - 교차로부근,이륜,남,74세,경상,이륜,남,47세,경상
2020081600100484,2020년 8월 16일 21시,일요일,경기도 수원시 영통구 이의동,경상사고,0,0,1,0,차대차 - 기타,안전거리미확보,건조,맑음,교차로 - 교차로횡단보도내,이륜,남,19세,경상,승용,여,22세,상해없음
2020081600100522,2020년 8월 16일 23시,일요일,경기도 수원시 장안구 정자동,중상사고,0,1,0,0,차량단독 - 기타,안전운전불이행,건조,맑음,단일로 - 기타,이륜,남,44세,중상,,,,
2020081700100218,2020년 8월 17일 13시,월요일,경기도 수원시 장안구 정자동,경상사고,0,0,3,0,차대차 - 측면충돌,신호위반,건조,맑음,교차로 - 교차로안,이륜,남,21세,경상,승용,남,32세,경상
2020081700100263,2020년 8월 17일 14시,월요일,경기도 수원시 권선구 서둔동,경상사고,0,0,1,0,차대차 - 측면충돌,교차로운행방법위반,건조,맑음,교차로 - 교차로안,승용,남,53세,상해없음,원동기,남,30세,경상
2020081700100300,2020년 8월 17일 15시,월요일,경기도 수원시 권선구 권선동,경상사고,0,0,1,0,차대차 - 측면충돌,안전운전불이행,건조,맑음,교차로 - 교차로안,이륜,남,24세,상해없음,이륜,남,21세,경상
2020081700100339,2020년 8월 17일 16시,월요일,경기도 수원시 영통구 매탄동,경상사고,0,0,1,0,차대차 - 기타,안전운전불이행,건조,맑음,단일로 - 기타,승용,여,32세,상해없음,자전거,남,11세,경상
2020081700100383,2020년 8월 17일 17시,월요일,경기도 수원시 권선구 곡반정동,경상사고,0,0,1,0,차대사람 - 기타,안전운전불이행,건조,맑음,교차로 - 교차로부근,승용,남,50세,상해없음,보행자,여,23세,경상
2020081700100384,2020년 8월 17일 17시,월요일,경기도 수원시 권선구 세류동,경상사고,0,0,1,0,차대차 - 측면충돌,직진우회전진행방해,건조,맑음,교차로 - 교차로안,승용,남,59세,상해없음,이륜,남,54세,경상
2020081700100463,2020년 8월 17일 19시,월요일,경기도 수원시 권선구 세류동,부상신고사고,0,0,0,1,차대차 - 기타,안전운전불이행,건조,맑음,단일로 - 기타,승용,남,46세,상해없음,자전거,남,60세,부상신고
2020081700100550,2020년 8월 17일 22시,월요일,경기도 수원시 권선구 권선동,중상사고,0,1,0,0,차대차 - 기타,안전운전불이행,건조,맑음,단일로 - 기타,이륜,남,19세,상해없음,자전거,남,57세,중상
2020081800100041,2020년 8월 18일 05시,화요일,경기도 수원시 권선구 서둔동,경상사고,0,0,1,0,차대사람 - 기타,교차로운행방법위반,건조,맑음,교차로 - 교차로부근,승용,남,59세,상해없음,보행자,남,27세,경상
2020081800100048,2020년 8월 18일 06시,화요일,경기도 수원시 권선구 곡반정동,중상사고,0,1,0,0,차대사람 - 기타,보행자보호의무위반,건조,맑음,교차로 - 교차로횡단보도내,승용,남,53세,상해없음,보행자,남,71세,중상
2020081800100056,2020년 8월 18일 07시,화요일,경기도 수원시 팔달구 화서동,경상사고,0,0,1,0,차대차 - 추돌,중앙선침범,건조,맑음,교차로 - 교차로안,승용,남,68세,상해없음,승용,여,49세,경상
2020081800100060,2020년 8월 18일 07시,화요일,경기도 수원시 권선구 곡반정동,경상사고,0,0,1,0,차대차 - 측면충돌,안전운전불이행,건조,맑음,교차로 - 교차로안,승용,여,49세,상해없음,승용,남,32세,경상
2020081800100130,2020년 8월 18일 09시,화요일,경기도 수원시 권선구 당수동,경상사고,0,0,1,0,차대차 - 측면충돌,안전거리미확보,건조,맑음,단일로 - 기타,승용,남,67세,상해없음,승용,여,31세,경상
2020081800100195,2020년 8월 18일 11시,화요일,경기도 수원시 권선구 권선동,중상사고,0,1,0,0,차대사람 - 횡단중,보행자보호의무위반,건조,맑음,교차로 - 교차로횡단보도내,승용,남,22세,상해없음,보행자,여,65세,중상
2020081800100240,2020년 8월 18일 12시,화요일,경기도 수원시 장안구 송죽동,경상사고,0,0,2,0,차대차 - 기타,안전거리미확보,건조,맑음,교차로 - 교차로부근,화물,남,53세,상해없음,승용,여,55세,경상
2020081800100336,2020년 8월 18일 14시,화요일,경기도 수원시 영통구 망포동,경상사고,0,0,1,0,차대차 - 측면충돌,신호위반,건조,맑음,교차로 - 교차로안,승용,남,79세,상해없음,이륜,남,25세,경상
2020081800100375,2020년 8월 18일 15시,화요일,경기도 수원시 권선구 호매실동,경상사고,0,0,2,0,차대차 - 기타,안전운전불이행,건조,맑음,교차로 - 교차로부근,승용,여,23세,경상,승용,여,58세,경상
2020081800100406,2020년 8월 18일 16시,화요일,경기도 수원시 장안구 정자동,부상신고사고,0,0,0,1,차대차 - 기타,교차로운행방법위반,건조,맑음,교차로 - 교차로안,승합,남,65세,상해없음,자전거,남,79세,부상신고
2020081800100413,2020년 8월 18일 16시,화요일,경기도 수원시 영통구 매탄동,경상사고,0,0,1,0,차대차 - 측면충돌,안전운전불이행,건조,맑음,교차로 - 교차로안,화물,남,51세,상해없음,이륜,남,21세,경상
2020081800100520,2020년 8월 18일 18시,화요일,경기도 수원시 권선구 구운동,경상사고,0,0,2,0,차대차 - 추돌,안전거리미확보,건조,맑음,단일로 - 기타,승합,남,64세,상해없음,승용,남,24세,경상
2020081800100592,2020년 8월 18일 20시,화요일,경기도 수원시 권선구 세류동,경상사고,0,0,1,0,차대차 - 추돌,안전운전불이행,건조,맑음,단일로 - 고가도로위,승용,남,51세,상해없음,승용,남,45세,경상
2020081800100596,2020년 8월 18일 20시,화요일,경기도 수원시 권선구 오목천동,경상사고,0,0,1,0,차대차 - 측면충돌,안전거리미확보,건조,맑음,교차로 - 교차로부근,승용,남,47세,상해없음,승용,여,59세,경상
2020081800100632,2020년 8월 18일 21시,화요일,경기도 수원시 팔달구 매산로1가,경상사고,0,0,1,0,차대차 - 기타,안전운전불이행,건조,맑음,기타 - 기타,승용,여,20세,상해없음,이륜,남,43세,경상
2020081800100656,2020년 8월 18일 22시,화요일,경기도 수원시 장안구 율전동,경상사고,0,0,1,0,차대사람 - 기타,안전운전불이행,건조,맑음,단일로 - 기타,이륜,남,26세,상해없음,보행자,남,32세,경상
2020081800100660,2020년 8월 18일 22시,화요일,경기도 수원시 영통구 매탄동,경상사고,0,0,1,0,차대차 - 추돌,안전거리미확보,건조,맑음,단일로 - 기타,승합,남,60세,상해없음,개인형이동수단(PM),남,24세,경상
2020081900100022,2020년 8월 19일 02시,수요일,경기도 수원시 팔달구 인계동,부상신고사고,0,0,0,1,차대차 - 측면충돌,중앙선침범,건조,맑음,교차로 - 교차로부근,승용,남,58세,상해없음,이륜,남,29세,부상신고
2020081900100162,2020년 8월 19일 10시,수요일,경기도 수원시 권선구 세류동,경상사고,0,0,2,0,차대차 - 추돌,안전운전불이행,건조,맑음,단일로 - 기타,승용,여,59세,상해없음,승용,남,57세,경상
2020081900100280,2020년 8월 19일 13시,수요일,경기도 수원시 영통구 매탄동,경상사고,0,0,1,0,차대차 - 측면충돌,교차로운행방법위반,건조,맑음,교차로 - 교차로부근,승용,여,53세,상해없음,이륜,남,30세,경상
2020081900100282,2020년 8월 19일 13시,수요일,경기도 수원시 권선구 고색동,경상사고,0,0,1,0,차대차 - 기타,신호위반,건조,맑음,교차로 - 교차로안,화물,남,27세,상해없음,이륜,남,42세,경상
2020081900100283,2020년 8월 19일 13시,수요일,경기도 수원시 권선구 세류동,경상사고,0,0,1,0,차대차 - 측면충돌,직진우회전진행방해,건조,맑음,교차로 - 교차로안,승용,남,29세,상해없음,자전거,남,12세,경상
2020081900100399,2020년 8월 19일 16시,수요일,경기도 수원시 권선구 권선동,중상사고,0,1,1,0,차대차 - 기타,안전거리미확보,기타,맑음,단일로 - 기타,이륜,남,32세,중상,승용,여,51세,경상
2020081900100480,2020년 8월 19일 18시,수요일,경기도 수원시 장안구 율전동,경상사고,0,0,1,0,차대차 - 측면충돌,안전운전불이행,건조,맑음,단일로 - 기타,이륜,남,19세,경상,승용,여,26세,상해없음
2020081900100490,2020년 8월 19일 18시,수요일,경기도 수원시 팔달구 인계동,경상사고,0,0,1,0,차대차 - 측면충돌,안전운전불이행,건조,맑음,교차로 - 교차로안,승용,남,63세,상해없음,이륜,남,29세,경상
2020081900100534,2020년 8월 19일 19시,수요일,경기도 수원시 팔달구 우만동,경상사고,0,0,1,0,차대차 - 추돌,안전운전불이행,건조,맑음,단일로 - 기타,승용,여,53세,상해없음,승용,여,62세,경상
2020081900100569,2020년 8월 19일 20시,수요일,경기도 수원시 권선구 권선동,경상사고,0,0,1,0,차대차 - 측면충돌,안전운전불이행,건조,맑음,단일로 - 기타,승용,여,62세,상해없음,이륜,남,31세,경상
2020081900100636,2020년 8월 19일 22시,수요일,경기도 수원시 권선구 권선동,경상사고,0,0,1,0,차대차 - 측면충돌,중앙선침범,건조,맑음,단일로 - 기타,이륜,남,23세,상해없음,개인형이동수단(PM),남,31세,경상
2020082000100003,2020년 8월 20일 00시,목요일,경기도 수원시 영통구 원천동,중상사고,0,1,0,0,차량단독 - 공작물충돌,안전운전불이행,건조,맑음,교차로 - 교차로안,승용,여,31세,상해없음,,,,
2020082000100030,2020년 8월 20일 05시,목요일,경기도 수원시 권선구 구운동,경상사고,0,0,2,0,차대차 - 추돌,안전거리미확보,건조,맑음,단일로 - 기타,화물,남,55세,상해없음,승용,여,37세,경상
2020082000100042,2020년 8월 20일 06시,목요일,경기도 수원시 영통구 매탄동,경상사고,0,0,1,0,차대차 - 추돌,안전운전불이행,건조,맑음,교차로 - 교차로부근,승용,남,38세,상해없음,승용,남,50세,경상
2020082000100229,2020년 8월 20일 12시,목요일,경기도 수원시 장안구 연무동,경상사고,0,0,1,0,차대차 - 기타,안전운전불이행,건조,맑음,단일로 - 기타,승용,여,48세,상해없음,승용,여,39세,경상
2020082000100323,2020년 8월 20일 14시,목요일,경기도 수원시 팔달구 우만동,부상신고사고,0,0,0,1,차량단독 - 공작물충돌,안전운전불이행,건조,맑음,단일로 - 기타,승용,남,43세,부상신고,,,,
2020082000100324,2020년 8월 20일 14시,목요일,경기도 수원시 장안구 파장동,경상사고,0,0,1,0,차대차 - 측면충돌,안전운전불이행,건조,맑음,단일로 - 기타,승합,남,53세,상해없음,승용,남,56세,경상
2020082000100366,2020년 8월 20일 15시,목요일,경기도 수원시 권선구 권선동,중상사고,0,1,0,0,차대차 - 측면충돌,교차로운행방법위반,건조,맑음,교차로 - 교차로안,승용,여,62세,상해없음,이륜,남,31세,중상
2020082000100367,2020년 8월 20일 15시,목요일,경기도 수원시 팔달구 인계동,경상사고,0,0,1,0,차대사람 - 기타,신호위반,건조,맑음,교차로 - 교차로횡단보도내,기타불명,기타불명,미분류,기타불명,보행자,여,53세,경상
2020082000100401,2020년 8월 20일 16시,목요일,경기도 수원시 권선구 세류동,중상사고,0,1,0,0,차대사람 - 기타,안전운전불이행,건조,맑음,단일로 - 기타,승합,남,61세,상해없음,보행자,여,68세,중상
2020082000100521,2020년 8월 20일 19시,목요일,경기도 수원시 팔달구 화서동,경상사고,0,0,1,0,차대차 - 기타,교차로운행방법위반,건조,맑음,교차로 - 교차로안,승용,남,55세,상해없음,자전거,남,59세,경상
2020082000100559,2020년 8월 20일 20시,목요일,경기도 수원시 권선구 서둔동,경상사고,0,0,1,0,차대차 - 추돌,안전운전불이행,건조,맑음,단일로 - 기타,승용,여,37세,상해없음,승용,여,41세,경상
2020082000100588,2020년 8월 20일 21시,목요일,경기도 수원시 영통구 영통동,경상사고,0,0,1,0,차대차 - 추돌,안전운전불이행,건조,맑음,단일로 - 기타,승용,여,65세,상해없음,승용,남,39세,경상
2020082000100625,2020년 8월 20일 23시,목요일,경기도 수원시 권선구 권선동,경상사고,0,0,1,0,차대차 - 측면충돌,안전거리미확보,건조,맑음,단일로 - 기타,이륜,남,50세,경상,승용,남,62세,상해없음
2020082100100043,2020년 8월 21일 05시,금요일,경기도 수원시 팔달구 화서동,중상사고,0,1,0,0,차대차 - 측면충돌,안전운전불이행,건조,흐림,교차로 - 교차로부근,자전거,남,87세,중상,화물,남,70세,상해없음
2020082100100250,2020년 8월 21일 13시,금요일,경기도 수원시 영통구 영통동,경상사고,0,0,1,0,차대차 - 측면충돌,신호위반,기타,맑음,교차로 - 교차로안,승용,남,59세,상해없음,승용,남,78세,경상
2020082100100289,2020년 8월 21일 14시,금요일,경기도 수원시 권선구 권선동,경상사고,0,0,1,0,차대차 - 측면충돌,안전운전불이행,건조,맑음,교차로 - 교차로부근,승용,여,31세,상해없음,승용,남,43세,경상
2020082100100471,2020년 8월 21일 19시,금요일,경기도 수원시 장안구 파장동,경상사고,0,0,1,0,차대차 - 기타,기타,건조,맑음,단일로 - 기타,승용,남,45세,경상,승용,여,66세,상해없음
2020082100100589,2020년 8월 21일 22시,금요일,경기도 수원시 팔달구 화서동,중상사고,0,1,0,0,차대차 - 측면충돌,신호위반,건조,맑음,교차로 - 교차로부근,이륜,남,37세,중상,승용,여,58세,상해없음
2020082200100191,2020년 8월 22일 11시,토요일,경기도 수원시 팔달구 북수동,중상사고,0,1,0,0,차대사람 - 기타,기타,건조,맑음,단일로 - 기타,승합,남,47세,상해없음,보행자,여,55세,중상
2020082200100195,2020년 8월 22일 11시,토요일,경기도 수원시 권선구 서둔동,중상사고,0,1,0,0,차대차 - 기타,안전운전불이행,건조,맑음,교차로 - 교차로안,승용,여,44세,상해없음,자전거,남,84세,중상
2020082200100223,2020년 8월 22일 12시,토요일,경기도 수원시 영통구 이의동,경상사고,0,0,2,0,차대차 - 추돌,안전운전불이행,젖음/습기,비,교차로 - 교차로안,승용,남,52세,상해없음,승용,남,42세,경상
2020082200100259,2020년 8월 22일 13시,토요일,경기도 수원시 권선구 곡반정동,경상사고,0,0,1,0,차대차 - 측면충돌,교차로운행방법위반,젖음/습기,비,교차로 - 교차로안,이륜,남,49세,상해없음,승용,여,60세,경상
2020082200100338,2020년 8월 22일 15시,토요일,경기도 수원시 장안구 영화동,중상사고,0,1,2,3,차대차 - 측면충돌,안전운전불이행,건조,맑음,교차로 - 교차로안,승용,여,61세,부상신고,승용,남,31세,경상
2020082200100386,2020년 8월 22일 16시,토요일,경기도 수원시 장안구 연무동,중상사고,0,1,0,0,차대차 - 기타,안전거리미확보,건조,맑음,교차로 - 교차로안,이륜,남,63세,상해없음,이륜,남,49세,중상
2020082200100389,2020년 8월 22일 16시,토요일,경기도 수원시 영통구 영통동,경상사고,0,0,1,0,차대차 - 측면충돌,안전운전불이행,건조,맑음,단일로 - 기타,이륜,남,39세,상해없음,승용,남,57세,경상
2020082200100544,2020년 8월 22일 20시,토요일,경기도 수원시 권선구 권선동,경상사고,0,0,1,0,차대차 - 측면충돌,안전거리미확보,젖음/습기,비,단일로 - 기타,승용,남,49세,상해없음,승용,남,41세,경상
2020082300100029,2020년 8월 23일 02시,일요일,경기도 수원시 영통구 매탄동,부상신고사고,0,0,0,1,차대차 - 측면충돌,안전운전불이행,건조,맑음,교차로 - 교차로안,승용,남,39세,상해없음,이륜,남,19세,부상신고
2020082300100067,2020년 8월 23일 05시,일요일,경기도 수원시 영통구 원천동,중상사고,0,1,0,0,차대차 - 추돌,안전운전불이행,건조,맑음,단일로 - 기타,화물,남,47세,상해없음,승용,남,68세,중상
2020082300100098,2020년 8월 23일 09시,일요일,경기도 수원시 권선구 세류동,경상사고,0,0,1,0,차대차 - 추돌,안전운전불이행,건조,맑음,교차로 - 교차로부근,승용,남,54세,상해없음,승용,남,40세,경상
2020082300100149,2020년 8월 23일 12시,일요일,경기도 수원시 팔달구 화서동,경상사고,0,0,1,0,차대차 - 기타,신호위반,건조,맑음,교차로 - 교차로안,이륜,남,35세,상해없음,이륜,남,26세,경상
2020082300100206,2020년 8월 23일 14시,일요일,경기도 수원시 권선구 권선동,중상사고,0,1,0,0,차대차 - 측면충돌,안전거리미확보,건조,맑음,단일로 - 기타,승용,여,56세,상해없음,원동기,남,49세,중상
2020082300100208,2020년 8월 23일 14시,일요일,경기도 수원시 팔달구 매산로1가,경상사고,0,0,1,0,차대차 - 측면충돌,교차로운행방법위반,건조,맑음,교차로 - 교차로안,승용,남,39세,상해없음,승용,남,44세,경상
2020082300100238,2020년 8월 23일 15시,일요일,경기도 수원시 권선구 호매실동,경상사고,0,0,2,0,차대차 - 기타,안전거리미확보,건조,맑음,단일로 - 기타,화물,남,61세,상해없음,승용,남,27세,경상
2020082300100357,2020년 8월 23일 19시,일요일,경기도 수원시 장안구 송죽동,경상사고,0,0,1,0,차대차 - 측면충돌,직진우회전진행방해,건조,흐림,교차로 - 교차로안,화물,여,54세,상해없음,승용,남,44세,경상
2020082300100401,2020년 8월 23일 20시,일요일,경기도 수원시 권선구 고색동,경상사고,0,0,2,0,차대차 - 측면충돌,신호위반,건조,맑음,교차로 - 교차로안,승용,남,26세,상해없음,승용,남,32세,경상
2020082300100449,2020년 8월 23일 23시,일요일,경기도 수원시 영통구 매탄동,경상사고,0,0,1,0,차대차 - 측면충돌,안전운전불이행,건조,맑음,단일로 - 기타,화물,남,53세,상해없음,이륜,남,37세,경상
2020082300100450,2020년 8월 23일 23시,일요일,경기도 수원시 팔달구 매산로1가,경상사고,0,0,1,0,차대차 - 기타,안전거리미확보,건조,맑음,단일로 - 기타,승용,남,32세,상해없음,승용,남,29세,상해없음
2020082400100023,2020년 8월 24일 02시,월요일,경기도 수원시 권선구 권선동,경상사고,0,0,2,0,차대차 - 기타,안전운전불이행,건조,맑음,교차로 - 교차로부근,승용,여,39세,상해없음,승용,남,26세,경상
2020082400100095,2020년 8월 24일 08시,월요일,경기도 수원시 장안구 송죽동,경상사고,0,0,3,0,차대차 - 기타,차로위반,건조,맑음,단일로 - 기타,승합,남,59세,상해없음,화물,남,38세,경상
2020082400100099,2020년 8월 24일 08시,월요일,경기도 수원시 영통구 원천동,경상사고,0,0,1,0,차대차 - 측면충돌,차로위반,건조,맑음,단일로 - 기타,승용,남,56세,상해없음,승용,남,46세,경상
2020082400100212,2020년 8월 24일 11시,월요일,경기도 수원시 팔달구 매산로3가,중상사고,0,1,0,0,차대사람 - 기타,기타,건조,맑음,단일로 - 기타,화물,남,47세,상해없음,보행자,여,95세,중상
2020082400100341,2020년 8월 24일 15시,월요일,경기도 수원시 장안구 송죽동,경상사고,0,0,1,0,차대차 - 기타,중앙선침범,건조,맑음,교차로 - 교차로부근,승용,여,46세,기타불명,이륜,남,38세,경상
2020082400100353,2020년 8월 24일 15시,월요일,경기도 수원시 영통구 영통동,중상사고,0,1,0,0,차대차 - 측면충돌,교차로운행방법위반,건조,맑음,교차로 - 교차로부근,승용,여,55세,상해없음,승합,남,47세,상해없음
2020082400100444,2020년 8월 24일 17시,월요일,경기도 수원시 팔달구 우만동,중상사고,0,1,0,0,차대차 - 측면충돌,안전거리미확보,건조,맑음,단일로 - 기타,승용,남,44세,상해없음,원동기,남,24세,중상
2020082400100486,2020년 8월 24일 18시,월요일,경기도 수원시 영통구 원천동,중상사고,0,1,0,0,차대사람 - 보도통행중,안전운전불이행,건조,맑음,단일로 - 기타,자전거,남,30세,상해없음,보행자,여,55세,중상
2020082400100489,2020년 8월 24일 18시,월요일,경기도 수원시 권선구 금곡동,경상사고,0,0,1,0,차대차 - 측면충돌,안전운전불이행,건조,맑음,단일로 - 기타,승용,남,57세,상해없음,이륜,남,17세,경상
2020082400100538,2020년 8월 24일 19시,월요일,경기도 수원시 영통구 영통동,경상사고,0,0,2,0,차대차 - 측면충돌,신호위반,건조,맑음,교차로 - 교차로안,원동기,남,36세,경상,원동기,남,26세,경상
2020082400100605,2020년 8월 24일 21시,월요일,경기도 수원시 장안구 송죽동,경상사고,0,0,1,0,차대사람 - 기타,안전운전불이행,건조,맑음,단일로 - 기타,이륜,남,39세,상해없음,보행자,남,62세,경상
2020082400100631,2020년 8월 24일 22시,월요일,경기도 수원시 팔달구 인계동,경상사고,0,0,1,0,차대차 - 측면충돌,차로위반,건조,맑음,단일로 - 기타,승용,여,43세,상해없음,승용,남,23세,경상
2020082400100648,2020년 8월 24일 23시,월요일,경기도 수원시 권선구 구운동,부상신고사고,0,0,0,1,차대차 - 기타,안전운전불이행,건조,맑음,단일로 - 기타,이륜,남,17세,부상신고,승용,남,33세,상해없음
2020082400100649,2020년 8월 24일 23시,월요일,경기도 수원시 권선구 고색동,경상사고,0,0,1,0,차대차 - 측면충돌,차로위반,건조,맑음,단일로 - 기타,승용,남,23세,상해없음,승용,남,26세,경상
2020082500100068,2020년 8월 25일 07시,화요일,경기도 수원시 팔달구 우만동,경상사고,0,0,1,0,차대차 - 추돌,안전운전불이행,건조,맑음,단일로 - 기타,승용,남,35세,상해없음,화물,남,41세,경상
2020082500100100,2020년 8월 25일 08시,화요일,경기도 수원시 팔달구 신풍동,중상사고,0,1,0,0,차대사람 - 횡단중,보행자보호의무위반,건조,맑음,교차로 - 교차로횡단보도내,승합,남,55세,상해없음,보행자,여,73세,중상
2020082500100212,2020년 8월 25일 11시,화요일,경기도 수원시 영통구 이의동,부상신고사고,0,0,0,1,차대차 - 기타,신호위반,건조,맑음,교차로 - 교차로부근,이륜,남,43세,부상신고,승용,남,32세,상해없음
2020082500100213,2020년 8월 25일 11시,화요일,경기도 수원시 권선구 세류동,부상신고사고,0,0,0,1,차대차 - 측면충돌,안전운전불이행,건조,맑음,교차로 - 교차로횡단보도내,화물,남,62세,상해없음,자전거,남,71세,부상신고
2020082500100214,2020년 8월 25일 11시,화요일,경기도 수원시 팔달구 인계동,경상사고,0,0,1,0,차대차 - 추돌,안전운전불이행,건조,맑음,교차로 - 교차로부근,승용,남,28세,상해없음,승용,남,27세,경상
2020082500100289,2020년 8월 25일 13시,화요일,경기도 수원시 장안구 영화동,경상사고,0,0,2,0,차대차 - 추돌,안전운전불이행,건조,맑음,단일로 - 기타,승용,여,51세,상해없음,승용,여,67세,경상
2020082500100396,2020년 8월 25일 16시,화요일,경기도 수원시 팔달구 매산로3가,중상사고,0,1,1,0,차대차 - 측면충돌,안전운전불이행,건조,맑음,단일로 - 기타,이륜,남,29세,중상,화물,남,49세,상해없음
2020082500100444,2020년 8월 25일 17시,화요일,경기도 수원시 팔달구 우만동,경상사고,0,0,2,0,차대차 - 기타,안전운전불이행,건조,맑음,교차로 - 교차로부근,승용,남,53세,상해없음,건설기계,남,59세,상해없음
2020082500100446,2020년 8월 25일 17시,화요일,경기도 수원시 권선구 세류동,경상사고,0,0,1,0,차대차 - 측면충돌,차로위반,건조,맑음,단일로 - 기타,승합,남,57세,기타불명,이륜,남,31세,경상
2020082500100484,2020년 8월 25일 18시,화요일,경기도 수원시 장안구 율전동,중상사고,0,1,0,0,차대사람 - 보도통행중,기타,건조,맑음,기타 - 기타,승용,남,46세,상해없음,보행자,남,71세,중상
2020082500100637,2020년 8월 25일 22시,화요일,경기도 수원시 팔달구 인계동,경상사고,0,0,1,0,차대차 - 측면충돌,안전거리미확보,건조,맑음,교차로 - 교차로부근,승용,여,57세,상해없음,이륜,남,19세,경상
2020082500100664,2020년 8월 25일 23시,화요일,경기도 수원시 팔달구 인계동,중상사고,0,2,1,0,차대차 - 측면충돌,신호위반,건조,맑음,교차로 - 교차로안,이륜,남,24세,기타불명,승용,남,49세,중상
2020082600100021,2020년 8월 26일 02시,수요일,경기도 수원시 권선구 오목천동,부상신고사고,0,0,0,1,차량단독 - 공작물충돌,안전운전불이행,건조,맑음,교차로 - 교차로부근,승용,남,57세,부상신고,,,,
2020082600100060,2020년 8월 26일 07시,수요일,경기도 수원시 팔달구 우만동,경상사고,0,0,1,0,차대차 - 측면충돌,안전거리미확보,건조,맑음,교차로 - 교차로안,화물,남,29세,상해없음,승용,남,64세,경상
2020082600100067,2020년 8월 26일 07시,수요일,경기도 수원시 영통구 이의동,경상사고,0,0,1,0,차대차 - 후진중충돌,안전운전불이행,건조,맑음,교차로 - 교차로안,화물,남,51세,상해없음,승용,여,19세,경상