사고번호,사고일시,요일,시군구,사고내용,사망자수,중상자수,경상자수,부상신고자수,사고유형,법규위반,노면상태,기상상태,도로형태,가해운전자 차종,가해운전자 성별,가해운전자 연령,가해운전자 상해정도,피해운전자 차종,피해운전자 성별,피해운전자 연령,피해운전자 상해정도
2020090600100366,2020년 9월 6일 21시,일요일,경기도 수원시 권선구 곡반정동,경상사고,0,0,1,0,차대차 - 기타,안전운전불이행,건조,맑음,교차로 - 교차로안,승용,여,57세,상해없음,이륜,남,27세,경상
2020090600100391,2020년 9월 6일 22시,일요일,경기도 수원시 팔달구 매산로1가,경상사고,0,0,2,0,차대차 - 추돌,안전거리미확보,젖음/습기,비,교차로 - 교차로부근,승용,남,55세,상해없음,승용,남,45세,경상
2020090700100032,2020년 9월 7일 04시,월요일,경기도 수원시 영통구 매탄동,경상사고,0,0,2,0,차대차 - 추돌,안전운전불이행,젖음/습기,비,단일로 - 기타,승용,남,36세,기타불명,승용,남,63세,경상
2020090700100096,2020년 9월 7일 08시,월요일,경기도 수원시 권선구 고색동,중상사고,0,1,0,0,차대차 - 측면충돌,기타,젖음/습기,비,단일로 - 기타,승용,남,68세,상해없음,승용,여,53세,중상
2020090700100268,2020년 9월 7일 14시,월요일,경기도 수원시 팔달구 우만동,경상사고,0,0,1,0,차대사람 - 기타,안전운전불이행,건조,맑음,단일로 - 기타,승용,여,54세,상해없음,보행자,남,17세,경상
2020090700100338,2020년 9월 7일 16시,월요일,경기도 수원시 팔달구 인계동,경상사고,0,0,1,0,차대사람 - 기타,보행자보호의무위반,건조,맑음,교차로 - 교차로부근,승용,남,34세,상해없음,보행자,남,61세,경상
2020090700100452,2020년 9월 7일 19시,월요일,경기도 수원시 권선구 평동,경상사고,0,0,3,0,차대차 - 기타,안전거리미확보,젖음/습기,비,단일로 - 기타,승용,여,38세,상해없음,승용,남,32세,경상
2020090700100502,2020년 9월 7일 20시,월요일,경기도 수원시 영통구 영통동,경상사고,0,0,1,0,차대차 - 측면충돌,안전운전불이행,젖음/습기,흐림,교차로 - 교차로안,승용,남,28세,상해없음,이륜,남,19세,경상
2020090700100531,2020년 9월 7일 21시,월요일,경기도 수원시 팔달구 인계동,경상사고,0,0,2,0,차대차 - 후진중충돌,안전운전불이행,건조,맑음,단일로 - 기타,승용,남,38세,상해없음,승용,남,26세,경상
2020090700100534,2020년 9월 7일 21시,월요일,경기도 수원시 권선구 구운동,중상사고,0,1,0,0,차대차 - 추돌,안전운전불이행,젖음/습기,비,단일로 - 기타,승용,여,38세,상해없음,이륜,남,49세,중상
2020090700100535,2020년 9월 7일 21시,월요일,경기도 수원시 권선구 세류동,경상사고,0,0,2,0,차대차 - 기타,안전운전불이행,젖음/습기,비,단일로 - 기타,승용,남,33세,상해없음,승용,남,54세,경상
2020090700100575,2020년 9월 7일 23시,월요일,경기도 수원시 영통구 매탄동,부상신고사고,0,0,0,1,차대차 - 측면충돌,안전거리미확보,젖음/습기,흐림,단일로 - 기타,승용,여,53세,상해없음,이륜,남,25세,부상신고
2020090800100020,2020년 9월 8일 01시,화요일,경기도 수원시 권선구 오목천동,경상사고,0,0,1,0,차대차 - 기타,안전운전불이행,건조,맑음,단일로 - 기타,승용,남,27세,상해없음,승용,남,44세,경상
2020090800100093,2020년 9월 8일 08시,화요일,경기도 수원시 팔달구 지동,중상사고,0,1,0,0,차대차 - 측면충돌,안전운전불이행,건조,맑음,단일로 - 기타,승용,남,57세,상해없음,자전거,남,27세,중상
2020090800100103,2020년 9월 8일 08시,화요일,경기도 수원시 권선구 오목천동,경상사고,0,0,2,0,차대차 - 측면충돌,신호위반,건조,맑음,교차로 - 교차로횡단보도내,승용,남,46세,상해없음,자전거,남,76세,경상
2020090800100133,2020년 9월 8일 09시,화요일,경기도 수원시 팔달구 화서동,경상사고,0,0,1,0,차대차 - 기타,직진우회전진행방해,건조,맑음,교차로 - 교차로안,승용,남,54세,상해없음,승용,여,71세,경상
2020090800100138,2020년 9월 8일 09시,화요일,경기도 수원시 권선구 서둔동,경상사고,0,0,1,0,차대차 - 기타,신호위반,건조,맑음,교차로 - 교차로안,승용,남,66세,상해없음,이륜,남,39세,경상
2020090800100175,2020년 9월 8일 10시,화요일,경기도 수원시 권선구 서둔동,중상사고,0,1,0,0,차대차 - 측면충돌,신호위반,건조,맑음,교차로 - 교차로안,승용,남,60세,상해없음,이륜,남,17세,중상
2020090800100202,2020년 9월 8일 11시,화요일,경기도 수원시 권선구 호매실동,경상사고,0,0,1,0,차량단독 - 기타,기타,건조,맑음,교차로 - 교차로안,승합,남,65세,상해없음,,,,
2020090800100265,2020년 9월 8일 13시,화요일,경기도 수원시 장안구 파장동,경상사고,0,0,1,0,차대사람 - 기타,안전운전불이행,건조,맑음,단일로 - 기타,승용,여,53세,상해없음,보행자,남,68세,경상
2020090800100267,2020년 9월 8일 13시,화요일,경기도 수원시 권선구 권선동,경상사고,0,0,1,0,차대차 - 기타,차로위반,건조,맑음,단일로 - 기타,화물,남,43세,상해없음,승용,남,30세,경상
2020090800100420,2020년 9월 8일 17시,화요일,경기도 수원시 장안구 영화동,경상사고,0,0,1,0,차대사람 - 기타,안전운전불이행,건조,맑음,기타 - 기타,승용,여,44세,상해없음,보행자,남,31세,경상
2020090800100421,2020년 9월 8일 17시,화요일,경기도 수원시 팔달구 우만동,경상사고,0,0,1,0,차대사람 - 기타,안전운전불이행,건조,맑음,단일로 - 기타,승합,남,76세,상해없음,보행자,여,28세,경상
2020090800100472,2020년 9월 8일 18시,화요일,경기도 수원시 영통구 원천동,경상사고,0,0,1,0,차대차 - 측면충돌,안전운전불이행,건조,맑음,교차로 - 교차로부근,승용,남,30세,상해없음,자전거,남,44세,경상
2020090800100473,2020년 9월 8일 18시,화요일,경기도 수원시 권선구 입북동,경상사고,0,0,2,1,차대차 - 측면충돌,직진우회전진행방해,건조,맑음,교차로 - 교차로안,화물,남,24세,부상신고,승합,남,65세,상해없음
2020090800100581,2020년 9월 8일 21시,화요일,경기도 수원시 영통구 이의동,경상사고,0,0,1,0,차대차 - 추돌,안전운전불이행,건조,맑음,교차로 - 교차로부근,승용,남,38세,상해없음,승용,남,32세,경상
2020090800100603,2020년 9월 8일 22시,화요일,경기도 수원시 장안구 율전동,경상사고,0,0,1,0,차대차 - 추돌,안전운전불이행,건조,맑음,단일로 - 기타,승용,남,32세,상해없음,승용,남,56세,경상
2020090800100606,2020년 9월 8일 22시,화요일,경기도 수원시 영통구 매탄동,경상사고,0,0,2,0,차대차 - 측면충돌,기타,건조,맑음,교차로 - 교차로안,승용,여,47세,상해없음,승용,남,58세,경상
2020090900100027,2020년 9월 9일 03시,수요일,경기도 수원시 팔달구 고등동,중상사고,0,1,0,0,차대사람 - 기타,안전운전불이행,젖음/습기,비,단일로 - 기타,이륜,남,42세,상해없음,보행자,여,50세,중상
2020090900100056,2020년 9월 9일 07시,수요일,경기도 수원시 영통구 이의동,경상사고,0,0,1,0,차대차 - 측면충돌,신호위반,건조,흐림,단일로 - 터널,승용,남,30세,상해없음,승용,남,43세,경상
2020090900100199,2020년 9월 9일 12시,수요일,경기도 수원시 권선구 고색동,중상사고,0,1,0,0,차대차 - 측면충돌,안전거리미확보,건조,맑음,단일로 - 기타,승용,남,28세,기타불명,승용,남,40세,중상
2020090900100217,2020년 9월 9일 13시,수요일,경기도 수원시 팔달구 인계동,경상사고,0,0,3,0,차대차 - 추돌,안전거리미확보,건조,맑음,단일로 - 기타,화물,남,46세,상해없음,승용,남,47세,경상
2020090900100286,2020년 9월 9일 15시,수요일,경기도 수원시 영통구 하동,경상사고,0,0,1,0,차대차 - 추돌,안전운전불이행,젖음/습기,비,단일로 - 터널,이륜,남,19세,경상,승용,남,40세,상해없음
2020090900100321,2020년 9월 9일 16시,수요일,경기도 수원시 팔달구 인계동,경상사고,0,0,5,0,차대차 - 측면충돌,차로위반,젖음/습기,맑음,단일로 - 기타,승용,여,25세,경상,승합,남,59세,경상
2020090900100351,2020년 9월 9일 17시,수요일,경기도 수원시 팔달구 인계동,중상사고,0,1,0,0,차대차 - 측면충돌,안전운전불이행,젖음/습기,비,단일로 - 기타,승용,여,55세,상해없음,승용,남,39세,중상
2020090900100501,2020년 9월 9일 21시,수요일,경기도 수원시 팔달구 매산로3가,경상사고,0,0,1,0,차대차 - 기타,안전운전불이행,젖음/습기,비,단일로 - 기타,이륜,남,48세,상해없음,승용,남,25세,경상
2020091000100026,2020년 9월 10일 05시,목요일,경기도 수원시 권선구 세류동,중상사고,0,1,0,0,차대사람 - 기타,안전운전불이행,건조,맑음,단일로 - 기타,승용,남,28세,상해없음,보행자,여,57세,중상
2020091000100035,2020년 9월 10일 06시,목요일,경기도 수원시 영통구 매탄동,경상사고,0,0,1,0,차대차 - 측면충돌,안전거리미확보,건조,맑음,기타 - 기타,승합,남,61세,상해없음,승용,여,43세,경상
2020091000100076,2020년 9월 10일 08시,목요일,경기도 수원시 영통구 망포동,경상사고,0,0,1,0,차대차 - 측면충돌,안전운전불이행,건조,맑음,교차로 - 교차로안,건설기계,남,56세,상해없음,승용,남,38세,경상
2020091000100120,2020년 9월 10일 10시,목요일,경기도 수원시 팔달구 인계동,경상사고,0,0,1,0,차대차 - 추돌,안전운전불이행,건조,맑음,단일로 - 기타,승용,남,42세,상해없음,승용,여,56세,경상
2020091000100159,2020년 9월 10일 11시,목요일,경기도 수원시 팔달구 매산로2가,경상사고,0,0,2,0,차대차 - 측면충돌,안전운전불이행,건조,맑음,교차로 - 교차로부근,승용,남,58세,상해없음,승용,남,67세,경상
2020091000100199,2020년 9월 10일 12시,목요일,경기도 수원시 권선구 세류동,부상신고사고,0,0,0,1,차대사람 - 기타,안전운전불이행,건조,맑음,단일로 - 기타,화물,남,45세,상해없음,보행자,남,85세,부상신고
2020091000100201,2020년 9월 10일 12시,목요일,경기도 수원시 권선구 탑동,부상신고사고,0,0,0,1,차대차 - 추돌,안전운전불이행,건조,맑음,단일로 - 기타,이륜,남,22세,부상신고,승용,여,40세,상해없음
2020091000100291,2020년 9월 10일 15시,목요일,경기도 수원시 권선구 곡반정동,중상사고,0,1,0,0,차대차 - 측면충돌,안전운전불이행,건조,맑음,교차로 - 교차로안,승용,여,30세,상해없음,승용,남,39세,중상
2020091000100315,2020년 9월 10일 16시,목요일,경기도 수원시 팔달구 화서동,경상사고,0,0,2,0,차대차 - 추돌,안전거리미확보,건조,맑음,교차로 - 교차로안,승용,남,19세,상해없음,승용,남,28세,경상
2020091000100427,2020년 9월 10일 18시,목요일,경기도 수원시 영통구 영통동,경상사고,0,0,1,0,차대차 - 추돌,안전거리미확보,건조,맑음,단일로 - 기타,승용,여,42세,상해없음,승용,남,54세,경상
2020091000100512,2020년 9월 10일 20시,목요일,경기도 수원시 권선구 세류동,경상사고,0,0,1,0,차대차 - 측면충돌,신호위반,건조,맑음,교차로 - 교차로안,승용,여,62세,상해없음,이륜,여,41세,경상
2020091000100579,2020년 9월 10일 23시,목요일,경기도 수원시 팔달구 인계동,경상사고,0,0,1,0,차대차 - 측면충돌,안전운전불이행,건조,맑음,교차로 - 교차로안,이륜,남,20세,상해없음,이륜,남,28세,경상
2020091100100088,2020년 9월 11일 08시,금요일,경기도 수원시 장안구 정자동,경상사고,0,0,2,0,차대차 - 추돌,안전운전불이행,건조,맑음,단일로 - 기타,승용,여,46세,상해없음,승용,남,37세,경상
2020091100100149,2020년 9월 11일 10시,금요일,경기도 수원시 영통구 매탄동,경상사고,0,0,2,0,차대차 - 기타,신호위반,건조,맑음,교차로 - 교차로안,승용,남,59세,상해없음,승용,남,39세,경상
2020091100100197,2020년 9월 11일 12시,금요일,경기도 수원시 팔달구 화서동,경상사고,0,0,1,0,차대차 - 기타,신호위반,건조,맑음,교차로 - 교차로부근,승용,남,59세,상해없음,이륜,남,50세,경상
2020091100100200,2020년 9월 11일 12시,금요일,경기도 수원시 영통구 하동,중상사고,0,1,0,0,차대사람 - 기타,기타,건조,맑음,기타 - 기타,승용,여,63세,상해없음,보행자,남,45세,중상
2020091100100472,2020년 9월 11일 19시,금요일,경기도 수원시 영통구 매탄동,중상사고,0,1,0,0,차대차 - 측면충돌,직진우회전진행방해,건조,맑음,교차로 - 교차로부근,이륜,남,61세,상해없음,이륜,남,27세,중상
2020091100100539,2020년 9월 11일 20시,금요일,경기도 수원시 팔달구 팔달로2가,경상사고,0,0,4,0,차대차 - 기타,안전운전불이행,젖음/습기,비,교차로 - 교차로안,승용,남,71세,경상,승용,남,20세,경상
2020091100100544,2020년 9월 11일 20시,금요일,경기도 수원시 팔달구 인계동,중상사고,0,2,0,0,차대차 - 측면충돌,직진우회전진행방해,젖음/습기,비,교차로 - 교차로안,승용,남,29세,상해없음,승용,남,30세,중상
2020091100100588,2020년 9월 11일 21시,금요일,경기도 수원시 장안구 연무동,경상사고,0,0,1,0,차대사람 - 기타,안전운전불이행,젖음/습기,비,교차로 - 교차로부근,승용,남,24세,상해없음,보행자,남,33세,경상
2020091100100597,2020년 9월 11일 21시,금요일,경기도 수원시 권선구 입북동,중상사고,0,1,0,0,차대차 - 추돌,안전운전불이행,젖음/습기,비,단일로 - 기타,승용,남,34세,상해없음,승용,남,31세,중상
2020091100100675,2020년 9월 11일 23시,금요일,경기도 수원시 영통구 매탄동,중상사고,0,1,0,0,차대차 - 추돌,안전운전불이행,젖음/습기,비,교차로 - 교차로안,특수,남,24세,상해없음,이륜,남,58세,중상
2020091200100192,2020년 9월 12일 11시,토요일,경기도 수원시 권선구 입북동,경상사고,0,0,1,0,차대차 - 기타,안전운전불이행,건조,흐림,단일로 - 기타,승용,남,25세,상해없음,화물,남,46세,경상
2020091200100342,2020년 9월 12일 15시,토요일,경기도 수원시 장안구 정자동,부상신고사고,0,0,0,1,차대차 - 기타,교차로운행방법위반,건조,맑음,교차로 - 교차로부근,이륜,남,39세,부상신고,특수,남,28세,상해없음
2020091200100347,2020년 9월 12일 15시,토요일,경기도 수원시 팔달구 인계동,경상사고,0,0,2,0,차대차 - 추돌,안전운전불이행,건조,흐림,단일로 - 기타,승용,남,59세,상해없음,승용,남,29세,경상
2020091200100350,2020년 9월 12일 15시,토요일,경기도 수원시 권선구 서둔동,경상사고,0,0,1,0,차대차 - 측면충돌,안전거리미확보,건조,맑음,교차로 - 교차로부근,승용,남,64세,상해없음,이륜,남,59세,경상
2020091200100430,2020년 9월 12일 17시,토요일,경기도 수원시 팔달구 고등동,경상사고,0,0,1,0,차대차 - 기타,신호위반,젖음/습기,흐림,교차로 - 교차로안,승용,남,51세,상해없음,이륜,남,25세,경상
2020091200100467,2020년 9월 12일 18시,토요일,경기도 수원시 팔달구 고등동,경상사고,0,0,2,0,차대차 - 추돌,안전운전불이행,젖음/습기,비,교차로 - 교차로부근,승용,남,51세,상해없음,승용,남,35세,경상
2020091200100494,2020년 9월 12일 19시,토요일,경기도 수원시 권선구 권선동,경상사고,0,0,3,0,차대차 - 측면충돌,안전거리미확보,젖음/습기,흐림,단일로 - 기타,승용,남,51세,상해없음,승용,남,61세,경상
2020091300100044,2020년 9월 13일 05시,일요일,경기도 수원시 영통구 이의동,경상사고,0,0,1,0,차대차 - 추돌,안전운전불이행,건조,맑음,단일로 - 기타,승용,남,28세,상해없음,화물,남,62세,경상
2020091300100077,2020년 9월 13일 09시,일요일,경기도 수원시 팔달구 남수동,경상사고,0,0,1,0,차대차 - 정면충돌,신호위반,건조,맑음,교차로 - 교차로횡단보도내,승용,남,64세,상해없음,자전거,남,67세,경상
2020091300100122,2020년 9월 13일 11시,일요일,경기도 수원시 장안구 정자동,경상사고,0,0,1,0,차대차 - 정면충돌,안전운전불이행,건조,맑음,교차로 - 교차로안,자전거,남,71세,경상,승용,여,36세,상해없음
2020091300100302,2020년 9월 13일 16시,일요일,경기도 수원시 팔달구 매산로1가,부상신고사고,0,0,0,1,차대차 - 측면충돌,안전거리미확보,건조,맑음,단일로 - 기타,승용,남,57세,상해없음,승용,남,64세,부상신고
2020091300100377,2020년 9월 13일 18시,일요일,경기도 수원시 권선구 오목천동,부상신고사고,0,0,0,1,차대차 - 측면충돌,신호위반,건조,맑음,교차로 - 교차로안,이륜,남,27세,부상신고,승용,남,62세,상해없음
2020091300100378,2020년 9월 13일 18시,일요일,경기도 수원시 권선구 호매실동,경상사고,0,0,2,0,차대차 - 측면충돌,안전거리미확보,건조,맑음,단일로 - 기타,승용,남,54세,상해없음,승용,여,41세,경상
2020091300100432,2020년 9월 13일 20시,일요일,경기도 수원시 영통구 매탄동,경상사고,0,0,1,0,차대사람 - 횡단중,보행자보호의무위반,건조,맑음,교차로 - 교차로안,승용,여,54세,상해없음,보행자,남,61세,경상
2020091300100450,2020년 9월 13일 21시,일요일,경기도 수원시 장안구 영화동,경상사고,0,0,5,0,차대차 - 기타,중앙선침범,건조,맑음,교차로 - 교차로부근,승용,남,27세,상해없음,승합,남,43세,상해없음
2020091300100479,2020년 9월 13일 23시,일요일,경기도 수원시 장안구 율전동,중상사고,0,1,1,0,차대차 - 기타,안전운전불이행,건조,맑음,교차로 - 교차로부근,승용,남,51세,상해없음,승용,남,50세,상해없음
2020091300100480,2020년 9월 13일 23시,일요일,경기도 수원시 팔달구 화서동,경상사고,0,0,2,0,차대차 - 기타,안전거리미확보,건조,맑음,교차로 - 교차로안,승용,남,62세,상해없음,승용,남,28세,경상
2020091300100482,2020년 9월 13일 23시,일요일,경기도 수원시 권선구 오목천동,부상신고사고,0,0,0,1,차량단독 - 기타,기타,건조,맑음,단일로 - 기타,승합,남,57세,상해없음,,,,
2020091400100009,2020년 9월 14일 01시,월요일,경기도 수원시 팔달구 팔달로2가,중상사고,0,1,0,0,차대차 - 측면충돌,안전운전불이행,건조,맑음,단일로 - 기타,이륜,남,25세,상해없음,승용,남,22세,상해없음
2020091400100038,2020년 9월 14일 06시,월요일,경기도 수원시 영통구 이의동,경상사고,0,0,1,0,차대차 - 측면충돌,교차로운행방법위반,건조,맑음,교차로 - 교차로안,화물,남,49세,상해없음,승용,여,68세,경상
2020091400100040,2020년 9월 14일 06시,월요일,경기도 수원시 권선구 구운동,경상사고,0,0,1,0,차대차 - 기타,안전운전불이행,건조,맑음,단일로 - 기타,승합,남,62세,상해없음,화물,남,34세,경상
2020091400100075,2020년 9월 14일 07시,월요일,경기도 수원시 권선구 세류동,경상사고,0,0,1,0,차대차 - 추돌,안전운전불이행,기타,맑음,단일로 - 기타,승합,남,39세,상해없음,승용,남,39세,경상
2020091400100145,2020년 9월 14일 09시,월요일,경기도 수원시 장안구 송죽동,경상사고,0,0,2,0,차대차 - 측면충돌,안전거리미확보,건조,맑음,단일로 - 기타,승용,남,69세,상해없음,승합,남,56세,상해없음
2020091400100179,2020년 9월 14일 10시,월요일,경기도 수원시 장안구 조원동,경상사고,0,0,3,0,차대차 - 기타,신호위반,건조,맑음,교차로 - 교차로부근,승용,남,81세,상해없음,승용,남,68세,경상
2020091400100180,2020년 9월 14일 10시,월요일,경기도 수원시 장안구 연무동,경상사고,0,0,1,0,차대사람 - 기타,기타,건조,맑음,단일로 - 기타,승용,남,71세,상해없음,보행자,남,80세,경상
2020091400100248,2020년 9월 14일 12시,월요일,경기도 수원시 팔달구 화서동,중상사고,0,2,1,0,차대차 - 측면충돌,안전거리미확보,건조,맑음,교차로 - 교차로부근,승용,남,70세,상해없음,승용,남,49세,중상
2020091400100249,2020년 9월 14일 12시,월요일,경기도 수원시 장안구 율전동,경상사고,0,0,1,0,차대차 - 기타,교차로운행방법위반,건조,맑음,교차로 - 교차로안,승용,여,52세,상해없음,승용,여,50세,경상
2020091400100388,2020년 9월 14일 16시,월요일,경기도 수원시 장안구 정자동,경상사고,0,0,1,1,차대차 - 추돌,안전거리미확보,건조,맑음,교차로 - 교차로안,이륜,남,17세,상해없음,승용,남,45세,경상
2020091400100396,2020년 9월 14일 16시,월요일,경기도 수원시 권선구 서둔동,경상사고,0,0,1,0,차대차 - 후진중충돌,안전운전불이행,건조,맑음,단일로 - 기타,승용,남,53세,상해없음,이륜,남,29세,경상
2020091400100519,2020년 9월 14일 19시,월요일,경기도 수원시 권선구 권선동,중상사고,0,1,0,0,차대차 - 기타,안전운전불이행,건조,맑음,단일로 - 기타,승용,여,50세,상해없음,승용,남,58세,중상
2020091400100521,2020년 9월 14일 19시,월요일,경기도 수원시 팔달구 매산로1가,경상사고,0,0,3,0,차대차 - 측면충돌,안전거리미확보,건조,맑음,교차로 - 교차로안,승용,여,23세,상해없음,승용,남,44세,경상
2020091400100558,2020년 9월 14일 20시,월요일,경기도 수원시 팔달구 매산로1가,경상사고,0,0,1,0,차대차 - 기타,직진우회전진행방해,건조,맑음,교차로 - 교차로안,화물,남,66세,상해없음,승용,남,25세,경상
2020091400100601,2020년 9월 14일 22시,월요일,경기도 수원시 장안구 천천동,중상사고,0,1,0,0,차대차 - 기타,안전운전불이행,건조,맑음,교차로 - 교차로부근,승용,남,17세,상해없음,승용,여,54세,중상
2020091400100602,2020년 9월 14일 22시,월요일,경기도 수원시 팔달구 매향동,경상사고,0,0,1,0,차대차 - 측면충돌,신호위반,건조,맑음,교차로 - 교차로안,승용,남,62세,상해없음,이륜,남,41세,경상
2020091400100603,2020년 9월 14일 22시,월요일,경기도 수원시 팔달구 지동,경상사고,0,0,5,0,차대차 - 추돌,안전운전불이행,건조,맑음,단일로 - 기타,이륜,남,16세,경상,승용,남,50세,경상
2020091400100606,2020년 9월 14일 22시,월요일,경기도 수원시 권선구 호매실동,경상사고,0,0,1,0,차대차 - 기타,안전운전불이행,건조,맑음,단일로 - 기타,승용,남,31세,경상,화물,남,55세,상해없음
2020091400100621,2020년 9월 14일 23시,월요일,경기도 수원시 영통구 이의동,경상사고,0,0,1,0,차대차 - 측면충돌,신호위반,건조,흐림,교차로 - 교차로안,승용,여,21세,상해없음,승용,남,37세,경상
2020091500100064,2020년 9월 15일 07시,화요일,경기도 수원시 영통구 이의동,경상사고,0,0,1,0,차대차 - 측면충돌,신호위반,건조,맑음,교차로 - 교차로횡단보도내,승용,여,62세,상해없음,개인형이동수단(PM),남,31세,경상
2020091500100094,2020년 9월 15일 08시,화요일,경기도 수원시 영통구 원천동,경상사고,0,0,1,0,차대차 - 측면충돌,안전운전불이행,건조,맑음,교차로 - 교차로안,승용,남,69세,상해없음,승용,남,24세,경상
2020091500100175,2020년 9월 15일 11시,화요일,경기도 수원시 팔달구 화서동,중상사고,0,1,0,0,차대사람 - 기타,안전운전불이행,건조,맑음,단일로 - 기타,원동기,남,26세,상해없음,보행자,남,83세,중상
2020091500100176,2020년 9월 15일 11시,화요일,경기도 수원시 팔달구 지동,중상사고,0,1,0,0,차대사람 - 차도통행중,안전운전불이행,건조,맑음,단일로 - 기타,승용,여,73세,상해없음,보행자,여,71세,중상
2020091500100328,2020년 9월 15일 15시,화요일,경기도 수원시 팔달구 인계동,경상사고,0,0,1,0,차대차 - 측면충돌,안전거리미확보,건조,맑음,단일로 - 기타,승용,여,48세,상해없음,화물,남,44세,경상
2020091500100369,2020년 9월 15일 16시,화요일,경기도 수원시 팔달구 매산로1가,경상사고,0,0,1,0,차대차 - 기타,안전운전불이행,건조,맑음,단일로 - 기타,승용,여,45세,상해없음,승용,남,31세,경상
2020091500100400,2020년 9월 15일 17시,화요일,경기도 수원시 영통구 원천동,경상사고,0,0,1,0,차대차 - 측면충돌,교차로운행방법위반,건조,맑음,교차로 - 교차로안,승용,남,31세,상해없음,승용,여,46세,경상
2020091500100481,2020년 9월 15일 19시,화요일,경기도 수원시 권선구 권선동,경상사고,0,0,1,1,차대차 - 추돌,안전운전불이행,기타,맑음,단일로 - 기타,이륜,남,19세,부상신고,승용,여,32세,경상
2020091500100482,2020년 9월 15일 19시,화요일,경기도 수원시 권선구 권선동,경상사고,0,0,1,0,차대사람 - 기타,안전운전불이행,건조,맑음,단일로 - 기타,승합,남,65세,상해없음,보행자,여,31세,경상
2020091500100520,2020년 9월 15일 20시,화요일,경기도 수원시 팔달구 우만동,중상사고,0,1,0,0,차대사람 - 기타,안전운전불이행,건조,맑음,단일로 - 기타,승용,여,34세,상해없음,보행자,여,24세,중상
2020091600100007,2020년 9월 16일 00시,수요일,경기도 수원시 팔달구 매산로2가,경상사고,0,0,2,1,차대차 - 측면충돌,안전거리미확보,건조,맑음,단일로 - 기타,승용,여,37세,상해없음,승용,남,33세,경상
2020091600100034,2020년 9월 16일 05시,수요일,경기도 수원시 팔달구 고등동,경상사고,0,0,5,0,차대차 - 기타,신호위반,건조,맑음,교차로 - 교차로안,승용,남,52세,상해없음,승용,남,33세,경상
2020091600100041,2020년 9월 16일 06시,수요일,경기도 수원시 권선구 세류동,경상사고,0,0,1,0,차대차 - 측면충돌,중앙선침범,건조,맑음,단일로 - 기타,승용,남,65세,상해없음,이륜,남,40세,경상
2020091600100055,2020년 9월 16일 07시,수요일,경기도 수원시 영통구 하동,경상사고,0,0,1,0,차대차 - 기타,안전운전불이행,건조,맑음,교차로 - 교차로횡단보도내,승용,여,26세,상해없음,자전거,남,33세,경상
2020091600100190,2020년 9월 16일 11시,수요일,경기도 수원시 장안구 천천동,경상사고,0,0,3,0,차대차 - 측면충돌,안전거리미확보,건조,맑음,단일로 - 기타,승용,남,79세,경상,화물,남,36세,경상
2020091600100192,2020년 9월 16일 11시,수요일,경기도 수원시 팔달구 인계동,경상사고,0,0,1,0,차대차 - 측면충돌,안전운전불이행,건조,맑음,교차로 - 교차로횡단보도내,화물,남,72세,상해없음,자전거,여,41세,경상
2020091600100267,2020년 9월 16일 14시,수요일,경기도 수원시 권선구 곡반정동,중상사고,0,1,0,0,차대차 - 측면충돌,안전운전불이행,건조,맑음,교차로 - 교차로안,승용,여,40세,상해없음,자전거,남,78세,중상
2020091600100293,2020년 9월 16일 15시,수요일,경기도 수원시 팔달구 지동,중상사고,0,1,0,0,차대사람 - 기타,안전운전불이행,건조,맑음,단일로 - 기타,승용,여,54세,상해없음,보행자,남,58세,중상
2020091600100334,2020년 9월 16일 16시,수요일,경기도 수원시 팔달구 인계동,경상사고,0,0,1,0,차대차 - 후진중충돌,안전운전불이행,건조,맑음,단일로 - 기타,승용,남,48세,상해없음,승용,여,50세,경상
2020091600100335,2020년 9월 16일 16시,수요일,경기도 수원시 권선구 구운동,경상사고,0,0,1,0,차대차 - 기타,안전운전불이행,건조,맑음,단일로 - 터널,화물,남,47세,상해없음,자전거,남,78세,경상
2020091600100411,2020년 9월 16일 18시,수요일,경기도 수원시 영통구 이의동,경상사고,0,0,1,0,차대차 - 측면충돌,신호위반,건조,맑음,교차로 - 교차로안,이륜,남,16세,상해없음,이륜,남,27세,경상
2020091600100524,2020년 9월 16일 21시,수요일,경기도 수원시 장안구 조원동,경상사고,0,0,1,0,차대차 - 기타,안전운전불이행,건조,맑음,단일로 - 기타,승용,남,29세,상해없음,승용,남,31세,경상
2020091700100020,2020년 9월 17일 02시,목요일,경기도 수원시 권선구 서둔동,경상사고,0,0,1,1,차대차 - 추돌,안전운전불이행,건조,맑음,교차로 - 교차로부근,원동기,남,33세,부상신고,승용,여,36세,경상
2020091700100031,2020년 9월 17일 04시,목요일,경기도 수원시 권선구 권선동,중상사고,0,1,0,0,차대차 - 측면충돌,안전운전불이행,건조,맑음,교차로 - 교차로안,승용,여,34세,상해없음,이륜,남,28세,중상
2020091700100089,2020년 9월 17일 08시,목요일,경기도 수원시 팔달구 팔달로2가,경상사고,0,0,1,0,차대차 - 기타,안전거리미확보,건조,맑음,교차로 - 교차로안,승합,여,49세,상해없음,승용,여,37세,경상
2020091700100187,2020년 9월 17일 11시,목요일,경기도 수원시 영통구 매탄동,중상사고,0,1,0,0,차대사람 - 횡단중,안전운전불이행,건조,흐림,교차로 - 교차로부근,화물,남,36세,상해없음,보행자,남,66세,중상