사고번호,사고일시,요일,시군구,사고내용,사망자수,중상자수,경상자수,부상신고자수,사고유형,법규위반,노면상태,기상상태,도로형태,가해운전자 차종,가해운전자 성별,가해운전자 연령,가해운전자 상해정도,피해운전자 차종,피해운전자 성별,피해운전자 연령,피해운전자 상해정도
2020091700100188,2020년 9월 17일 11시,목요일,경기도 수원시 권선구 권선동,중상사고,0,1,0,0,차대차 - 측면충돌,안전거리미확보,건조,맑음,교차로 - 교차로안,승용,여,34세,상해없음,승용,남,33세,중상
2020091700100213,2020년 9월 17일 12시,목요일,경기도 수원시 권선구 고색동,경상사고,0,0,1,0,차량단독 - 기타,기타,건조,맑음,단일로 - 기타,승합,남,43세,기타불명,,,,
2020091700100241,2020년 9월 17일 13시,목요일,경기도 수원시 장안구 조원동,경상사고,0,0,1,0,차대차 - 후진중충돌,안전운전불이행,건조,맑음,교차로 - 교차로안,승합,남,50세,상해없음,이륜,남,63세,경상
2020091700100277,2020년 9월 17일 14시,목요일,경기도 수원시 권선구 평리동,부상신고사고,0,0,0,1,차대차 - 기타,신호위반,건조,맑음,교차로 - 교차로안,승용,남,44세,상해없음,자전거,남,73세,부상신고
2020091700100341,2020년 9월 17일 16시,목요일,경기도 수원시 영통구 원천동,경상사고,0,0,1,0,차대차 - 측면충돌,신호위반,건조,맑음,교차로 - 교차로안,승용,여,38세,기타불명,승용,남,28세,경상
2020091700100428,2020년 9월 17일 18시,목요일,경기도 수원시 팔달구 고등동,경상사고,0,0,1,0,차대차 - 기타,직진우회전진행방해,건조,맑음,교차로 - 교차로안,승용,남,24세,상해없음,승용,남,39세,경상
2020091700100465,2020년 9월 17일 19시,목요일,경기도 수원시 권선구 권선동,중상사고,0,1,0,0,차대차 - 측면충돌,신호위반,건조,맑음,교차로 - 교차로안,승용,여,44세,상해없음,이륜,남,30세,중상
2020091700100504,2020년 9월 17일 20시,목요일,경기도 수원시 영통구 매탄동,경상사고,0,0,1,0,차대차 - 기타,신호위반,건조,맑음,교차로 - 교차로횡단보도내,승합,남,58세,상해없음,자전거,남,17세,경상
2020091800100007,2020년 9월 18일 00시,금요일,경기도 수원시 팔달구 매산로2가,경상사고,0,0,1,0,차대차 - 추돌,안전거리미확보,건조,맑음,교차로 - 교차로부근,승용,남,24세,상해없음,승용,남,24세,경상
2020091800100008,2020년 9월 18일 00시,금요일,경기도 수원시 권선구 고색동,경상사고,0,0,1,0,차대차 - 기타,안전거리미확보,건조,맑음,교차로 - 교차로부근,화물,남,69세,상해없음,승용,남,34세,경상
2020091800100067,2020년 9월 18일 07시,금요일,경기도 수원시 권선구 세류동,중상사고,0,1,0,0,차대차 - 기타,안전운전불이행,건조,맑음,교차로 - 교차로안,자전거,남,86세,중상,승용,남,32세,상해없음
2020091800100099,2020년 9월 18일 08시,금요일,경기도 수원시 영통구 영통동,경상사고,0,0,1,0,차대차 - 기타,안전거리미확보,건조,맑음,단일로 - 기타,승용,남,40세,상해없음,승용,남,24세,상해없음
2020091800100134,2020년 9월 18일 09시,금요일,경기도 수원시 장안구 천천동,부상신고사고,0,0,0,1,차대사람 - 기타,안전운전불이행,건조,맑음,단일로 - 기타,자전거,여,23세,상해없음,보행자,남,62세,부상신고
2020091800100173,2020년 9월 18일 10시,금요일,경기도 수원시 팔달구 인계동,경상사고,0,0,1,0,차대차 - 측면충돌,직진우회전진행방해,건조,맑음,교차로 - 교차로안,승용,남,58세,상해없음,승용,여,59세,경상
2020091800100204,2020년 9월 18일 11시,금요일,경기도 수원시 장안구 율전동,경상사고,0,0,1,0,차량단독 - 기타,기타,건조,맑음,단일로 - 기타,승합,남,64세,상해없음,,,,
2020091800100208,2020년 9월 18일 11시,금요일,경기도 수원시 영통구 영통동,중상사고,0,1,0,0,차대차 - 측면충돌,안전운전불이행,건조,맑음,교차로 - 교차로횡단보도내,승용,남,59세,상해없음,개인형이동수단(PM),여,20세,중상
2020091800100359,2020년 9월 18일 15시,금요일,경기도 수원시 권선구 탑동,중상사고,0,1,0,0,차대차 - 기타,안전거리미확보,건조,맑음,단일로 - 기타,승용,여,78세,상해없음,승합,남,52세,상해없음
2020091800100409,2020년 9월 18일 16시,금요일,경기도 수원시 팔달구 인계동,경상사고,0,0,1,0,차대사람 - 횡단중,보행자보호의무위반,건조,맑음,단일로 - 기타,승용,남,42세,상해없음,보행자,남,9세,경상
2020091800100412,2020년 9월 18일 16시,금요일,경기도 수원시 권선구 금곡동,경상사고,0,0,2,0,차대차 - 추돌,안전운전불이행,건조,맑음,단일로 - 기타,화물,남,54세,상해없음,건설기계,남,59세,경상
2020091800100476,2020년 9월 18일 17시,금요일,경기도 수원시 장안구 율전동,부상신고사고,0,0,0,2,차대차 - 추돌,안전운전불이행,건조,맑음,교차로 - 교차로부근,승용,여,55세,상해없음,승용,여,50세,부상신고
2020091800100522,2020년 9월 18일 18시,금요일,경기도 수원시 영통구 영통동,경상사고,0,0,1,0,차대사람 - 횡단중,안전운전불이행,건조,맑음,교차로 - 교차로안,승합,남,53세,상해없음,보행자,여,10세,경상
2020091800100571,2020년 9월 18일 19시,금요일,경기도 수원시 장안구 정자동,경상사고,0,0,1,0,차대차 - 정면충돌,신호위반,건조,맑음,교차로 - 교차로안,승용,남,42세,상해없음,이륜,남,29세,경상
2020091800100582,2020년 9월 18일 19시,금요일,경기도 수원시 영통구 영통동,경상사고,0,0,1,0,차대차 - 측면충돌,신호위반,건조,맑음,교차로 - 교차로횡단보도내,이륜,남,34세,상해없음,자전거,여,43세,경상
2020091800100666,2020년 9월 18일 21시,금요일,경기도 수원시 권선구 탑동,경상사고,0,0,1,0,차대차 - 기타,직진우회전진행방해,건조,맑음,교차로 - 교차로안,승용,여,21세,상해없음,승용,여,31세,경상
2020091800100694,2020년 9월 18일 22시,금요일,경기도 수원시 권선구 권선동,경상사고,0,0,1,0,차대차 - 추돌,안전운전불이행,건조,맑음,교차로 - 교차로부근,승용,남,56세,상해없음,승합,남,68세,경상
2020091900100049,2020년 9월 19일 04시,토요일,경기도 수원시 권선구 오목천동,중상사고,0,1,0,0,차대차 - 측면충돌,안전운전불이행,건조,맑음,교차로 - 교차로안,승용,남,23세,상해없음,승용,남,44세,중상
2020091900100080,2020년 9월 19일 06시,토요일,경기도 수원시 권선구 오목천동,경상사고,0,0,1,0,차대차 - 기타,교차로운행방법위반,건조,맑음,교차로 - 교차로안,승용,여,53세,상해없음,이륜,남,22세,경상
2020091900100145,2020년 9월 19일 09시,토요일,경기도 수원시 권선구 세류동,경상사고,0,0,1,0,차대사람 - 기타,안전운전불이행,젖음/습기,비,단일로 - 기타,승용,여,38세,상해없음,보행자,여,50세,경상
2020091900100147,2020년 9월 19일 09시,토요일,경기도 수원시 권선구 고색동,경상사고,0,0,2,0,차대차 - 기타,신호위반,젖음/습기,비,교차로 - 교차로안,승용,여,49세,상해없음,승용,남,26세,경상
2020091900100184,2020년 9월 19일 10시,토요일,경기도 수원시 장안구 연무동,경상사고,0,0,2,0,차대차 - 측면충돌,안전거리미확보,건조,맑음,단일로 - 기타,승용,여,26세,상해없음,승용,남,35세,경상
2020091900100223,2020년 9월 19일 11시,토요일,경기도 수원시 팔달구 우만동,부상신고사고,0,0,0,1,차대차 - 측면충돌,신호위반,건조,맑음,교차로 - 교차로부근,원동기,남,24세,부상신고,승합,여,59세,상해없음
2020091900100272,2020년 9월 19일 12시,토요일,경기도 수원시 장안구 연무동,경상사고,0,0,1,0,차대차 - 기타,신호위반,건조,맑음,교차로 - 교차로부근,승용,남,41세,상해없음,승용,남,47세,경상
2020091900100281,2020년 9월 19일 12시,토요일,경기도 수원시 팔달구 매산로1가,경상사고,0,0,1,0,차대사람 - 기타,안전운전불이행,건조,맑음,단일로 - 기타,승용,남,64세,상해없음,보행자,여,58세,경상
2020091900100282,2020년 9월 19일 12시,토요일,경기도 수원시 팔달구 매산로1가,경상사고,0,0,1,0,차대차 - 기타,안전운전불이행,건조,맑음,교차로 - 교차로안,승용,여,50세,상해없음,승용,여,22세,경상
2020091900100319,2020년 9월 19일 13시,토요일,경기도 수원시 장안구 율전동,경상사고,0,0,1,0,차대차 - 정면충돌,안전운전불이행,건조,맑음,교차로 - 교차로안,승용,여,47세,상해없음,승용,남,31세,경상
2020091900100327,2020년 9월 19일 13시,토요일,경기도 수원시 권선구 곡반정동,경상사고,0,0,1,0,차대사람 - 기타,안전운전불이행,건조,맑음,단일로 - 기타,승용,여,45세,상해없음,보행자,여,4세,경상
2020091900100414,2020년 9월 19일 15시,토요일,경기도 수원시 영통구 망포동,경상사고,0,0,1,0,차대차 - 측면충돌,안전운전불이행,건조,맑음,단일로 - 기타,승용,여,51세,상해없음,자전거,남,13세,경상
2020091900100511,2020년 9월 19일 17시,토요일,경기도 수원시 장안구 영화동,경상사고,0,0,1,0,차량단독 - 기타,기타,건조,맑음,단일로 - 기타,승합,남,46세,상해없음,,,,
2020091900100554,2020년 9월 19일 18시,토요일,경기도 수원시 권선구 권선동,경상사고,0,0,2,0,차대차 - 기타,안전운전불이행,기타,맑음,단일로 - 기타,승용,남,64세,경상,승용,남,26세,경상
2020091900100589,2020년 9월 19일 19시,토요일,경기도 수원시 팔달구 화서동,중상사고,0,1,0,0,차대차 - 기타,안전거리미확보,건조,맑음,단일로 - 기타,승용,여,58세,상해없음,승용,남,58세,중상
2020091900100595,2020년 9월 19일 19시,토요일,경기도 수원시 영통구 영통동,경상사고,0,0,1,0,차대사람 - 기타,안전운전불이행,건조,맑음,단일로 - 기타,자전거,남,48세,상해없음,보행자,남,49세,경상
2020091900100597,2020년 9월 19일 19시,토요일,경기도 수원시 팔달구 매산로1가,부상신고사고,0,0,0,1,차대차 - 측면충돌,안전거리미확보,건조,맑음,단일로 - 기타,승용,남,37세,기타불명,승용,남,25세,부상신고
2020091900100631,2020년 9월 19일 20시,토요일,경기도 수원시 장안구 송죽동,경상사고,0,0,1,0,차대차 - 기타,교차로운행방법위반,건조,맑음,교차로 - 교차로안,승합,여,44세,상해없음,이륜,남,43세,경상
2020092000100055,2020년 9월 20일 04시,일요일,경기도 수원시 영통구 망포동,경상사고,0,0,1,0,차대차 - 측면충돌,신호위반,건조,맑음,교차로 - 교차로안,승용,남,23세,상해없음,승용,여,28세,경상
2020092000100056,2020년 9월 20일 04시,일요일,경기도 수원시 팔달구 인계동,경상사고,0,0,1,0,차대차 - 기타,안전운전불이행,건조,맑음,단일로 - 기타,기타불명,기타불명,미분류,기타불명,승용,남,59세,경상
2020092000100099,2020년 9월 20일 08시,일요일,경기도 수원시 권선구 권선동,경상사고,0,0,1,0,차대사람 - 차도통행중,안전운전불이행,건조,맑음,단일로 - 기타,이륜,남,31세,상해없음,보행자,남,5세,경상
2020092000100148,2020년 9월 20일 11시,일요일,경기도 수원시 장안구 정자동,경상사고,0,0,1,0,차대차 - 기타,직진우회전진행방해,건조,맑음,교차로 - 교차로안,승용,여,53세,상해없음,이륜,남,42세,경상
2020092000100182,2020년 9월 20일 12시,일요일,경기도 수원시 영통구 영통동,경상사고,0,0,2,0,차대차 - 추돌,안전운전불이행,건조,맑음,교차로 - 교차로부근,승용,남,67세,상해없음,승용,남,52세,경상
2020092000100183,2020년 9월 20일 12시,일요일,경기도 수원시 권선구 고색동,경상사고,0,0,1,0,차대차 - 측면충돌,안전거리미확보,건조,맑음,단일로 - 기타,화물,남,62세,상해없음,승용,남,25세,경상
2020092000100184,2020년 9월 20일 12시,일요일,경기도 수원시 권선구 평동,중상사고,0,1,0,0,차대차 - 기타,안전거리미확보,건조,맑음,단일로 - 기타,승용,남,66세,상해없음,승용,여,26세,중상
2020092000100213,2020년 9월 20일 13시,일요일,경기도 수원시 팔달구 남수동,부상신고사고,0,0,0,1,차대사람 - 기타,안전운전불이행,건조,맑음,교차로 - 교차로부근,승용,남,63세,상해없음,보행자,남,62세,부상신고
2020092000100247,2020년 9월 20일 14시,일요일,경기도 수원시 팔달구 우만동,경상사고,0,0,1,0,차대차 - 측면충돌,안전운전불이행,건조,맑음,교차로 - 교차로안,승용,남,50세,상해없음,이륜,남,22세,경상
2020092000100468,2020년 9월 20일 20시,일요일,경기도 수원시 팔달구 교동,경상사고,0,0,2,0,차대차 - 측면충돌,직진우회전진행방해,건조,맑음,교차로 - 교차로안,승용,남,27세,상해없음,승용,남,24세,경상
2020092000100493,2020년 9월 20일 21시,일요일,경기도 수원시 팔달구 인계동,중상사고,0,1,0,0,차대사람 - 횡단중,안전운전불이행,건조,맑음,단일로 - 기타,승용,남,60세,상해없음,보행자,여,57세,중상
2020092000100494,2020년 9월 20일 21시,일요일,경기도 수원시 권선구 세류동,중상사고,0,1,0,0,차량단독 - 공작물충돌,안전운전불이행,건조,맑음,단일로 - 기타,이륜,여,14세,상해없음,,,,
2020092000100524,2020년 9월 20일 23시,일요일,경기도 수원시 권선구 권선동,중상사고,0,1,3,0,차대차 - 추돌,안전운전불이행,건조,맑음,교차로 - 교차로부근,승용,여,35세,상해없음,승용,남,45세,경상
2020092100100052,2020년 9월 21일 06시,월요일,경기도 수원시 팔달구 매산로1가,경상사고,0,0,1,0,차대차 - 측면충돌,안전거리미확보,건조,맑음,교차로 - 교차로부근,승용,여,55세,상해없음,승용,남,38세,경상
2020092100100150,2020년 9월 21일 09시,월요일,경기도 수원시 영통구 신동,경상사고,0,0,1,0,차대차 - 기타,차로위반,건조,맑음,교차로 - 교차로부근,승용,여,63세,상해없음,승용,남,32세,경상
2020092100100190,2020년 9월 21일 10시,월요일,경기도 수원시 영통구 매탄동,경상사고,0,0,5,0,차대차 - 기타,중앙선침범,건조,맑음,교차로 - 교차로부근,승용,남,46세,상해없음,승용,여,39세,경상
2020092100100192,2020년 9월 21일 10시,월요일,경기도 수원시 권선구 호매실동,중상사고,0,1,1,0,차대차 - 기타,안전운전불이행,건조,맑음,교차로 - 교차로부근,이륜,남,23세,중상,승용,남,52세,경상
2020092100100258,2020년 9월 21일 12시,월요일,경기도 수원시 팔달구 팔달로3가,부상신고사고,0,0,0,1,차량단독 - 기타,기타,건조,맑음,교차로 - 교차로안,승합,남,49세,상해없음,,,,
2020092100100343,2020년 9월 21일 14시,월요일,경기도 수원시 장안구 연무동,경상사고,0,0,1,0,차대차 - 기타,기타,건조,맑음,교차로 - 교차로안,화물,남,62세,상해없음,승용,남,77세,경상
2020092100100392,2020년 9월 21일 15시,월요일,경기도 수원시 장안구 천천동,경상사고,0,0,1,0,차대차 - 추돌,안전운전불이행,건조,맑음,교차로 - 교차로안,건설기계,남,58세,상해없음,승용,여,43세,경상
2020092100100436,2020년 9월 21일 16시,월요일,경기도 수원시 장안구 정자동,경상사고,0,0,1,0,차대차 - 추돌,안전운전불이행,건조,맑음,단일로 - 기타,승용,여,61세,경상,화물,남,27세,기타불명
2020092100100444,2020년 9월 21일 16시,월요일,경기도 수원시 팔달구 우만동,경상사고,0,0,2,0,차대차 - 추돌,안전운전불이행,건조,맑음,단일로 - 기타,화물,남,21세,상해없음,승용,남,72세,경상
2020092100100445,2020년 9월 21일 16시,월요일,경기도 수원시 권선구 서둔동,중상사고,0,1,0,0,차대차 - 측면충돌,신호위반,건조,맑음,단일로 - 기타,승용,남,53세,상해없음,자전거,남,63세,중상
2020092100100541,2020년 9월 21일 18시,월요일,경기도 수원시 팔달구 남수동,중상사고,0,1,0,0,차대사람 - 횡단중,안전운전불이행,건조,맑음,교차로 - 교차로안,승용,여,20세,기타불명,보행자,여,74세,중상
2020092100100548,2020년 9월 21일 18시,월요일,경기도 수원시 권선구 오목천동,경상사고,0,0,1,0,차대차 - 추돌,안전운전불이행,건조,맑음,단일로 - 기타,승용,남,56세,상해없음,승용,남,34세,경상
2020092100100645,2020년 9월 21일 20시,월요일,경기도 수원시 권선구 권선동,중상사고,0,1,0,0,차대차 - 측면충돌,교차로운행방법위반,건조,맑음,교차로 - 교차로안,승용,남,52세,상해없음,이륜,남,20세,중상
2020092100100693,2020년 9월 21일 22시,월요일,경기도 수원시 장안구 율전동,경상사고,0,0,1,0,차대차 - 측면충돌,신호위반,건조,맑음,교차로 - 교차로안,이륜,남,19세,상해없음,승용,남,47세,경상
2020092100100711,2020년 9월 21일 23시,월요일,경기도 수원시 장안구 영화동,부상신고사고,0,0,0,1,차대차 - 기타,안전운전불이행,건조,맑음,단일로 - 기타,승용,남,32세,부상신고,화물,남,29세,상해없음
2020092200100016,2020년 9월 22일 01시,화요일,경기도 수원시 권선구 탑동,경상사고,0,0,1,0,차대차 - 기타,안전운전불이행,건조,맑음,교차로 - 교차로부근,승용,남,54세,상해없음,승용,남,49세,경상
2020092200100113,2020년 9월 22일 08시,화요일,경기도 수원시 팔달구 인계동,경상사고,0,0,2,0,차대차 - 추돌,안전운전불이행,건조,맑음,단일로 - 기타,승용,남,29세,상해없음,승용,남,32세,경상
2020092200100153,2020년 9월 22일 09시,화요일,경기도 수원시 장안구 조원동,경상사고,0,0,1,0,차대사람 - 횡단중,신호위반,건조,맑음,단일로 - 기타,승용,남,68세,상해없음,보행자,남,40세,경상
2020092200100154,2020년 9월 22일 09시,화요일,경기도 수원시 장안구 영화동,경상사고,0,0,1,0,차대차 - 후진중충돌,안전운전불이행,건조,맑음,단일로 - 기타,화물,남,40세,상해없음,자전거,여,62세,경상
2020092200100158,2020년 9월 22일 09시,화요일,경기도 수원시 권선구 권선동,중상사고,0,1,0,0,차대사람 - 횡단중,안전운전불이행,건조,맑음,단일로 - 기타,승용,여,57세,상해없음,보행자,여,68세,중상
2020092200100229,2020년 9월 22일 11시,화요일,경기도 수원시 권선구 세류동,경상사고,0,0,1,0,차대차 - 측면충돌,안전거리미확보,기타,맑음,기타 - 기타,승용,남,68세,상해없음,승용,남,39세,경상
2020092200100308,2020년 9월 22일 13시,화요일,경기도 수원시 권선구 권선동,중상사고,0,3,3,1,차대차 - 측면충돌,교차로운행방법위반,건조,맑음,교차로 - 교차로부근,승용,남,41세,부상신고,승용,남,75세,중상
2020092200100309,2020년 9월 22일 13시,화요일,경기도 수원시 권선구 곡반정동,경상사고,0,0,1,0,차대차 - 후진중충돌,안전운전불이행,건조,맑음,단일로 - 기타,화물,남,65세,상해없음,화물,남,40세,경상
2020092200100346,2020년 9월 22일 14시,화요일,경기도 수원시 권선구 곡반정동,경상사고,0,0,2,0,차대차 - 측면충돌,차로위반,건조,맑음,단일로 - 기타,건설기계,남,54세,상해없음,승용,여,57세,경상
2020092200100395,2020년 9월 22일 15시,화요일,경기도 수원시 권선구 세류동,경상사고,0,0,1,0,차대차 - 기타,안전운전불이행,건조,맑음,단일로 - 기타,승용,남,25세,상해없음,이륜,남,55세,경상
2020092200100450,2020년 9월 22일 16시,화요일,경기도 수원시 권선구 곡반정동,경상사고,0,0,1,0,차대사람 - 기타,안전운전불이행,건조,맑음,단일로 - 기타,개인형이동수단(PM),남,22세,상해없음,보행자,남,64세,경상
2020092200100452,2020년 9월 22일 16시,화요일,경기도 수원시 권선구 금곡동,중상사고,0,1,0,0,차대사람 - 기타,안전운전불이행,건조,맑음,단일로 - 기타,승용,여,54세,상해없음,보행자,여,52세,중상
2020092200100504,2020년 9월 22일 17시,화요일,경기도 수원시 장안구 정자동,사망사고,1,0,0,0,차량단독 - 전도전복 - 전도,안전운전불이행,건조,맑음,단일로 - 기타,이륜,남,58세,사망,,,,
2020092200100509,2020년 9월 22일 17시,화요일,경기도 수원시 권선구 권선동,경상사고,0,0,1,0,차대차 - 추돌,신호위반,건조,맑음,교차로 - 교차로안,승용,남,25세,상해없음,승용,남,41세,경상
2020092200100550,2020년 9월 22일 18시,화요일,경기도 수원시 장안구 조원동,경상사고,0,0,1,0,차대차 - 정면충돌,중앙선침범,건조,맑음,단일로 - 기타,이륜,남,28세,경상,승용,남,33세,상해없음
2020092200100555,2020년 9월 22일 18시,화요일,경기도 수원시 영통구 원천동,경상사고,0,0,1,0,차대차 - 기타,안전운전불이행,건조,맑음,교차로 - 교차로부근,화물,남,58세,상해없음,승용,여,28세,경상
2020092200100622,2020년 9월 22일 19시,화요일,경기도 수원시 권선구 금곡동,경상사고,0,0,4,0,차대차 - 추돌,안전운전불이행,건조,맑음,단일로 - 기타,승용,남,32세,상해없음,승용,남,36세,경상
2020092200100659,2020년 9월 22일 20시,화요일,경기도 수원시 장안구 연무동,경상사고,0,0,1,0,차대사람 - 기타,안전운전불이행,건조,맑음,단일로 - 기타,화물,여,28세,상해없음,보행자,남,22세,경상
2020092300100019,2020년 9월 23일 01시,수요일,경기도 수원시 팔달구 인계동,경상사고,0,0,2,1,차대차 - 측면충돌,신호위반,건조,맑음,교차로 - 교차로안,승용,남,55세,상해없음,승용,남,47세,경상
2020092300100020,2020년 9월 23일 01시,수요일,경기도 수원시 팔달구 인계동,경상사고,0,0,6,0,차대차 - 측면충돌,안전거리미확보,건조,맑음,교차로 - 교차로부근,승용,여,35세,경상,승용,남,38세,경상
2020092300100041,2020년 9월 23일 05시,수요일,경기도 수원시 팔달구 우만동,경상사고,0,0,2,0,차대차 - 추돌,안전거리미확보,건조,맑음,교차로 - 교차로부근,승용,여,38세,상해없음,승용,남,52세,경상
2020092300100068,2020년 9월 23일 07시,수요일,경기도 수원시 영통구 원천동,경상사고,0,0,4,0,차대차 - 추돌,안전거리미확보,건조,맑음,단일로 - 기타,화물,남,48세,상해없음,승합,남,47세,경상
2020092300100093,2020년 9월 23일 08시,수요일,경기도 수원시 장안구 영화동,경상사고,0,0,2,1,차대차 - 기타,교차로운행방법위반,건조,맑음,교차로 - 교차로안,승용,여,52세,경상,승용,여,46세,경상
2020092300100097,2020년 9월 23일 08시,수요일,경기도 수원시 팔달구 인계동,경상사고,0,0,1,0,차대차 - 측면충돌,교차로운행방법위반,건조,맑음,교차로 - 교차로안,승용,여,40세,상해없음,승용,남,49세,상해없음
2020092300100140,2020년 9월 23일 09시,수요일,경기도 수원시 팔달구 인계동,경상사고,0,0,4,1,차대차 - 기타,교차로운행방법위반,건조,맑음,교차로 - 교차로부근,화물,남,45세,상해없음,승합,남,39세,상해없음
2020092300100263,2020년 9월 23일 13시,수요일,경기도 수원시 장안구 영화동,중상사고,0,1,0,0,차대차 - 기타,기타,건조,맑음,교차로 - 교차로부근,승용,남,48세,상해없음,자전거,여,54세,중상
2020092300100347,2020년 9월 23일 15시,수요일,경기도 수원시 장안구 송죽동,중상사고,0,1,1,0,차대차 - 기타,기타,건조,맑음,교차로 - 교차로안,이륜,남,36세,경상,이륜,남,51세,중상
2020092300100422,2020년 9월 23일 17시,수요일,경기도 수원시 팔달구 북수동,경상사고,0,0,3,0,차대차 - 측면충돌,안전운전불이행,건조,맑음,교차로 - 교차로안,승용,여,26세,상해없음,승용,남,35세,경상
2020092300100474,2020년 9월 23일 18시,수요일,경기도 수원시 영통구 원천동,경상사고,0,0,1,0,차대사람 - 기타,기타,건조,맑음,단일로 - 기타,승합,남,53세,상해없음,보행자,여,69세,경상
2020092300100526,2020년 9월 23일 19시,수요일,경기도 수원시 장안구 천천동,경상사고,0,0,4,0,차대차 - 측면충돌,안전거리미확보,건조,맑음,교차로 - 교차로안,화물,여,63세,상해없음,승용,여,46세,경상
2020092300100535,2020년 9월 23일 19시,수요일,경기도 수원시 권선구 세류동,경상사고,0,0,1,0,차대차 - 기타,안전운전불이행,건조,맑음,교차로 - 교차로부근,승용,남,58세,상해없음,자전거,남,17세,경상
2020092300100538,2020년 9월 23일 19시,수요일,경기도 수원시 권선구 평동,경상사고,0,0,1,0,차대차 - 추돌,안전운전불이행,건조,맑음,단일로 - 지하차도(도로)내,승합,남,38세,상해없음,이륜,남,50세,경상
2020092300100602,2020년 9월 23일 21시,수요일,경기도 수원시 권선구 권선동,부상신고사고,0,0,0,1,차량단독 - 공작물충돌,안전운전불이행,건조,맑음,교차로 - 교차로안,승용,남,27세,부상신고,,,,
2020092300100624,2020년 9월 23일 22시,수요일,경기도 수원시 권선구 금곡동,경상사고,0,0,1,0,차대차 - 기타,중앙선침범,건조,맑음,단일로 - 기타,승용,남,63세,상해없음,이륜,남,18세,경상
2020092400100113,2020년 9월 24일 08시,목요일,경기도 수원시 팔달구 우만동,경상사고,0,0,1,0,차대차 - 측면충돌,안전운전불이행,건조,맑음,단일로 - 기타,승용,남,60세,상해없음,승합,남,56세,경상
2020092400100114,2020년 9월 24일 08시,목요일,경기도 수원시 장안구 영화동,중상사고,0,1,0,0,차대사람 - 횡단중,안전운전불이행,건조,맑음,단일로 - 기타,승용,남,63세,상해없음,보행자,남,58세,중상
2020092400100118,2020년 9월 24일 08시,목요일,경기도 수원시 팔달구 지동,중상사고,0,1,2,0,차대차 - 추돌,안전운전불이행,건조,맑음,단일로 - 기타,이륜,남,17세,경상,승용,남,60세,경상
2020092400100161,2020년 9월 24일 09시,목요일,경기도 수원시 권선구 세류동,중상사고,0,1,0,0,차대사람 - 횡단중,안전운전불이행,건조,맑음,교차로 - 교차로부근,승용,여,35세,상해없음,보행자,남,39세,중상
2020092400100186,2020년 9월 24일 10시,목요일,경기도 수원시 팔달구 남수동,중상사고,0,1,0,0,차량단독 - 기타,기타,건조,맑음,교차로 - 교차로부근,승합,여,58세,상해없음,,,,
2020092400100286,2020년 9월 24일 13시,목요일,경기도 수원시 권선구 오목천동,경상사고,0,0,1,0,차대차 - 기타,신호위반,건조,맑음,교차로 - 교차로안,승용,여,59세,상해없음,승용,남,32세,경상
2020092400100391,2020년 9월 24일 16시,목요일,경기도 수원시 팔달구 팔달로3가,중상사고,0,1,0,0,차대사람 - 횡단중,안전운전불이행,건조,맑음,단일로 - 기타,승용,남,67세,상해없음,보행자,여,79세,중상
2020092400100430,2020년 9월 24일 17시,목요일,경기도 수원시 장안구 이목동,경상사고,0,0,2,0,차대차 - 측면충돌,신호위반,건조,맑음,교차로 - 교차로안,화물,남,73세,상해없음,승용,여,46세,경상
2020092400100494,2020년 9월 24일 18시,목요일,경기도 수원시 권선구 세류동,중상사고,0,1,0,0,차대사람 - 보도통행중,기타,건조,맑음,단일로 - 기타,이륜,남,54세,상해없음,보행자,여,49세,중상
2020092400100624,2020년 9월 24일 21시,목요일,경기도 수원시 영통구 영통동,경상사고,0,0,2,0,차대차 - 측면충돌,신호위반,건조,맑음,교차로 - 교차로안,이륜,남,23세,경상,승용,남,40세,경상
2020092500100018,2020년 9월 25일 01시,금요일,경기도 수원시 팔달구 화서동,경상사고,0,0,1,0,차대차 - 기타,교차로운행방법위반,건조,맑음,교차로 - 교차로안,원동기,남,17세,경상,승용,남,49세,상해없음
2020092500100114,2020년 9월 25일 08시,금요일,경기도 수원시 영통구 신동,중상사고,0,1,0,0,차대사람 - 횡단중,신호위반,건조,맑음,교차로 - 교차로횡단보도내,승용,여,61세,상해없음,보행자,여,17세,중상
2020092500100242,2020년 9월 25일 12시,금요일,경기도 수원시 영통구 망포동,경상사고,0,0,1,1,차대차 - 측면충돌,안전운전불이행,건조,맑음,교차로 - 교차로안,승용,여,31세,상해없음,승용,남,62세,경상
2020092500100268,2020년 9월 25일 13시,금요일,경기도 수원시 장안구 정자동,경상사고,0,0,1,0,차대차 - 기타,직진우회전진행방해,건조,맑음,교차로 - 교차로안,화물,남,47세,상해없음,자전거,남,81세,경상
2020092500100331,2020년 9월 25일 14시,금요일,경기도 수원시 권선구 평동,경상사고,0,0,2,0,차대차 - 후진중충돌,안전운전불이행,건조,맑음,교차로 - 교차로안,승용,남,57세,상해없음,승용,남,26세,경상
2020092500100371,2020년 9월 25일 15시,금요일,경기도 수원시 권선구 구운동,경상사고,0,0,1,0,차대차 - 기타,안전거리미확보,건조,맑음,단일로 - 기타,승용,남,81세,상해없음,승용,여,19세,경상
2020092500100413,2020년 9월 25일 16시,금요일,경기도 수원시 권선구 권선동,경상사고,0,0,1,0,차대차 - 후진중충돌,안전운전불이행,건조,맑음,단일로 - 기타,승용,남,33세,상해없음,승용,여,43세,경상