사고번호,사고일시,요일,시군구,사고내용,사망자수,중상자수,경상자수,부상신고자수,사고유형,법규위반,노면상태,기상상태,도로형태,가해운전자 차종,가해운전자 성별,가해운전자 연령,가해운전자 상해정도,피해운전자 차종,피해운전자 성별,피해운전자 연령,피해운전자 상해정도
2020102500100513,2020년 10월 25일 20시,일요일,경기도 수원시 영통구 망포동,중상사고,0,1,0,0,차량단독 - 기타,안전운전불이행,젖음/습기,흐림,교차로 - 교차로안,이륜,남,50세,중상,,,,
2020102600100103,2020년 10월 26일 08시,월요일,경기도 수원시 장안구 하광교동,중상사고,0,1,1,0,차대차 - 측면충돌,직진우회전진행방해,건조,맑음,교차로 - 교차로안,승용,여,29세,경상,원동기,여,57세,중상
2020102600100202,2020년 10월 26일 10시,월요일,경기도 수원시 권선구 권선동,중상사고,0,1,0,0,차대사람 - 차도통행중,안전운전불이행,건조,맑음,단일로 - 기타,승용,남,49세,상해없음,보행자,남,35세,중상
2020102600100252,2020년 10월 26일 11시,월요일,경기도 수원시 권선구 금곡동,경상사고,0,0,1,1,차대차 - 측면충돌,안전운전불이행,건조,맑음,단일로 - 기타,승용,남,83세,상해없음,승합,남,54세,경상
2020102600100325,2020년 10월 26일 13시,월요일,경기도 수원시 영통구 신동,경상사고,0,0,1,0,차대차 - 측면충돌,안전운전불이행,건조,맑음,교차로 - 교차로안,이륜,남,39세,경상,특수,남,60세,상해없음
2020102600100386,2020년 10월 26일 15시,월요일,경기도 수원시 장안구 천천동,경상사고,0,0,1,0,차대차 - 측면충돌,안전운전불이행,건조,맑음,단일로 - 기타,승용,남,67세,상해없음,원동기,남,20세,경상
2020102600100536,2020년 10월 26일 18시,월요일,경기도 수원시 장안구 이목동,경상사고,0,0,1,0,차대차 - 기타,안전거리미확보,건조,맑음,단일로 - 기타,승용,여,23세,상해없음,승용,남,59세,경상
2020102600100543,2020년 10월 26일 18시,월요일,경기도 수원시 영통구 매탄동,경상사고,0,0,1,0,차대차 - 기타,안전거리미확보,건조,맑음,교차로 - 교차로안,승용,남,59세,상해없음,이륜,남,31세,경상
2020102600100591,2020년 10월 26일 19시,월요일,경기도 수원시 장안구 정자동,경상사고,0,0,1,1,차대차 - 기타,신호위반,건조,맑음,교차로 - 교차로안,이륜,남,18세,부상신고,승용,여,48세,경상
2020102600100662,2020년 10월 26일 21시,월요일,경기도 수원시 권선구 고색동,경상사고,0,0,1,0,차대차 - 추돌,안전운전불이행,건조,맑음,교차로 - 교차로부근,승용,남,40세,상해없음,승용,남,41세,경상
2020102600100696,2020년 10월 26일 23시,월요일,경기도 수원시 영통구 매탄동,중상사고,0,1,0,0,차대차 - 측면충돌,기타,건조,맑음,단일로 - 기타,승용,남,55세,상해없음,이륜,남,19세,중상
2020102700100022,2020년 10월 27일 02시,화요일,경기도 수원시 장안구 정자동,부상신고사고,0,0,0,2,차대차 - 추돌,안전거리미확보,건조,맑음,단일로 - 기타,화물,남,36세,부상신고,승용,남,34세,부상신고
2020102700100046,2020년 10월 27일 05시,화요일,경기도 수원시 권선구 곡반정동,경상사고,0,0,1,0,차대차 - 측면충돌,안전운전불이행,건조,맑음,단일로 - 기타,화물,남,62세,상해없음,승합,남,59세,경상
2020102700100106,2020년 10월 27일 08시,화요일,경기도 수원시 팔달구 고등동,부상신고사고,0,0,0,1,차대차 - 측면충돌,안전운전불이행,건조,맑음,교차로 - 교차로부근,자전거,남,8세,부상신고,승합,여,39세,상해없음
2020102700100182,2020년 10월 27일 10시,화요일,경기도 수원시 영통구 하동,중상사고,0,1,0,0,차대차 - 측면충돌,안전운전불이행,건조,맑음,교차로 - 교차로횡단보도내,승용,여,41세,상해없음,자전거,여,24세,중상
2020102700100249,2020년 10월 27일 12시,화요일,경기도 수원시 영통구 이의동,중상사고,0,1,2,0,차대차 - 측면충돌,안전운전불이행,건조,맑음,교차로 - 교차로부근,승용,남,53세,기타불명,승용,남,60세,경상
2020102700100250,2020년 10월 27일 12시,화요일,경기도 수원시 권선구 세류동,중상사고,0,1,0,0,차대사람 - 기타,안전운전불이행,건조,맑음,교차로 - 교차로안,화물,남,39세,상해없음,보행자,남,49세,중상
2020102700100251,2020년 10월 27일 12시,화요일,경기도 수원시 영통구 영통동,부상신고사고,0,0,0,1,차대차 - 후진중충돌,안전운전불이행,건조,맑음,단일로 - 기타,기타불명,기타불명,미분류,기타불명,화물,남,49세,부상신고
2020102700100288,2020년 10월 27일 13시,화요일,경기도 수원시 팔달구 인계동,경상사고,0,0,1,0,차대차 - 측면충돌,안전운전불이행,건조,맑음,교차로 - 교차로부근,승용,남,28세,상해없음,승용,여,61세,경상
2020102700100289,2020년 10월 27일 13시,화요일,경기도 수원시 영통구 매탄동,경상사고,0,0,1,0,차대차 - 후진중충돌,안전운전불이행,건조,맑음,교차로 - 교차로부근,승용,남,37세,상해없음,승용,여,38세,경상
2020102700100359,2020년 10월 27일 15시,화요일,경기도 수원시 팔달구 화서동,부상신고사고,0,0,0,1,차대차 - 측면충돌,불법유턴,건조,맑음,교차로 - 교차로안,자전거,남,65세,부상신고,승용,남,51세,상해없음
2020102700100361,2020년 10월 27일 15시,화요일,경기도 수원시 영통구 원천동,경상사고,0,0,1,0,차대차 - 측면충돌,교차로운행방법위반,건조,맑음,교차로 - 교차로안,승용,여,55세,상해없음,승용,남,44세,경상
2020102700100362,2020년 10월 27일 15시,화요일,경기도 수원시 권선구 고색동,경상사고,0,0,3,0,차대차 - 추돌,신호위반,건조,맑음,교차로 - 교차로안,화물,남,23세,상해없음,승용,여,60세,경상
2020102700100401,2020년 10월 27일 16시,화요일,경기도 수원시 팔달구 인계동,중상사고,0,1,0,0,차대차 - 추돌,안전운전불이행,건조,맑음,단일로 - 기타,승용,남,52세,상해없음,승용,남,42세,중상
2020102700100492,2020년 10월 27일 18시,화요일,경기도 수원시 팔달구 인계동,경상사고,0,0,1,0,차대차 - 측면충돌,교차로운행방법위반,건조,맑음,교차로 - 교차로안,승용,남,39세,상해없음,승용,남,47세,경상
2020102700100494,2020년 10월 27일 18시,화요일,경기도 수원시 권선구 고색동,경상사고,0,0,1,0,차대차 - 측면충돌,차로위반,건조,맑음,단일로 - 기타,이륜,남,36세,상해없음,이륜,남,31세,경상
2020102800100008,2020년 10월 28일 00시,수요일,경기도 수원시 팔달구 우만동,경상사고,0,0,1,0,차량단독 - 기타,안전운전불이행,건조,맑음,단일로 - 기타,승합,남,45세,상해없음,,,,
2020102800100009,2020년 10월 28일 00시,수요일,경기도 수원시 팔달구 인계동,경상사고,0,0,1,0,차대차 - 후진중충돌,기타,건조,맑음,단일로 - 기타,승용,여,27세,상해없음,승용,남,25세,경상
2020102800100038,2020년 10월 28일 03시,수요일,경기도 수원시 영통구 매탄동,중상사고,0,1,1,0,차대차 - 정면충돌,중앙선침범,건조,맑음,교차로 - 교차로부근,승용,남,30세,상해없음,승용,남,53세,경상
2020102800100065,2020년 10월 28일 06시,수요일,경기도 수원시 영통구 이의동,중상사고,0,1,2,0,차대차 - 추돌,안전운전불이행,건조,맑음,단일로 - 기타,승용,여,24세,경상,승용,남,36세,중상
2020102800100105,2020년 10월 28일 08시,수요일,경기도 수원시 영통구 원천동,경상사고,0,0,1,0,차대차 - 기타,교차로운행방법위반,건조,맑음,교차로 - 교차로부근,승용,남,49세,상해없음,승용,여,27세,경상
2020102800100152,2020년 10월 28일 09시,수요일,경기도 수원시 팔달구 인계동,경상사고,0,0,1,0,차대차 - 측면충돌,안전운전불이행,건조,맑음,단일로 - 기타,승용,남,49세,상해없음,승용,남,54세,경상
2020102800100217,2020년 10월 28일 11시,수요일,경기도 수원시 장안구 정자동,중상사고,0,1,0,0,차대사람 - 기타,안전운전불이행,건조,맑음,단일로 - 기타,이륜,남,39세,상해없음,보행자,남,68세,중상
2020102800100223,2020년 10월 28일 11시,수요일,경기도 수원시 권선구 권선동,중상사고,0,1,0,0,차대사람 - 횡단중,신호위반,건조,맑음,교차로 - 교차로횡단보도내,화물,남,46세,상해없음,보행자,남,27세,중상
2020102800100337,2020년 10월 28일 14시,수요일,경기도 수원시 팔달구 우만동,중상사고,0,1,0,0,차량단독 - 전도전복 - 전도,안전운전불이행,건조,맑음,교차로 - 교차로안,이륜,남,54세,중상,,,,
2020102800100375,2020년 10월 28일 15시,수요일,경기도 수원시 팔달구 인계동,중상사고,0,1,0,0,차대사람 - 기타,안전운전불이행,기타,맑음,교차로 - 교차로부근,승용,남,39세,상해없음,보행자,여,65세,중상
2020102800100605,2020년 10월 28일 20시,수요일,경기도 수원시 팔달구 지동,경상사고,0,0,1,0,차대차 - 후진중충돌,신호위반,건조,맑음,교차로 - 교차로안,자전거,남,57세,경상,승용,여,54세,상해없음
2020102800100688,2020년 10월 28일 23시,수요일,경기도 수원시 영통구 매탄동,경상사고,0,0,1,0,차대차 - 추돌,안전운전불이행,건조,맑음,교차로 - 교차로부근,승용,남,46세,상해없음,승용,남,39세,경상
2020102800100689,2020년 10월 28일 23시,수요일,경기도 수원시 팔달구 인계동,경상사고,0,0,1,0,차대사람 - 기타,안전운전불이행,건조,맑음,단일로 - 기타,승용,남,56세,상해없음,보행자,여,20세,경상
2020102900100016,2020년 10월 29일 01시,목요일,경기도 수원시 영통구 매탄동,중상사고,0,1,0,0,차대사람 - 보도통행중,안전운전불이행,건조,맑음,기타 - 기타,화물,남,43세,상해없음,보행자,남,35세,중상
2020102900100051,2020년 10월 29일 05시,목요일,경기도 수원시 영통구 이의동,경상사고,0,0,1,0,차대차 - 기타,신호위반,건조,맑음,교차로 - 교차로안,승용,남,50세,상해없음,승용,남,63세,경상
2020102900100117,2020년 10월 29일 08시,목요일,경기도 수원시 권선구 고색동,경상사고,0,0,1,0,차대사람 - 기타,안전운전불이행,건조,맑음,기타 - 기타,승용,여,50세,상해없음,보행자,남,32세,경상
2020102900100118,2020년 10월 29일 08시,목요일,경기도 수원시 권선구 호매실동,경상사고,0,0,1,0,차대사람 - 기타,안전운전불이행,건조,맑음,단일로 - 기타,승용,여,36세,상해없음,보행자,남,37세,경상
2020102900100152,2020년 10월 29일 09시,목요일,경기도 수원시 장안구 조원동,경상사고,0,0,1,0,차대차 - 추돌,교차로운행방법위반,건조,맑음,교차로 - 교차로안,승용,남,70세,상해없음,승합,남,59세,경상
2020102900100153,2020년 10월 29일 09시,목요일,경기도 수원시 영통구 이의동,중상사고,0,1,0,0,차대차 - 측면충돌,안전거리미확보,건조,맑음,단일로 - 기타,승용,남,60세,상해없음,이륜,남,40세,중상
2020102900100190,2020년 10월 29일 10시,목요일,경기도 수원시 팔달구 화서동,부상신고사고,0,0,0,1,차대차 - 기타,교차로운행방법위반,건조,맑음,교차로 - 교차로안,자전거,남,79세,부상신고,승용,여,31세,상해없음
2020102900100304,2020년 10월 29일 13시,목요일,경기도 수원시 영통구 영통동,중상사고,0,1,0,0,차대차 - 측면충돌,중앙선침범,건조,맑음,단일로 - 기타,승용,여,36세,상해없음,이륜,남,34세,중상
2020102900100305,2020년 10월 29일 13시,목요일,경기도 수원시 장안구 정자동,중상사고,0,1,0,0,차대차 - 기타,신호위반,건조,맑음,교차로 - 교차로부근,승합,남,61세,상해없음,승용,여,80세,중상
2020102900100306,2020년 10월 29일 13시,목요일,경기도 수원시 팔달구 고등동,경상사고,0,0,1,0,차대사람 - 횡단중,보행자보호의무위반,건조,맑음,교차로 - 교차로안,승용,남,71세,상해없음,보행자,여,72세,경상
2020102900100379,2020년 10월 29일 15시,목요일,경기도 수원시 장안구 율전동,경상사고,0,0,1,0,차대사람 - 기타,안전운전불이행,건조,맑음,단일로 - 기타,화물,남,49세,상해없음,보행자,남,49세,경상
2020102900100388,2020년 10월 29일 15시,목요일,경기도 수원시 권선구 탑동,경상사고,0,0,2,0,차대차 - 추돌,안전운전불이행,건조,맑음,단일로 - 기타,화물,남,36세,상해없음,승용,여,57세,경상
2020102900100430,2020년 10월 29일 16시,목요일,경기도 수원시 권선구 호매실동,경상사고,0,0,1,0,차대차 - 측면충돌,안전운전불이행,건조,맑음,교차로 - 교차로안,자전거,여,14세,경상,승용,남,47세,상해없음
2020102900100431,2020년 10월 29일 16시,목요일,경기도 수원시 권선구 구운동,경상사고,0,0,1,0,차대차 - 측면충돌,안전거리미확보,건조,맑음,단일로 - 기타,특수,남,49세,기타불명,원동기,남,34세,경상
2020102900100539,2020년 10월 29일 18시,목요일,경기도 수원시 영통구 영통동,경상사고,0,0,1,0,차대차 - 측면충돌,안전운전불이행,건조,맑음,교차로 - 교차로안,승용,남,42세,상해없음,자전거,남,9세,경상
2020102900100600,2020년 10월 29일 19시,목요일,경기도 수원시 권선구 호매실동,경상사고,0,0,2,0,차대차 - 추돌,안전운전불이행,건조,맑음,단일로 - 기타,화물,남,43세,상해없음,화물,남,30세,경상
2020102900100601,2020년 10월 29일 19시,목요일,경기도 수원시 권선구 평동,경상사고,0,0,2,1,차대차 - 측면충돌,안전거리미확보,건조,맑음,단일로 - 기타,화물,남,63세,상해없음,승용,남,29세,부상신고
2020102900100630,2020년 10월 29일 20시,목요일,경기도 수원시 영통구 이의동,경상사고,0,0,1,0,차대사람 - 기타,안전운전불이행,건조,맑음,교차로 - 교차로부근,승용,남,58세,상해없음,보행자,여,24세,경상
2020102900100664,2020년 10월 29일 21시,목요일,경기도 수원시 장안구 율전동,경상사고,0,0,1,0,차대차 - 기타,교차로운행방법위반,건조,맑음,교차로 - 교차로안,승용,남,26세,상해없음,이륜,남,23세,경상
2020102900100670,2020년 10월 29일 21시,목요일,경기도 수원시 권선구 곡반정동,경상사고,0,0,1,0,차대사람 - 길가장자리구역통행중,안전운전불이행,건조,맑음,단일로 - 기타,승용,남,33세,상해없음,보행자,여,17세,경상
2020103000100037,2020년 10월 30일 03시,금요일,경기도 수원시 팔달구 인계동,경상사고,0,0,1,0,차대차 - 측면충돌,중앙선침범,건조,맑음,단일로 - 기타,개인형이동수단(PM),남,20세,상해없음,승용,남,40세,경상
2020103000100051,2020년 10월 30일 05시,금요일,경기도 수원시 영통구 매탄동,중상사고,0,1,0,0,차대사람 - 횡단중,보행자보호의무위반,건조,맑음,교차로 - 교차로횡단보도내,승용,남,30세,상해없음,보행자,여,69세,중상
2020103000100052,2020년 10월 30일 05시,금요일,경기도 수원시 팔달구 고등동,경상사고,0,0,1,0,차대차 - 측면충돌,안전운전불이행,건조,맑음,단일로 - 기타,승용,여,56세,상해없음,승합,남,41세,경상
2020103000100161,2020년 10월 30일 09시,금요일,경기도 수원시 장안구 영화동,경상사고,0,0,2,0,차대차 - 측면충돌,중앙선침범,건조,맑음,단일로 - 기타,승용,남,57세,상해없음,승용,남,76세,경상
2020103000100167,2020년 10월 30일 09시,금요일,경기도 수원시 권선구 고색동,경상사고,0,0,1,0,차대사람 - 기타,중앙선침범,건조,맑음,단일로 - 기타,승용,여,31세,상해없음,보행자,여,80세,경상
2020103000100236,2020년 10월 30일 11시,금요일,경기도 수원시 권선구 세류동,중상사고,0,1,0,0,차대사람 - 길가장자리구역통행중,안전운전불이행,건조,맑음,단일로 - 기타,승용,여,46세,상해없음,보행자,남,70세,중상
2020103000100318,2020년 10월 30일 13시,금요일,경기도 수원시 권선구 평동,경상사고,0,0,2,0,차대차 - 기타,차로위반,건조,맑음,단일로 - 기타,승용,여,29세,상해없음,승합,남,52세,상해없음
2020103000100361,2020년 10월 30일 14시,금요일,경기도 수원시 권선구 고색동,경상사고,0,0,1,0,차대차 - 기타,교차로운행방법위반,건조,맑음,교차로 - 교차로안,승용,남,44세,상해없음,승용,여,40세,경상
2020103000100450,2020년 10월 30일 16시,금요일,경기도 수원시 권선구 세류동,경상사고,0,0,1,0,차대사람 - 기타,안전운전불이행,건조,맑음,단일로 - 기타,승용,남,23세,상해없음,보행자,남,11세,경상
2020103000100451,2020년 10월 30일 16시,금요일,경기도 수원시 권선구 구운동,경상사고,0,0,1,0,차대차 - 추돌,안전거리미확보,건조,맑음,교차로 - 교차로안,승합,남,60세,상해없음,승용,남,60세,상해없음
2020103000100501,2020년 10월 30일 17시,금요일,경기도 수원시 팔달구 매산로1가,경상사고,0,0,1,0,차대차 - 측면충돌,안전거리미확보,건조,맑음,교차로 - 교차로안,승용,남,42세,상해없음,승용,남,28세,경상
2020103000100568,2020년 10월 30일 18시,금요일,경기도 수원시 권선구 세류동,경상사고,0,0,2,0,차대차 - 추돌,안전거리미확보,건조,맑음,단일로 - 기타,승용,남,24세,상해없음,승용,남,22세,경상
2020103000100632,2020년 10월 30일 19시,금요일,경기도 수원시 권선구 세류동,경상사고,0,0,1,0,차대차 - 측면충돌,안전운전불이행,건조,맑음,단일로 - 기타,이륜,남,43세,상해없음,승용,여,57세,경상
2020103000100636,2020년 10월 30일 19시,금요일,경기도 수원시 팔달구 매산로1가,경상사고,0,0,1,0,차대차 - 측면충돌,안전운전불이행,건조,맑음,교차로 - 교차로안,승용,여,60세,상해없음,승용,여,26세,경상
2020103000100761,2020년 10월 30일 22시,금요일,경기도 수원시 영통구 매탄동,중상사고,0,1,0,0,차대차 - 측면충돌,불법유턴,건조,맑음,단일로 - 기타,승용,여,25세,상해없음,이륜,남,31세,중상
2020103000100763,2020년 10월 30일 22시,금요일,경기도 수원시 권선구 호매실동,중상사고,0,1,1,0,차대차 - 추돌,과속,건조,맑음,단일로 - 기타,승용,남,31세,중상,승용,여,25세,경상
2020103100100009,2020년 10월 31일 00시,토요일,경기도 수원시 팔달구 인계동,중상사고,0,1,0,0,차대차 - 추돌,안전운전불이행,건조,맑음,단일로 - 기타,승용,남,31세,상해없음,승용,남,59세,중상
2020103100100010,2020년 10월 31일 00시,토요일,경기도 수원시 팔달구 교동,경상사고,0,0,1,0,차대사람 - 횡단중,안전운전불이행,건조,맑음,교차로 - 교차로안,화물,남,60세,상해없음,보행자,남,31세,경상
2020103100100025,2020년 10월 31일 01시,토요일,경기도 수원시 팔달구 매산로1가,경상사고,0,0,2,0,차대차 - 후진중충돌,안전운전불이행,건조,맑음,단일로 - 기타,승용,남,19세,상해없음,승용,남,30세,경상
2020103100100040,2020년 10월 31일 02시,토요일,경기도 수원시 권선구 금곡동,사망사고,1,0,0,0,차대사람 - 기타,중앙선침범,건조,맑음,단일로 - 기타,승용,남,45세,기타불명,보행자,남,51세,사망
2020103100100068,2020년 10월 31일 05시,토요일,경기도 수원시 팔달구 인계동,부상신고사고,0,0,0,1,차대사람 - 기타,안전운전불이행,건조,맑음,단일로 - 기타,승용,남,27세,상해없음,보행자,남,20세,부상신고
2020103100100105,2020년 10월 31일 08시,토요일,경기도 수원시 장안구 정자동,경상사고,0,0,1,0,차대차 - 정면충돌,안전운전불이행,건조,맑음,교차로 - 교차로안,승용,남,26세,상해없음,승용,여,45세,경상
2020103100100129,2020년 10월 31일 09시,토요일,경기도 수원시 장안구 영화동,경상사고,0,0,1,0,차대사람 - 기타,안전운전불이행,건조,맑음,단일로 - 기타,화물,여,52세,상해없음,보행자,여,31세,경상
2020103100100130,2020년 10월 31일 09시,토요일,경기도 수원시 팔달구 우만동,중상사고,0,1,0,0,차대차 - 추돌,안전거리미확보,건조,맑음,교차로 - 교차로안,화물,남,72세,상해없음,승용,여,27세,중상
2020103100100134,2020년 10월 31일 09시,토요일,경기도 수원시 영통구 영통동,경상사고,0,0,2,0,차대차 - 추돌,안전운전불이행,건조,맑음,교차로 - 교차로부근,승용,남,40세,상해없음,승용,남,43세,경상
2020103100100135,2020년 10월 31일 09시,토요일,경기도 수원시 영통구 원천동,경상사고,0,0,1,0,차대차 - 추돌,안전운전불이행,건조,맑음,단일로 - 기타,승용,여,66세,상해없음,승용,남,43세,경상
2020103100100265,2020년 10월 31일 12시,토요일,경기도 수원시 팔달구 매산로1가,중상사고,0,1,0,0,차량단독 - 기타,기타,건조,맑음,단일로 - 기타,승합,남,60세,상해없음,,,,
2020103100100291,2020년 10월 31일 13시,토요일,경기도 수원시 팔달구 북수동,경상사고,0,0,1,0,차대차 - 측면충돌,안전운전불이행,건조,맑음,교차로 - 교차로안,기타불명,여,70세,경상,승용,남,36세,상해없음
2020103100100297,2020년 10월 31일 13시,토요일,경기도 수원시 권선구 고색동,경상사고,0,0,1,0,차량단독 - 전도전복 - 전도,안전운전불이행,건조,맑음,단일로 - 기타,이륜,남,27세,경상,,,,
2020103100100349,2020년 10월 31일 14시,토요일,경기도 수원시 권선구 권선동,경상사고,0,0,1,0,차대차 - 측면충돌,안전운전불이행,건조,맑음,교차로 - 교차로안,이륜,남,36세,경상,승용,남,59세,상해없음
2020103100100350,2020년 10월 31일 14시,토요일,경기도 수원시 권선구 탑동,중상사고,0,1,0,0,차대사람 - 보도통행중,기타,건조,맑음,기타 - 기타,기타불명,기타불명,미분류,기타불명,보행자,여,83세,중상
2020103100100378,2020년 10월 31일 15시,토요일,경기도 수원시 장안구 조원동,중상사고,0,1,0,0,차대차 - 측면충돌,안전운전불이행,건조,흐림,교차로 - 교차로안,자전거,여,25세,중상,승용,남,68세,상해없음
2020103100100454,2020년 10월 31일 17시,토요일,경기도 수원시 팔달구 매산로3가,경상사고,0,0,1,0,차대사람 - 횡단중,보행자보호의무위반,건조,맑음,교차로 - 교차로횡단보도내,이륜,남,49세,상해없음,보행자,여,35세,경상
2020103100100502,2020년 10월 31일 18시,토요일,경기도 수원시 팔달구 북수동,경상사고,0,0,2,0,차대차 - 측면충돌,교차로운행방법위반,건조,맑음,교차로 - 교차로안,승용,남,47세,상해없음,승용,남,38세,경상
2020103100100512,2020년 10월 31일 18시,토요일,경기도 수원시 영통구 매탄동,경상사고,0,0,2,0,차대차 - 측면충돌,신호위반,건조,맑음,교차로 - 교차로안,이륜,남,29세,상해없음,승용,남,32세,경상
2020103100100513,2020년 10월 31일 18시,토요일,경기도 수원시 팔달구 매산로1가,부상신고사고,0,0,0,1,차대차 - 측면충돌,기타,건조,맑음,단일로 - 기타,화물,남,55세,상해없음,이륜,남,50세,부상신고
2020103100100566,2020년 10월 31일 19시,토요일,경기도 수원시 팔달구 인계동,중상사고,0,1,0,0,차대사람 - 차도통행중,기타,건조,맑음,기타 - 기타,이륜,남,32세,상해없음,보행자,여,8세,중상
2020103100100568,2020년 10월 31일 19시,토요일,경기도 수원시 권선구 탑동,경상사고,0,0,1,0,차대사람 - 기타,안전운전불이행,건조,맑음,단일로 - 기타,승용,남,60세,상해없음,보행자,남,38세,경상
2020103100100607,2020년 10월 31일 20시,토요일,경기도 수원시 권선구 세류동,부상신고사고,0,0,0,1,차대차 - 측면충돌,안전운전불이행,건조,맑음,교차로 - 교차로안,이륜,남,31세,부상신고,승용,남,29세,상해없음
2020110100100178,2020년 11월 1일 12시,일요일,경기도 수원시 팔달구 인계동,경상사고,0,0,2,0,차대차 - 측면충돌,차로위반,건조,맑음,단일로 - 기타,승용,남,46세,상해없음,승용,남,30세,경상
2020110100100201,2020년 11월 1일 13시,일요일,경기도 수원시 장안구 율전동,경상사고,0,0,1,0,차대차 - 추돌,안전운전불이행,젖음/습기,흐림,교차로 - 교차로안,화물,남,33세,상해없음,승용,여,52세,경상
2020110100100306,2020년 11월 1일 16시,일요일,경기도 수원시 영통구 매탄동,경상사고,0,0,2,0,차대차 - 기타,교차로운행방법위반,젖음/습기,비,교차로 - 교차로안,이륜,남,16세,경상,승용,남,31세,경상
2020110100100307,2020년 11월 1일 16시,일요일,경기도 수원시 권선구 곡반정동,중상사고,0,1,1,0,차대차 - 측면충돌,교차로운행방법위반,건조,맑음,교차로 - 교차로안,승용,남,56세,상해없음,승용,남,45세,중상
2020110100100430,2020년 11월 1일 19시,일요일,경기도 수원시 팔달구 인계동,경상사고,0,0,1,0,차대차 - 측면충돌,교차로운행방법위반,건조,맑음,교차로 - 교차로안,승용,남,67세,상해없음,승용,남,32세,경상
2020110200100004,2020년 11월 2일 00시,월요일,경기도 수원시 영통구 매탄동,경상사고,0,0,2,0,차대차 - 측면충돌,차로위반,젖음/습기,비,단일로 - 기타,승용,여,30세,상해없음,승용,남,26세,경상
2020110200100042,2020년 11월 2일 05시,월요일,경기도 수원시 권선구 세류동,중상사고,0,1,0,0,차대사람 - 기타,보행자보호의무위반,건조,맑음,교차로 - 교차로횡단보도내,화물,남,58세,상해없음,보행자,여,52세,중상
2020110200100057,2020년 11월 2일 06시,월요일,경기도 수원시 장안구 조원동,경상사고,0,0,1,0,차대차 - 측면충돌,안전운전불이행,건조,맑음,교차로 - 교차로안,승용,남,35세,상해없음,승용,남,43세,경상
2020110200100080,2020년 11월 2일 07시,월요일,경기도 수원시 영통구 영통동,경상사고,0,0,2,0,차대차 - 측면충돌,교차로운행방법위반,기타,맑음,교차로 - 교차로안,화물,남,32세,경상,승용,남,40세,경상
2020110200100112,2020년 11월 2일 08시,월요일,경기도 수원시 팔달구 인계동,경상사고,0,0,1,0,차대차 - 측면충돌,안전운전불이행,건조,맑음,교차로 - 교차로안,승용,여,28세,상해없음,승용,남,29세,경상
2020110200100180,2020년 11월 2일 10시,월요일,경기도 수원시 권선구 당수동,경상사고,0,0,1,0,차대사람 - 기타,안전운전불이행,건조,맑음,단일로 - 기타,승용,남,55세,상해없음,보행자,여,83세,경상
2020110200100285,2020년 11월 2일 13시,월요일,경기도 수원시 팔달구 지동,경상사고,0,0,1,0,차대차 - 기타,안전운전불이행,건조,맑음,단일로 - 기타,승용,남,71세,상해없음,승용,남,47세,경상
2020110200100322,2020년 11월 2일 14시,월요일,경기도 수원시 권선구 서둔동,경상사고,0,0,1,0,차대차 - 추돌,안전운전불이행,건조,맑음,단일로 - 기타,승용,여,39세,상해없음,승용,남,48세,경상
2020110200100434,2020년 11월 2일 17시,월요일,경기도 수원시 영통구 이의동,중상사고,0,1,1,0,차대차 - 측면충돌,신호위반,기타,맑음,교차로 - 교차로안,이륜,남,37세,경상,이륜,남,28세,중상
2020110200100435,2020년 11월 2일 17시,월요일,경기도 수원시 권선구 권선동,경상사고,0,0,1,0,차대사람 - 기타,안전운전불이행,건조,맑음,단일로 - 기타,승용,남,37세,상해없음,보행자,남,23세,경상
2020110200100480,2020년 11월 2일 18시,월요일,경기도 수원시 장안구 천천동,중상사고,0,1,1,0,차대차 - 기타,신호위반,건조,맑음,교차로 - 교차로안,이륜,남,26세,중상,승용,여,46세,경상
2020110200100550,2020년 11월 2일 19시,월요일,경기도 수원시 팔달구 우만동,중상사고,0,1,0,0,차대사람 - 기타,안전운전불이행,건조,맑음,교차로 - 교차로안,승합,남,65세,상해없음,보행자,남,38세,중상
2020110200100645,2020년 11월 2일 22시,월요일,경기도 수원시 팔달구 인계동,경상사고,0,0,1,0,차대차 - 측면충돌,안전운전불이행,건조,맑음,교차로 - 교차로부근,승용,남,27세,상해없음,승용,남,42세,경상
2020110300100018,2020년 11월 3일 01시,화요일,경기도 수원시 권선구 금곡동,부상신고사고,0,0,0,1,차대사람 - 기타,안전운전불이행,젖음/습기,비,교차로 - 교차로안,승용,남,40세,상해없음,보행자,남,57세,부상신고
2020110300100161,2020년 11월 3일 09시,화요일,경기도 수원시 팔달구 매산로1가,경상사고,0,0,4,0,차대차 - 측면충돌,차로위반,건조,맑음,교차로 - 교차로안,승용,여,70세,상해없음,승용,남,21세,경상
2020110300100162,2020년 11월 3일 09시,화요일,경기도 수원시 권선구 고색동,경상사고,0,0,1,0,차대차 - 측면충돌,안전거리미확보,건조,맑음,교차로 - 교차로부근,승용,남,77세,상해없음,승용,여,42세,경상
2020110300100206,2020년 11월 3일 10시,화요일,경기도 수원시 팔달구 화서동,경상사고,0,0,1,0,차대차 - 기타,안전거리미확보,건조,맑음,단일로 - 기타,승용,남,69세,상해없음,승용,남,49세,경상