사고번호,사고일시,요일,시군구,사고내용,사망자수,중상자수,경상자수,부상신고자수,사고유형,법규위반,노면상태,기상상태,도로형태,가해운전자 차종,가해운전자 성별,가해운전자 연령,가해운전자 상해정도,피해운전자 차종,피해운전자 성별,피해운전자 연령,피해운전자 상해정도
2020111900100441,2020년 11월 19일 16시,목요일,경기도 수원시 팔달구 우만동,경상사고,0,0,1,0,차대차 - 기타,안전거리미확보,건조,맑음,교차로 - 교차로부근,승용,남,62세,상해없음,화물,남,35세,경상
2020111900100638,2020년 11월 19일 21시,목요일,경기도 수원시 팔달구 화서동,경상사고,0,0,1,0,차대차 - 기타,안전거리미확보,건조,맑음,교차로 - 교차로부근,승용,여,60세,상해없음,이륜,남,33세,경상
2020111900100643,2020년 11월 19일 21시,목요일,경기도 수원시 영통구 이의동,경상사고,0,0,1,0,차대차 - 측면충돌,중앙선침범,건조,맑음,단일로 - 기타,승용,남,32세,상해없음,이륜,남,22세,경상
2020111900100644,2020년 11월 19일 21시,목요일,경기도 수원시 권선구 세류동,경상사고,0,0,1,0,차대차 - 기타,안전운전불이행,건조,맑음,교차로 - 교차로부근,자전거,남,12세,경상,승합,남,47세,상해없음
2020111900100688,2020년 11월 19일 23시,목요일,경기도 수원시 팔달구 인계동,경상사고,0,0,1,0,차대사람 - 차도통행중,안전운전불이행,건조,맑음,교차로 - 교차로안,승용,남,21세,상해없음,보행자,여,20세,경상
2020112000100006,2020년 11월 20일 00시,금요일,경기도 수원시 영통구 영통동,중상사고,0,1,1,0,차대차 - 정면충돌,교차로운행방법위반,건조,맑음,교차로 - 교차로부근,승용,남,66세,상해없음,개인형이동수단(PM),남,37세,중상
2020112000100007,2020년 11월 20일 00시,금요일,경기도 수원시 영통구 매탄동,경상사고,0,0,1,0,차대차 - 측면충돌,직진우회전진행방해,건조,맑음,교차로 - 교차로안,화물,남,60세,상해없음,이륜,남,51세,경상
2020112000100028,2020년 11월 20일 01시,금요일,경기도 수원시 권선구 세류동,중상사고,0,1,0,0,차대차 - 추돌,안전운전불이행,건조,맑음,교차로 - 교차로부근,승용,남,42세,상해없음,승용,남,35세,중상
2020112000100054,2020년 11월 20일 05시,금요일,경기도 수원시 장안구 영화동,중상사고,0,1,0,0,차대차 - 기타,신호위반,건조,맑음,교차로 - 교차로안,이륜,남,34세,상해없음,개인형이동수단(PM),남,42세,중상
2020112000100069,2020년 11월 20일 06시,금요일,경기도 수원시 권선구 권선동,경상사고,0,0,1,0,차대사람 - 기타,안전운전불이행,건조,맑음,기타 - 기타,승용,여,47세,상해없음,보행자,남,22세,경상
2020112000100072,2020년 11월 20일 06시,금요일,경기도 수원시 권선구 고색동,경상사고,0,0,1,0,차대차 - 측면충돌,신호위반,건조,맑음,교차로 - 교차로안,특수,남,46세,상해없음,승용,여,25세,경상
2020112000100090,2020년 11월 20일 07시,금요일,경기도 수원시 영통구 이의동,경상사고,0,0,1,0,차대차 - 측면충돌,교차로운행방법위반,건조,맑음,교차로 - 교차로안,승용,남,29세,상해없음,화물,남,59세,경상
2020112000100103,2020년 11월 20일 08시,금요일,경기도 수원시 장안구 영화동,중상사고,0,1,0,0,차대차 - 측면충돌,안전운전불이행,건조,맑음,교차로 - 교차로안,자전거,여,24세,중상,승용,여,57세,상해없음
2020112000100109,2020년 11월 20일 08시,금요일,경기도 수원시 팔달구 매산로1가,경상사고,0,0,2,2,차대차 - 기타,차로위반,건조,맑음,교차로 - 교차로안,승용,남,60세,상해없음,승용,여,21세,경상
2020112000100313,2020년 11월 20일 14시,금요일,경기도 수원시 권선구 권선동,경상사고,0,0,1,0,차대차 - 측면충돌,안전거리미확보,건조,맑음,단일로 - 기타,승용,여,69세,상해없음,승용,남,19세,경상
2020112000100379,2020년 11월 20일 16시,금요일,경기도 수원시 장안구 파장동,중상사고,0,1,0,0,차대차 - 기타,안전운전불이행,건조,맑음,교차로 - 교차로안,화물,남,56세,상해없음,자전거,남,8세,중상
2020112000100504,2020년 11월 20일 18시,금요일,경기도 수원시 장안구 이목동,경상사고,0,0,1,0,차대차 - 측면충돌,신호위반,건조,맑음,교차로 - 교차로안,승용,여,50세,상해없음,승용,남,50세,경상
2020112000100511,2020년 11월 20일 18시,금요일,경기도 수원시 영통구 이의동,경상사고,0,0,1,0,차대차 - 측면충돌,안전거리미확보,기타,맑음,교차로 - 교차로부근,승용,남,52세,상해없음,승용,남,45세,경상
2020112000100512,2020년 11월 20일 18시,금요일,경기도 수원시 권선구 권선동,경상사고,0,0,1,0,차대차 - 측면충돌,교차로운행방법위반,건조,맑음,교차로 - 교차로안,이륜,남,54세,기타불명,이륜,남,22세,경상
2020112000100515,2020년 11월 20일 18시,금요일,경기도 수원시 권선구 서둔동,경상사고,0,0,1,0,차대차 - 기타,안전거리미확보,건조,맑음,교차로 - 교차로부근,승용,여,60세,상해없음,승용,남,45세,경상
2020112000100576,2020년 11월 20일 19시,금요일,경기도 수원시 권선구 곡반정동,경상사고,0,0,3,0,차대차 - 추돌,안전운전불이행,건조,맑음,단일로 - 기타,승용,남,35세,상해없음,승용,남,36세,경상
2020112000100577,2020년 11월 20일 19시,금요일,경기도 수원시 영통구 이의동,부상신고사고,0,0,0,1,차대차 - 기타,안전운전불이행,건조,맑음,교차로 - 교차로횡단보도내,자전거,남,14세,부상신고,승용,여,64세,상해없음
2020112000100582,2020년 11월 20일 19시,금요일,경기도 수원시 권선구 오목천동,중상사고,0,1,0,0,차대차 - 추돌,안전운전불이행,건조,맑음,단일로 - 기타,승용,여,51세,상해없음,승용,여,47세,중상
2020112000100626,2020년 11월 20일 20시,금요일,경기도 수원시 권선구 탑동,경상사고,0,0,3,0,차대사람 - 횡단중,신호위반,건조,맑음,교차로 - 교차로횡단보도내,화물,남,57세,상해없음,보행자,남,16세,경상
2020112000100627,2020년 11월 20일 20시,금요일,경기도 수원시 권선구 고색동,경상사고,0,0,1,0,차대차 - 후진중충돌,안전운전불이행,건조,맑음,기타 - 기타,승용,남,41세,상해없음,승용,남,32세,경상
2020112000100683,2020년 11월 20일 22시,금요일,경기도 수원시 영통구 신동,경상사고,0,0,2,0,차대차 - 추돌,안전거리미확보,건조,맑음,교차로 - 교차로부근,승용,남,33세,상해없음,승용,남,29세,경상
2020112000100715,2020년 11월 20일 23시,금요일,경기도 수원시 권선구 세류동,중상사고,0,1,1,0,차대차 - 측면충돌,신호위반,건조,맑음,교차로 - 교차로안,승용,남,52세,상해없음,승용,남,25세,경상
2020112100100028,2020년 11월 21일 01시,토요일,경기도 수원시 팔달구 인계동,경상사고,0,0,2,1,차대차 - 측면충돌,안전운전불이행,건조,맑음,단일로 - 기타,승용,남,28세,상해없음,승용,남,24세,경상
2020112100100077,2020년 11월 21일 06시,토요일,경기도 수원시 팔달구 인계동,경상사고,0,0,1,0,차대차 - 후진중충돌,안전운전불이행,건조,흐림,기타 - 기타,승용,남,21세,상해없음,승용,남,20세,경상
2020112100100078,2020년 11월 21일 06시,토요일,경기도 수원시 팔달구 인계동,경상사고,0,0,1,0,차대차 - 추돌,안전거리미확보,건조,맑음,단일로 - 기타,승용,남,22세,상해없음,승용,남,25세,경상
2020112100100093,2020년 11월 21일 07시,토요일,경기도 수원시 팔달구 매산로1가,경상사고,0,0,1,0,차대차 - 측면충돌,안전거리미확보,건조,맑음,단일로 - 기타,승용,남,25세,상해없음,승용,남,68세,경상
2020112100100151,2020년 11월 21일 10시,토요일,경기도 수원시 장안구 조원동,중상사고,0,1,1,0,차대차 - 기타,교차로운행방법위반,건조,맑음,교차로 - 교차로안,승합,남,61세,상해없음,승용,남,64세,상해없음
2020112100100154,2020년 11월 21일 10시,토요일,경기도 수원시 영통구 영통동,경상사고,0,0,3,1,차대차 - 추돌,안전거리미확보,건조,맑음,단일로 - 기타,승용,남,27세,상해없음,승용,여,55세,경상
2020112100100222,2020년 11월 21일 12시,토요일,경기도 수원시 팔달구 매산로1가,경상사고,0,0,1,0,차대차 - 측면충돌,신호위반,건조,맑음,교차로 - 교차로안,승용,여,55세,상해없음,승용,남,67세,경상
2020112100100344,2020년 11월 21일 15시,토요일,경기도 수원시 영통구 망포동,중상사고,0,1,0,0,차대차 - 기타,안전거리미확보,기타,맑음,교차로 - 교차로부근,승합,여,40세,상해없음,이륜,남,27세,중상
2020112100100401,2020년 11월 21일 17시,토요일,경기도 수원시 팔달구 매향동,중상사고,0,1,0,0,차대사람 - 보도통행중,신호위반,건조,맑음,단일로 - 기타,승용,남,54세,상해없음,보행자,남,78세,중상
2020112100100402,2020년 11월 21일 17시,토요일,경기도 수원시 장안구 정자동,중상사고,0,1,1,0,차대사람 - 횡단중,보행자보호의무위반,건조,맑음,교차로 - 교차로횡단보도내,승용,남,55세,상해없음,보행자,여,48세,중상
2020112100100451,2020년 11월 21일 18시,토요일,경기도 수원시 팔달구 인계동,경상사고,0,0,1,0,차대차 - 추돌,안전운전불이행,건조,맑음,교차로 - 교차로부근,승용,남,52세,상해없음,승용,남,44세,기타불명
2020112100100486,2020년 11월 21일 19시,토요일,경기도 수원시 장안구 영화동,중상사고,0,1,0,0,차대차 - 측면충돌,안전운전불이행,건조,맑음,교차로 - 교차로안,승용,여,52세,상해없음,자전거,여,60세,중상
2020112100100491,2020년 11월 21일 19시,토요일,경기도 수원시 영통구 신동,경상사고,0,0,1,1,차대차 - 측면충돌,안전거리미확보,건조,맑음,단일로 - 기타,승용,남,42세,상해없음,승용,남,53세,상해없음
2020112100100521,2020년 11월 21일 20시,토요일,경기도 수원시 팔달구 인계동,경상사고,0,0,1,0,차량단독 - 기타,안전운전불이행,건조,맑음,교차로 - 교차로부근,승용,여,57세,상해없음,,,,
2020112100100586,2020년 11월 21일 23시,토요일,경기도 수원시 영통구 매탄동,경상사고,0,0,2,0,차대차 - 측면충돌,중앙선침범,젖음/습기,비,교차로 - 교차로부근,승용,남,18세,상해없음,승용,남,56세,경상
2020112200100022,2020년 11월 22일 01시,일요일,경기도 수원시 팔달구 인계동,경상사고,0,0,1,0,차대차 - 측면충돌,안전운전불이행,젖음/습기,비,교차로 - 교차로안,승용,남,20세,상해없음,승용,남,38세,경상
2020112200100055,2020년 11월 22일 03시,일요일,경기도 수원시 팔달구 매산로1가,중상사고,0,1,0,0,차대차 - 기타,신호위반,젖음/습기,비,교차로 - 교차로안,승용,남,27세,상해없음,원동기,남,44세,중상
2020112200100063,2020년 11월 22일 04시,일요일,경기도 수원시 팔달구 매산로1가,경상사고,0,0,2,0,차대차 - 측면충돌,신호위반,젖음/습기,비,교차로 - 교차로안,승용,남,30세,상해없음,승용,남,58세,경상
2020112200100073,2020년 11월 22일 05시,일요일,경기도 수원시 팔달구 인계동,경상사고,0,0,1,0,차대사람 - 기타,안전운전불이행,젖음/습기,비,교차로 - 교차로안,승용,남,20세,상해없음,보행자,남,32세,경상
2020112200100082,2020년 11월 22일 06시,일요일,경기도 수원시 장안구 조원동,경상사고,0,0,1,0,차대차 - 기타,안전거리미확보,건조,맑음,단일로 - 기타,승용,남,74세,상해없음,승용,여,28세,경상
2020112200100096,2020년 11월 22일 07시,일요일,경기도 수원시 영통구 영통동,중상사고,0,1,2,0,차대차 - 측면충돌,신호위반,젖음/습기,비,교차로 - 교차로안,승용,남,52세,경상,승합,남,44세,상해없음
2020112200100171,2020년 11월 22일 13시,일요일,경기도 수원시 장안구 정자동,중상사고,0,1,0,0,차대사람 - 기타,안전운전불이행,건조,맑음,기타 - 기타,승용,남,42세,상해없음,보행자,여,55세,중상
2020112200100200,2020년 11월 22일 14시,일요일,경기도 수원시 권선구 구운동,중상사고,0,1,0,0,차대차 - 기타,안전운전불이행,건조,맑음,단일로 - 기타,승용,남,50세,상해없음,원동기,남,34세,중상
2020112200100231,2020년 11월 22일 15시,일요일,경기도 수원시 팔달구 인계동,경상사고,0,0,1,0,차대차 - 추돌,안전거리미확보,건조,맑음,교차로 - 교차로부근,승용,여,45세,상해없음,승용,남,26세,경상
2020112200100233,2020년 11월 22일 15시,일요일,경기도 수원시 권선구 평동,중상사고,0,2,0,0,차대차 - 기타,교차로운행방법위반,건조,맑음,교차로 - 교차로부근,승용,여,24세,상해없음,승용,남,33세,중상
2020112200100251,2020년 11월 22일 16시,일요일,경기도 수원시 팔달구 인계동,중상사고,0,1,0,0,차대차 - 측면충돌,안전운전불이행,건조,맑음,단일로 - 기타,승용,남,28세,상해없음,이륜,남,32세,중상
2020112200100341,2020년 11월 22일 19시,일요일,경기도 수원시 권선구 서둔동,중상사고,0,2,2,0,차대차 - 측면충돌,중앙선침범,건조,맑음,교차로 - 교차로안,승용,남,23세,상해없음,승용,여,34세,중상
2020112300100004,2020년 11월 23일 00시,월요일,경기도 수원시 팔달구 팔달로2가,경상사고,0,0,1,0,차량단독 - 공작물충돌,안전운전불이행,건조,맑음,교차로 - 교차로안,승용,남,50세,상해없음,,,,
2020112300100013,2020년 11월 23일 01시,월요일,경기도 수원시 장안구 영화동,경상사고,0,0,1,0,차대차 - 기타,안전운전불이행,건조,맑음,교차로 - 교차로안,승용,남,44세,상해없음,승용,남,53세,경상
2020112300100039,2020년 11월 23일 06시,월요일,경기도 수원시 권선구 호매실동,경상사고,0,0,1,1,차대차 - 측면충돌,안전거리미확보,건조,흐림,단일로 - 기타,승용,남,37세,상해없음,승용,남,42세,경상
2020112300100063,2020년 11월 23일 07시,월요일,경기도 수원시 팔달구 매산로1가,중상사고,0,1,0,0,차대사람 - 차도통행중,안전운전불이행,건조,맑음,단일로 - 기타,승용,남,47세,상해없음,보행자,여,47세,중상
2020112300100093,2020년 11월 23일 08시,월요일,경기도 수원시 팔달구 중동,경상사고,0,0,1,0,차대차 - 기타,안전거리미확보,건조,맑음,교차로 - 교차로안,승합,남,72세,상해없음,승용,남,30세,경상
2020112300100098,2020년 11월 23일 08시,월요일,경기도 수원시 권선구 고색동,경상사고,0,0,1,0,차대차 - 측면충돌,차로위반,건조,맑음,단일로 - 기타,승용,남,48세,상해없음,승용,여,53세,경상
2020112300100239,2020년 11월 23일 12시,월요일,경기도 수원시 영통구 이의동,경상사고,0,0,5,0,차대차 - 추돌,안전거리미확보,건조,맑음,단일로 - 기타,승합,남,56세,상해없음,승합,남,49세,경상
2020112300100241,2020년 11월 23일 12시,월요일,경기도 수원시 권선구 호매실동,경상사고,0,0,1,0,차대차 - 측면충돌,안전운전불이행,건조,맑음,교차로 - 교차로부근,승용,남,63세,상해없음,승용,여,33세,경상
2020112300100318,2020년 11월 23일 14시,월요일,경기도 수원시 장안구 조원동,경상사고,0,0,1,0,차대차 - 기타,안전운전불이행,건조,맑음,단일로 - 기타,승용,남,83세,상해없음,원동기,남,36세,경상
2020112300100324,2020년 11월 23일 14시,월요일,경기도 수원시 팔달구 인계동,중상사고,0,1,0,0,차대차 - 측면충돌,안전운전불이행,건조,맑음,단일로 - 기타,승용,남,31세,상해없음,자전거,여,58세,중상
2020112300100382,2020년 11월 23일 16시,월요일,경기도 수원시 팔달구 지동,부상신고사고,0,0,0,1,차대차 - 기타,안전운전불이행,건조,맑음,교차로 - 교차로안,이륜,남,52세,부상신고,승용,여,36세,상해없음
2020112300100427,2020년 11월 23일 17시,월요일,경기도 수원시 팔달구 우만동,경상사고,0,0,1,1,차대차 - 기타,안전운전불이행,건조,맑음,단일로 - 기타,이륜,여,63세,경상,승용,남,38세,부상신고
2020112300100432,2020년 11월 23일 17시,월요일,경기도 수원시 팔달구 인계동,경상사고,0,0,3,0,차대차 - 측면충돌,안전거리미확보,건조,맑음,교차로 - 교차로부근,화물,남,61세,상해없음,승용,여,41세,경상
2020112300100436,2020년 11월 23일 17시,월요일,경기도 수원시 권선구 평동,경상사고,0,0,2,0,차대차 - 측면충돌,신호위반,건조,맑음,단일로 - 지하차도(도로)내,승용,남,68세,상해없음,화물,남,72세,경상
2020112300100484,2020년 11월 23일 18시,월요일,경기도 수원시 팔달구 인계동,경상사고,0,0,2,0,차대차 - 측면충돌,교차로운행방법위반,건조,맑음,교차로 - 교차로부근,승용,남,43세,경상,승용,남,36세,경상
2020112300100488,2020년 11월 23일 18시,월요일,경기도 수원시 팔달구 매산로1가,경상사고,0,0,3,0,차대차 - 추돌,안전거리미확보,건조,맑음,교차로 - 교차로안,승용,여,61세,상해없음,승용,남,23세,경상
2020112300100534,2020년 11월 23일 19시,월요일,경기도 수원시 팔달구 교동,중상사고,0,1,0,0,차대차 - 측면충돌,안전운전불이행,건조,맑음,단일로 - 기타,화물,남,64세,상해없음,승용,여,29세,중상
2020112300100535,2020년 11월 23일 19시,월요일,경기도 수원시 팔달구 교동,경상사고,0,0,3,0,차대차 - 추돌,안전운전불이행,건조,맑음,단일로 - 기타,승용,남,63세,상해없음,승용,여,43세,경상
2020112300100564,2020년 11월 23일 20시,월요일,경기도 수원시 권선구 권선동,경상사고,0,0,5,0,차대차 - 측면충돌,교차로운행방법위반,건조,맑음,교차로 - 교차로부근,승용,남,50세,경상,승용,남,26세,경상
2020112300100605,2020년 11월 23일 22시,월요일,경기도 수원시 권선구 세류동,중상사고,0,1,0,0,차대사람 - 횡단중,안전운전불이행,건조,맑음,교차로 - 교차로부근,화물,남,55세,상해없음,보행자,여,76세,중상
2020112300100616,2020년 11월 23일 23시,월요일,경기도 수원시 권선구 곡반정동,경상사고,0,0,1,0,차대차 - 측면충돌,안전운전불이행,건조,맑음,교차로 - 교차로안,승용,여,61세,상해없음,승용,여,38세,경상
2020112300100617,2020년 11월 23일 23시,월요일,경기도 수원시 팔달구 우만동,경상사고,0,0,1,0,차대사람 - 횡단중,보행자보호의무위반,건조,맑음,단일로 - 기타,승용,여,38세,상해없음,보행자,남,23세,경상
2020112400100064,2020년 11월 24일 07시,화요일,경기도 수원시 권선구 서둔동,경상사고,0,0,1,0,차대차 - 추돌,안전운전불이행,건조,맑음,단일로 - 고가도로위,화물,남,57세,상해없음,승용,남,49세,경상
2020112400100143,2020년 11월 24일 10시,화요일,경기도 수원시 영통구 영통동,중상사고,0,1,2,0,차대차 - 기타,신호위반,건조,맑음,교차로 - 교차로안,승용,남,68세,경상,승용,남,48세,경상
2020112400100179,2020년 11월 24일 11시,화요일,경기도 수원시 영통구 영통동,경상사고,0,0,1,0,차대차 - 측면충돌,안전운전불이행,건조,맑음,교차로 - 교차로안,승용,남,63세,상해없음,승용,여,55세,경상
2020112400100180,2020년 11월 24일 11시,화요일,경기도 수원시 권선구 고색동,경상사고,0,0,1,0,차대차 - 기타,안전거리미확보,건조,맑음,교차로 - 교차로부근,승용,남,31세,상해없음,승용,남,32세,경상
2020112400100242,2020년 11월 24일 13시,화요일,경기도 수원시 장안구 정자동,경상사고,0,0,2,0,차대사람 - 횡단중,안전운전불이행,건조,맑음,단일로 - 기타,이륜,남,25세,상해없음,보행자,남,68세,경상
2020112400100247,2020년 11월 24일 13시,화요일,경기도 수원시 팔달구 매산로3가,경상사고,0,0,1,0,차대사람 - 기타,안전운전불이행,건조,맑음,단일로 - 기타,승용,남,51세,상해없음,보행자,남,50세,경상
2020112400100275,2020년 11월 24일 14시,화요일,경기도 수원시 권선구 금곡동,경상사고,0,0,2,0,차대차 - 기타,신호위반,건조,맑음,교차로 - 교차로안,승용,여,58세,상해없음,이륜,남,50세,경상
2020112400100310,2020년 11월 24일 15시,화요일,경기도 수원시 팔달구 화서동,경상사고,0,0,1,0,차대차 - 측면충돌,안전운전불이행,건조,맑음,교차로 - 교차로부근,승용,여,50세,상해없음,승용,남,33세,경상
2020112400100317,2020년 11월 24일 15시,화요일,경기도 수원시 팔달구 인계동,경상사고,0,0,1,0,차대차 - 측면충돌,안전거리미확보,건조,맑음,교차로 - 교차로부근,승합,여,39세,상해없음,이륜,남,43세,경상
2020112400100362,2020년 11월 24일 16시,화요일,경기도 수원시 장안구 하광교동,경상사고,0,0,2,0,차대차 - 측면충돌,신호위반,건조,맑음,교차로 - 교차로안,승용,남,58세,기타불명,승용,남,56세,경상
2020112400100414,2020년 11월 24일 17시,화요일,경기도 수원시 권선구 당수동,경상사고,0,0,1,0,차대차 - 측면충돌,안전거리미확보,건조,맑음,단일로 - 기타,기타불명,기타불명,미분류,기타불명,승용,남,31세,경상
2020112400100464,2020년 11월 24일 18시,화요일,경기도 수원시 권선구 서둔동,경상사고,0,0,4,0,차대차 - 추돌,안전운전불이행,건조,맑음,단일로 - 기타,승용,남,41세,경상,승용,남,41세,경상
2020112400100528,2020년 11월 24일 19시,화요일,경기도 수원시 권선구 권선동,경상사고,0,0,2,0,차대차 - 추돌,안전운전불이행,기타,맑음,교차로 - 교차로부근,승용,남,35세,상해없음,승용,남,55세,경상
2020112400100529,2020년 11월 24일 19시,화요일,경기도 수원시 영통구 매탄동,경상사고,0,0,2,0,차대차 - 추돌,안전운전불이행,건조,맑음,단일로 - 기타,승용,남,28세,상해없음,승용,여,35세,경상
2020112500100116,2020년 11월 25일 09시,수요일,경기도 수원시 장안구 정자동,중상사고,0,1,5,0,차대차 - 기타,교차로운행방법위반,건조,맑음,교차로 - 교차로안,승용,여,31세,상해없음,승합,남,66세,상해없음
2020112500100146,2020년 11월 25일 10시,수요일,경기도 수원시 팔달구 인계동,경상사고,0,0,1,0,차대차 - 측면충돌,신호위반,건조,맑음,교차로 - 교차로부근,승용,남,31세,상해없음,이륜,남,40세,경상
2020112500100406,2020년 11월 25일 17시,수요일,경기도 수원시 장안구 정자동,경상사고,0,0,1,0,차대차 - 측면충돌,안전운전불이행,건조,맑음,교차로 - 교차로안,승용,여,35세,상해없음,승용,여,58세,경상
2020112500100413,2020년 11월 25일 17시,수요일,경기도 수원시 권선구 평동,부상신고사고,0,0,0,2,차대차 - 기타,안전거리미확보,건조,맑음,단일로 - 기타,기타불명,기타불명,미분류,기타불명,승용,남,45세,부상신고
2020112500100518,2020년 11월 25일 19시,수요일,경기도 수원시 팔달구 화서동,경상사고,0,0,2,0,차대차 - 기타,안전거리미확보,건조,맑음,단일로 - 기타,화물,남,59세,상해없음,승용,남,66세,경상
2020112500100522,2020년 11월 25일 19시,수요일,경기도 수원시 팔달구 고등동,경상사고,0,0,1,0,차대차 - 기타,안전운전불이행,건조,맑음,교차로 - 교차로안,승용,여,53세,상해없음,원동기,남,35세,경상
2020112500100553,2020년 11월 25일 20시,수요일,경기도 수원시 권선구 구운동,중상사고,0,1,0,0,차대사람 - 횡단중,안전운전불이행,건조,맑음,교차로 - 교차로안,승합,남,58세,상해없음,보행자,여,65세,중상
2020112500100601,2020년 11월 25일 22시,수요일,경기도 수원시 팔달구 화서동,경상사고,0,0,1,0,차대사람 - 기타,안전운전불이행,건조,맑음,단일로 - 기타,승용,남,43세,상해없음,보행자,여,47세,경상
2020112500100617,2020년 11월 25일 23시,수요일,경기도 수원시 권선구 호매실동,중상사고,0,2,0,0,차대차 - 기타,과속,건조,맑음,교차로 - 교차로부근,승용,남,37세,상해없음,승용,남,54세,중상
2020112600100026,2020년 11월 26일 03시,목요일,경기도 수원시 권선구 권선동,경상사고,0,0,1,0,차대차 - 측면충돌,안전거리미확보,건조,맑음,교차로 - 교차로횡단보도내,승용,남,72세,상해없음,승용,남,38세,경상
2020112600100313,2020년 11월 26일 15시,목요일,경기도 수원시 권선구 권선동,경상사고,0,0,2,0,차대차 - 측면충돌,안전거리미확보,건조,맑음,교차로 - 교차로안,승용,여,55세,상해없음,승용,남,28세,경상
2020112600100573,2020년 11월 26일 21시,목요일,경기도 수원시 영통구 이의동,경상사고,0,0,1,0,차대차 - 측면충돌,신호위반,건조,맑음,교차로 - 교차로안,이륜,남,22세,상해없음,승용,여,57세,경상
2020112700100042,2020년 11월 27일 06시,금요일,경기도 수원시 장안구 영화동,경상사고,0,0,1,0,차대차 - 기타,안전거리미확보,건조,맑음,단일로 - 기타,승용,남,40세,상해없음,승용,여,22세,경상
2020112700100045,2020년 11월 27일 06시,금요일,경기도 수원시 권선구 호매실동,중상사고,0,1,0,0,차대사람 - 기타,안전운전불이행,건조,맑음,교차로 - 교차로안,승용,남,34세,상해없음,보행자,남,38세,중상
2020112700100082,2020년 11월 27일 08시,금요일,경기도 수원시 팔달구 매산로1가,경상사고,0,0,1,0,차대차 - 기타,신호위반,건조,맑음,교차로 - 교차로부근,건설기계,남,59세,상해없음,승용,여,52세,경상
2020112700100100,2020년 11월 27일 09시,금요일,경기도 수원시 장안구 율전동,경상사고,0,0,1,1,차대차 - 기타,교차로운행방법위반,건조,맑음,교차로 - 교차로안,승용,남,30세,부상신고,승용,여,61세,경상
2020112700100128,2020년 11월 27일 10시,금요일,경기도 수원시 권선구 곡반정동,경상사고,0,0,1,0,차대사람 - 길가장자리구역통행중,안전운전불이행,건조,맑음,단일로 - 기타,승용,여,43세,상해없음,보행자,여,40세,경상
2020112700100242,2020년 11월 27일 14시,금요일,경기도 수원시 장안구 천천동,중상사고,0,1,0,0,차대차 - 기타,신호위반,건조,맑음,교차로 - 교차로안,승용,남,32세,상해없음,화물,남,76세,중상
2020112700100245,2020년 11월 27일 14시,금요일,경기도 수원시 영통구 매탄동,경상사고,0,0,1,0,차대차 - 추돌,안전운전불이행,건조,맑음,단일로 - 기타,화물,남,41세,상해없음,승용,남,55세,경상
2020112700100280,2020년 11월 27일 15시,금요일,경기도 수원시 팔달구 우만동,경상사고,0,0,1,0,차대사람 - 길가장자리구역통행중,안전운전불이행,건조,맑음,기타 - 기타,승용,여,29세,상해없음,보행자,여,77세,경상
2020112700100285,2020년 11월 27일 15시,금요일,경기도 수원시 권선구 권선동,중상사고,0,1,1,0,차대차 - 측면충돌,교차로운행방법위반,건조,맑음,교차로 - 교차로안,승용,여,34세,경상,승용,남,55세,중상
2020112700100328,2020년 11월 27일 16시,금요일,경기도 수원시 팔달구 우만동,경상사고,0,0,2,0,차대차 - 측면충돌,안전운전불이행,건조,맑음,단일로 - 기타,승용,남,67세,상해없음,승용,여,41세,경상
2020112700100329,2020년 11월 27일 16시,금요일,경기도 수원시 장안구 연무동,중상사고,0,1,0,0,차대차 - 기타,교차로운행방법위반,건조,맑음,교차로 - 교차로안,승용,여,28세,상해없음,자전거,남,65세,중상
2020112700100380,2020년 11월 27일 17시,금요일,경기도 수원시 팔달구 화서동,경상사고,0,0,1,0,차대차 - 기타,안전운전불이행,건조,맑음,단일로 - 기타,승합,남,57세,상해없음,화물,남,28세,상해없음
2020112700100521,2020년 11월 27일 19시,금요일,경기도 수원시 영통구 매탄동,경상사고,0,0,1,0,차대차 - 측면충돌,기타,건조,맑음,단일로 - 기타,승용,남,68세,상해없음,이륜,남,36세,경상
2020112700100522,2020년 11월 27일 19시,금요일,경기도 수원시 영통구 망포동,중상사고,0,1,1,0,차대차 - 추돌,안전운전불이행,건조,맑음,단일로 - 기타,승용,남,42세,상해없음,승용,여,28세,경상
2020112700100568,2020년 11월 27일 20시,금요일,경기도 수원시 권선구 탑동,경상사고,0,0,1,0,차대차 - 측면충돌,중앙선침범,건조,맑음,단일로 - 기타,승용,남,62세,상해없음,이륜,남,36세,경상
2020112700100569,2020년 11월 27일 20시,금요일,경기도 수원시 권선구 호매실동,중상사고,0,1,0,0,차대차 - 측면충돌,안전거리미확보,건조,맑음,단일로 - 기타,승합,남,55세,상해없음,이륜,남,40세,중상
2020112700100570,2020년 11월 27일 20시,금요일,경기도 수원시 권선구 고색동,중상사고,0,1,0,0,차대사람 - 기타,안전운전불이행,건조,맑음,단일로 - 기타,원동기,여,26세,상해없음,보행자,여,49세,중상
2020112700100596,2020년 11월 27일 21시,금요일,경기도 수원시 장안구 영화동,경상사고,0,0,2,0,차대차 - 기타,교차로운행방법위반,건조,맑음,교차로 - 교차로안,승용,남,53세,상해없음,화물,남,33세,경상