사고번호,사고일시,요일,시군구,사고내용,사망자수,중상자수,경상자수,부상신고자수,사고유형,법규위반,노면상태,기상상태,도로형태,가해운전자 차종,가해운전자 성별,가해운전자 연령,가해운전자 상해정도,피해운전자 차종,피해운전자 성별,피해운전자 연령,피해운전자 상해정도
2020112700100603,2020년 11월 27일 21시,금요일,경기도 수원시 권선구 세류동,경상사고,0,0,1,0,차대차 - 추돌,안전운전불이행,건조,맑음,단일로 - 기타,기타불명,기타불명,미분류,기타불명,승용,남,45세,경상
2020112700100604,2020년 11월 27일 21시,금요일,경기도 수원시 영통구 영통동,경상사고,0,0,1,0,차대차 - 측면충돌,신호위반,건조,맑음,교차로 - 교차로안,승용,남,37세,상해없음,개인형이동수단(PM),여,18세,경상
2020112700100636,2020년 11월 27일 22시,금요일,경기도 수원시 영통구 이의동,경상사고,0,0,1,0,차량단독 - 기타,안전운전불이행,젖음/습기,맑음,교차로 - 교차로안,이륜,남,49세,경상,,,,
2020112700100660,2020년 11월 27일 23시,금요일,경기도 수원시 장안구 영화동,경상사고,0,0,1,0,차대차 - 기타,안전거리미확보,건조,맑음,교차로 - 교차로안,이륜,여,21세,경상,승합,남,57세,상해없음
2020112700100667,2020년 11월 27일 23시,금요일,경기도 수원시 권선구 구운동,중상사고,0,1,0,0,차대사람 - 기타,안전운전불이행,건조,맑음,단일로 - 기타,승용,남,62세,상해없음,보행자,남,58세,중상
2020112700100668,2020년 11월 27일 23시,금요일,경기도 수원시 팔달구 매산로3가,경상사고,0,0,1,0,차대차 - 측면충돌,안전거리미확보,건조,맑음,단일로 - 기타,승용,남,45세,상해없음,이륜,남,38세,경상
2020112800100006,2020년 11월 28일 00시,토요일,경기도 수원시 권선구 권선동,중상사고,0,1,0,0,차대차 - 측면충돌,신호위반,건조,맑음,교차로 - 교차로안,이륜,남,23세,상해없음,이륜,남,58세,중상
2020112800100023,2020년 11월 28일 02시,토요일,경기도 수원시 권선구 구운동,경상사고,0,0,1,0,차대차 - 추돌,안전운전불이행,건조,맑음,단일로 - 기타,승용,남,29세,상해없음,화물,남,52세,경상
2020112800100082,2020년 11월 28일 09시,토요일,경기도 수원시 권선구 세류동,중상사고,0,1,0,0,차대차 - 측면충돌,중앙선침범,건조,맑음,교차로 - 교차로횡단보도내,승용,남,31세,상해없음,승용,남,35세,중상
2020112800100135,2020년 11월 28일 11시,토요일,경기도 수원시 장안구 연무동,중상사고,0,1,0,0,차대차 - 정면충돌,안전거리미확보,건조,맑음,단일로 - 기타,승용,남,54세,상해없음,승용,남,46세,중상
2020112800100136,2020년 11월 28일 11시,토요일,경기도 수원시 장안구 송죽동,경상사고,0,0,2,1,차대차 - 기타,안전거리미확보,건조,맑음,교차로 - 교차로안,승용,남,25세,상해없음,승용,남,49세,상해없음
2020112800100182,2020년 11월 28일 12시,토요일,경기도 수원시 영통구 매탄동,경상사고,0,0,1,0,차대차 - 기타,안전운전불이행,건조,맑음,단일로 - 기타,승용,남,68세,상해없음,이륜,남,35세,경상
2020112800100220,2020년 11월 28일 13시,토요일,경기도 수원시 장안구 영화동,중상사고,0,3,0,0,차대차 - 측면충돌,직진우회전진행방해,건조,맑음,교차로 - 교차로안,이륜,남,30세,기타불명,승용,남,68세,중상
2020112800100356,2020년 11월 28일 16시,토요일,경기도 수원시 권선구 권선동,경상사고,0,0,1,0,차대차 - 측면충돌,직진우회전진행방해,건조,맑음,교차로 - 교차로안,승용,남,52세,상해없음,승용,남,46세,경상
2020112800100381,2020년 11월 28일 17시,토요일,경기도 수원시 장안구 송죽동,경상사고,0,0,1,1,차대차 - 추돌,안전거리미확보,건조,맑음,단일로 - 지하차도(도로)내,승용,남,66세,상해없음,승용,여,60세,경상
2020112800100490,2020년 11월 28일 20시,토요일,경기도 수원시 팔달구 화서동,경상사고,0,0,4,0,차대차 - 기타,차로위반,건조,맑음,단일로 - 기타,승용,여,45세,경상,승용,남,69세,경상
2020112900100087,2020년 11월 29일 10시,일요일,경기도 수원시 장안구 정자동,경상사고,0,0,1,0,차대사람 - 기타,교차로운행방법위반,건조,맑음,교차로 - 교차로안,화물,남,65세,상해없음,보행자,여,63세,경상
2020112900100124,2020년 11월 29일 12시,일요일,경기도 수원시 팔달구 우만동,부상신고사고,0,0,0,1,차대차 - 측면충돌,기타,건조,맑음,교차로 - 교차로안,승용,여,59세,상해없음,이륜,남,39세,부상신고
2020112900100211,2020년 11월 29일 15시,일요일,경기도 수원시 권선구 오목천동,경상사고,0,0,2,0,차대차 - 추돌,안전운전불이행,건조,흐림,교차로 - 교차로부근,승용,남,50세,상해없음,승용,여,48세,경상
2020112900100262,2020년 11월 29일 17시,일요일,경기도 수원시 권선구 세류동,중상사고,0,1,0,0,차대차 - 측면충돌,안전거리미확보,건조,맑음,교차로 - 교차로부근,승용,남,75세,상해없음,이륜,남,60세,중상
2020112900100292,2020년 11월 29일 18시,일요일,경기도 수원시 권선구 당수동,중상사고,0,1,0,1,차대차 - 기타,신호위반,건조,맑음,교차로 - 교차로안,승용,여,50세,부상신고,화물,남,46세,중상
2020112900100318,2020년 11월 29일 19시,일요일,경기도 수원시 영통구 이의동,경상사고,0,0,1,0,차대차 - 추돌,안전운전불이행,건조,맑음,교차로 - 교차로부근,승용,남,32세,상해없음,승용,남,31세,경상
2020113000100038,2020년 11월 30일 06시,월요일,경기도 수원시 장안구 송죽동,중상사고,0,1,0,0,차대사람 - 기타,안전운전불이행,건조,맑음,교차로 - 교차로안,승용,남,61세,상해없음,보행자,남,80세,중상
2020113000100088,2020년 11월 30일 08시,월요일,경기도 수원시 영통구 이의동,경상사고,0,0,1,0,차대차 - 기타,차로위반,건조,맑음,교차로 - 교차로부근,화물,남,60세,기타불명,승용,남,26세,경상
2020113000100135,2020년 11월 30일 09시,월요일,경기도 수원시 장안구 영화동,경상사고,0,0,1,1,차대차 - 기타,교차로운행방법위반,건조,맑음,교차로 - 교차로안,승용,여,31세,부상신고,승용,여,61세,경상
2020113000100170,2020년 11월 30일 10시,월요일,경기도 수원시 권선구 세류동,부상신고사고,0,0,0,1,차대차 - 기타,기타,건조,맑음,기타 - 기타,승용,남,57세,상해없음,이륜,남,52세,부상신고
2020113000100201,2020년 11월 30일 11시,월요일,경기도 수원시 팔달구 인계동,경상사고,0,0,1,0,차대차 - 기타,안전운전불이행,건조,맑음,단일로 - 기타,승용,남,59세,상해없음,이륜,남,40세,경상
2020113000100269,2020년 11월 30일 13시,월요일,경기도 수원시 권선구 세류동,중상사고,0,1,0,0,차대차 - 측면충돌,안전운전불이행,건조,맑음,단일로 - 기타,승용,남,24세,기타불명,이륜,남,59세,중상
2020113000100305,2020년 11월 30일 14시,월요일,경기도 수원시 권선구 서둔동,경상사고,0,0,1,0,차대차 - 측면충돌,안전운전불이행,건조,맑음,교차로 - 교차로부근,승합,남,59세,상해없음,화물,남,43세,경상
2020113000100339,2020년 11월 30일 15시,월요일,경기도 수원시 영통구 매탄동,경상사고,0,0,1,0,차대차 - 추돌,안전운전불이행,건조,맑음,교차로 - 교차로부근,승용,남,23세,상해없음,승용,남,60세,경상
2020113000100385,2020년 11월 30일 16시,월요일,경기도 수원시 장안구 파장동,경상사고,0,0,1,0,차대차 - 기타,신호위반,건조,맑음,교차로 - 교차로안,자전거,여,56세,경상,승용,여,45세,상해없음
2020113000100390,2020년 11월 30일 16시,월요일,경기도 수원시 권선구 세류동,경상사고,0,0,1,0,차대차 - 측면충돌,안전거리미확보,기타,맑음,교차로 - 교차로부근,화물,남,66세,상해없음,승용,남,24세,경상
2020113000100426,2020년 11월 30일 17시,월요일,경기도 수원시 팔달구 북수동,경상사고,0,0,2,0,차대차 - 기타,안전운전불이행,건조,맑음,단일로 - 기타,승용,여,63세,상해없음,화물,남,34세,경상
2020113000100432,2020년 11월 30일 17시,월요일,경기도 수원시 영통구 하동,경상사고,0,0,1,0,차대차 - 측면충돌,안전거리미확보,건조,맑음,단일로 - 기타,승용,남,44세,상해없음,승용,남,22세,경상
2020113000100476,2020년 11월 30일 18시,월요일,경기도 수원시 팔달구 화서동,경상사고,0,0,1,0,차대차 - 측면충돌,안전운전불이행,건조,맑음,교차로 - 교차로안,승용,남,62세,상해없음,승용,남,38세,경상
2020113000100544,2020년 11월 30일 19시,월요일,경기도 수원시 권선구 권선동,경상사고,0,0,1,1,차대차 - 측면충돌,신호위반,건조,맑음,교차로 - 교차로안,이륜,남,42세,부상신고,이륜,남,25세,경상
2020113000100577,2020년 11월 30일 20시,월요일,경기도 수원시 영통구 원천동,경상사고,0,0,1,0,차대차 - 추돌,안전운전불이행,건조,맑음,단일로 - 기타,승용,여,40세,상해없음,승용,남,29세,경상
2020113000100604,2020년 11월 30일 21시,월요일,경기도 수원시 권선구 입북동,경상사고,0,0,3,0,차대차 - 기타,안전운전불이행,건조,맑음,단일로 - 기타,승용,여,63세,상해없음,승합,남,47세,경상
2020120100100086,2020년 12월 1일 08시,화요일,경기도 수원시 영통구 이의동,경상사고,0,0,1,0,차대차 - 측면충돌,안전운전불이행,건조,맑음,단일로 - 기타,화물,남,54세,상해없음,승용,남,42세,경상
2020120100100133,2020년 12월 1일 09시,화요일,경기도 수원시 장안구 율전동,경상사고,0,0,2,1,차대차 - 기타,안전거리미확보,건조,맑음,단일로 - 기타,화물,남,47세,상해없음,승용,남,33세,부상신고
2020120100100231,2020년 12월 1일 12시,화요일,경기도 수원시 장안구 조원동,부상신고사고,0,0,0,4,차대차 - 측면충돌,신호위반,건조,맑음,교차로 - 교차로안,승용,남,58세,상해없음,승용,남,39세,부상신고
2020120100100280,2020년 12월 1일 13시,화요일,경기도 수원시 권선구 세류동,경상사고,0,0,1,0,차대차 - 기타,안전거리미확보,건조,맑음,기타 - 기타,화물,남,35세,상해없음,승합,남,46세,상해없음
2020120100100446,2020년 12월 1일 17시,화요일,경기도 수원시 팔달구 화서동,경상사고,0,0,1,0,차대차 - 추돌,안전운전불이행,건조,맑음,교차로 - 교차로안,승용,남,28세,상해없음,승용,여,43세,경상
2020120100100449,2020년 12월 1일 17시,화요일,경기도 수원시 권선구 곡반정동,경상사고,0,0,1,0,차대차 - 측면충돌,차로위반,건조,맑음,단일로 - 기타,승용,남,59세,상해없음,이륜,남,24세,경상
2020120100100495,2020년 12월 1일 18시,화요일,경기도 수원시 장안구 정자동,경상사고,0,0,1,0,차대차 - 추돌,안전운전불이행,건조,맑음,교차로 - 교차로부근,승용,여,48세,상해없음,승용,여,48세,경상
2020120100100545,2020년 12월 1일 19시,화요일,경기도 수원시 장안구 파장동,중상사고,0,1,0,0,차대사람 - 기타,안전운전불이행,건조,맑음,교차로 - 교차로부근,승용,여,21세,상해없음,보행자,여,65세,중상
2020120100100546,2020년 12월 1일 19시,화요일,경기도 수원시 장안구 영화동,부상신고사고,0,0,0,1,차대사람 - 기타,기타,건조,맑음,단일로 - 기타,기타불명,기타불명,미분류,기타불명,보행자,여,52세,부상신고
2020120100100629,2020년 12월 1일 22시,화요일,경기도 수원시 장안구 율전동,경상사고,0,0,1,1,차대차 - 측면충돌,안전거리미확보,건조,맑음,단일로 - 기타,승용,여,36세,상해없음,승용,남,48세,경상
2020120200100023,2020년 12월 2일 06시,수요일,경기도 수원시 팔달구 지동,중상사고,0,1,1,0,차대차 - 측면충돌,안전운전불이행,건조,맑음,단일로 - 기타,승용,남,69세,상해없음,승용,여,41세,경상
2020120200100025,2020년 12월 2일 06시,수요일,경기도 수원시 영통구 원천동,경상사고,0,0,1,0,차대차 - 추돌,안전운전불이행,건조,맑음,단일로 - 기타,화물,남,61세,상해없음,승용,여,30세,경상
2020120200100027,2020년 12월 2일 06시,수요일,경기도 수원시 장안구 파장동,경상사고,0,0,1,0,차대차 - 추돌,안전운전불이행,건조,맑음,기타 - 기타,화물,남,59세,기타불명,특수,남,62세,경상
2020120200100043,2020년 12월 2일 07시,수요일,경기도 수원시 팔달구 화서동,경상사고,0,0,1,0,차대사람 - 길가장자리구역통행중,안전운전불이행,건조,흐림,단일로 - 기타,승용,남,54세,상해없음,보행자,남,46세,경상
2020120200100185,2020년 12월 2일 12시,수요일,경기도 수원시 팔달구 인계동,경상사고,0,0,1,0,차대차 - 측면충돌,차로위반,건조,맑음,단일로 - 기타,승용,남,35세,상해없음,이륜,남,43세,경상
2020120200100241,2020년 12월 2일 14시,수요일,경기도 수원시 권선구 세류동,경상사고,0,0,1,0,차대차 - 기타,안전운전불이행,건조,맑음,기타 - 기타,화물,남,64세,상해없음,승용,남,38세,경상
2020120200100304,2020년 12월 2일 16시,수요일,경기도 수원시 팔달구 우만동,경상사고,0,0,1,0,차대차 - 기타,신호위반,건조,맑음,교차로 - 교차로안,승용,남,70세,상해없음,승용,남,63세,경상
2020120200100310,2020년 12월 2일 16시,수요일,경기도 수원시 권선구 탑동,경상사고,0,0,2,0,차대차 - 기타,안전거리미확보,건조,맑음,교차로 - 교차로부근,화물,남,67세,상해없음,승용,남,28세,경상
2020120200100341,2020년 12월 2일 17시,수요일,경기도 수원시 장안구 영화동,경상사고,0,0,1,0,차대차 - 정면충돌,중앙선침범,건조,맑음,교차로 - 교차로부근,승용,남,41세,상해없음,승용,남,44세,경상
2020120200100402,2020년 12월 2일 18시,수요일,경기도 수원시 장안구 정자동,중상사고,0,1,0,0,차대차 - 측면충돌,안전운전불이행,건조,맑음,교차로 - 교차로부근,이륜,남,36세,상해없음,이륜,남,24세,중상
2020120200100412,2020년 12월 2일 18시,수요일,경기도 수원시 팔달구 인계동,경상사고,0,0,2,0,차대차 - 추돌,안전거리미확보,건조,맑음,단일로 - 기타,승용,남,56세,상해없음,승용,남,22세,경상
2020120200100414,2020년 12월 2일 18시,수요일,경기도 수원시 권선구 세류동,경상사고,0,0,1,0,차대차 - 추돌,교차로운행방법위반,건조,맑음,교차로 - 교차로안,화물,여,57세,상해없음,승용,남,29세,경상
2020120200100479,2020년 12월 2일 19시,수요일,경기도 수원시 영통구 매탄동,경상사고,0,0,1,0,차대차 - 측면충돌,신호위반,건조,맑음,단일로 - 기타,이륜,남,43세,상해없음,이륜,남,21세,경상
2020120300100029,2020년 12월 3일 05시,목요일,경기도 수원시 권선구 호매실동,중상사고,0,1,0,0,차대차 - 기타,안전거리미확보,건조,맑음,단일로 - 기타,건설기계,남,58세,상해없음,화물,남,57세,중상
2020120300100084,2020년 12월 3일 08시,목요일,경기도 수원시 권선구 평동,중상사고,0,1,0,0,차대차 - 측면충돌,안전거리미확보,건조,맑음,단일로 - 기타,승용,남,63세,상해없음,승용,남,30세,중상
2020120300100156,2020년 12월 3일 11시,목요일,경기도 수원시 장안구 조원동,중상사고,0,1,1,0,차대차 - 기타,안전거리미확보,건조,맑음,교차로 - 교차로부근,화물,남,46세,상해없음,화물,남,36세,상해없음
2020120300100194,2020년 12월 3일 12시,목요일,경기도 수원시 영통구 하동,중상사고,0,1,0,0,차대차 - 측면충돌,교차로운행방법위반,건조,맑음,교차로 - 교차로부근,승용,여,59세,상해없음,이륜,남,78세,중상
2020120300100221,2020년 12월 3일 13시,목요일,경기도 수원시 권선구 권선동,중상사고,0,1,1,0,차대차 - 측면충돌,안전운전불이행,건조,맑음,교차로 - 교차로부근,이륜,남,42세,중상,이륜,남,18세,경상
2020120300100323,2020년 12월 3일 16시,목요일,경기도 수원시 장안구 영화동,경상사고,0,0,1,0,차대차 - 측면충돌,신호위반,건조,맑음,교차로 - 교차로안,화물,남,30세,상해없음,화물,남,70세,경상
2020120300100328,2020년 12월 3일 16시,목요일,경기도 수원시 권선구 권선동,경상사고,0,0,2,0,차대차 - 기타,안전운전불이행,건조,맑음,단일로 - 기타,이륜,남,20세,경상,승합,남,54세,상해없음
2020120300100416,2020년 12월 3일 18시,목요일,경기도 수원시 영통구 영통동,중상사고,0,1,0,0,차대차 - 측면충돌,신호위반,건조,맑음,교차로 - 교차로안,승용,여,76세,상해없음,이륜,남,20세,중상
2020120300100462,2020년 12월 3일 19시,목요일,경기도 수원시 장안구 율전동,중상사고,0,1,0,0,차대사람 - 횡단중,보행자보호의무위반,건조,맑음,교차로 - 교차로횡단보도내,승용,남,32세,상해없음,보행자,여,28세,중상
2020120300100468,2020년 12월 3일 19시,목요일,경기도 수원시 팔달구 매산로2가,경상사고,0,0,1,0,차대사람 - 기타,신호위반,건조,맑음,단일로 - 기타,승용,남,59세,상해없음,보행자,남,59세,경상
2020120300100513,2020년 12월 3일 21시,목요일,경기도 수원시 장안구 송죽동,경상사고,0,0,1,0,차량단독 - 공작물충돌,안전운전불이행,건조,맑음,단일로 - 기타,승용,남,56세,상해없음,,,,
2020120300100519,2020년 12월 3일 21시,목요일,경기도 수원시 팔달구 인계동,경상사고,0,0,1,0,차대사람 - 기타,안전운전불이행,건조,맑음,교차로 - 교차로안,승용,남,37세,상해없음,보행자,남,61세,경상
2020120400100142,2020년 12월 4일 09시,금요일,경기도 수원시 권선구 고색동,경상사고,0,0,2,0,차대차 - 측면충돌,안전운전불이행,건조,맑음,단일로 - 기타,이륜,남,56세,경상,승용,여,33세,경상
2020120400100200,2020년 12월 4일 11시,금요일,경기도 수원시 팔달구 우만동,경상사고,0,0,1,0,차대차 - 측면충돌,기타,건조,맑음,단일로 - 기타,승용,남,21세,기타불명,이륜,남,22세,경상
2020120400100227,2020년 12월 4일 12시,금요일,경기도 수원시 팔달구 중동,경상사고,0,0,1,0,차대차 - 기타,안전운전불이행,건조,맑음,교차로 - 교차로안,승용,남,81세,상해없음,승합,남,53세,경상
2020120400100231,2020년 12월 4일 12시,금요일,경기도 수원시 권선구 오목천동,부상신고사고,0,0,0,1,차대차 - 기타,신호위반,건조,맑음,단일로 - 기타,이륜,남,35세,부상신고,승용,여,28세,상해없음
2020120400100298,2020년 12월 4일 14시,금요일,경기도 수원시 영통구 이의동,경상사고,0,0,1,0,차대차 - 추돌,안전운전불이행,건조,맑음,단일로 - 기타,승용,남,25세,상해없음,화물,남,38세,상해없음
2020120400100325,2020년 12월 4일 15시,금요일,경기도 수원시 팔달구 화서동,경상사고,0,0,2,0,차대차 - 측면충돌,안전거리미확보,건조,맑음,단일로 - 기타,승용,남,75세,상해없음,건설기계,남,38세,경상
2020120400100328,2020년 12월 4일 15시,금요일,경기도 수원시 팔달구 인계동,중상사고,0,2,3,0,차대차 - 추돌,안전운전불이행,건조,맑음,단일로 - 터널,승용,남,56세,상해없음,승용,남,24세,경상
2020120400100329,2020년 12월 4일 15시,금요일,경기도 수원시 팔달구 인계동,경상사고,0,0,1,0,차대차 - 추돌,안전운전불이행,건조,맑음,기타 - 기타,승용,남,61세,상해없음,승용,여,56세,경상
2020120400100405,2020년 12월 4일 17시,금요일,경기도 수원시 장안구 영화동,경상사고,0,0,1,0,차대차 - 기타,기타,건조,맑음,교차로 - 교차로안,이륜,남,19세,경상,승용,남,26세,상해없음
2020120400100467,2020년 12월 4일 18시,금요일,경기도 수원시 장안구 천천동,경상사고,0,0,1,0,차대사람 - 기타,신호위반,건조,맑음,교차로 - 교차로안,이륜,남,19세,상해없음,보행자,여,14세,경상
2020120400100477,2020년 12월 4일 18시,금요일,경기도 수원시 권선구 평동,경상사고,0,0,2,0,차대차 - 기타,직진우회전진행방해,건조,맑음,교차로 - 교차로안,화물,남,53세,상해없음,승용,남,27세,경상
2020120400100569,2020년 12월 4일 20시,금요일,경기도 수원시 팔달구 우만동,경상사고,0,0,1,0,차대차 - 측면충돌,안전운전불이행,건조,맑음,교차로 - 교차로부근,화물,남,24세,상해없음,개인형이동수단(PM),남,22세,경상
2020120400100607,2020년 12월 4일 21시,금요일,경기도 수원시 장안구 율전동,경상사고,0,0,1,0,차대사람 - 기타,신호위반,건조,맑음,교차로 - 교차로부근,승용,여,42세,상해없음,보행자,남,25세,경상
2020120400100612,2020년 12월 4일 21시,금요일,경기도 수원시 권선구 권선동,경상사고,0,0,2,0,차대차 - 측면충돌,교차로운행방법위반,건조,맑음,교차로 - 교차로안,승용,남,51세,상해없음,화물,남,57세,경상
2020120500100006,2020년 12월 5일 00시,토요일,경기도 수원시 팔달구 매산로1가,경상사고,0,0,1,0,차대차 - 기타,안전운전불이행,건조,맑음,교차로 - 교차로안,승용,남,31세,상해없음,승용,여,27세,경상
2020120500100020,2020년 12월 5일 01시,토요일,경기도 수원시 장안구 정자동,경상사고,0,0,1,0,차대차 - 기타,신호위반,건조,맑음,교차로 - 교차로안,이륜,남,28세,상해없음,이륜,남,38세,경상
2020120500100187,2020년 12월 5일 12시,토요일,경기도 수원시 권선구 고색동,경상사고,0,0,1,0,차대차 - 기타,안전거리미확보,건조,맑음,단일로 - 기타,승용,여,28세,상해없음,승용,여,40세,상해없음
2020120500100228,2020년 12월 5일 13시,토요일,경기도 수원시 영통구 매탄동,경상사고,0,0,1,0,차대차 - 기타,안전운전불이행,건조,맑음,교차로 - 교차로안,승용,남,27세,상해없음,원동기,남,27세,경상
2020120500100271,2020년 12월 5일 14시,토요일,경기도 수원시 영통구 매탄동,경상사고,0,0,1,0,차대차 - 후진중충돌,안전운전불이행,건조,맑음,교차로 - 교차로부근,승용,남,38세,상해없음,이륜,남,54세,경상
2020120500100306,2020년 12월 5일 15시,토요일,경기도 수원시 영통구 영통동,경상사고,0,0,2,0,차대차 - 기타,안전거리미확보,건조,맑음,단일로 - 기타,승용,남,39세,상해없음,화물,남,53세,경상
2020120500100332,2020년 12월 5일 16시,토요일,경기도 수원시 팔달구 우만동,경상사고,0,0,3,0,차대차 - 기타,신호위반,건조,맑음,교차로 - 교차로안,승용,남,40세,경상,승용,여,52세,경상
2020120500100413,2020년 12월 5일 18시,토요일,경기도 수원시 권선구 평동,경상사고,0,0,2,0,차대차 - 기타,안전운전불이행,건조,맑음,단일로 - 기타,승용,남,23세,상해없음,승합,남,29세,경상
2020120500100452,2020년 12월 5일 19시,토요일,경기도 수원시 장안구 천천동,경상사고,0,0,2,1,차대차 - 기타,교차로운행방법위반,건조,맑음,교차로 - 교차로안,승용,여,58세,부상신고,승용,여,33세,경상
2020120500100453,2020년 12월 5일 19시,토요일,경기도 수원시 팔달구 북수동,중상사고,0,1,0,0,차대사람 - 횡단중,신호위반,건조,맑음,교차로 - 교차로안,원동기,남,69세,상해없음,보행자,남,51세,중상
2020120600100041,2020년 12월 6일 05시,일요일,경기도 수원시 장안구 연무동,중상사고,0,1,0,0,차대차 - 기타,신호위반,건조,맑음,교차로 - 교차로안,승용,남,57세,상해없음,승용,남,44세,중상
2020120600100091,2020년 12월 6일 10시,일요일,경기도 수원시 팔달구 우만동,경상사고,0,0,3,0,차대차 - 측면충돌,안전운전불이행,건조,맑음,교차로 - 교차로안,승용,남,45세,상해없음,승용,남,27세,경상
2020120600100132,2020년 12월 6일 12시,일요일,경기도 수원시 권선구 권선동,경상사고,0,0,1,0,차대차 - 추돌,신호위반,건조,맑음,교차로 - 교차로안,승용,여,34세,상해없음,이륜,남,35세,경상
2020120600100155,2020년 12월 6일 13시,일요일,경기도 수원시 팔달구 우만동,경상사고,0,0,1,0,차대차 - 추돌,안전거리미확보,건조,맑음,교차로 - 교차로부근,승합,남,50세,기타불명,승합,남,60세,경상
2020120600100160,2020년 12월 6일 13시,일요일,경기도 수원시 권선구 권선동,부상신고사고,0,0,0,2,차대차 - 측면충돌,직진우회전진행방해,건조,맑음,교차로 - 교차로안,이륜,남,41세,부상신고,승용,남,35세,부상신고
2020120600100248,2020년 12월 6일 16시,일요일,경기도 수원시 권선구 곡반정동,경상사고,0,0,1,0,차대차 - 측면충돌,직진우회전진행방해,건조,맑음,교차로 - 교차로안,승용,남,55세,상해없음,원동기,남,27세,경상
2020120600100360,2020년 12월 6일 20시,일요일,경기도 수원시 권선구 곡반정동,경상사고,0,0,1,0,차대차 - 측면충돌,안전운전불이행,건조,맑음,단일로 - 기타,승용,남,47세,상해없음,승용,여,33세,경상
2020120600100362,2020년 12월 6일 20시,일요일,경기도 수원시 권선구 금곡동,경상사고,0,0,1,0,차대차 - 추돌,안전운전불이행,건조,맑음,단일로 - 기타,승용,남,42세,상해없음,승용,남,35세,경상
2020120700100004,2020년 12월 7일 00시,월요일,경기도 수원시 팔달구 인계동,경상사고,0,0,2,0,차대차 - 후진중충돌,안전운전불이행,건조,맑음,단일로 - 기타,승용,남,39세,상해없음,승용,남,24세,경상
2020120700100037,2020년 12월 7일 06시,월요일,경기도 수원시 영통구 이의동,중상사고,0,1,0,0,차대사람 - 보도통행중,기타,건조,맑음,단일로 - 기타,개인형이동수단(PM),남,33세,상해없음,보행자,남,43세,중상
2020120700100040,2020년 12월 7일 06시,월요일,경기도 수원시 권선구 구운동,경상사고,0,0,2,0,차대차 - 기타,교차로운행방법위반,건조,맑음,교차로 - 교차로부근,승합,남,66세,상해없음,승용,남,28세,경상
2020120700100109,2020년 12월 7일 09시,월요일,경기도 수원시 권선구 호매실동,경상사고,0,0,1,0,차대차 - 기타,직진우회전진행방해,건조,맑음,교차로 - 교차로안,승용,남,40세,상해없음,승용,남,40세,경상
2020120700100172,2020년 12월 7일 11시,월요일,경기도 수원시 권선구 권선동,부상신고사고,0,0,0,1,차대차 - 측면충돌,신호위반,건조,맑음,교차로 - 교차로부근,이륜,남,21세,부상신고,승용,남,73세,상해없음
2020120700100312,2020년 12월 7일 16시,월요일,경기도 수원시 권선구 입북동,경상사고,0,0,2,0,차대차 - 추돌,안전운전불이행,건조,맑음,단일로 - 기타,화물,남,62세,상해없음,화물,남,58세,경상
2020120700100386,2020년 12월 7일 18시,월요일,경기도 수원시 팔달구 팔달로2가,경상사고,0,0,2,0,차대차 - 측면충돌,안전운전불이행,건조,맑음,단일로 - 기타,이륜,남,71세,상해없음,승용,여,55세,경상
2020120700100387,2020년 12월 7일 18시,월요일,경기도 수원시 팔달구 우만동,경상사고,0,0,1,0,차대사람 - 횡단중,보행자보호의무위반,건조,맑음,교차로 - 교차로횡단보도내,승용,남,51세,상해없음,보행자,남,37세,경상
2020120700100390,2020년 12월 7일 18시,월요일,경기도 수원시 영통구 영통동,중상사고,0,1,0,0,차대차 - 측면충돌,불법유턴,건조,맑음,교차로 - 교차로부근,개인형이동수단(PM),남,17세,상해없음,승용,여,39세,상해없음
2020120700100468,2020년 12월 7일 20시,월요일,경기도 수원시 영통구 망포동,중상사고,0,1,0,0,차대차 - 기타,안전운전불이행,건조,맑음,교차로 - 교차로안,승용,남,26세,상해없음,이륜,남,39세,중상
2020120700100471,2020년 12월 7일 20시,월요일,경기도 수원시 권선구 금곡동,중상사고,0,1,1,0,차대차 - 측면충돌,안전운전불이행,건조,맑음,교차로 - 교차로안,이륜,남,17세,중상,이륜,남,21세,경상
2020120700100504,2020년 12월 7일 21시,월요일,경기도 수원시 팔달구 매산로1가,경상사고,0,0,1,0,차대사람 - 횡단중,안전운전불이행,건조,맑음,단일로 - 기타,승용,남,41세,상해없음,보행자,여,17세,경상
2020120700100527,2020년 12월 7일 23시,월요일,경기도 수원시 팔달구 인계동,경상사고,0,0,1,0,차대차 - 기타,안전운전불이행,건조,맑음,기타 - 기타,이륜,남,47세,경상,승용,여,23세,상해없음
2020120800100019,2020년 12월 8일 04시,화요일,경기도 수원시 권선구 권선동,경상사고,0,0,4,0,차대차 - 측면충돌,안전운전불이행,건조,맑음,교차로 - 교차로안,승용,남,22세,상해없음,승합,남,52세,경상
2020120800100075,2020년 12월 8일 08시,화요일,경기도 수원시 팔달구 인계동,경상사고,0,0,3,0,차대차 - 측면충돌,안전운전불이행,건조,맑음,교차로 - 교차로부근,승용,남,28세,상해없음,화물,남,55세,경상
2020120800100077,2020년 12월 8일 08시,화요일,경기도 수원시 권선구 탑동,경상사고,0,0,2,0,차대차 - 정면충돌,직진우회전진행방해,건조,맑음,교차로 - 교차로안,승용,여,42세,경상,건설기계,남,58세,경상