사고번호,사고일시,요일,시군구,사고내용,사망자수,중상자수,경상자수,부상신고자수,사고유형,법규위반,노면상태,기상상태,도로형태,가해운전자 차종,가해운전자 성별,가해운전자 연령,가해운전자 상해정도,피해운전자 차종,피해운전자 성별,피해운전자 연령,피해운전자 상해정도
2020120800100078,2020년 12월 8일 08시,화요일,경기도 수원시 권선구 서둔동,경상사고,0,0,1,0,차대사람 - 차도통행중,안전운전불이행,건조,맑음,단일로 - 기타,승용,남,27세,상해없음,보행자,남,27세,경상
2020120800100116,2020년 12월 8일 09시,화요일,경기도 수원시 장안구 조원동,경상사고,0,0,1,0,차대사람 - 기타,기타,건조,맑음,단일로 - 기타,승합,남,55세,상해없음,보행자,남,67세,경상
2020120800100117,2020년 12월 8일 09시,화요일,경기도 수원시 장안구 송죽동,경상사고,0,0,1,0,차대차 - 기타,안전운전불이행,건조,맑음,단일로 - 기타,승용,남,37세,상해없음,승용,여,59세,경상
2020120800100174,2020년 12월 8일 11시,화요일,경기도 수원시 권선구 권선동,경상사고,0,0,1,0,차대차 - 측면충돌,안전거리미확보,건조,맑음,교차로 - 교차로횡단보도내,승용,남,63세,상해없음,승용,남,34세,경상
2020120800100175,2020년 12월 8일 11시,화요일,경기도 수원시 영통구 매탄동,부상신고사고,0,0,0,1,차대차 - 기타,차로위반,건조,맑음,교차로 - 교차로부근,기타불명,기타불명,미분류,기타불명,이륜,남,29세,부상신고
2020120800100204,2020년 12월 8일 12시,화요일,경기도 수원시 장안구 송죽동,부상신고사고,0,0,0,1,차대사람 - 기타,불법유턴,건조,맑음,단일로 - 기타,승용,남,54세,상해없음,보행자,여,68세,부상신고
2020120800100209,2020년 12월 8일 12시,화요일,경기도 수원시 팔달구 매산로2가,중상사고,0,1,0,0,차대차 - 측면충돌,중앙선침범,건조,맑음,단일로 - 기타,승용,남,64세,상해없음,이륜,남,34세,중상
2020120800100243,2020년 12월 8일 13시,화요일,경기도 수원시 팔달구 매산로1가,경상사고,0,0,3,0,차대차 - 측면충돌,안전거리미확보,건조,맑음,교차로 - 교차로부근,승용,남,64세,상해없음,승용,남,23세,경상
2020120800100290,2020년 12월 8일 14시,화요일,경기도 수원시 권선구 세류동,경상사고,0,0,1,0,차대사람 - 횡단중,보행자보호의무위반,건조,맑음,단일로 - 기타,승용,남,58세,상해없음,보행자,여,42세,경상
2020120800100327,2020년 12월 8일 15시,화요일,경기도 수원시 팔달구 지동,중상사고,0,1,0,0,차대사람 - 기타,기타,건조,맑음,기타 - 기타,승합,남,40세,상해없음,보행자,여,76세,중상
2020120800100333,2020년 12월 8일 15시,화요일,경기도 수원시 권선구 권선동,중상사고,0,1,2,0,차대차 - 측면충돌,안전거리미확보,건조,맑음,교차로 - 교차로부근,승용,남,25세,상해없음,승용,여,58세,중상
2020120800100366,2020년 12월 8일 16시,화요일,경기도 수원시 권선구 세류동,경상사고,0,0,2,0,차대차 - 측면충돌,직진우회전진행방해,건조,맑음,교차로 - 교차로안,승용,남,47세,상해없음,승용,남,26세,경상
2020120800100405,2020년 12월 8일 17시,화요일,경기도 수원시 장안구 파장동,경상사고,0,0,1,0,차대차 - 측면충돌,신호위반,건조,맑음,교차로 - 교차로안,승용,남,71세,상해없음,이륜,남,72세,경상
2020120800100456,2020년 12월 8일 18시,화요일,경기도 수원시 장안구 송죽동,중상사고,0,1,0,0,차대차 - 기타,안전거리미확보,건조,맑음,단일로 - 기타,승용,남,71세,상해없음,승용,남,38세,중상
2020120800100457,2020년 12월 8일 18시,화요일,경기도 수원시 팔달구 우만동,경상사고,0,0,1,1,차대차 - 측면충돌,안전거리미확보,건조,맑음,단일로 - 기타,승용,여,44세,상해없음,승용,여,69세,경상
2020120800100466,2020년 12월 8일 18시,화요일,경기도 수원시 영통구 망포동,경상사고,0,0,1,0,차대차 - 기타,안전거리미확보,건조,맑음,단일로 - 기타,승용,남,28세,상해없음,승합,남,42세,상해없음
2020120800100523,2020년 12월 8일 19시,화요일,경기도 수원시 권선구 권선동,경상사고,0,0,1,0,차대차 - 후진중충돌,안전운전불이행,건조,맑음,교차로 - 교차로부근,승용,남,40세,상해없음,이륜,남,40세,경상
2020120800100581,2020년 12월 8일 21시,화요일,경기도 수원시 장안구 율전동,경상사고,0,0,1,0,차대차 - 기타,직진우회전진행방해,건조,맑음,교차로 - 교차로안,승용,남,37세,상해없음,이륜,남,46세,경상
2020120800100587,2020년 12월 8일 21시,화요일,경기도 수원시 팔달구 교동,경상사고,0,0,2,1,차대차 - 추돌,안전운전불이행,건조,맑음,단일로 - 기타,승용,남,52세,상해없음,승용,남,70세,경상
2020120900100050,2020년 12월 9일 07시,수요일,경기도 수원시 권선구 호매실동,중상사고,0,1,0,0,차대차 - 정면충돌,신호위반,건조,맑음,교차로 - 교차로안,승용,남,53세,상해없음,화물,남,37세,중상
2020120900100129,2020년 12월 9일 09시,수요일,경기도 수원시 권선구 고색동,부상신고사고,0,0,0,1,차대차 - 측면충돌,안전운전불이행,건조,맑음,단일로 - 기타,자전거,여,54세,부상신고,승용,남,39세,상해없음
2020120900100130,2020년 12월 9일 09시,수요일,경기도 수원시 권선구 입북동,경상사고,0,0,1,0,차대차 - 측면충돌,안전운전불이행,건조,맑음,교차로 - 교차로부근,승용,여,44세,상해없음,자전거,남,83세,경상
2020120900100243,2020년 12월 9일 13시,수요일,경기도 수원시 팔달구 인계동,경상사고,0,0,1,0,차대사람 - 차도통행중,안전운전불이행,건조,맑음,교차로 - 교차로안,승용,여,46세,상해없음,보행자,여,75세,경상
2020120900100330,2020년 12월 9일 16시,수요일,경기도 수원시 장안구 영화동,경상사고,0,0,1,0,차대사람 - 기타,안전운전불이행,건조,맑음,단일로 - 기타,승용,여,40세,상해없음,보행자,여,68세,경상
2020120900100357,2020년 12월 9일 17시,수요일,경기도 수원시 팔달구 고등동,부상신고사고,0,0,0,1,차량단독 - 기타,기타,건조,맑음,교차로 - 교차로안,승합,남,57세,기타불명,,,,
2020120900100414,2020년 12월 9일 18시,수요일,경기도 수원시 영통구 영통동,경상사고,0,0,5,0,차대차 - 기타,차로위반,건조,맑음,단일로 - 기타,승용,여,31세,경상,승용,여,36세,경상
2020120900100415,2020년 12월 9일 18시,수요일,경기도 수원시 영통구 하동,경상사고,0,0,2,0,차대차 - 측면충돌,안전운전불이행,건조,맑음,교차로 - 교차로안,승용,남,32세,상해없음,승용,남,46세,경상
2020120900100519,2020년 12월 9일 20시,수요일,경기도 수원시 영통구 매탄동,경상사고,0,0,1,0,차대차 - 측면충돌,안전운전불이행,건조,맑음,교차로 - 교차로부근,승용,남,62세,상해없음,승용,여,36세,경상
2020121000100064,2020년 12월 10일 08시,목요일,경기도 수원시 권선구 당수동,중상사고,0,1,0,0,차대차 - 정면충돌,중앙선침범,건조,맑음,단일로 - 기타,승용,여,63세,상해없음,승용,여,41세,중상
2020121000100270,2020년 12월 10일 16시,목요일,경기도 수원시 권선구 권선동,경상사고,0,0,1,0,차대사람 - 차도통행중,안전운전불이행,건조,맑음,단일로 - 기타,승용,여,32세,상해없음,보행자,여,24세,경상
2020121000100303,2020년 12월 10일 17시,목요일,경기도 수원시 영통구 영통동,부상신고사고,0,0,0,1,차대차 - 기타,차로위반,건조,맑음,교차로 - 교차로부근,기타불명,기타불명,미분류,기타불명,승합,남,36세,부상신고
2020121000100409,2020년 12월 10일 19시,목요일,경기도 수원시 장안구 율전동,경상사고,0,0,1,0,차대차 - 기타,안전운전불이행,건조,맑음,단일로 - 기타,승용,남,52세,상해없음,승용,남,47세,경상
2020121000100414,2020년 12월 10일 19시,목요일,경기도 수원시 권선구 곡반정동,경상사고,0,0,1,0,차대차 - 기타,안전운전불이행,건조,흐림,단일로 - 기타,승용,남,58세,상해없음,승용,남,28세,경상
2020121000100417,2020년 12월 10일 19시,목요일,경기도 수원시 권선구 호매실동,중상사고,0,1,0,0,차대차 - 측면충돌,신호위반,건조,맑음,교차로 - 교차로안,승용,여,29세,상해없음,원동기,남,38세,중상
2020121000100418,2020년 12월 10일 19시,목요일,경기도 수원시 권선구 입북동,부상신고사고,0,0,0,1,차량단독 - 기타,안전운전불이행,건조,맑음,단일로 - 기타,승용,남,67세,상해없음,,,,
2020121000100513,2020년 12월 10일 22시,목요일,경기도 수원시 팔달구 우만동,경상사고,0,0,1,0,차대차 - 측면충돌,안전운전불이행,건조,맑음,교차로 - 교차로안,승용,남,25세,상해없음,승용,남,42세,경상
2020121100100171,2020년 12월 11일 12시,금요일,경기도 수원시 영통구 하동,경상사고,0,0,2,0,차대차 - 측면충돌,신호위반,건조,맑음,교차로 - 교차로안,승용,남,40세,경상,이륜,남,29세,상해없음
2020121100100229,2020년 12월 11일 14시,금요일,경기도 수원시 장안구 영화동,경상사고,0,0,1,0,차대차 - 측면충돌,신호위반,건조,맑음,교차로 - 교차로안,승용,남,65세,상해없음,화물,여,56세,경상
2020121100100277,2020년 12월 11일 15시,금요일,경기도 수원시 팔달구 지동,경상사고,0,0,1,0,차대사람 - 횡단중,안전운전불이행,건조,맑음,단일로 - 기타,승용,남,75세,상해없음,보행자,여,70세,경상
2020121100100278,2020년 12월 11일 15시,금요일,경기도 수원시 팔달구 팔달로3가,경상사고,0,0,1,0,차대차 - 측면충돌,안전운전불이행,건조,맑음,단일로 - 기타,승용,남,79세,상해없음,승용,여,72세,경상
2020121100100348,2020년 12월 11일 17시,금요일,경기도 수원시 권선구 구운동,경상사고,0,0,1,0,차대차 - 추돌,안전운전불이행,건조,맑음,교차로 - 교차로부근,승용,남,61세,상해없음,화물,남,55세,경상
2020121100100502,2020년 12월 11일 20시,금요일,경기도 수원시 팔달구 우만동,경상사고,0,0,1,0,차대차 - 기타,불법유턴,건조,맑음,교차로 - 교차로안,승용,남,40세,상해없음,승용,남,54세,상해없음
2020121100100505,2020년 12월 11일 20시,금요일,경기도 수원시 영통구 매탄동,경상사고,0,0,1,0,차대차 - 측면충돌,안전운전불이행,건조,맑음,교차로 - 교차로안,승용,남,45세,상해없음,이륜,남,61세,경상
2020121200100004,2020년 12월 12일 00시,토요일,경기도 수원시 장안구 조원동,부상신고사고,0,0,0,1,차대차 - 추돌,안전운전불이행,건조,맑음,교차로 - 교차로부근,승용,남,35세,상해없음,특수,남,62세,부상신고
2020121200100040,2020년 12월 12일 06시,토요일,경기도 수원시 권선구 호매실동,중상사고,0,1,0,0,차대차 - 기타,교차로운행방법위반,건조,맑음,교차로 - 교차로안,승용,남,57세,상해없음,승용,남,45세,중상
2020121200100062,2020년 12월 12일 08시,토요일,경기도 수원시 팔달구 지동,중상사고,0,1,0,0,차대차 - 기타,교차로운행방법위반,건조,맑음,교차로 - 교차로안,승합,남,46세,상해없음,승용,남,69세,중상
2020121200100064,2020년 12월 12일 08시,토요일,경기도 수원시 권선구 권선동,경상사고,0,0,1,0,차대차 - 기타,교차로운행방법위반,건조,맑음,교차로 - 교차로부근,승용,남,42세,상해없음,승용,남,29세,경상
2020121200100157,2020년 12월 12일 12시,토요일,경기도 수원시 권선구 구운동,경상사고,0,0,2,0,차대차 - 추돌,안전운전불이행,건조,맑음,교차로 - 교차로부근,승용,남,20세,상해없음,승용,남,26세,경상
2020121200100198,2020년 12월 12일 13시,토요일,경기도 수원시 권선구 서둔동,경상사고,0,0,3,0,차대차 - 정면충돌,교차로운행방법위반,건조,맑음,교차로 - 교차로부근,원동기,남,22세,경상,승용,남,26세,경상
2020121200100277,2020년 12월 12일 16시,토요일,경기도 수원시 장안구 영화동,경상사고,0,0,1,0,차대차 - 기타,안전거리미확보,건조,맑음,단일로 - 기타,승용,남,41세,상해없음,승용,남,31세,경상
2020121200100283,2020년 12월 12일 16시,토요일,경기도 수원시 영통구 원천동,경상사고,0,0,1,0,차대차 - 측면충돌,신호위반,건조,맑음,교차로 - 교차로횡단보도내,승용,남,23세,상해없음,개인형이동수단(PM),여,19세,경상
2020121200100315,2020년 12월 12일 17시,토요일,경기도 수원시 영통구 영통동,중상사고,0,1,1,0,차대차 - 측면충돌,신호위반,건조,맑음,교차로 - 교차로안,이륜,남,29세,중상,승용,남,33세,경상
2020121200100355,2020년 12월 12일 18시,토요일,경기도 수원시 장안구 정자동,경상사고,0,0,1,0,차대사람 - 기타,안전운전불이행,건조,맑음,단일로 - 기타,승용,여,38세,상해없음,보행자,남,56세,경상
2020121200100359,2020년 12월 12일 18시,토요일,경기도 수원시 영통구 매탄동,중상사고,0,1,0,0,차대사람 - 길가장자리구역통행중,안전운전불이행,건조,맑음,교차로 - 교차로부근,승용,남,61세,상해없음,보행자,남,60세,중상
2020121200100360,2020년 12월 12일 18시,토요일,경기도 수원시 영통구 하동,경상사고,0,0,1,0,차대차 - 측면충돌,신호위반,건조,맑음,교차로 - 교차로부근,이륜,남,16세,상해없음,자전거,남,10세,경상
2020121200100437,2020년 12월 12일 20시,토요일,경기도 수원시 팔달구 인계동,부상신고사고,0,0,0,1,차대차 - 측면충돌,안전운전불이행,건조,맑음,단일로 - 기타,승용,남,29세,상해없음,승용,남,29세,부상신고
2020121200100475,2020년 12월 12일 22시,토요일,경기도 수원시 팔달구 우만동,경상사고,0,0,1,0,차대차 - 측면충돌,안전운전불이행,건조,맑음,교차로 - 교차로안,승용,남,29세,상해없음,이륜,남,39세,경상
2020121300100028,2020년 12월 13일 03시,일요일,경기도 수원시 장안구 조원동,중상사고,0,1,0,0,차대사람 - 기타,안전운전불이행,건조,맑음,단일로 - 기타,승용,남,22세,상해없음,보행자,남,57세,중상
2020121300100123,2020년 12월 13일 12시,일요일,경기도 수원시 팔달구 인계동,경상사고,0,0,4,0,차대차 - 측면충돌,차로위반,건조,맑음,단일로 - 기타,승합,남,57세,상해없음,승합,남,54세,경상
2020121300100141,2020년 12월 13일 13시,일요일,경기도 수원시 영통구 하동,부상신고사고,0,0,0,1,차대차 - 측면충돌,안전운전불이행,젖음/습기,비,단일로 - 기타,승용,남,50세,부상신고,승합,남,51세,상해없음
2020121300100166,2020년 12월 13일 14시,일요일,경기도 수원시 장안구 파장동,중상사고,0,2,1,0,차대차 - 기타,안전운전불이행,건조,맑음,교차로 - 교차로부근,승합,남,66세,상해없음,승용,남,57세,상해없음
2020121300100197,2020년 12월 13일 15시,일요일,경기도 수원시 권선구 권선동,경상사고,0,0,2,0,차대차 - 기타,안전거리미확보,건조,맑음,단일로 - 기타,승용,남,20세,상해없음,승용,여,29세,경상
2020121300100215,2020년 12월 13일 16시,일요일,경기도 수원시 권선구 권선동,경상사고,0,0,1,0,차대차 - 측면충돌,안전거리미확보,건조,맑음,단일로 - 기타,승용,남,59세,상해없음,승용,여,29세,경상
2020121300100308,2020년 12월 13일 19시,일요일,경기도 수원시 권선구 세류동,경상사고,0,0,1,0,차대차 - 정면충돌,안전운전불이행,건조,맑음,단일로 - 기타,승용,남,46세,상해없음,이륜,남,44세,경상
2020121300100311,2020년 12월 13일 19시,일요일,경기도 수원시 권선구 구운동,중상사고,0,1,0,0,차대차 - 기타,안전운전불이행,건조,맑음,단일로 - 기타,승용,여,51세,상해없음,이륜,남,28세,중상
2020121400100079,2020년 12월 14일 08시,월요일,경기도 수원시 권선구 고색동,중상사고,0,1,0,0,차대차 - 기타,안전운전불이행,건조,맑음,교차로 - 교차로안,승용,남,30세,상해없음,자전거,남,32세,중상
2020121400100134,2020년 12월 14일 10시,월요일,경기도 수원시 장안구 이목동,중상사고,0,1,0,0,차대사람 - 기타,안전운전불이행,건조,맑음,단일로 - 기타,승용,남,34세,상해없음,보행자,남,77세,중상
2020121400100138,2020년 12월 14일 10시,월요일,경기도 수원시 권선구 고색동,경상사고,0,0,1,0,차대차 - 측면충돌,안전거리미확보,건조,맑음,교차로 - 교차로부근,승용,남,46세,기타불명,승용,남,32세,경상
2020121400100217,2020년 12월 14일 13시,월요일,경기도 수원시 장안구 정자동,경상사고,0,0,1,0,차대사람 - 횡단중,보행자보호의무위반,건조,맑음,교차로 - 교차로안,승용,남,80세,상해없음,보행자,여,50세,경상
2020121400100253,2020년 12월 14일 14시,월요일,경기도 수원시 팔달구 우만동,경상사고,0,0,2,0,차대차 - 기타,안전거리미확보,건조,맑음,교차로 - 교차로안,승용,남,21세,경상,승용,남,60세,경상
2020121400100255,2020년 12월 14일 14시,월요일,경기도 수원시 권선구 권선동,경상사고,0,0,1,0,차대차 - 기타,교차로운행방법위반,건조,맑음,교차로 - 교차로부근,승용,여,56세,상해없음,승용,남,46세,경상
2020121400100290,2020년 12월 14일 15시,월요일,경기도 수원시 영통구 영통동,경상사고,0,0,3,0,차대차 - 측면충돌,안전거리미확보,건조,맑음,교차로 - 교차로안,승용,남,40세,상해없음,승합,남,43세,경상
2020121400100462,2020년 12월 14일 19시,월요일,경기도 수원시 권선구 금곡동,경상사고,0,0,1,0,차대차 - 정면충돌,신호위반,건조,맑음,교차로 - 교차로안,승용,여,40세,상해없음,이륜,남,17세,경상
2020121400100534,2020년 12월 14일 22시,월요일,경기도 수원시 팔달구 중동,경상사고,0,0,3,0,차대차 - 기타,교차로운행방법위반,건조,맑음,교차로 - 교차로부근,화물,남,55세,상해없음,승용,남,23세,경상
2020121500100090,2020년 12월 15일 09시,화요일,경기도 수원시 팔달구 매산로2가,경상사고,0,0,4,0,차대차 - 측면충돌,안전운전불이행,건조,맑음,단일로 - 기타,승용,남,22세,상해없음,승용,남,26세,경상
2020121500100109,2020년 12월 15일 10시,화요일,경기도 수원시 장안구 율전동,중상사고,0,1,0,0,차대차 - 기타,안전운전불이행,건조,맑음,교차로 - 교차로부근,이륜,남,41세,상해없음,기타불명,남,62세,중상
2020121500100201,2020년 12월 15일 13시,화요일,경기도 수원시 장안구 연무동,경상사고,0,0,1,0,차대차 - 정면충돌,신호위반,건조,맑음,교차로 - 교차로안,승용,남,56세,상해없음,이륜,남,38세,경상
2020121500100444,2020년 12월 15일 19시,화요일,경기도 수원시 팔달구 화서동,부상신고사고,0,0,0,1,차대차 - 정면충돌,안전운전불이행,건조,맑음,단일로 - 기타,승용,남,55세,상해없음,이륜,남,22세,부상신고
2020121500100446,2020년 12월 15일 19시,화요일,경기도 수원시 영통구 하동,중상사고,0,1,0,0,차대사람 - 횡단중,신호위반,건조,맑음,교차로 - 교차로횡단보도내,승용,남,37세,상해없음,보행자,여,49세,중상
2020121500100521,2020년 12월 15일 21시,화요일,경기도 수원시 장안구 영화동,경상사고,0,0,1,0,차대사람 - 횡단중,안전운전불이행,건조,맑음,교차로 - 교차로횡단보도내,이륜,남,23세,기타불명,보행자,남,53세,경상
2020121500100526,2020년 12월 15일 21시,화요일,경기도 수원시 권선구 권선동,중상사고,0,2,2,0,차대차 - 측면충돌,교차로운행방법위반,건조,맑음,교차로 - 교차로안,승용,남,52세,상해없음,승용,남,34세,경상
2020121600100042,2020년 12월 16일 07시,수요일,경기도 수원시 권선구 탑동,경상사고,0,0,1,0,차대차 - 기타,안전운전불이행,건조,맑음,교차로 - 교차로안,승용,여,55세,상해없음,화물,남,34세,경상
2020121600100111,2020년 12월 16일 09시,수요일,경기도 수원시 영통구 이의동,중상사고,0,1,0,0,차대차 - 측면충돌,신호위반,건조,맑음,교차로 - 교차로안,승용,여,48세,상해없음,승용,남,36세,중상
2020121600100153,2020년 12월 16일 11시,수요일,경기도 수원시 팔달구 매산로1가,중상사고,0,1,0,0,차대사람 - 기타,안전운전불이행,건조,맑음,단일로 - 기타,승용,여,28세,상해없음,보행자,여,66세,중상
2020121600100207,2020년 12월 16일 13시,수요일,경기도 수원시 영통구 원천동,경상사고,0,0,1,0,차대사람 - 차도통행중,안전운전불이행,서리/결빙,맑음,단일로 - 기타,화물,남,54세,상해없음,보행자,남,44세,경상
2020121600100240,2020년 12월 16일 14시,수요일,경기도 수원시 권선구 고색동,경상사고,0,0,1,0,차대차 - 측면충돌,불법유턴,건조,맑음,단일로 - 기타,개인형이동수단(PM),남,32세,경상,승용,남,63세,상해없음
2020121600100241,2020년 12월 16일 14시,수요일,경기도 수원시 권선구 고색동,경상사고,0,0,1,0,차대차 - 추돌,안전운전불이행,건조,맑음,단일로 - 기타,승용,남,41세,상해없음,승용,남,25세,경상
2020121600100338,2020년 12월 16일 17시,수요일,경기도 수원시 권선구 호매실동,경상사고,0,0,3,0,차대차 - 측면충돌,안전운전불이행,건조,맑음,교차로 - 교차로안,승용,여,22세,경상,승용,남,35세,경상
2020121600100388,2020년 12월 16일 18시,수요일,경기도 수원시 영통구 매탄동,중상사고,0,1,0,0,차대차 - 측면충돌,신호위반,건조,맑음,교차로 - 교차로안,승용,여,47세,상해없음,이륜,남,34세,중상
2020121600100389,2020년 12월 16일 18시,수요일,경기도 수원시 영통구 영통동,부상신고사고,0,0,0,1,차대차 - 기타,안전운전불이행,건조,맑음,단일로 - 기타,이륜,남,28세,부상신고,승용,여,41세,상해없음
2020121600100390,2020년 12월 16일 18시,수요일,경기도 수원시 권선구 권선동,경상사고,0,0,1,0,차대차 - 기타,차로위반,건조,맑음,교차로 - 교차로부근,승용,남,60세,상해없음,승용,남,32세,경상
2020121600100440,2020년 12월 16일 19시,수요일,경기도 수원시 장안구 정자동,경상사고,0,0,1,0,차대사람 - 보도통행중,보행자보호의무위반,건조,맑음,교차로 - 교차로횡단보도내,승용,남,41세,상해없음,보행자,여,62세,경상
2020121600100522,2020년 12월 16일 21시,수요일,경기도 수원시 영통구 원천동,경상사고,0,0,1,0,차대차 - 측면충돌,안전운전불이행,건조,맑음,단일로 - 기타,승용,남,22세,상해없음,승용,여,65세,경상
2020121700100219,2020년 12월 17일 12시,목요일,경기도 수원시 팔달구 화서동,중상사고,0,1,0,0,차대사람 - 횡단중,보행자보호의무위반,건조,맑음,교차로 - 교차로안,승용,남,59세,상해없음,보행자,남,70세,중상
2020121700100220,2020년 12월 17일 12시,목요일,경기도 수원시 장안구 정자동,경상사고,0,0,1,0,차대차 - 기타,안전운전불이행,건조,맑음,단일로 - 기타,이륜,남,32세,상해없음,승용,여,47세,경상
2020121700100261,2020년 12월 17일 13시,목요일,경기도 수원시 영통구 영통동,경상사고,0,0,1,0,차대사람 - 기타,안전운전불이행,건조,맑음,기타 - 기타,승용,여,50세,상해없음,보행자,남,43세,경상
2020121700100262,2020년 12월 17일 13시,목요일,경기도 수원시 팔달구 매산로1가,경상사고,0,0,1,0,차대차 - 기타,안전거리미확보,건조,맑음,교차로 - 교차로부근,화물,남,79세,상해없음,승용,여,36세,경상
2020121700100353,2020년 12월 17일 16시,목요일,경기도 수원시 장안구 송죽동,경상사고,0,0,1,0,차대차 - 추돌,안전운전불이행,건조,맑음,단일로 - 기타,승용,남,35세,상해없음,승용,남,27세,경상
2020121700100385,2020년 12월 17일 17시,목요일,경기도 수원시 장안구 송죽동,중상사고,0,1,0,0,차대차 - 측면충돌,안전운전불이행,건조,맑음,단일로 - 기타,승용,남,57세,상해없음,이륜,남,37세,중상
2020121700100428,2020년 12월 17일 18시,목요일,경기도 수원시 팔달구 인계동,경상사고,0,0,1,0,차대차 - 측면충돌,신호위반,건조,맑음,교차로 - 교차로안,이륜,남,28세,상해없음,승용,여,54세,경상
2020121700100511,2020년 12월 17일 20시,목요일,경기도 수원시 권선구 권선동,경상사고,0,0,1,0,차대차 - 추돌,안전운전불이행,건조,맑음,단일로 - 기타,승용,남,27세,상해없음,승용,여,47세,경상
2020121700100513,2020년 12월 17일 20시,목요일,경기도 수원시 권선구 고색동,경상사고,0,0,1,0,차량단독 - 공작물충돌,안전운전불이행,건조,맑음,단일로 - 기타,승용,여,54세,경상,,,,
2020121800100026,2020년 12월 18일 06시,금요일,경기도 수원시 장안구 영화동,중상사고,0,1,0,0,차대차 - 측면충돌,안전운전불이행,적설,눈,교차로 - 교차로부근,화물,남,63세,상해없음,승용,남,41세,상해없음
2020121800100032,2020년 12월 18일 06시,금요일,경기도 수원시 팔달구 매산로1가,경상사고,0,0,1,0,차대차 - 측면충돌,안전운전불이행,건조,맑음,교차로 - 교차로안,승용,남,19세,경상,승용,여,52세,상해없음
2020121800100053,2020년 12월 18일 07시,금요일,경기도 수원시 영통구 영통동,중상사고,0,1,1,0,차대차 - 측면충돌,안전운전불이행,건조,맑음,교차로 - 교차로부근,승합,여,57세,상해없음,승용,남,47세,상해없음
2020121800100089,2020년 12월 18일 08시,금요일,경기도 수원시 영통구 이의동,경상사고,0,0,2,0,차대차 - 추돌,안전운전불이행,서리/결빙,눈,교차로 - 교차로부근,승용,남,29세,상해없음,승합,남,55세,경상
2020121800100110,2020년 12월 18일 09시,금요일,경기도 수원시 장안구 연무동,경상사고,0,0,2,0,차대차 - 측면충돌,안전거리미확보,건조,맑음,단일로 - 기타,승용,남,23세,경상,승용,여,40세,경상
2020121800100300,2020년 12월 18일 15시,금요일,경기도 수원시 장안구 파장동,경상사고,0,0,1,0,차대차 - 추돌,안전운전불이행,서리/결빙,맑음,교차로 - 교차로부근,승용,남,50세,상해없음,승용,남,38세,경상
2020121800100302,2020년 12월 18일 15시,금요일,경기도 수원시 장안구 파장동,중상사고,0,1,0,0,차대차 - 추돌,안전운전불이행,건조,맑음,교차로 - 교차로부근,승용,남,35세,상해없음,승용,여,45세,상해없음
2020121800100342,2020년 12월 18일 16시,금요일,경기도 수원시 팔달구 중동,중상사고,0,1,0,0,차대사람 - 횡단중,보행자보호의무위반,건조,맑음,교차로 - 교차로횡단보도내,승용,여,33세,상해없음,보행자,여,73세,중상
2020121800100343,2020년 12월 18일 16시,금요일,경기도 수원시 권선구 평동,경상사고,0,0,1,0,차대차 - 측면충돌,직진우회전진행방해,건조,맑음,교차로 - 교차로안,승용,남,26세,상해없음,이륜,남,39세,경상
2020121800100383,2020년 12월 18일 17시,금요일,경기도 수원시 장안구 이목동,경상사고,0,0,1,1,차대차 - 기타,안전거리미확보,젖음/습기,흐림,단일로 - 기타,승용,여,61세,부상신고,승용,남,33세,경상
2020121800100459,2020년 12월 18일 18시,금요일,경기도 수원시 장안구 파장동,경상사고,0,0,2,0,차대차 - 기타,안전거리미확보,건조,맑음,기타 - 기타,승용,여,19세,상해없음,승용,남,60세,경상
2020121800100463,2020년 12월 18일 18시,금요일,경기도 수원시 권선구 세류동,경상사고,0,0,1,0,차대사람 - 횡단중,신호위반,건조,맑음,교차로 - 교차로안,특수,남,27세,상해없음,보행자,남,29세,경상
2020121800100467,2020년 12월 18일 18시,금요일,경기도 수원시 권선구 세류동,경상사고,0,0,1,0,차대차 - 측면충돌,안전거리미확보,건조,맑음,기타 - 기타,승용,여,39세,상해없음,원동기,남,22세,경상
2020121800100668,2020년 12월 18일 22시,금요일,경기도 수원시 권선구 곡반정동,중상사고,0,1,0,0,차대차 - 기타,안전거리미확보,건조,맑음,단일로 - 기타,승용,여,34세,상해없음,이륜,남,36세,중상
2020121900100126,2020년 12월 19일 11시,토요일,경기도 수원시 영통구 망포동,중상사고,0,1,0,0,차대차 - 기타,안전거리미확보,건조,맑음,단일로 - 기타,승용,남,61세,상해없음,이륜,남,34세,중상
2020121900100225,2020년 12월 19일 14시,토요일,경기도 수원시 권선구 평동,경상사고,0,0,1,0,차대차 - 측면충돌,기타,건조,맑음,단일로 - 기타,승용,남,69세,기타불명,승용,남,60세,경상
2020121900100266,2020년 12월 19일 15시,토요일,경기도 수원시 권선구 입북동,경상사고,0,0,1,0,차대차 - 추돌,안전운전불이행,건조,맑음,단일로 - 기타,화물,남,30세,상해없음,승용,남,51세,경상
2020121900100336,2020년 12월 19일 17시,토요일,경기도 수원시 권선구 호매실동,경상사고,0,0,1,0,차대차 - 추돌,안전거리미확보,건조,맑음,교차로 - 교차로부근,이륜,남,25세,상해없음,이륜,남,27세,경상