사고번호,사고일시,요일,시군구,사고내용,사망자수,중상자수,경상자수,부상신고자수,사고유형,법규위반,노면상태,기상상태,도로형태,가해운전자 차종,가해운전자 성별,가해운전자 연령,가해운전자 상해정도,피해운전자 차종,피해운전자 성별,피해운전자 연령,피해운전자 상해정도
2020121900100381,2020년 12월 19일 18시,토요일,경기도 수원시 권선구 세류동,경상사고,0,0,3,0,차대차 - 측면충돌,신호위반,젖음/습기,흐림,교차로 - 교차로안,승용,남,62세,기타불명,승용,남,48세,경상
2020121900100448,2020년 12월 19일 19시,토요일,경기도 수원시 영통구 이의동,중상사고,0,1,0,0,차대차 - 측면충돌,신호위반,건조,맑음,교차로 - 교차로안,승용,남,57세,상해없음,승용,여,56세,중상
2020121900100480,2020년 12월 19일 20시,토요일,경기도 수원시 영통구 원천동,경상사고,0,0,1,0,차대차 - 기타,안전거리미확보,건조,맑음,교차로 - 교차로안,승용,남,58세,상해없음,이륜,남,32세,경상
2020121900100481,2020년 12월 19일 20시,토요일,경기도 수원시 팔달구 인계동,경상사고,0,0,1,0,차대차 - 추돌,안전운전불이행,건조,맑음,교차로 - 교차로부근,승용,남,31세,상해없음,승용,남,56세,경상
2020121900100526,2020년 12월 19일 21시,토요일,경기도 수원시 팔달구 인계동,경상사고,0,0,2,0,차대차 - 추돌,안전운전불이행,건조,맑음,교차로 - 교차로횡단보도내,승용,남,35세,상해없음,승용,여,24세,경상
2020121900100527,2020년 12월 19일 21시,토요일,경기도 수원시 권선구 세류동,중상사고,0,1,2,0,차대차 - 추돌,안전운전불이행,젖음/습기,흐림,교차로 - 교차로부근,승용,남,47세,상해없음,승용,남,39세,경상
2020121900100586,2020년 12월 19일 23시,토요일,경기도 수원시 팔달구 인계동,중상사고,0,1,0,0,차대사람 - 횡단중,안전운전불이행,서리/결빙,맑음,단일로 - 기타,이륜,여,23세,기타불명,보행자,남,42세,중상
2020122000100040,2020년 12월 20일 09시,일요일,경기도 수원시 팔달구 우만동,경상사고,0,0,1,0,차대차 - 기타,안전거리미확보,건조,맑음,교차로 - 교차로부근,승용,남,66세,상해없음,승용,남,53세,경상
2020122000100142,2020년 12월 20일 14시,일요일,경기도 수원시 권선구 당수동,경상사고,0,0,1,0,차대차 - 기타,중앙선침범,건조,맑음,단일로 - 기타,승용,남,52세,상해없음,자전거,남,36세,경상
2020122000100166,2020년 12월 20일 15시,일요일,경기도 수원시 영통구 망포동,경상사고,0,0,1,0,차대차 - 측면충돌,신호위반,건조,맑음,교차로 - 교차로부근,승용,남,68세,상해없음,승용,여,59세,경상
2020122000100169,2020년 12월 20일 15시,일요일,경기도 수원시 팔달구 매교동,부상신고사고,0,0,0,1,차대차 - 후진중충돌,안전운전불이행,건조,맑음,교차로 - 교차로안,승용,남,72세,상해없음,승용,남,39세,부상신고
2020122000100269,2020년 12월 20일 19시,일요일,경기도 수원시 팔달구 인계동,중상사고,0,1,5,0,차대차 - 측면충돌,신호위반,젖음/습기,맑음,교차로 - 교차로안,승용,남,45세,경상,승용,남,27세,경상
2020122000100271,2020년 12월 20일 19시,일요일,경기도 수원시 권선구 호매실동,경상사고,0,0,1,0,차대차 - 기타,안전거리미확보,건조,맑음,단일로 - 기타,화물,남,52세,상해없음,이륜,남,18세,경상
2020122000100272,2020년 12월 20일 19시,일요일,경기도 수원시 권선구 평동,중상사고,0,1,0,0,차대사람 - 기타,안전운전불이행,건조,맑음,교차로 - 교차로부근,승용,남,68세,상해없음,보행자,남,50세,중상
2020122000100318,2020년 12월 20일 21시,일요일,경기도 수원시 장안구 영화동,경상사고,0,0,1,0,차대차 - 측면충돌,안전운전불이행,건조,맑음,교차로 - 교차로횡단보도내,승용,남,49세,상해없음,자전거,남,24세,경상
2020122000100338,2020년 12월 20일 22시,일요일,경기도 수원시 장안구 송죽동,부상신고사고,0,0,0,1,차대차 - 기타,신호위반,건조,맑음,교차로 - 교차로안,승용,남,34세,상해없음,이륜,남,17세,부상신고
2020122100100039,2020년 12월 21일 06시,월요일,경기도 수원시 권선구 권선동,부상신고사고,0,0,0,1,차대차 - 추돌,안전운전불이행,건조,맑음,단일로 - 지하차도(도로)내,승용,남,49세,상해없음,승용,남,72세,부상신고
2020122100100055,2020년 12월 21일 07시,월요일,경기도 수원시 권선구 구운동,경상사고,0,0,4,0,차대차 - 측면충돌,안전거리미확보,건조,맑음,단일로 - 기타,승용,남,51세,경상,승용,남,38세,경상
2020122100100088,2020년 12월 21일 08시,월요일,경기도 수원시 장안구 파장동,경상사고,0,0,1,0,차대차 - 추돌,안전운전불이행,건조,맑음,단일로 - 기타,승용,남,56세,상해없음,승용,남,61세,경상
2020122100100089,2020년 12월 21일 08시,월요일,경기도 수원시 장안구 연무동,경상사고,0,0,2,0,차대차 - 추돌,안전거리미확보,건조,맑음,단일로 - 기타,승용,여,28세,경상,승용,여,32세,경상
2020122100100151,2020년 12월 21일 10시,월요일,경기도 수원시 장안구 영화동,부상신고사고,0,0,0,1,차대차 - 기타,안전운전불이행,건조,맑음,단일로 - 기타,승용,남,60세,상해없음,이륜,남,39세,부상신고
2020122100100152,2020년 12월 21일 10시,월요일,경기도 수원시 장안구 조원동,경상사고,0,0,1,0,차대차 - 기타,안전운전불이행,건조,맑음,단일로 - 기타,화물,남,54세,상해없음,승용,여,29세,경상
2020122100100156,2020년 12월 21일 10시,월요일,경기도 수원시 권선구 세류동,경상사고,0,0,1,0,차대차 - 측면충돌,신호위반,건조,맑음,단일로 - 기타,화물,남,59세,상해없음,이륜,남,24세,경상
2020122100100192,2020년 12월 21일 11시,월요일,경기도 수원시 영통구 매탄동,경상사고,0,0,2,0,차대차 - 측면충돌,교차로운행방법위반,건조,맑음,교차로 - 교차로안,승용,여,59세,상해없음,승용,남,79세,경상
2020122100100411,2020년 12월 21일 17시,월요일,경기도 수원시 권선구 탑동,경상사고,0,0,1,0,차대차 - 기타,안전거리미확보,건조,맑음,단일로 - 기타,승합,남,53세,상해없음,승용,여,37세,경상
2020122200100056,2020년 12월 22일 07시,화요일,경기도 수원시 팔달구 매산로2가,경상사고,0,0,1,0,차대차 - 추돌,안전운전불이행,서리/결빙,흐림,교차로 - 교차로부근,승용,남,25세,상해없음,승용,남,56세,경상
2020122200100135,2020년 12월 22일 10시,화요일,경기도 수원시 팔달구 매산로1가,중상사고,0,1,1,0,차대차 - 기타,안전거리미확보,건조,맑음,교차로 - 교차로부근,승합,남,63세,상해없음,승용,여,55세,경상
2020122200100136,2020년 12월 22일 10시,화요일,경기도 수원시 권선구 구운동,경상사고,0,0,1,0,차대차 - 추돌,안전거리미확보,건조,맑음,단일로 - 기타,화물,남,68세,상해없음,승용,여,50세,경상
2020122200100325,2020년 12월 22일 16시,화요일,경기도 수원시 장안구 정자동,경상사고,0,0,5,1,차대차 - 정면충돌,신호위반,건조,맑음,교차로 - 교차로부근,승용,여,56세,부상신고,승용,남,21세,경상
2020122200100356,2020년 12월 22일 17시,화요일,경기도 수원시 장안구 영화동,중상사고,0,1,0,0,차대사람 - 기타,안전운전불이행,건조,맑음,단일로 - 기타,화물,남,67세,상해없음,보행자,여,47세,중상
2020122200100397,2020년 12월 22일 18시,화요일,경기도 수원시 권선구 곡반정동,경상사고,0,0,2,0,차대차 - 측면충돌,안전거리미확보,건조,맑음,교차로 - 교차로부근,승용,남,37세,상해없음,승용,남,27세,경상
2020122200100469,2020년 12월 22일 19시,화요일,경기도 수원시 영통구 이의동,경상사고,0,0,1,0,차대차 - 기타,안전운전불이행,건조,맑음,단일로 - 기타,승용,남,52세,상해없음,승용,남,41세,경상
2020122200100507,2020년 12월 22일 20시,화요일,경기도 수원시 팔달구 인계동,경상사고,0,0,1,0,차대차 - 기타,신호위반,건조,맑음,교차로 - 교차로안,승용,여,54세,기타불명,이륜,남,46세,경상
2020122200100563,2020년 12월 22일 22시,화요일,경기도 수원시 장안구 조원동,중상사고,0,1,1,0,차량단독 - 기타,안전운전불이행,건조,맑음,교차로 - 교차로안,승용,남,59세,중상,,,,
2020122200100578,2020년 12월 22일 23시,화요일,경기도 수원시 장안구 정자동,경상사고,0,0,1,0,차대차 - 측면충돌,신호위반,건조,맑음,교차로 - 교차로안,승용,남,61세,상해없음,이륜,남,50세,경상
2020122300100030,2020년 12월 23일 05시,수요일,경기도 수원시 영통구 영통동,경상사고,0,0,1,0,차대차 - 측면충돌,안전운전불이행,건조,맑음,교차로 - 교차로안,승용,남,60세,상해없음,승용,남,28세,경상
2020122300100161,2020년 12월 23일 10시,수요일,경기도 수원시 권선구 당수동,경상사고,0,0,1,0,차대차 - 기타,안전운전불이행,건조,맑음,단일로 - 기타,화물,남,60세,상해없음,승용,여,66세,경상
2020122300100203,2020년 12월 23일 12시,수요일,경기도 수원시 장안구 정자동,경상사고,0,0,1,0,차대차 - 측면충돌,기타,건조,맑음,교차로 - 교차로안,승용,남,65세,상해없음,이륜,남,39세,경상
2020122300100322,2020년 12월 23일 16시,수요일,경기도 수원시 팔달구 인계동,경상사고,0,0,2,0,차대차 - 기타,안전운전불이행,건조,맑음,교차로 - 교차로부근,승용,남,50세,상해없음,승용,여,26세,경상
2020122300100426,2020년 12월 23일 18시,수요일,경기도 수원시 권선구 권선동,경상사고,0,0,1,0,차대차 - 측면충돌,신호위반,건조,흐림,교차로 - 교차로안,승용,여,40세,상해없음,승용,남,31세,경상
2020122300100495,2020년 12월 23일 19시,수요일,경기도 수원시 권선구 세류동,경상사고,0,0,1,0,차대사람 - 횡단중,보행자보호의무위반,건조,맑음,교차로 - 교차로안,승합,남,27세,상해없음,보행자,여,49세,경상
2020122300100576,2020년 12월 23일 21시,수요일,경기도 수원시 팔달구 매교동,경상사고,0,0,1,0,차량단독 - 기타,안전운전불이행,건조,맑음,단일로 - 기타,이륜,남,28세,경상,,,,
2020122300100619,2020년 12월 23일 23시,수요일,경기도 수원시 권선구 세류동,경상사고,0,0,1,0,차대차 - 기타,신호위반,젖음/습기,흐림,교차로 - 교차로안,승용,여,47세,상해없음,승용,남,30세,경상
2020122300100620,2020년 12월 23일 23시,수요일,경기도 수원시 권선구 권선동,경상사고,0,0,1,0,차대차 - 측면충돌,안전운전불이행,건조,맑음,단일로 - 기타,승용,남,36세,상해없음,이륜,남,27세,경상
2020122400100022,2020년 12월 24일 05시,목요일,경기도 수원시 권선구 권선동,경상사고,0,0,1,0,차대차 - 측면충돌,안전운전불이행,건조,맑음,교차로 - 교차로부근,승용,남,26세,상해없음,이륜,남,35세,경상
2020122400100031,2020년 12월 24일 06시,목요일,경기도 수원시 장안구 연무동,경상사고,0,0,1,0,차대사람 - 기타,안전운전불이행,건조,맑음,교차로 - 교차로안,승용,남,27세,상해없음,보행자,여,63세,경상
2020122400100034,2020년 12월 24일 06시,목요일,경기도 수원시 권선구 고색동,중상사고,0,1,0,0,차대사람 - 차도통행중,안전운전불이행,건조,맑음,단일로 - 기타,승용,남,62세,상해없음,보행자,여,61세,중상
2020122400100129,2020년 12월 24일 10시,목요일,경기도 수원시 장안구 정자동,경상사고,0,0,1,0,차대차 - 추돌,안전운전불이행,건조,맑음,단일로 - 기타,승용,여,53세,상해없음,이륜,남,37세,경상
2020122400100164,2020년 12월 24일 11시,목요일,경기도 수원시 권선구 권선동,경상사고,0,0,2,0,차대차 - 측면충돌,교차로운행방법위반,건조,맑음,교차로 - 교차로안,승용,남,65세,상해없음,승용,남,25세,경상
2020122400100165,2020년 12월 24일 11시,목요일,경기도 수원시 영통구 하동,중상사고,0,1,0,0,차대차 - 측면충돌,안전거리미확보,건조,맑음,단일로 - 기타,건설기계,남,49세,상해없음,이륜,남,35세,중상
2020122400100268,2020년 12월 24일 14시,목요일,경기도 수원시 권선구 구운동,경상사고,0,0,1,0,차대차 - 정면충돌,신호위반,건조,맑음,교차로 - 교차로안,승용,여,58세,상해없음,승용,남,42세,경상
2020122400100392,2020년 12월 24일 17시,목요일,경기도 수원시 영통구 망포동,경상사고,0,0,2,0,차대차 - 추돌,안전운전불이행,건조,맑음,단일로 - 기타,승용,여,57세,경상,승용,남,65세,경상
2020122400100455,2020년 12월 24일 18시,목요일,경기도 수원시 영통구 영통동,중상사고,0,1,0,1,차대차 - 측면충돌,직진우회전진행방해,건조,맑음,교차로 - 교차로안,화물,남,29세,부상신고,이륜,남,23세,중상
2020122400100460,2020년 12월 24일 18시,목요일,경기도 수원시 권선구 입북동,경상사고,0,0,1,0,차대차 - 추돌,안전운전불이행,건조,맑음,단일로 - 기타,승용,남,25세,상해없음,이륜,남,36세,경상
2020122400100608,2020년 12월 24일 21시,목요일,경기도 수원시 권선구 탑동,경상사고,0,0,1,0,차대사람 - 기타,보행자보호의무위반,건조,맑음,단일로 - 기타,승용,여,70세,상해없음,보행자,여,16세,경상
2020122400100641,2020년 12월 24일 22시,목요일,경기도 수원시 권선구 세류동,부상신고사고,0,0,0,1,차대사람 - 기타,안전운전불이행,건조,맑음,교차로 - 교차로안,이륜,남,32세,상해없음,보행자,남,60세,부상신고
2020122500100291,2020년 12월 25일 19시,금요일,경기도 수원시 장안구 율전동,중상사고,0,1,0,0,차대차 - 추돌,안전운전불이행,건조,맑음,교차로 - 교차로안,승용,남,37세,상해없음,승용,여,65세,중상
2020122600100001,2020년 12월 26일 00시,토요일,경기도 수원시 팔달구 화서동,부상신고사고,0,0,0,1,차대차 - 측면충돌,신호위반,건조,맑음,교차로 - 교차로안,승용,남,31세,상해없음,승용,남,60세,부상신고
2020122600100010,2020년 12월 26일 01시,토요일,경기도 수원시 권선구 당수동,중상사고,0,1,0,0,차대차 - 측면충돌,안전거리미확보,건조,맑음,단일로 - 기타,건설기계,남,52세,상해없음,승용,여,52세,중상
2020122600100034,2020년 12월 26일 06시,토요일,경기도 수원시 영통구 매탄동,경상사고,0,0,1,1,차대차 - 추돌,안전운전불이행,건조,맑음,단일로 - 기타,승용,남,27세,상해없음,승용,여,22세,부상신고
2020122600100104,2020년 12월 26일 11시,토요일,경기도 수원시 권선구 평동,경상사고,0,0,2,0,차대차 - 기타,안전운전불이행,건조,맑음,교차로 - 교차로안,승용,남,47세,상해없음,승용,남,34세,경상
2020122600100141,2020년 12월 26일 13시,토요일,경기도 수원시 장안구 연무동,경상사고,0,0,1,0,차대차 - 측면충돌,안전거리미확보,건조,맑음,교차로 - 교차로안,승용,남,77세,상해없음,승용,남,32세,경상
2020122600100251,2020년 12월 26일 17시,토요일,경기도 수원시 팔달구 지동,중상사고,0,1,0,0,차대차 - 기타,신호위반,건조,맑음,교차로 - 교차로안,승용,여,46세,상해없음,자전거,남,69세,중상
2020122600100287,2020년 12월 26일 18시,토요일,경기도 수원시 팔달구 우만동,경상사고,0,0,1,0,차대사람 - 기타,안전운전불이행,건조,맑음,교차로 - 교차로안,승용,남,65세,상해없음,보행자,남,50세,경상
2020122600100295,2020년 12월 26일 18시,토요일,경기도 수원시 영통구 이의동,경상사고,0,0,1,0,차대차 - 측면충돌,교차로운행방법위반,건조,맑음,교차로 - 교차로횡단보도내,화물,남,52세,상해없음,자전거,남,24세,경상
2020122600100329,2020년 12월 26일 19시,토요일,경기도 수원시 영통구 매탄동,경상사고,0,0,1,0,차대차 - 측면충돌,직진우회전진행방해,건조,맑음,교차로 - 교차로안,승용,남,34세,상해없음,이륜,남,42세,경상
2020122600100332,2020년 12월 26일 19시,토요일,경기도 수원시 권선구 구운동,중상사고,0,2,1,0,차대차 - 측면충돌,신호위반,건조,맑음,교차로 - 교차로안,이륜,남,40세,중상,승용,남,50세,중상
2020122600100333,2020년 12월 26일 19시,토요일,경기도 수원시 권선구 서둔동,경상사고,0,0,1,0,차대사람 - 기타,안전운전불이행,건조,맑음,단일로 - 기타,승용,여,19세,상해없음,보행자,남,58세,경상
2020122600100334,2020년 12월 26일 19시,토요일,경기도 수원시 권선구 세류동,경상사고,0,0,1,0,차대차 - 기타,직진우회전진행방해,건조,맑음,교차로 - 교차로안,기타불명,기타불명,미분류,기타불명,이륜,남,48세,경상
2020122700100014,2020년 12월 27일 02시,일요일,경기도 수원시 팔달구 매산로1가,경상사고,0,0,1,0,차대사람 - 기타,안전운전불이행,건조,맑음,단일로 - 기타,승용,남,26세,상해없음,보행자,남,56세,경상
2020122700100051,2020년 12월 27일 10시,일요일,경기도 수원시 장안구 천천동,경상사고,0,0,1,0,차대차 - 추돌,안전운전불이행,건조,맑음,교차로 - 교차로부근,승용,여,32세,상해없음,이륜,남,41세,경상
2020122700100118,2020년 12월 27일 15시,일요일,경기도 수원시 팔달구 장안동,경상사고,0,0,1,0,차대사람 - 기타,안전운전불이행,건조,맑음,교차로 - 교차로부근,승용,남,66세,상해없음,보행자,남,37세,경상
2020122700100165,2020년 12월 27일 17시,일요일,경기도 수원시 권선구 곡반정동,경상사고,0,0,1,0,차대사람 - 기타,안전운전불이행,건조,맑음,단일로 - 기타,승용,남,31세,상해없음,보행자,남,38세,경상
2020122700100249,2020년 12월 27일 20시,일요일,경기도 수원시 권선구 권선동,경상사고,0,0,2,0,차대차 - 기타,중앙선침범,건조,맑음,교차로 - 교차로부근,승용,남,31세,상해없음,승용,남,46세,경상
2020122700100251,2020년 12월 27일 20시,일요일,경기도 수원시 권선구 서둔동,경상사고,0,0,2,0,차대차 - 측면충돌,안전거리미확보,건조,맑음,단일로 - 기타,승용,여,25세,상해없음,승용,남,27세,경상
2020122700100292,2020년 12월 27일 22시,일요일,경기도 수원시 장안구 정자동,경상사고,0,0,1,0,차대차 - 측면충돌,안전운전불이행,건조,맑음,교차로 - 교차로부근,승용,남,52세,상해없음,승용,남,28세,경상
2020122700100309,2020년 12월 27일 23시,일요일,경기도 수원시 권선구 권선동,경상사고,0,0,1,0,차대차 - 추돌,안전운전불이행,건조,맑음,교차로 - 교차로부근,승용,남,58세,상해없음,승용,남,68세,경상
2020122800100031,2020년 12월 28일 06시,월요일,경기도 수원시 장안구 영화동,중상사고,0,1,0,0,차대사람 - 횡단중,안전운전불이행,건조,맑음,단일로 - 기타,승용,남,24세,상해없음,보행자,여,88세,중상
2020122800100112,2020년 12월 28일 09시,월요일,경기도 수원시 장안구 송죽동,경상사고,0,0,1,0,차대차 - 기타,안전운전불이행,건조,맑음,교차로 - 교차로부근,승합,남,55세,상해없음,승용,기타불명,미분류,기타불명
2020122800100148,2020년 12월 28일 10시,월요일,경기도 수원시 권선구 구운동,경상사고,0,0,1,0,차대차 - 기타,안전거리미확보,건조,맑음,단일로 - 기타,승용,여,25세,상해없음,승용,남,38세,경상
2020122800100323,2020년 12월 28일 15시,월요일,경기도 수원시 권선구 입북동,경상사고,0,0,1,0,차대차 - 기타,안전운전불이행,건조,맑음,단일로 - 기타,승용,여,37세,상해없음,승용,여,55세,경상
2020122800100355,2020년 12월 28일 16시,월요일,경기도 수원시 권선구 권선동,부상신고사고,0,0,0,1,차대차 - 추돌,안전운전불이행,건조,맑음,단일로 - 기타,건설기계,남,53세,상해없음,승합,남,54세,상해없음
2020122800100394,2020년 12월 28일 17시,월요일,경기도 수원시 권선구 고색동,경상사고,0,0,3,0,차대차 - 측면충돌,직진우회전진행방해,건조,맑음,교차로 - 교차로안,승용,남,45세,경상,화물,남,72세,상해없음
2020122800100438,2020년 12월 28일 18시,월요일,경기도 수원시 팔달구 장안동,경상사고,0,0,1,0,차대차 - 기타,안전운전불이행,건조,맑음,기타 - 기타,자전거,여,48세,경상,승용,남,53세,상해없음
2020122800100447,2020년 12월 28일 18시,월요일,경기도 수원시 영통구 매탄동,경상사고,0,0,1,0,차대차 - 측면충돌,안전운전불이행,건조,맑음,교차로 - 교차로안,승용,남,26세,상해없음,승용,여,28세,경상
2020122800100480,2020년 12월 28일 19시,월요일,경기도 수원시 장안구 율전동,경상사고,0,0,2,0,차대사람 - 보도통행중,보행자보호의무위반,건조,맑음,교차로 - 교차로안,화물,남,41세,상해없음,보행자,남,57세,경상
2020122800100559,2020년 12월 28일 23시,월요일,경기도 수원시 장안구 율전동,경상사고,0,0,1,0,차대사람 - 기타,안전운전불이행,건조,맑음,교차로 - 교차로안,승용,남,71세,상해없음,보행자,여,46세,경상
2020122800100560,2020년 12월 28일 23시,월요일,경기도 수원시 권선구 권선동,중상사고,0,1,0,0,차대사람 - 기타,신호위반,건조,맑음,교차로 - 교차로횡단보도내,승합,남,54세,상해없음,보행자,여,46세,중상
2020122900100042,2020년 12월 29일 07시,화요일,경기도 수원시 영통구 하동,부상신고사고,0,0,0,1,차량단독 - 공작물충돌,안전운전불이행,서리/결빙,맑음,단일로 - 기타,승용,남,39세,부상신고,,,,
2020122900100043,2020년 12월 29일 07시,화요일,경기도 수원시 영통구 이의동,경상사고,0,0,1,0,차대차 - 기타,교차로운행방법위반,건조,맑음,교차로 - 교차로부근,승용,남,63세,상해없음,승용,남,29세,경상
2020122900100057,2020년 12월 29일 08시,화요일,경기도 수원시 팔달구 고등동,경상사고,0,0,2,0,차대차 - 측면충돌,직진우회전진행방해,건조,맑음,교차로 - 교차로안,화물,남,35세,상해없음,승용,남,39세,경상
2020122900100105,2020년 12월 29일 11시,화요일,경기도 수원시 권선구 금곡동,경상사고,0,0,2,0,차대차 - 정면충돌,중앙선침범,건조,맑음,단일로 - 기타,승용,여,36세,상해없음,이륜,남,42세,경상
2020122900100225,2020년 12월 29일 16시,화요일,경기도 수원시 장안구 연무동,경상사고,0,0,1,0,차대사람 - 기타,안전운전불이행,건조,맑음,단일로 - 기타,승용,남,64세,상해없음,보행자,여,60세,경상
2020122900100263,2020년 12월 29일 17시,화요일,경기도 수원시 장안구 율전동,경상사고,0,0,1,0,차대차 - 측면충돌,신호위반,서리/결빙,눈,교차로 - 교차로안,승용,남,62세,상해없음,승용,남,18세,경상
2020122900100264,2020년 12월 29일 17시,화요일,경기도 수원시 팔달구 우만동,경상사고,0,0,1,0,차대차 - 기타,안전거리미확보,젖음/습기,비,단일로 - 기타,승용,남,79세,상해없음,승용,여,40세,경상
2020122900100304,2020년 12월 29일 18시,화요일,경기도 수원시 장안구 송죽동,경상사고,0,0,1,0,차대차 - 기타,안전운전불이행,젖음/습기,흐림,단일로 - 기타,승합,여,55세,상해없음,승용,남,44세,경상
2020122900100309,2020년 12월 29일 18시,화요일,경기도 수원시 권선구 권선동,중상사고,0,1,0,0,차대사람 - 횡단중,안전운전불이행,건조,맑음,단일로 - 기타,승합,여,52세,상해없음,보행자,여,75세,중상
2020122900100362,2020년 12월 29일 19시,화요일,경기도 수원시 권선구 금곡동,경상사고,0,0,2,0,차대차 - 기타,중앙선침범,젖음/습기,맑음,단일로 - 기타,이륜,남,42세,경상,이륜,남,48세,경상
2020122900100397,2020년 12월 29일 20시,화요일,경기도 수원시 장안구 율전동,경상사고,0,0,1,0,차대차 - 추돌,안전운전불이행,건조,맑음,단일로 - 기타,승용,남,47세,상해없음,승용,남,47세,경상
2020122900100431,2020년 12월 29일 21시,화요일,경기도 수원시 장안구 정자동,중상사고,0,1,0,1,차대차 - 기타,안전거리미확보,건조,맑음,단일로 - 기타,승용,남,27세,부상신고,이륜,남,25세,중상
2020122900100432,2020년 12월 29일 21시,화요일,경기도 수원시 영통구 매탄동,경상사고,0,0,1,0,차대사람 - 횡단중,안전운전불이행,건조,맑음,교차로 - 교차로부근,승용,남,59세,상해없음,보행자,남,31세,경상
2020123000100018,2020년 12월 30일 03시,수요일,경기도 수원시 팔달구 우만동,부상신고사고,0,0,0,1,차량단독 - 기타,안전운전불이행,건조,맑음,단일로 - 기타,승용,남,28세,부상신고,,,,
2020123000100043,2020년 12월 30일 07시,수요일,경기도 수원시 장안구 연무동,경상사고,0,0,1,0,차대차 - 기타,안전운전불이행,건조,맑음,단일로 - 기타,승용,남,70세,상해없음,기타불명,여,58세,경상
2020123000100269,2020년 12월 30일 15시,수요일,경기도 수원시 권선구 탑동,경상사고,0,0,3,0,차대차 - 측면충돌,신호위반,건조,맑음,교차로 - 교차로안,승합,남,66세,상해없음,승용,남,27세,경상
2020123000100335,2020년 12월 30일 17시,수요일,경기도 수원시 팔달구 인계동,중상사고,0,1,0,0,차대차 - 측면충돌,중앙선침범,건조,맑음,단일로 - 기타,승용,남,58세,상해없음,이륜,남,32세,중상
2020123000100386,2020년 12월 30일 18시,수요일,경기도 수원시 권선구 권선동,경상사고,0,0,1,0,차대차 - 측면충돌,차로위반,건조,맑음,단일로 - 기타,이륜,남,36세,상해없음,승용,남,63세,경상
2020123000100391,2020년 12월 30일 18시,수요일,경기도 수원시 권선구 서둔동,경상사고,0,0,1,0,차대차 - 측면충돌,안전운전불이행,건조,맑음,교차로 - 교차로부근,승용,남,25세,상해없음,승용,남,22세,경상
2020123000100439,2020년 12월 30일 19시,수요일,경기도 수원시 영통구 매탄동,중상사고,0,1,0,0,차대차 - 측면충돌,안전운전불이행,건조,맑음,단일로 - 기타,승용,남,44세,상해없음,이륜,남,42세,중상
2020123000100500,2020년 12월 30일 21시,수요일,경기도 수원시 권선구 입북동,경상사고,0,0,1,1,차대차 - 추돌,안전운전불이행,건조,맑음,단일로 - 기타,승용,남,59세,경상,승용,남,49세,부상신고
2020123000100529,2020년 12월 30일 22시,수요일,경기도 수원시 영통구 영통동,경상사고,0,0,1,0,차대차 - 추돌,기타,건조,맑음,단일로 - 기타,승용,남,47세,상해없음,승용,여,40세,경상
2020123000100530,2020년 12월 30일 22시,수요일,경기도 수원시 권선구 탑동,경상사고,0,0,1,0,차대차 - 기타,안전운전불이행,젖음/습기,맑음,교차로 - 교차로안,승용,남,44세,상해없음,이륜,남,17세,경상
2020123000100546,2020년 12월 30일 23시,수요일,경기도 수원시 팔달구 매산로1가,경상사고,0,0,1,0,차대차 - 기타,신호위반,건조,맑음,교차로 - 교차로부근,승합,남,65세,기타불명,자전거,남,26세,경상
2020123100100153,2020년 12월 31일 12시,목요일,경기도 수원시 팔달구 팔달로1가,경상사고,0,0,1,0,차대차 - 추돌,안전운전불이행,건조,맑음,교차로 - 교차로부근,화물,남,41세,상해없음,승용,여,68세,경상
2020123100100222,2020년 12월 31일 14시,목요일,경기도 수원시 권선구 세류동,경상사고,0,0,1,0,차대사람 - 횡단중,안전운전불이행,건조,맑음,교차로 - 교차로안,화물,남,40세,상해없음,보행자,여,35세,경상
2020123100100250,2020년 12월 31일 15시,목요일,경기도 수원시 권선구 세류동,경상사고,0,0,1,0,차대사람 - 기타,안전운전불이행,건조,맑음,단일로 - 기타,승용,남,32세,상해없음,보행자,여,98세 이상,경상
2020123100100325,2020년 12월 31일 17시,목요일,경기도 수원시 장안구 영화동,경상사고,0,0,1,0,차대차 - 추돌,기타,건조,맑음,단일로 - 기타,승용,남,61세,상해없음,화물,남,39세,경상
2020123100100399,2020년 12월 31일 18시,목요일,경기도 수원시 권선구 호매실동,경상사고,0,0,1,0,차대차 - 추돌,안전운전불이행,건조,맑음,단일로 - 기타,승용,여,19세,상해없음,승용,남,34세,경상
2020123100100400,2020년 12월 31일 18시,목요일,경기도 수원시 권선구 입북동,경상사고,0,0,1,0,차대차 - 추돌,안전거리미확보,건조,맑음,단일로 - 기타,원동기,남,21세,기타불명,승용,남,32세,경상
2020123100100461,2020년 12월 31일 19시,목요일,경기도 수원시 영통구 매탄동,경상사고,0,0,1,0,차대사람 - 기타,안전운전불이행,건조,맑음,기타 - 기타,승용,남,46세,상해없음,보행자,여,18세,경상
2020123100100462,2020년 12월 31일 19시,목요일,경기도 수원시 권선구 권선동,경상사고,0,0,2,0,차대차 - 추돌,안전운전불이행,건조,맑음,기타 - 기타,승용,남,41세,상해없음,승용,여,51세,경상